                                      1 ;--------------------------------------------------------
                                      2 ; File Created by SDCC : free open source ANSI-C Compiler
                                      3 ; Version 4.2.0 #13081 (Linux)
                                      4 ;--------------------------------------------------------
                                      5 	.module print
                                      6 	.optsdcc -mz80
                                      7 	
                                      8 ;--------------------------------------------------------
                                      9 ; Public variables in this module
                                     10 ;--------------------------------------------------------
                                     11 	.globl _CopyNo8HeightFontData
                                     12 	.globl _Print_ValidatePattern
                                     13 	.globl _Print_ValidateChar
                                     14 	.globl _Print_InitColorBuffer
                                     15 	.globl _Print_MergeColor
                                     16 	.globl _Print_SplitColor
                                     17 	.globl _VPD_CommandWriteLoop
                                     18 	.globl _VPD_CommandSetupR36
                                     19 	.globl _VPD_CommandSetupR32
                                     20 	.globl _VDP_CommandWait
                                     21 	.globl _VDP_SetSpriteExMultiColor
                                     22 	.globl _VDP_Poke_128K
                                     23 	.globl _VDP_FillVRAM_128K
                                     24 	.globl _VDP_WriteVRAM_128K
                                     25 	.globl _VDP_RegWrite
                                     26 	.globl _g_PrintInvalid
                                     27 	.globl _g_PrintData
                                     28 	.globl _g_SLTSL
                                     29 	.globl _g_GRPACY
                                     30 	.globl _g_GRPACX
                                     31 	.globl _g_LOGOPR
                                     32 	.globl _g_CMASK
                                     33 	.globl _g_CLOC
                                     34 	.globl _g_FNKSTR
                                     35 	.globl _g_ATRBYT
                                     36 	.globl _g_BDRCLR
                                     37 	.globl _g_BAKCLR
                                     38 	.globl _g_FORCLR
                                     39 	.globl _g_CSRX
                                     40 	.globl _g_CSRY
                                     41 	.globl _g_CLIKSW
                                     42 	.globl _g_MLTPAT
                                     43 	.globl _g_MLTATR
                                     44 	.globl _g_MLTCGP
                                     45 	.globl _g_MLTCOL
                                     46 	.globl _g_MLTNAM
                                     47 	.globl _g_GRPPAT
                                     48 	.globl _g_GRPATR
                                     49 	.globl _g_GRPCGP
                                     50 	.globl _g_GRPCOL
                                     51 	.globl _g_GRPNAM
                                     52 	.globl _g_T32PAT
                                     53 	.globl _g_T32ATR
                                     54 	.globl _g_T32CGP
                                     55 	.globl _g_T32COL
                                     56 	.globl _g_T32NAM
                                     57 	.globl _g_TXTPAT
                                     58 	.globl _g_TXTATR
                                     59 	.globl _g_TXTCGP
                                     60 	.globl _g_TXTCOL
                                     61 	.globl _g_TXTNAM
                                     62 	.globl _g_CLMLST
                                     63 	.globl _g_CRTCNT
                                     64 	.globl _g_LINLEN
                                     65 	.globl _g_LINL32
                                     66 	.globl _g_LINL40
                                     67 	.globl _g_HexChar
                                     68 	.globl _g_CHAR_16
                                     69 	.globl _g_MSXMID
                                     70 	.globl _g_MSXVER
                                     71 	.globl _g_ROMVersion
                                     72 	.globl _g_BASRVN
                                     73 	.globl _g_VDP_DW
                                     74 	.globl _g_VDP_DR
                                     75 	.globl _g_CGTABL
                                     76 	.globl _g_SVFFFD
                                     77 	.globl _g_RG27SAV
                                     78 	.globl _g_RG26SAV
                                     79 	.globl _g_RG25SAV
                                     80 	.globl _g_SVFFF8
                                     81 	.globl _g_MINROM
                                     82 	.globl _g_RG23SAV
                                     83 	.globl _g_RG22SAV
                                     84 	.globl _g_RG21SAV
                                     85 	.globl _g_RG20SAV
                                     86 	.globl _g_RG19SAV
                                     87 	.globl _g_RG18SAV
                                     88 	.globl _g_RG17SAV
                                     89 	.globl _g_RG16SAV
                                     90 	.globl _g_RG15SAV
                                     91 	.globl _g_RG14SAV
                                     92 	.globl _g_RG13SAV
                                     93 	.globl _g_RG12SAV
                                     94 	.globl _g_RG11SAV
                                     95 	.globl _g_RG10SAV
                                     96 	.globl _g_RG09SAV
                                     97 	.globl _g_RG08SAV
                                     98 	.globl _g_PROCNM
                                     99 	.globl _g_SLTWRK
                                    100 	.globl _g_SLTATR
                                    101 	.globl _g_SLTTBL
                                    102 	.globl _g_EXPTBL
                                    103 	.globl _g_MNROM
                                    104 	.globl _g_DRWANG
                                    105 	.globl _g_DRWSCL
                                    106 	.globl _g_DRWFLG
                                    107 	.globl _g_GYPOS
                                    108 	.globl _g_GXPOS
                                    109 	.globl _g_BRDATR
                                    110 	.globl _g_CASPRV
                                    111 	.globl _g_OLDSCR
                                    112 	.globl _g_SCRMOD
                                    113 	.globl _g_FLBMEM
                                    114 	.globl _g_KANAMD
                                    115 	.globl _g_KANAST
                                    116 	.globl _g_CAPST
                                    117 	.globl _g_CSTYLE
                                    118 	.globl _g_CSRSW
                                    119 	.globl _g_INSFLG
                                    120 	.globl _g_ESCCNT
                                    121 	.globl _g_GRPHED
                                    122 	.globl _g_WINWID
                                    123 	.globl _g_LOWLIM
                                    124 	.globl _g_INTCNT
                                    125 	.globl _g_INTVAL
                                    126 	.globl _g_JIFFY
                                    127 	.globl _g_PADX
                                    128 	.globl _g_PADY
                                    129 	.globl _g_INTFLG
                                    130 	.globl _g_RTYCNT
                                    131 	.globl _g_TRPTBL
                                    132 	.globl _g_HIMEM
                                    133 	.globl _g_BOTTOM
                                    134 	.globl _g_PATWRK
                                    135 	.globl _g_LINWRK
                                    136 	.globl _g_KEYBUF
                                    137 	.globl _g_NEWKEY
                                    138 	.globl _g_OLDKEY
                                    139 	.globl _g_CLIKFL
                                    140 	.globl _g_ONGSBF
                                    141 	.globl _g_FNKFLG
                                    142 	.globl _g_FNKSWI
                                    143 	.globl _g_CODSAV
                                    144 	.globl _g_FSTPOS
                                    145 	.globl _g_LINTTB
                                    146 	.globl _g_BASROM
                                    147 	.globl _g_ENSTOP
                                    148 	.globl _g_VCBC
                                    149 	.globl _g_VCBB
                                    150 	.globl _g_VCBA
                                    151 	.globl _g_PLYCNT
                                    152 	.globl _g_MUSICF
                                    153 	.globl _g_QUEUEN
                                    154 	.globl _g_MCLPTR
                                    155 	.globl _g_MCLLEN
                                    156 	.globl _g_SAVVOL
                                    157 	.globl _g_VOICEN
                                    158 	.globl _g_SAVSP
                                    159 	.globl _g_PRSCNT
                                    160 	.globl _g_LSTMOD
                                    161 	.globl _g_LSTCOM
                                    162 	.globl _g_COMMSK
                                    163 	.globl _g_ESTBLS
                                    164 	.globl _g_FLAGS
                                    165 	.globl _g_ERRORS
                                    166 	.globl _g_DATCNT
                                    167 	.globl _g_DEVNUM
                                    168 	.globl _g_OLDINT
                                    169 	.globl _g_OLDSTT
                                    170 	.globl _g_MEXBIh
                                    171 	.globl _g_RSIQLN
                                    172 	.globl _g_RSFCB
                                    173 	.globl _g_TOCNT
                                    174 	.globl _g_RSTMP
                                    175 	.globl _g_YSAVE
                                    176 	.globl _g_XSAVE
                                    177 	.globl _g_NORUSE
                                    178 	.globl _g_MODE
                                    179 	.globl _g_ROMA
                                    180 	.globl _g_CHRCNT
                                    181 	.globl _g_EXBRSA
                                    182 	.globl _g_AVCSAV
                                    183 	.globl _g_ACPAGE
                                    184 	.globl _g_DPPAGE
                                    185 	.globl _g_RS2IQ
                                    186 	.globl _g_VOICCQ
                                    187 	.globl _g_VOICBQ
                                    188 	.globl _g_VOICAQ
                                    189 	.globl _g_QUEBAK
                                    190 	.globl _g_QUETAB
                                    191 	.globl _g_ASPCT2
                                    192 	.globl _g_ASPCT1
                                    193 	.globl _g_HEADER
                                    194 	.globl _g_HIGH
                                    195 	.globl _g_LOW
                                    196 	.globl _g_CS240
                                    197 	.globl _g_CS120
                                    198 	.globl _g_GETPNT
                                    199 	.globl _g_PUTPNT
                                    200 	.globl _g_REPCNT
                                    201 	.globl _g_SCNCNT
                                    202 	.globl _g_FRCNEW
                                    203 	.globl _g_QUEUES
                                    204 	.globl _g_MINUPD
                                    205 	.globl _g_MAXUPD
                                    206 	.globl _g_TRGFLG
                                    207 	.globl _g_STATFL
                                    208 	.globl _g_RG7SAV
                                    209 	.globl _g_RG6SAV
                                    210 	.globl _g_RG5SAV
                                    211 	.globl _g_RG4SAV
                                    212 	.globl _g_RG3SAV
                                    213 	.globl _g_RG2SAV
                                    214 	.globl _g_RG1SAV
                                    215 	.globl _g_RG0SAV
                                    216 	.globl _g_CNSDFG
                                    217 	.globl _g_USRTAB
                                    218 	.globl _g_CLPRIM
                                    219 	.globl _g_WRPRIM
                                    220 	.globl _g_RDPRIM
                                    221 	.globl _Print_Initialize
                                    222 	.globl _Print_SetMode
                                    223 	.globl _Print_SetFont
                                    224 	.globl _Print_SetColor
                                    225 	.globl _Print_SetColorShade
                                    226 	.globl _Print_SetBitmapFont
                                    227 	.globl _DrawChar_8B
                                    228 	.globl _DrawChar_4B
                                    229 	.globl _DrawChar_2B
                                    230 	.globl _DrawChar_Trans
                                    231 	.globl _Print_SetVRAMFont
                                    232 	.globl _DrawChar_VRAM256
                                    233 	.globl _DrawChar_VRAM512
                                    234 	.globl _Print_SetTextFont
                                    235 	.globl _DrawChar_Layout
                                    236 	.globl _Print_SetSpriteFont
                                    237 	.globl _DrawChar_Sprite
                                    238 	.globl _Print_SetShadow
                                    239 	.globl _Print_EnableShadow
                                    240 	.globl _Print_SetOutline
                                    241 	.globl _Print_EnableOutline
                                    242 	.globl _Print_Clear
                                    243 	.globl _Print_Backspace
                                    244 	.globl _Print_DrawChar
                                    245 	.globl _Print_DrawCharX
                                    246 	.globl _Print_DrawText
                                    247 	.globl _Print_DrawBin8
                                    248 	.globl _Print_DrawHex8
                                    249 	.globl _Print_DrawHex16
                                    250 	.globl _Print_DrawHex32
                                    251 	.globl _Print_DrawInt
                                    252 	.globl _Print_DrawFormat
                                    253 	.globl _Print_DrawLineH
                                    254 	.globl _Print_DrawLineV
                                    255 	.globl _Print_DrawBox
                                    256 ;--------------------------------------------------------
                                    257 ; special function registers
                                    258 ;--------------------------------------------------------
                                    259 ;--------------------------------------------------------
                                    260 ; ram data
                                    261 ;--------------------------------------------------------
                                    262 	.area _DATA
                           00F3AE   263 _g_LINL40	=	0xf3ae
                           00F3AF   264 _g_LINL32	=	0xf3af
                           00F3B0   265 _g_LINLEN	=	0xf3b0
                           00F3B1   266 _g_CRTCNT	=	0xf3b1
                           00F3B2   267 _g_CLMLST	=	0xf3b2
                           00F3B3   268 _g_TXTNAM	=	0xf3b3
                           00F3B5   269 _g_TXTCOL	=	0xf3b5
                           00F3B7   270 _g_TXTCGP	=	0xf3b7
                           00F3B9   271 _g_TXTATR	=	0xf3b9
                           00F3BB   272 _g_TXTPAT	=	0xf3bb
                           00F3BD   273 _g_T32NAM	=	0xf3bd
                           00F3BF   274 _g_T32COL	=	0xf3bf
                           00F3C1   275 _g_T32CGP	=	0xf3c1
                           00F3C3   276 _g_T32ATR	=	0xf3c3
                           00F3C5   277 _g_T32PAT	=	0xf3c5
                           00F3C7   278 _g_GRPNAM	=	0xf3c7
                           00F3C9   279 _g_GRPCOL	=	0xf3c9
                           00F3CB   280 _g_GRPCGP	=	0xf3cb
                           00F3CD   281 _g_GRPATR	=	0xf3cd
                           00F3CF   282 _g_GRPPAT	=	0xf3cf
                           00F3D1   283 _g_MLTNAM	=	0xf3d1
                           00F3D3   284 _g_MLTCOL	=	0xf3d3
                           00F3D5   285 _g_MLTCGP	=	0xf3d5
                           00F3D7   286 _g_MLTATR	=	0xf3d7
                           00F3D9   287 _g_MLTPAT	=	0xf3d9
                           00F3DB   288 _g_CLIKSW	=	0xf3db
                           00F3DC   289 _g_CSRY	=	0xf3dc
                           00F3DD   290 _g_CSRX	=	0xf3dd
                           00F3E9   291 _g_FORCLR	=	0xf3e9
                           00F3EA   292 _g_BAKCLR	=	0xf3ea
                           00F3EB   293 _g_BDRCLR	=	0xf3eb
                           00F3F2   294 _g_ATRBYT	=	0xf3f2
                           00F87F   295 _g_FNKSTR	=	0xf87f
                           00F92A   296 _g_CLOC	=	0xf92a
                           00F92C   297 _g_CMASK	=	0xf92c
                           00FB02   298 _g_LOGOPR	=	0xfb02
                           00FCB7   299 _g_GRPACX	=	0xfcb7
                           00FCB9   300 _g_GRPACY	=	0xfcb9
                           00FFFF   301 _g_SLTSL	=	0xffff
      000000                        302 _g_PrintData::
      000000                        303 	.ds 59
                                    304 ;--------------------------------------------------------
                                    305 ; ram data
                                    306 ;--------------------------------------------------------
                                    307 	.area _INITIALIZED
      000000                        308 _g_PrintInvalid::
      000000                        309 	.ds 8
                                    310 ;--------------------------------------------------------
                                    311 ; absolute external ram data
                                    312 ;--------------------------------------------------------
                                    313 	.area _DABS (ABS)
                                    314 ;--------------------------------------------------------
                                    315 ; global & static initialisations
                                    316 ;--------------------------------------------------------
                                    317 	.area _HOME
                                    318 	.area _GSINIT
                                    319 	.area _GSFINAL
                                    320 	.area _GSINIT
                                    321 ;--------------------------------------------------------
                                    322 ; Home
                                    323 ;--------------------------------------------------------
                                    324 	.area _HOME
                                    325 	.area _HOME
                                    326 ;--------------------------------------------------------
                                    327 ; code
                                    328 ;--------------------------------------------------------
                                    329 	.area _CODE
                                    330 ;/home/bruno/dev/MSXgl/engine/src/print.c:98: u8 Print_SplitColor(u8 color)
                                    331 ;	---------------------------------
                                    332 ; Function Print_SplitColor
                                    333 ; ---------------------------------
      000000                        334 _Print_SplitColor::
      000000 4F               [ 4]  335 	ld	c, a
                                    336 ;/home/bruno/dev/MSXgl/engine/src/print.c:101: if(g_PrintData.SourceMode == PRINT_MODE_SPRITE)
      000001 3Ar1Ar00         [13]  337 	ld	a, (#_g_PrintData+26)
      000004 E6 0F            [ 7]  338 	and	a, #0x0f
      000006 D6 03            [ 7]  339 	sub	a, #0x03
      000008 20 02            [12]  340 	jr	NZ, 00102$
                                    341 ;/home/bruno/dev/MSXgl/engine/src/print.c:102: return color;
      00000A 79               [ 4]  342 	ld	a, c
      00000B C9               [10]  343 	ret
      00000C                        344 00102$:
                                    345 ;/home/bruno/dev/MSXgl/engine/src/vdp.h:447: inline u8 VDP_GetMode() { return g_VDP_Data.Mode; }
      00000C 3Ar00r00         [13]  346 	ld	a, (#_g_VDP_Data + 0)
                                    347 ;/home/bruno/dev/MSXgl/engine/src/print.c:105: switch(VDP_GetMode())
      00000F FE 06            [ 7]  348 	cp	a, #0x06
      000011 28 0F            [12]  349 	jr	Z, 00103$
      000013 FE 07            [ 7]  350 	cp	a, #0x07
      000015 28 0F            [12]  351 	jr	Z, 00104$
      000017 FE 08            [ 7]  352 	cp	a, #0x08
      000019 28 0F            [12]  353 	jr	Z, 00105$
      00001B D6 09            [ 7]  354 	sub	a, #0x09
      00001D 28 0F            [12]  355 	jr	Z, 00106$
      00001F C3r30r00         [10]  356 	jp	00107$
                                    357 ;/home/bruno/dev/MSXgl/engine/src/print.c:108: case VDP_MODE_GRAPHIC4: return color & 0x0F;
      000022                        358 00103$:
      000022 79               [ 4]  359 	ld	a, c
      000023 E6 0F            [ 7]  360 	and	a, #0x0f
      000025 C9               [10]  361 	ret
                                    362 ;/home/bruno/dev/MSXgl/engine/src/print.c:111: case VDP_MODE_GRAPHIC5: return color & 0x03;
      000026                        363 00104$:
      000026 79               [ 4]  364 	ld	a, c
      000027 E6 03            [ 7]  365 	and	a, #0x03
      000029 C9               [10]  366 	ret
                                    367 ;/home/bruno/dev/MSXgl/engine/src/print.c:114: case VDP_MODE_GRAPHIC6: return color & 0x0F;
      00002A                        368 00105$:
      00002A 79               [ 4]  369 	ld	a, c
      00002B E6 0F            [ 7]  370 	and	a, #0x0f
      00002D C9               [10]  371 	ret
                                    372 ;/home/bruno/dev/MSXgl/engine/src/print.c:117: case VDP_MODE_GRAPHIC7: return color;
      00002E                        373 00106$:
      00002E 79               [ 4]  374 	ld	a, c
      00002F C9               [10]  375 	ret
                                    376 ;/home/bruno/dev/MSXgl/engine/src/print.c:119: }
      000030                        377 00107$:
                                    378 ;/home/bruno/dev/MSXgl/engine/src/print.c:120: return color;
      000030 79               [ 4]  379 	ld	a, c
                                    380 ;/home/bruno/dev/MSXgl/engine/src/print.c:121: }
      000031 C9               [10]  381 	ret
                           00F380   382 _g_RDPRIM	=	0xf380
                           00F385   383 _g_WRPRIM	=	0xf385
                           00F38C   384 _g_CLPRIM	=	0xf38c
                           00F39A   385 _g_USRTAB	=	0xf39a
                           00F3DE   386 _g_CNSDFG	=	0xf3de
                           00F3DF   387 _g_RG0SAV	=	0xf3df
                           00F3E0   388 _g_RG1SAV	=	0xf3e0
                           00F3E1   389 _g_RG2SAV	=	0xf3e1
                           00F3E2   390 _g_RG3SAV	=	0xf3e2
                           00F3E3   391 _g_RG4SAV	=	0xf3e3
                           00F3E4   392 _g_RG5SAV	=	0xf3e4
                           00F3E5   393 _g_RG6SAV	=	0xf3e5
                           00F3E6   394 _g_RG7SAV	=	0xf3e6
                           00F3E7   395 _g_STATFL	=	0xf3e7
                           00F3E8   396 _g_TRGFLG	=	0xf3e8
                           00F3EC   397 _g_MAXUPD	=	0xf3ec
                           00F3EF   398 _g_MINUPD	=	0xf3ef
                           00F3F3   399 _g_QUEUES	=	0xf3f3
                           00F3F5   400 _g_FRCNEW	=	0xf3f5
                           00F3F6   401 _g_SCNCNT	=	0xf3f6
                           00F3F7   402 _g_REPCNT	=	0xf3f7
                           00F3F8   403 _g_PUTPNT	=	0xf3f8
                           00F3FA   404 _g_GETPNT	=	0xf3fa
                           00F3FC   405 _g_CS120	=	0xf3fc
                           00F401   406 _g_CS240	=	0xf401
                           00F406   407 _g_LOW	=	0xf406
                           00F408   408 _g_HIGH	=	0xf408
                           00F40A   409 _g_HEADER	=	0xf40a
                           00F40B   410 _g_ASPCT1	=	0xf40b
                           00F40D   411 _g_ASPCT2	=	0xf40d
                           00F959   412 _g_QUETAB	=	0xf959
                           00F971   413 _g_QUEBAK	=	0xf971
                           00F975   414 _g_VOICAQ	=	0xf975
                           00F9F5   415 _g_VOICBQ	=	0xf9f5
                           00FA75   416 _g_VOICCQ	=	0xfa75
                           00FAF5   417 _g_RS2IQ	=	0xfaf5
                           00FAF5   418 _g_DPPAGE	=	0xfaf5
                           00FAF6   419 _g_ACPAGE	=	0xfaf6
                           00FAF7   420 _g_AVCSAV	=	0xfaf7
                           00FAF8   421 _g_EXBRSA	=	0xfaf8
                           00FAF9   422 _g_CHRCNT	=	0xfaf9
                           00FAFA   423 _g_ROMA	=	0xfafa
                           00FAFC   424 _g_MODE	=	0xfafc
                           00FAFD   425 _g_NORUSE	=	0xfafd
                           00FAFE   426 _g_XSAVE	=	0xfafe
                           00FB00   427 _g_YSAVE	=	0xfb00
                           00FB03   428 _g_RSTMP	=	0xfb03
                           00FB03   429 _g_TOCNT	=	0xfb03
                           00FB04   430 _g_RSFCB	=	0xfb04
                           00FB06   431 _g_RSIQLN	=	0xfb06
                           00FB07   432 _g_MEXBIh	=	0xfb07
                           00FB0C   433 _g_OLDSTT	=	0xfb0c
                           00FB0C   434 _g_OLDINT	=	0xfb0c
                           00FB16   435 _g_DEVNUM	=	0xfb16
                           00FB17   436 _g_DATCNT	=	0xfb17
                           00FB1A   437 _g_ERRORS	=	0xfb1a
                           00FB1B   438 _g_FLAGS	=	0xfb1b
                           00FB1C   439 _g_ESTBLS	=	0xfb1c
                           00FB1D   440 _g_COMMSK	=	0xfb1d
                           00FB1E   441 _g_LSTCOM	=	0xfb1e
                           00FB1F   442 _g_LSTMOD	=	0xfb1f
                           00FB35   443 _g_PRSCNT	=	0xfb35
                           00FB36   444 _g_SAVSP	=	0xfb36
                           00FB38   445 _g_VOICEN	=	0xfb38
                           00FB39   446 _g_SAVVOL	=	0xfb39
                           00FB3B   447 _g_MCLLEN	=	0xfb3b
                           00FB3C   448 _g_MCLPTR	=	0xfb3c
                           00FB3E   449 _g_QUEUEN	=	0xfb3e
                           00FB3F   450 _g_MUSICF	=	0xfb3f
                           00FB40   451 _g_PLYCNT	=	0xfb40
                           00FB41   452 _g_VCBA	=	0xfb41
                           00FB66   453 _g_VCBB	=	0xfb66
                           00FB8B   454 _g_VCBC	=	0xfb8b
                           00FBB0   455 _g_ENSTOP	=	0xfbb0
                           00FBB1   456 _g_BASROM	=	0xfbb1
                           00FBB2   457 _g_LINTTB	=	0xfbb2
                           00FBCA   458 _g_FSTPOS	=	0xfbca
                           00FBCC   459 _g_CODSAV	=	0xfbcc
                           00FBCD   460 _g_FNKSWI	=	0xfbcd
                           00FBCE   461 _g_FNKFLG	=	0xfbce
                           00FBD8   462 _g_ONGSBF	=	0xfbd8
                           00FBD9   463 _g_CLIKFL	=	0xfbd9
                           00FBDA   464 _g_OLDKEY	=	0xfbda
                           00FBE5   465 _g_NEWKEY	=	0xfbe5
                           00FBF0   466 _g_KEYBUF	=	0xfbf0
                           00FC18   467 _g_LINWRK	=	0xfc18
                           00FC40   468 _g_PATWRK	=	0xfc40
                           00FC48   469 _g_BOTTOM	=	0xfc48
                           00FC4A   470 _g_HIMEM	=	0xfc4a
                           00FC4C   471 _g_TRPTBL	=	0xfc4c
                           00FC9A   472 _g_RTYCNT	=	0xfc9a
                           00FC9B   473 _g_INTFLG	=	0xfc9b
                           00FC9C   474 _g_PADY	=	0xfc9c
                           00FC9D   475 _g_PADX	=	0xfc9d
                           00FC9E   476 _g_JIFFY	=	0xfc9e
                           00FCA0   477 _g_INTVAL	=	0xfca0
                           00FCA2   478 _g_INTCNT	=	0xfca2
                           00FCA4   479 _g_LOWLIM	=	0xfca4
                           00FCA5   480 _g_WINWID	=	0xfca5
                           00FCA6   481 _g_GRPHED	=	0xfca6
                           00FCA7   482 _g_ESCCNT	=	0xfca7
                           00FCA8   483 _g_INSFLG	=	0xfca8
                           00FCA9   484 _g_CSRSW	=	0xfca9
                           00FCAA   485 _g_CSTYLE	=	0xfcaa
                           00FCAB   486 _g_CAPST	=	0xfcab
                           00FCAC   487 _g_KANAST	=	0xfcac
                           00FCAD   488 _g_KANAMD	=	0xfcad
                           00FCAE   489 _g_FLBMEM	=	0xfcae
                           00FCAF   490 _g_SCRMOD	=	0xfcaf
                           00FCB0   491 _g_OLDSCR	=	0xfcb0
                           00FCB1   492 _g_CASPRV	=	0xfcb1
                           00FCB2   493 _g_BRDATR	=	0xfcb2
                           00FCB3   494 _g_GXPOS	=	0xfcb3
                           00FCB5   495 _g_GYPOS	=	0xfcb5
                           00FCBB   496 _g_DRWFLG	=	0xfcbb
                           00FCBC   497 _g_DRWSCL	=	0xfcbc
                           00FCBD   498 _g_DRWANG	=	0xfcbd
                           00FCC1   499 _g_MNROM	=	0xfcc1
                           00FCC1   500 _g_EXPTBL	=	0xfcc1
                           00FCC5   501 _g_SLTTBL	=	0xfcc5
                           00FCC9   502 _g_SLTATR	=	0xfcc9
                           00FD09   503 _g_SLTWRK	=	0xfd09
                           00FD89   504 _g_PROCNM	=	0xfd89
                           00FFE7   505 _g_RG08SAV	=	0xffe7
                           00FFE8   506 _g_RG09SAV	=	0xffe8
                           00FFE9   507 _g_RG10SAV	=	0xffe9
                           00FFEA   508 _g_RG11SAV	=	0xffea
                           00FFEB   509 _g_RG12SAV	=	0xffeb
                           00FFEC   510 _g_RG13SAV	=	0xffec
                           00FFED   511 _g_RG14SAV	=	0xffed
                           00FFEE   512 _g_RG15SAV	=	0xffee
                           00FFEF   513 _g_RG16SAV	=	0xffef
                           00FFF0   514 _g_RG17SAV	=	0xfff0
                           00FFF1   515 _g_RG18SAV	=	0xfff1
                           00FFF2   516 _g_RG19SAV	=	0xfff2
                           00FFF3   517 _g_RG20SAV	=	0xfff3
                           00FFF4   518 _g_RG21SAV	=	0xfff4
                           00FFF5   519 _g_RG22SAV	=	0xfff5
                           00FFF6   520 _g_RG23SAV	=	0xfff6
                           00FFF7   521 _g_MINROM	=	0xfff7
                           00FFF8   522 _g_SVFFF8	=	0xfff8
                           00FFFA   523 _g_RG25SAV	=	0xfffa
                           00FFFB   524 _g_RG26SAV	=	0xfffb
                           00FFFC   525 _g_RG27SAV	=	0xfffc
                           00FFFD   526 _g_SVFFFD	=	0xfffd
                           000004   527 _g_CGTABL	=	0x0004
                           000006   528 _g_VDP_DR	=	0x0006
                           000007   529 _g_VDP_DW	=	0x0007
                           00002B   530 _g_BASRVN	=	0x002b
                           00002B   531 _g_ROMVersion	=	0x002b
                           00002D   532 _g_MSXVER	=	0x002d
                           00002E   533 _g_MSXMID	=	0x002e
                           000034   534 _g_CHAR_16	=	0x0034
      000032                        535 _g_HexChar:
      000032 30                     536 	.db #0x30	; 48	'0'
      000033 31                     537 	.db #0x31	; 49	'1'
      000034 32                     538 	.db #0x32	; 50	'2'
      000035 33                     539 	.db #0x33	; 51	'3'
      000036 34                     540 	.db #0x34	; 52	'4'
      000037 35                     541 	.db #0x35	; 53	'5'
      000038 36                     542 	.db #0x36	; 54	'6'
      000039 37                     543 	.db #0x37	; 55	'7'
      00003A 38                     544 	.db #0x38	; 56	'8'
      00003B 39                     545 	.db #0x39	; 57	'9'
      00003C 41                     546 	.db #0x41	; 65	'A'
      00003D 42                     547 	.db #0x42	; 66	'B'
      00003E 43                     548 	.db #0x43	; 67	'C'
      00003F 44                     549 	.db #0x44	; 68	'D'
      000040 45                     550 	.db #0x45	; 69	'E'
      000041 46                     551 	.db #0x46	; 70	'F'
                                    552 ;/home/bruno/dev/MSXgl/engine/src/print.c:124: u8 Print_MergeColor(u8 color)
                                    553 ;	---------------------------------
                                    554 ; Function Print_MergeColor
                                    555 ; ---------------------------------
      000042                        556 _Print_MergeColor::
      000042 4F               [ 4]  557 	ld	c, a
                                    558 ;/home/bruno/dev/MSXgl/engine/src/vdp.h:447: inline u8 VDP_GetMode() { return g_VDP_Data.Mode; }
                                    559 ;/home/bruno/dev/MSXgl/engine/src/print.c:126: switch(VDP_GetMode())
      000043 3Ar00r00         [13]  560 	ld	a, (#_g_VDP_Data+0)
      000046 FE 06            [ 7]  561 	cp	a,#0x06
      000048 28 0F            [12]  562 	jr	Z, 00101$
      00004A FE 07            [ 7]  563 	cp	a,#0x07
      00004C 28 18            [12]  564 	jr	Z, 00102$
      00004E FE 08            [ 7]  565 	cp	a,#0x08
      000050 28 3F            [12]  566 	jr	Z, 00103$
      000052 D6 09            [ 7]  567 	sub	a, #0x09
      000054 28 48            [12]  568 	jr	Z, 00104$
      000056 C3rA0r00         [10]  569 	jp	00105$
                                    570 ;/home/bruno/dev/MSXgl/engine/src/print.c:129: case VDP_MODE_GRAPHIC4: return (color & 0x0F) << 4 | (color & 0x0F);
      000059                        571 00101$:
      000059 79               [ 4]  572 	ld	a, c
      00005A E6 0F            [ 7]  573 	and	a, #0x0f
      00005C 87               [ 4]  574 	add	a, a
      00005D 87               [ 4]  575 	add	a, a
      00005E 87               [ 4]  576 	add	a, a
      00005F 87               [ 4]  577 	add	a, a
      000060 47               [ 4]  578 	ld	b, a
      000061 79               [ 4]  579 	ld	a, c
      000062 E6 0F            [ 7]  580 	and	a, #0x0f
      000064 B0               [ 4]  581 	or	a, b
      000065 C9               [10]  582 	ret
                                    583 ;/home/bruno/dev/MSXgl/engine/src/print.c:132: case VDP_MODE_GRAPHIC5: return (color & 0x03) << 6 + (color & 0x03) << 4 + (color & 0x03) << 2 + (color & 0x03);
      000066                        584 00102$:
      000066 79               [ 4]  585 	ld	a, c
      000067 E6 03            [ 7]  586 	and	a, #0x03
      000069 4F               [ 4]  587 	ld	c, a
      00006A C6 06            [ 7]  588 	add	a, #0x06
      00006C F5               [11]  589 	push	af
      00006D 59               [ 4]  590 	ld	e, c
      00006E F1               [10]  591 	pop	af
      00006F 3C               [ 4]  592 	inc	a
      000070 C3r75r00         [10]  593 	jp	00134$
      000073                        594 00133$:
      000073 CB 23            [ 8]  595 	sla	e
      000075                        596 00134$:
      000075 3D               [ 4]  597 	dec	a
      000076 20 FB            [12]  598 	jr	NZ,00133$
      000078 79               [ 4]  599 	ld	a, c
      000079 3C               [ 4]  600 	inc	a
      00007A 3C               [ 4]  601 	inc	a
      00007B 3C               [ 4]  602 	inc	a
      00007C 3C               [ 4]  603 	inc	a
      00007D 47               [ 4]  604 	ld	b, a
      00007E 7B               [ 4]  605 	ld	a, e
      00007F 04               [ 4]  606 	inc	b
      000080 C3r84r00         [10]  607 	jp	00136$
      000083                        608 00135$:
      000083 87               [ 4]  609 	add	a, a
      000084                        610 00136$:
      000084 10 FD            [13]  611 	djnz	00135$
      000086 0C               [ 4]  612 	inc	c
      000087 0C               [ 4]  613 	inc	c
      000088 0C               [ 4]  614 	inc	c
      000089 C3r8Dr00         [10]  615 	jp	00138$
      00008C                        616 00137$:
      00008C 87               [ 4]  617 	add	a, a
      00008D                        618 00138$:
      00008D 0D               [ 4]  619 	dec	c
      00008E 20 FC            [12]  620 	jr	NZ,00137$
      000090 C9               [10]  621 	ret
                                    622 ;/home/bruno/dev/MSXgl/engine/src/print.c:135: case VDP_MODE_GRAPHIC6: return (color & 0x0F) << 4 | (color & 0x0F);
      000091                        623 00103$:
      000091 79               [ 4]  624 	ld	a, c
      000092 E6 0F            [ 7]  625 	and	a, #0x0f
      000094 87               [ 4]  626 	add	a, a
      000095 87               [ 4]  627 	add	a, a
      000096 87               [ 4]  628 	add	a, a
      000097 87               [ 4]  629 	add	a, a
      000098 47               [ 4]  630 	ld	b, a
      000099 79               [ 4]  631 	ld	a, c
      00009A E6 0F            [ 7]  632 	and	a, #0x0f
      00009C B0               [ 4]  633 	or	a, b
      00009D C9               [10]  634 	ret
                                    635 ;/home/bruno/dev/MSXgl/engine/src/print.c:138: case VDP_MODE_GRAPHIC7: return color;
      00009E                        636 00104$:
      00009E 79               [ 4]  637 	ld	a, c
      00009F C9               [10]  638 	ret
                                    639 ;/home/bruno/dev/MSXgl/engine/src/print.c:140: }
      0000A0                        640 00105$:
                                    641 ;/home/bruno/dev/MSXgl/engine/src/print.c:141: return color;
      0000A0 79               [ 4]  642 	ld	a, c
                                    643 ;/home/bruno/dev/MSXgl/engine/src/print.c:142: }
      0000A1 C9               [10]  644 	ret
                                    645 ;/home/bruno/dev/MSXgl/engine/src/print.c:153: bool Print_Initialize()
                                    646 ;	---------------------------------
                                    647 ; Function Print_Initialize
                                    648 ; ---------------------------------
      0000A2                        649 _Print_Initialize::
                                    650 ;/home/bruno/dev/MSXgl/engine/src/print.c:155: Print_SetColor(0xF, 0x0);
      0000A2 2E 00            [ 7]  651 	ld	l, #0x00
                                    652 ;	spillPairReg hl
                                    653 ;	spillPairReg hl
      0000A4 3E 0F            [ 7]  654 	ld	a, #0x0f
      0000A6 CDrC1r04         [17]  655 	call	_Print_SetColor
                                    656 ;/home/bruno/dev/MSXgl/engine/src/print.h:226: g_PrintData.CursorX = x;
      0000A9 21 00 00         [10]  657 	ld	hl, #0x0000
      0000AC 22r05r00         [16]  658 	ld	((_g_PrintData + 5)), hl
                                    659 ;/home/bruno/dev/MSXgl/engine/src/print.h:227: g_PrintData.CursorY = y;
      0000AF 21r07r00         [10]  660 	ld	hl, #(_g_PrintData + 7)
      0000B2 36 00            [10]  661 	ld	(hl), #0x00
                                    662 ;/home/bruno/dev/MSXgl/engine/src/print.c:158: Print_EnableShadow(FALSE);
      0000B4 AF               [ 4]  663 	xor	a, a
      0000B5 CDr30r16         [17]  664 	call	_Print_EnableShadow
                                    665 ;/home/bruno/dev/MSXgl/engine/src/print.c:161: Print_EnableOutline(FALSE);
      0000B8 AF               [ 4]  666 	xor	a, a
      0000B9 CDr60r16         [17]  667 	call	_Print_EnableOutline
                                    668 ;/home/bruno/dev/MSXgl/engine/src/vdp.h:447: inline u8 VDP_GetMode() { return g_VDP_Data.Mode; }
      0000BC 21r00r00         [10]  669 	ld	hl, #_g_VDP_Data+0
      0000BF 4E               [ 7]  670 	ld	c, (hl)
                                    671 ;/home/bruno/dev/MSXgl/engine/src/print.c:164: switch(VDP_GetMode()) // Screen mode specific initialization
      0000C0 3E 14            [ 7]  672 	ld	a, #0x14
      0000C2 91               [ 4]  673 	sub	a, c
      0000C3 DAr9Ar01         [10]  674 	jp	C, 00114$
      0000C6 06 00            [ 7]  675 	ld	b, #0x00
      0000C8 21rCFr00         [10]  676 	ld	hl, #00134$
      0000CB 09               [11]  677 	add	hl, bc
      0000CC 09               [11]  678 	add	hl, bc
      0000CD 09               [11]  679 	add	hl, bc
      0000CE E9               [ 4]  680 	jp	(hl)
      0000CF                        681 00134$:
      0000CF C3r0Er01         [10]  682 	jp	00101$
      0000D2 C3r9Cr01         [10]  683 	jp	00115$
      0000D5 C3r1Cr01         [10]  684 	jp	00103$
      0000D8 C3r2Ar01         [10]  685 	jp	00104$
      0000DB C3r38r01         [10]  686 	jp	00105$
      0000DE C3r46r01         [10]  687 	jp	00109$
      0000E1 C3r54r01         [10]  688 	jp	00110$
      0000E4 C3r62r01         [10]  689 	jp	00111$
      0000E7 C3r77r01         [10]  690 	jp	00112$
      0000EA C3r85r01         [10]  691 	jp	00113$
      0000ED C3r9Ar01         [10]  692 	jp	00114$
      0000F0 C3r9Ar01         [10]  693 	jp	00114$
      0000F3 C3r9Ar01         [10]  694 	jp	00114$
      0000F6 C3r9Ar01         [10]  695 	jp	00114$
      0000F9 C3r9Ar01         [10]  696 	jp	00114$
      0000FC C3r9Ar01         [10]  697 	jp	00114$
      0000FF C3r9Ar01         [10]  698 	jp	00114$
      000102 C3r9Ar01         [10]  699 	jp	00114$
      000105 C3r46r01         [10]  700 	jp	00109$
      000108 C3r46r01         [10]  701 	jp	00109$
      00010B C3r46r01         [10]  702 	jp	00109$
                                    703 ;/home/bruno/dev/MSXgl/engine/src/print.c:167: case VDP_MODE_TEXT1:		// 40 characters per line of text, one colour for each character
      00010E                        704 00101$:
                                    705 ;/home/bruno/dev/MSXgl/engine/src/print.h:249: g_PrintData.TabSize = size;
      00010E 21r04r00         [10]  706 	ld	hl, #(_g_PrintData + 4)
      000111 36 03            [10]  707 	ld	(hl), #0x03
                                    708 ;/home/bruno/dev/MSXgl/engine/src/print.c:169: g_PrintData.ScreenWidth = 40;
      000113 21 28 00         [10]  709 	ld	hl, #0x0028
      000116 22r1Br00         [16]  710 	ld	((_g_PrintData + 27)), hl
                                    711 ;/home/bruno/dev/MSXgl/engine/src/print.c:170: break;
      000119 C3r9Cr01         [10]  712 	jp	00115$
                                    713 ;/home/bruno/dev/MSXgl/engine/src/print.c:177: case VDP_MODE_GRAPHIC1:		// 32 characters per one line of text, the COLOURed character available
      00011C                        714 00103$:
                                    715 ;/home/bruno/dev/MSXgl/engine/src/print.h:249: g_PrintData.TabSize = size;
      00011C 21r04r00         [10]  716 	ld	hl, #(_g_PrintData + 4)
      00011F 36 03            [10]  717 	ld	(hl), #0x03
                                    718 ;/home/bruno/dev/MSXgl/engine/src/print.c:179: g_PrintData.ScreenWidth = 32;
      000121 21 20 00         [10]  719 	ld	hl, #0x0020
      000124 22r1Br00         [16]  720 	ld	((_g_PrintData + 27)), hl
                                    721 ;/home/bruno/dev/MSXgl/engine/src/print.c:180: break;
      000127 C3r9Cr01         [10]  722 	jp	00115$
                                    723 ;/home/bruno/dev/MSXgl/engine/src/print.c:183: case VDP_MODE_GRAPHIC2:		// 256 x 192, the colour is specififed for each 8 dots
      00012A                        724 00104$:
                                    725 ;/home/bruno/dev/MSXgl/engine/src/print.h:249: g_PrintData.TabSize = size;
      00012A 21r04r00         [10]  726 	ld	hl, #(_g_PrintData + 4)
      00012D 36 03            [10]  727 	ld	(hl), #0x03
                                    728 ;/home/bruno/dev/MSXgl/engine/src/print.c:185: g_PrintData.ScreenWidth = 32;
      00012F 21 20 00         [10]  729 	ld	hl, #0x0020
      000132 22r1Br00         [16]  730 	ld	((_g_PrintData + 27)), hl
                                    731 ;/home/bruno/dev/MSXgl/engine/src/print.c:186: break;
      000135 C3r9Cr01         [10]  732 	jp	00115$
                                    733 ;/home/bruno/dev/MSXgl/engine/src/print.c:189: case VDP_MODE_TEXT2:		// 80 characters per line of text, character blinkable selection
      000138                        734 00105$:
                                    735 ;/home/bruno/dev/MSXgl/engine/src/print.h:249: g_PrintData.TabSize = size;
      000138 21r04r00         [10]  736 	ld	hl, #(_g_PrintData + 4)
      00013B 36 03            [10]  737 	ld	(hl), #0x03
                                    738 ;/home/bruno/dev/MSXgl/engine/src/print.c:191: g_PrintData.ScreenWidth = 80;
      00013D 21 50 00         [10]  739 	ld	hl, #0x0050
      000140 22r1Br00         [16]  740 	ld	((_g_PrintData + 27)), hl
                                    741 ;/home/bruno/dev/MSXgl/engine/src/print.c:192: break;
      000143 C3r9Cr01         [10]  742 	jp	00115$
                                    743 ;/home/bruno/dev/MSXgl/engine/src/print.c:200: case VDP_MODE_GRAPHIC3:		// GRAPHIC 2 which can use sprite mode 2
      000146                        744 00109$:
                                    745 ;/home/bruno/dev/MSXgl/engine/src/print.h:249: g_PrintData.TabSize = size;
      000146 21r04r00         [10]  746 	ld	hl, #(_g_PrintData + 4)
      000149 36 03            [10]  747 	ld	(hl), #0x03
                                    748 ;/home/bruno/dev/MSXgl/engine/src/print.c:202: g_PrintData.ScreenWidth = 32;
      00014B 21 20 00         [10]  749 	ld	hl, #0x0020
      00014E 22r1Br00         [16]  750 	ld	((_g_PrintData + 27)), hl
                                    751 ;/home/bruno/dev/MSXgl/engine/src/print.c:203: break;
      000151 C3r9Cr01         [10]  752 	jp	00115$
                                    753 ;/home/bruno/dev/MSXgl/engine/src/print.c:206: case VDP_MODE_GRAPHIC4:		// 256 x 212; 16 colours are available for each dot
      000154                        754 00110$:
                                    755 ;/home/bruno/dev/MSXgl/engine/src/print.h:249: g_PrintData.TabSize = size;
      000154 21r04r00         [10]  756 	ld	hl, #(_g_PrintData + 4)
      000157 36 18            [10]  757 	ld	(hl), #0x18
                                    758 ;/home/bruno/dev/MSXgl/engine/src/print.c:208: g_PrintData.ScreenWidth = 256;
      000159 21 00 01         [10]  759 	ld	hl, #0x0100
      00015C 22r1Br00         [16]  760 	ld	((_g_PrintData + 27)), hl
                                    761 ;/home/bruno/dev/MSXgl/engine/src/print.c:209: break;
      00015F C3r9Cr01         [10]  762 	jp	00115$
                                    763 ;/home/bruno/dev/MSXgl/engine/src/print.c:212: case VDP_MODE_GRAPHIC5:		// 512 x 212; 4 colours are available for each dot
      000162                        764 00111$:
                                    765 ;/home/bruno/dev/MSXgl/engine/src/print.h:249: g_PrintData.TabSize = size;
      000162 21r04r00         [10]  766 	ld	hl, #(_g_PrintData + 4)
      000165 36 18            [10]  767 	ld	(hl), #0x18
                                    768 ;/home/bruno/dev/MSXgl/engine/src/print.c:214: Print_SetColor(0x03, 0x0);
      000167 2E 00            [ 7]  769 	ld	l, #0x00
                                    770 ;	spillPairReg hl
                                    771 ;	spillPairReg hl
      000169 3E 03            [ 7]  772 	ld	a, #0x03
      00016B CDrC1r04         [17]  773 	call	_Print_SetColor
                                    774 ;/home/bruno/dev/MSXgl/engine/src/print.c:215: g_PrintData.ScreenWidth = 512;
      00016E 21 00 02         [10]  775 	ld	hl, #0x0200
      000171 22r1Br00         [16]  776 	ld	((_g_PrintData + 27)), hl
                                    777 ;/home/bruno/dev/MSXgl/engine/src/print.c:216: break;
      000174 C3r9Cr01         [10]  778 	jp	00115$
                                    779 ;/home/bruno/dev/MSXgl/engine/src/print.c:219: case VDP_MODE_GRAPHIC6:		// 512 x 212; 16 colours are available for each dot
      000177                        780 00112$:
                                    781 ;/home/bruno/dev/MSXgl/engine/src/print.h:249: g_PrintData.TabSize = size;
      000177 21r04r00         [10]  782 	ld	hl, #(_g_PrintData + 4)
      00017A 36 18            [10]  783 	ld	(hl), #0x18
                                    784 ;/home/bruno/dev/MSXgl/engine/src/print.c:221: g_PrintData.ScreenWidth = 512;
      00017C 21 00 02         [10]  785 	ld	hl, #0x0200
      00017F 22r1Br00         [16]  786 	ld	((_g_PrintData + 27)), hl
                                    787 ;/home/bruno/dev/MSXgl/engine/src/print.c:222: break;
      000182 C3r9Cr01         [10]  788 	jp	00115$
                                    789 ;/home/bruno/dev/MSXgl/engine/src/print.c:225: case VDP_MODE_GRAPHIC7:		// 256 x 212; 256 colours are available for each dot
      000185                        790 00113$:
                                    791 ;/home/bruno/dev/MSXgl/engine/src/print.h:249: g_PrintData.TabSize = size;
      000185 21r04r00         [10]  792 	ld	hl, #(_g_PrintData + 4)
      000188 36 18            [10]  793 	ld	(hl), #0x18
                                    794 ;/home/bruno/dev/MSXgl/engine/src/print.c:227: Print_SetColor(0xFF, 0x0);
      00018A 2E 00            [ 7]  795 	ld	l, #0x00
                                    796 ;	spillPairReg hl
                                    797 ;	spillPairReg hl
      00018C 3E FF            [ 7]  798 	ld	a, #0xff
      00018E CDrC1r04         [17]  799 	call	_Print_SetColor
                                    800 ;/home/bruno/dev/MSXgl/engine/src/print.c:228: g_PrintData.ScreenWidth = 256;
      000191 21 00 01         [10]  801 	ld	hl, #0x0100
      000194 22r1Br00         [16]  802 	ld	((_g_PrintData + 27)), hl
                                    803 ;/home/bruno/dev/MSXgl/engine/src/print.c:229: break;
      000197 C3r9Cr01         [10]  804 	jp	00115$
                                    805 ;/home/bruno/dev/MSXgl/engine/src/print.c:231: default:
      00019A                        806 00114$:
                                    807 ;/home/bruno/dev/MSXgl/engine/src/print.c:233: return FALSE;
      00019A AF               [ 4]  808 	xor	a, a
      00019B C9               [10]  809 	ret
                                    810 ;/home/bruno/dev/MSXgl/engine/src/print.c:234: }
      00019C                        811 00115$:
                                    812 ;/home/bruno/dev/MSXgl/engine/src/print.c:238: return TRUE;
      00019C 3E 01            [ 7]  813 	ld	a, #0x01
                                    814 ;/home/bruno/dev/MSXgl/engine/src/print.c:239: }
      00019E C9               [10]  815 	ret
                                    816 ;/home/bruno/dev/MSXgl/engine/src/print.c:243: void Print_SetMode(u8 mode)
                                    817 ;	---------------------------------
                                    818 ; Function Print_SetMode
                                    819 ; ---------------------------------
      00019F                        820 _Print_SetMode::
      00019F 4F               [ 4]  821 	ld	c, a
                                    822 ;/home/bruno/dev/MSXgl/engine/src/print.c:245: g_PrintData.SourceMode = mode;
      0001A0 21r1Ar00         [10]  823 	ld	hl, #_g_PrintData + 26
      0001A3 ED 67            [18]  824 	rrd
      0001A5 79               [ 4]  825 	ld	a, c
      0001A6 ED 6F            [18]  826 	rld
                                    827 ;/home/bruno/dev/MSXgl/engine/src/print.c:247: switch(g_PrintData.SourceMode)
      0001A8 7E               [ 7]  828 	ld	a, (hl)
      0001A9 E6 0F            [ 7]  829 	and	a, #0x0f
      0001AB 4F               [ 4]  830 	ld	c, a
      0001AC 3E 04            [ 7]  831 	ld	a, #0x04
      0001AE 91               [ 4]  832 	sub	a, c
      0001AF D8               [11]  833 	ret	C
      0001B0 06 00            [ 7]  834 	ld	b, #0x00
      0001B2 21rB9r01         [10]  835 	ld	hl, #00161$
      0001B5 09               [11]  836 	add	hl, bc
      0001B6 09               [11]  837 	add	hl, bc
      0001B7 09               [11]  838 	add	hl, bc
      0001B8 E9               [ 4]  839 	jp	(hl)
      0001B9                        840 00161$:
      0001B9 C3rC8r01         [10]  841 	jp	00101$
      0001BC C3rF1r01         [10]  842 	jp	00107$
      0001BF C3rF8r01         [10]  843 	jp	00108$
      0001C2 C3r18r02         [10]  844 	jp	00114$
      0001C5 C3r1Fr02         [10]  845 	jp	00115$
                                    846 ;/home/bruno/dev/MSXgl/engine/src/print.c:250: case PRINT_MODE_BITMAP:
      0001C8                        847 00101$:
                                    848 ;/home/bruno/dev/MSXgl/engine/src/vdp.h:447: inline u8 VDP_GetMode() { return g_VDP_Data.Mode; }
      0001C8 3Ar00r00         [13]  849 	ld	a, (#_g_VDP_Data + 0)
                                    850 ;/home/bruno/dev/MSXgl/engine/src/print.c:252: switch(VDP_GetMode()) // Screen mode specific initialization
      0001CB FE 06            [ 7]  851 	cp	a, #0x06
      0001CD 28 14            [12]  852 	jr	Z, 00104$
      0001CF FE 07            [ 7]  853 	cp	a, #0x07
      0001D1 28 09            [12]  854 	jr	Z, 00102$
      0001D3 FE 08            [ 7]  855 	cp	a, #0x08
      0001D5 28 0C            [12]  856 	jr	Z, 00104$
      0001D7 D6 09            [ 7]  857 	sub	a, #0x09
      0001D9 28 0F            [12]  858 	jr	Z, 00105$
      0001DB C9               [10]  859 	ret
                                    860 ;/home/bruno/dev/MSXgl/engine/src/print.c:255: case VDP_MODE_GRAPHIC5:
      0001DC                        861 00102$:
                                    862 ;/home/bruno/dev/MSXgl/engine/src/print.c:256: g_PrintData.DrawChar = DrawChar_2B;
      0001DC 21rB9r09         [10]  863 	ld	hl, #_DrawChar_2B
      0001DF 22r18r00         [16]  864 	ld	((_g_PrintData + 24)), hl
                                    865 ;/home/bruno/dev/MSXgl/engine/src/print.c:257: break;
      0001E2 C9               [10]  866 	ret
                                    867 ;/home/bruno/dev/MSXgl/engine/src/print.c:261: case VDP_MODE_GRAPHIC6:
      0001E3                        868 00104$:
                                    869 ;/home/bruno/dev/MSXgl/engine/src/print.c:262: g_PrintData.DrawChar = DrawChar_4B;
      0001E3 21rC1r08         [10]  870 	ld	hl, #_DrawChar_4B
      0001E6 22r18r00         [16]  871 	ld	((_g_PrintData + 24)), hl
                                    872 ;/home/bruno/dev/MSXgl/engine/src/print.c:263: break;
      0001E9 C9               [10]  873 	ret
                                    874 ;/home/bruno/dev/MSXgl/engine/src/print.c:266: case VDP_MODE_GRAPHIC7:
      0001EA                        875 00105$:
                                    876 ;/home/bruno/dev/MSXgl/engine/src/print.c:267: g_PrintData.DrawChar = DrawChar_8B; 
      0001EA 21r99r07         [10]  877 	ld	hl, #_DrawChar_8B
      0001ED 22r18r00         [16]  878 	ld	((_g_PrintData + 24)), hl
                                    879 ;/home/bruno/dev/MSXgl/engine/src/print.c:271: break;
      0001F0 C9               [10]  880 	ret
                                    881 ;/home/bruno/dev/MSXgl/engine/src/print.c:274: case PRINT_MODE_BITMAP_TRANS:
      0001F1                        882 00107$:
                                    883 ;/home/bruno/dev/MSXgl/engine/src/print.c:276: g_PrintData.DrawChar = DrawChar_Trans;
      0001F1 21r8Fr0A         [10]  884 	ld	hl, #_DrawChar_Trans
      0001F4 22r18r00         [16]  885 	ld	((_g_PrintData + 24)), hl
                                    886 ;/home/bruno/dev/MSXgl/engine/src/print.c:277: break;
      0001F7 C9               [10]  887 	ret
                                    888 ;/home/bruno/dev/MSXgl/engine/src/print.c:282: case PRINT_MODE_BITMAP_VRAM:
      0001F8                        889 00108$:
                                    890 ;/home/bruno/dev/MSXgl/engine/src/vdp.h:447: inline u8 VDP_GetMode() { return g_VDP_Data.Mode; }
      0001F8 3Ar00r00         [13]  891 	ld	a, (#_g_VDP_Data + 0)
                                    892 ;/home/bruno/dev/MSXgl/engine/src/print.c:284: switch(VDP_GetMode()) // Screen mode specific initialization
      0001FB FE 06            [ 7]  893 	cp	a, #0x06
      0001FD 28 0B            [12]  894 	jr	Z, 00110$
      0001FF FE 07            [ 7]  895 	cp	a, #0x07
      000201 28 0E            [12]  896 	jr	Z, 00112$
      000203 FE 08            [ 7]  897 	cp	a, #0x08
      000205 28 0A            [12]  898 	jr	Z, 00112$
      000207 D6 09            [ 7]  899 	sub	a, #0x09
      000209 C0               [11]  900 	ret	NZ
                                    901 ;/home/bruno/dev/MSXgl/engine/src/print.c:288: case VDP_MODE_GRAPHIC7:
      00020A                        902 00110$:
                                    903 ;/home/bruno/dev/MSXgl/engine/src/print.c:289: g_PrintData.DrawChar = DrawChar_VRAM256;
      00020A 21r00r0F         [10]  904 	ld	hl, #_DrawChar_VRAM256
      00020D 22r18r00         [16]  905 	ld	((_g_PrintData + 24)), hl
                                    906 ;/home/bruno/dev/MSXgl/engine/src/print.c:290: break;
      000210 C9               [10]  907 	ret
                                    908 ;/home/bruno/dev/MSXgl/engine/src/print.c:294: case VDP_MODE_GRAPHIC6:
      000211                        909 00112$:
                                    910 ;/home/bruno/dev/MSXgl/engine/src/print.c:295: g_PrintData.DrawChar = DrawChar_VRAM512;
      000211 21rC6r0F         [10]  911 	ld	hl, #_DrawChar_VRAM512
      000214 22r18r00         [16]  912 	ld	((_g_PrintData + 24)), hl
                                    913 ;/home/bruno/dev/MSXgl/engine/src/print.c:299: break;
      000217 C9               [10]  914 	ret
                                    915 ;/home/bruno/dev/MSXgl/engine/src/print.c:303: case PRINT_MODE_SPRITE:
      000218                        916 00114$:
                                    917 ;/home/bruno/dev/MSXgl/engine/src/print.c:305: g_PrintData.DrawChar = DrawChar_Sprite;
      000218 21rBEr15         [10]  918 	ld	hl, #_DrawChar_Sprite
      00021B 22r18r00         [16]  919 	ld	((_g_PrintData + 24)), hl
                                    920 ;/home/bruno/dev/MSXgl/engine/src/print.c:306: break;
      00021E C9               [10]  921 	ret
                                    922 ;/home/bruno/dev/MSXgl/engine/src/print.c:310: case PRINT_MODE_TEXT:
      00021F                        923 00115$:
                                    924 ;/home/bruno/dev/MSXgl/engine/src/print.c:312: g_PrintData.DrawChar = DrawChar_Layout;
      00021F 21r19r14         [10]  925 	ld	hl, #_DrawChar_Layout
      000222 22r18r00         [16]  926 	ld	((_g_PrintData + 24)), hl
                                    927 ;/home/bruno/dev/MSXgl/engine/src/print.c:316: };
                                    928 ;/home/bruno/dev/MSXgl/engine/src/print.c:317: }
      000225 C9               [10]  929 	ret
                                    930 ;/home/bruno/dev/MSXgl/engine/src/print.c:322: void Print_SetFont(const u8* font)
                                    931 ;	---------------------------------
                                    932 ; Function Print_SetFont
                                    933 ; ---------------------------------
      000226                        934 _Print_SetFont::
      000226 DD E5            [15]  935 	push	ix
      000228 DD 21 00 00      [14]  936 	ld	ix,#0
      00022C DD 39            [15]  937 	add	ix,sp
      00022E F5               [11]  938 	push	af
      00022F F5               [11]  939 	push	af
      000230 EB               [ 4]  940 	ex	de, hl
                                    941 ;/home/bruno/dev/MSXgl/engine/src/print.c:324: if(font == NULL) // Use Bios font (if any)
      000231 7A               [ 4]  942 	ld	a, d
      000232 B3               [ 4]  943 	or	a, e
      000233 20 42            [12]  944 	jr	NZ, 00102$
                                    945 ;/home/bruno/dev/MSXgl/engine/src/print.c:325: Print_SetFontEx(8, 8, 6, 8, 1, 255, (const u8*)g_CGTABL + 8);
      000235 ED 4B 04 00      [20]  946 	ld	bc, (_g_CGTABL)
      000239 21 08 00         [10]  947 	ld	hl, #0x0008
      00023C 09               [11]  948 	add	hl, bc
      00023D EB               [ 4]  949 	ex	de, hl
                                    950 ;/home/bruno/dev/MSXgl/engine/src/print.h:197: g_PrintData.PatternX     = patternX;
      00023E 21r00r00         [10]  951 	ld	hl, #_g_PrintData
      000241 36 08            [10]  952 	ld	(hl), #0x08
                                    953 ;/home/bruno/dev/MSXgl/engine/src/print.h:198: g_PrintData.PatternY     = patternY;
      000243 01r01r00         [10]  954 	ld	bc, #_g_PrintData + 1
      000246 3E 08            [ 7]  955 	ld	a, #0x08
      000248 02               [ 7]  956 	ld	(bc), a
                                    957 ;/home/bruno/dev/MSXgl/engine/src/print.h:199: g_PrintData.UnitX        = sizeX;
      000249 21r02r00         [10]  958 	ld	hl, #(_g_PrintData + 2)
      00024C 36 06            [10]  959 	ld	(hl), #0x06
                                    960 ;/home/bruno/dev/MSXgl/engine/src/print.h:200: g_PrintData.UnitY        = sizeY;
      00024E 21r03r00         [10]  961 	ld	hl, #(_g_PrintData + 3)
      000251 36 08            [10]  962 	ld	(hl), #0x08
                                    963 ;/home/bruno/dev/MSXgl/engine/src/print.h:201: g_PrintData.CharFirst    = firstChr;
      000253 21r15r00         [10]  964 	ld	hl, #(_g_PrintData + 21)
      000256 36 01            [10]  965 	ld	(hl), #0x01
                                    966 ;/home/bruno/dev/MSXgl/engine/src/print.h:202: g_PrintData.CharLast     = lastChr;
      000258 21r16r00         [10]  967 	ld	hl, #(_g_PrintData + 22)
      00025B 36 FF            [10]  968 	ld	(hl), #0xff
                                    969 ;/home/bruno/dev/MSXgl/engine/src/print.h:203: g_PrintData.CharCount    = lastChr - firstChr + 1;
      00025D 21r17r00         [10]  970 	ld	hl, #(_g_PrintData + 23)
      000260 36 FF            [10]  971 	ld	(hl), #0xff
                                    972 ;/home/bruno/dev/MSXgl/engine/src/print.h:204: g_PrintData.FontPatterns = patterns;
      000262 ED 53r1Dr00      [20]  973 	ld	((_g_PrintData + 29)), de
                                    974 ;/home/bruno/dev/MSXgl/engine/src/print.h:205: g_PrintData.FontAddr     = g_PrintData.FontPatterns - (firstChr * g_PrintData.PatternY); // pre-compute address of the virtual index 0 character (used to quick drawing in PutChar_GX functions)
      000266 0A               [ 7]  975 	ld	a, (bc)
      000267 4F               [ 4]  976 	ld	c, a
      000268 06 00            [ 7]  977 	ld	b, #0x00
      00026A 7B               [ 4]  978 	ld	a, e
      00026B 91               [ 4]  979 	sub	a, c
      00026C 4F               [ 4]  980 	ld	c, a
      00026D 7A               [ 4]  981 	ld	a, d
      00026E 98               [ 4]  982 	sbc	a, b
      00026F 47               [ 4]  983 	ld	b, a
      000270 ED 43r1Fr00      [20]  984 	ld	((_g_PrintData + 31)), bc
                                    985 ;/home/bruno/dev/MSXgl/engine/src/print.c:325: Print_SetFontEx(8, 8, 6, 8, 1, 255, (const u8*)g_CGTABL + 8);
      000274 C3rFBr02         [10]  986 	jp	00106$
      000277                        987 00102$:
                                    988 ;/home/bruno/dev/MSXgl/engine/src/print.c:327: Print_SetFontEx(font[0] >> 4, font[0] & 0x0F, font[1] >> 4, font[1] & 0x0F, font[2], font[3], font+4);
      000277 21 04 00         [10]  989 	ld	hl, #0x0004
      00027A 19               [11]  990 	add	hl, de
      00027B 4D               [ 4]  991 	ld	c, l
      00027C 44               [ 4]  992 	ld	b, h
      00027D 6B               [ 4]  993 	ld	l, e
                                    994 ;	spillPairReg hl
                                    995 ;	spillPairReg hl
      00027E 62               [ 4]  996 	ld	h, d
                                    997 ;	spillPairReg hl
                                    998 ;	spillPairReg hl
      00027F 23               [ 6]  999 	inc	hl
      000280 23               [ 6] 1000 	inc	hl
      000281 23               [ 6] 1001 	inc	hl
      000282 7E               [ 7] 1002 	ld	a, (hl)
      000283 DD 77 FC         [19] 1003 	ld	-4 (ix), a
      000286 6B               [ 4] 1004 	ld	l, e
                                   1005 ;	spillPairReg hl
                                   1006 ;	spillPairReg hl
      000287 62               [ 4] 1007 	ld	h, d
                                   1008 ;	spillPairReg hl
                                   1009 ;	spillPairReg hl
      000288 23               [ 6] 1010 	inc	hl
      000289 23               [ 6] 1011 	inc	hl
      00028A 7E               [ 7] 1012 	ld	a, (hl)
      00028B DD 77 FD         [19] 1013 	ld	-3 (ix), a
      00028E 6B               [ 4] 1014 	ld	l, e
                                   1015 ;	spillPairReg hl
                                   1016 ;	spillPairReg hl
      00028F 62               [ 4] 1017 	ld	h, d
                                   1018 ;	spillPairReg hl
                                   1019 ;	spillPairReg hl
      000290 23               [ 6] 1020 	inc	hl
      000291 7E               [ 7] 1021 	ld	a, (hl)
      000292 F5               [11] 1022 	push	af
      000293 E6 0F            [ 7] 1023 	and	a, #0x0f
      000295 DD 77 FE         [19] 1024 	ld	-2 (ix), a
      000298 F1               [10] 1025 	pop	af
      000299 07               [ 4] 1026 	rlca
      00029A 07               [ 4] 1027 	rlca
      00029B 07               [ 4] 1028 	rlca
      00029C 07               [ 4] 1029 	rlca
      00029D E6 0F            [ 7] 1030 	and	a, #0x0f
      00029F DD 77 FF         [19] 1031 	ld	-1 (ix), a
      0002A2 1A               [ 7] 1032 	ld	a, (de)
      0002A3 F5               [11] 1033 	push	af
      0002A4 E6 0F            [ 7] 1034 	and	a, #0x0f
      0002A6 5F               [ 4] 1035 	ld	e, a
      0002A7 F1               [10] 1036 	pop	af
      0002A8 07               [ 4] 1037 	rlca
      0002A9 07               [ 4] 1038 	rlca
      0002AA 07               [ 4] 1039 	rlca
      0002AB 07               [ 4] 1040 	rlca
      0002AC E6 0F            [ 7] 1041 	and	a, #0x0f
      0002AE 57               [ 4] 1042 	ld	d, a
                                   1043 ;/home/bruno/dev/MSXgl/engine/src/print.h:197: g_PrintData.PatternX     = patternX;
      0002AF 21r00r00         [10] 1044 	ld	hl, #_g_PrintData
      0002B2 72               [ 7] 1045 	ld	(hl), d
                                   1046 ;/home/bruno/dev/MSXgl/engine/src/print.h:198: g_PrintData.PatternY     = patternY;
      0002B3 21r01r00         [10] 1047 	ld	hl, #(_g_PrintData + 1)
      0002B6 73               [ 7] 1048 	ld	(hl), e
                                   1049 ;/home/bruno/dev/MSXgl/engine/src/print.h:199: g_PrintData.UnitX        = sizeX;
      0002B7 21r02r00         [10] 1050 	ld	hl, #(_g_PrintData + 2)
      0002BA DD 7E FF         [19] 1051 	ld	a, -1 (ix)
      0002BD 77               [ 7] 1052 	ld	(hl), a
                                   1053 ;/home/bruno/dev/MSXgl/engine/src/print.h:200: g_PrintData.UnitY        = sizeY;
      0002BE 21r03r00         [10] 1054 	ld	hl, #(_g_PrintData + 3)
      0002C1 DD 7E FE         [19] 1055 	ld	a, -2 (ix)
      0002C4 77               [ 7] 1056 	ld	(hl), a
                                   1057 ;/home/bruno/dev/MSXgl/engine/src/print.h:201: g_PrintData.CharFirst    = firstChr;
      0002C5 21r15r00         [10] 1058 	ld	hl, #(_g_PrintData + 21)
      0002C8 DD 7E FD         [19] 1059 	ld	a, -3 (ix)
      0002CB 77               [ 7] 1060 	ld	(hl), a
                                   1061 ;/home/bruno/dev/MSXgl/engine/src/print.h:202: g_PrintData.CharLast     = lastChr;
      0002CC 21r16r00         [10] 1062 	ld	hl, #(_g_PrintData + 22)
      0002CF DD 7E FC         [19] 1063 	ld	a, -4 (ix)
      0002D2 77               [ 7] 1064 	ld	(hl), a
                                   1065 ;/home/bruno/dev/MSXgl/engine/src/print.h:203: g_PrintData.CharCount    = lastChr - firstChr + 1;
      0002D3 DD 7E FC         [19] 1066 	ld	a, -4 (ix)
      0002D6 DD 96 FD         [19] 1067 	sub	a, -3 (ix)
      0002D9 3C               [ 4] 1068 	inc	a
      0002DA 32r17r00         [13] 1069 	ld	(#(_g_PrintData + 23)),a
                                   1070 ;/home/bruno/dev/MSXgl/engine/src/print.h:204: g_PrintData.FontPatterns = patterns;
      0002DD ED 43r1Dr00      [20] 1071 	ld	((_g_PrintData + 29)), bc
                                   1072 ;/home/bruno/dev/MSXgl/engine/src/print.h:205: g_PrintData.FontAddr     = g_PrintData.FontPatterns - (firstChr * g_PrintData.PatternY); // pre-compute address of the virtual index 0 character (used to quick drawing in PutChar_GX functions)
      0002E1 C5               [11] 1073 	push	bc
      0002E2 DD 66 FD         [19] 1074 	ld	h, -3 (ix)
                                   1075 ;	spillPairReg hl
                                   1076 ;	spillPairReg hl
      0002E5 2E 00            [ 7] 1077 	ld	l, #0x00
      0002E7 55               [ 4] 1078 	ld	d, l
      0002E8 06 08            [ 7] 1079 	ld	b, #0x08
      0002EA                       1080 00113$:
      0002EA 29               [11] 1081 	add	hl, hl
      0002EB 30 01            [12] 1082 	jr	NC, 00114$
      0002ED 19               [11] 1083 	add	hl, de
      0002EE                       1084 00114$:
      0002EE 10 FA            [13] 1085 	djnz	00113$
      0002F0 C1               [10] 1086 	pop	bc
      0002F1 79               [ 4] 1087 	ld	a, c
      0002F2 95               [ 4] 1088 	sub	a, l
      0002F3 4F               [ 4] 1089 	ld	c, a
      0002F4 78               [ 4] 1090 	ld	a, b
      0002F5 9C               [ 4] 1091 	sbc	a, h
      0002F6 47               [ 4] 1092 	ld	b, a
      0002F7 ED 43r1Fr00      [20] 1093 	ld	((_g_PrintData + 31)), bc
                                   1094 ;/home/bruno/dev/MSXgl/engine/src/print.c:327: Print_SetFontEx(font[0] >> 4, font[0] & 0x0F, font[1] >> 4, font[1] & 0x0F, font[2], font[3], font+4);
      0002FB                       1095 00106$:
                                   1096 ;/home/bruno/dev/MSXgl/engine/src/print.c:328: }
      0002FB DD F9            [10] 1097 	ld	sp, ix
      0002FD DD E1            [14] 1098 	pop	ix
      0002FF C9               [10] 1099 	ret
                                   1100 ;/home/bruno/dev/MSXgl/engine/src/print.c:333: void Print_InitColorBuffer(u8 t, u8 b)
                                   1101 ;	---------------------------------
                                   1102 ; Function Print_InitColorBuffer
                                   1103 ; ---------------------------------
      000300                       1104 _Print_InitColorBuffer::
      000300 DD E5            [15] 1105 	push	ix
      000302 DD 21 00 00      [14] 1106 	ld	ix,#0
      000306 DD 39            [15] 1107 	add	ix,sp
      000308 FD 21 F8 FF      [14] 1108 	ld	iy, #-8
      00030C FD 39            [15] 1109 	add	iy, sp
      00030E FD F9            [10] 1110 	ld	sp, iy
      000310 DD 77 FF         [19] 1111 	ld	-1 (ix), a
      000313 DD 75 FE         [19] 1112 	ld	-2 (ix), l
                                   1113 ;/home/bruno/dev/MSXgl/engine/src/vdp.h:447: inline u8 VDP_GetMode() { return g_VDP_Data.Mode; }
      000316 3Ar00r00         [13] 1114 	ld	a, (#_g_VDP_Data + 0)
                                   1115 ;/home/bruno/dev/MSXgl/engine/src/print.c:336: switch(VDP_GetMode())
      000319 DD 77 FD         [19] 1116 	ld	-3 (ix), a
      00031C D6 06            [ 7] 1117 	sub	a, #0x06
      00031E 28 19            [12] 1118 	jr	Z, 00102$
      000320 DD 7E FD         [19] 1119 	ld	a, -3 (ix)
      000323 D6 07            [ 7] 1120 	sub	a, #0x07
      000325 28 62            [12] 1121 	jr	Z, 00103$
      000327 DD 7E FD         [19] 1122 	ld	a, -3 (ix)
      00032A D6 08            [ 7] 1123 	sub	a, #0x08
      00032C 28 0B            [12] 1124 	jr	Z, 00102$
      00032E DD 7E FD         [19] 1125 	ld	a, -3 (ix)
      000331 D6 09            [ 7] 1126 	sub	a, #0x09
      000333 CAr84r04         [10] 1127 	jp	Z,00104$
      000336 C3rBCr04         [10] 1128 	jp	00107$
                                   1129 ;/home/bruno/dev/MSXgl/engine/src/print.c:342: case VDP_MODE_GRAPHIC6:
      000339                       1130 00102$:
                                   1131 ;/home/bruno/dev/MSXgl/engine/src/print.c:345: g_PrintData.Buffer[0] = (b << 4) | b;	// [ 0, 0 ]
      000339 DD 7E FE         [19] 1132 	ld	a, -2 (ix)
      00033C DD 77 FD         [19] 1133 	ld	-3 (ix), a
      00033F 87               [ 4] 1134 	add	a, a
      000340 87               [ 4] 1135 	add	a, a
      000341 87               [ 4] 1136 	add	a, a
      000342 87               [ 4] 1137 	add	a, a
      000343 DD 77 FD         [19] 1138 	ld	-3 (ix), a
      000346 DD B6 FE         [19] 1139 	or	a, -2 (ix)
      000349 DD 77 FC         [19] 1140 	ld	-4 (ix), a
      00034C 21r2Ar00         [10] 1141 	ld	hl, #(_g_PrintData + 42)
      00034F DD 7E FC         [19] 1142 	ld	a, -4 (ix)
      000352 77               [ 7] 1143 	ld	(hl), a
                                   1144 ;/home/bruno/dev/MSXgl/engine/src/print.c:346: g_PrintData.Buffer[1] = (b << 4) | t;	// [ 0, 1 ]
      000353 DD 7E FD         [19] 1145 	ld	a, -3 (ix)
      000356 DD B6 FF         [19] 1146 	or	a, -1 (ix)
      000359 DD 77 FD         [19] 1147 	ld	-3 (ix), a
      00035C 21r2Br00         [10] 1148 	ld	hl, #(_g_PrintData + 43)
      00035F DD 7E FD         [19] 1149 	ld	a, -3 (ix)
      000362 77               [ 7] 1150 	ld	(hl), a
                                   1151 ;/home/bruno/dev/MSXgl/engine/src/print.c:347: g_PrintData.Buffer[2] = (t << 4) | b;	// [ 1, 0 ]
      000363 DD 7E FF         [19] 1152 	ld	a, -1 (ix)
      000366 DD 77 FD         [19] 1153 	ld	-3 (ix), a
      000369 87               [ 4] 1154 	add	a, a
      00036A 87               [ 4] 1155 	add	a, a
      00036B 87               [ 4] 1156 	add	a, a
      00036C 87               [ 4] 1157 	add	a, a
      00036D DD 77 FC         [19] 1158 	ld	-4 (ix), a
      000370 DD B6 FE         [19] 1159 	or	a, -2 (ix)
      000373 DD 77 FD         [19] 1160 	ld	-3 (ix), a
      000376 21r2Cr00         [10] 1161 	ld	hl, #(_g_PrintData + 44)
      000379 DD 7E FD         [19] 1162 	ld	a, -3 (ix)
      00037C 77               [ 7] 1163 	ld	(hl), a
                                   1164 ;/home/bruno/dev/MSXgl/engine/src/print.c:348: g_PrintData.Buffer[3] = (t << 4) | t;	// [ 1, 1 ]
      00037D DD 7E FC         [19] 1165 	ld	a, -4 (ix)
      000380 DD B6 FF         [19] 1166 	or	a, -1 (ix)
      000383 32r2Dr00         [13] 1167 	ld	(#(_g_PrintData + 45)),a
                                   1168 ;/home/bruno/dev/MSXgl/engine/src/print.c:349: break;
      000386 C3rBCr04         [10] 1169 	jp	00107$
                                   1170 ;/home/bruno/dev/MSXgl/engine/src/print.c:352: case VDP_MODE_GRAPHIC5:
      000389                       1171 00103$:
                                   1172 ;/home/bruno/dev/MSXgl/engine/src/print.c:353: g_PrintData.Buffer[ 0] = (b << 6) | (b << 4) | (b << 2) | b;	// [ 0, 0, 0, 0 ]
      000389 DD 7E FE         [19] 1173 	ld	a, -2 (ix)
      00038C DD 77 FD         [19] 1174 	ld	-3 (ix), a
      00038F 0F               [ 4] 1175 	rrca
      000390 0F               [ 4] 1176 	rrca
      000391 E6 C0            [ 7] 1177 	and	a, #0xc0
      000393 DD 77 F8         [19] 1178 	ld	-8 (ix), a
      000396 DD 7E FD         [19] 1179 	ld	a, -3 (ix)
      000399 87               [ 4] 1180 	add	a, a
      00039A 87               [ 4] 1181 	add	a, a
      00039B 87               [ 4] 1182 	add	a, a
      00039C 87               [ 4] 1183 	add	a, a
      00039D DD 77 F9         [19] 1184 	ld	-7 (ix), a
      0003A0 DD 7E F8         [19] 1185 	ld	a, -8 (ix)
      0003A3 DD B6 F9         [19] 1186 	or	a, -7 (ix)
      0003A6 DD 77 FA         [19] 1187 	ld	-6 (ix), a
      0003A9 DD 7E FD         [19] 1188 	ld	a, -3 (ix)
      0003AC 87               [ 4] 1189 	add	a, a
      0003AD 87               [ 4] 1190 	add	a, a
      0003AE DD 77 FB         [19] 1191 	ld	-5 (ix), a
      0003B1 DD 7E FA         [19] 1192 	ld	a, -6 (ix)
      0003B4 DD B6 FB         [19] 1193 	or	a, -5 (ix)
      0003B7 DD 77 FC         [19] 1194 	ld	-4 (ix), a
      0003BA DD B6 FE         [19] 1195 	or	a, -2 (ix)
      0003BD DD 77 FD         [19] 1196 	ld	-3 (ix), a
      0003C0 21r2Ar00         [10] 1197 	ld	hl, #(_g_PrintData + 42)
      0003C3 DD 7E FD         [19] 1198 	ld	a, -3 (ix)
      0003C6 77               [ 7] 1199 	ld	(hl), a
                                   1200 ;/home/bruno/dev/MSXgl/engine/src/print.c:354: g_PrintData.Buffer[ 1] = (b << 6) | (b << 4) | (b << 2) | t;	// [ 0, 0, 0, 1 ]
      0003C7 DD 7E FC         [19] 1201 	ld	a, -4 (ix)
      0003CA DD B6 FF         [19] 1202 	or	a, -1 (ix)
      0003CD 32r2Br00         [13] 1203 	ld	(#(_g_PrintData + 43)),a
                                   1204 ;/home/bruno/dev/MSXgl/engine/src/print.c:355: g_PrintData.Buffer[ 2] = (b << 6) | (b << 4) | (t << 2) | b;	// [ 0, 0, 1, 0 ]
      0003D0 DD 4E FF         [19] 1205 	ld	c, -1 (ix)
      0003D3 79               [ 4] 1206 	ld	a, c
      0003D4 87               [ 4] 1207 	add	a, a
      0003D5 87               [ 4] 1208 	add	a, a
      0003D6 5F               [ 4] 1209 	ld	e, a
      0003D7 DD 7E FA         [19] 1210 	ld	a, -6 (ix)
      0003DA B3               [ 4] 1211 	or	a, e
      0003DB 47               [ 4] 1212 	ld	b, a
      0003DC DD B6 FE         [19] 1213 	or	a, -2 (ix)
      0003DF 32r2Cr00         [13] 1214 	ld	(#(_g_PrintData + 44)),a
                                   1215 ;/home/bruno/dev/MSXgl/engine/src/print.c:356: g_PrintData.Buffer[ 3] = (b << 6) | (b << 4) | (t << 2) | t;	// [ 0, 0, 1, 1 ]
      0003E2 21r2Dr00         [10] 1216 	ld	hl, #_g_PrintData + 45
      0003E5 78               [ 4] 1217 	ld	a, b
      0003E6 DD B6 FF         [19] 1218 	or	a, -1 (ix)
      0003E9 77               [ 7] 1219 	ld	(hl), a
                                   1220 ;/home/bruno/dev/MSXgl/engine/src/print.c:357: g_PrintData.Buffer[ 4] = (b << 6) | (t << 4) | (b << 2) | b;	// [ 0, 1, 0, 0 ]
      0003EA 79               [ 4] 1221 	ld	a, c
      0003EB 87               [ 4] 1222 	add	a, a
      0003EC 87               [ 4] 1223 	add	a, a
      0003ED 87               [ 4] 1224 	add	a, a
      0003EE 87               [ 4] 1225 	add	a, a
      0003EF DD 77 FC         [19] 1226 	ld	-4 (ix), a
      0003F2 DD 7E F8         [19] 1227 	ld	a, -8 (ix)
      0003F5 DD B6 FC         [19] 1228 	or	a, -4 (ix)
      0003F8 DD 77 FD         [19] 1229 	ld	-3 (ix), a
      0003FB DD B6 FB         [19] 1230 	or	a, -5 (ix)
      0003FE DD 77 FA         [19] 1231 	ld	-6 (ix), a
      000401 DD B6 FE         [19] 1232 	or	a, -2 (ix)
      000404 32r2Er00         [13] 1233 	ld	(#(_g_PrintData + 46)),a
                                   1234 ;/home/bruno/dev/MSXgl/engine/src/print.c:358: g_PrintData.Buffer[ 5] = (b << 6) | (t << 4) | (b << 2) | t;	// [ 0, 1, 0, 1 ]
      000407 21r2Fr00         [10] 1235 	ld	hl, #_g_PrintData + 47
      00040A DD 7E FA         [19] 1236 	ld	a, -6 (ix)
      00040D DD B6 FF         [19] 1237 	or	a, -1 (ix)
      000410 77               [ 7] 1238 	ld	(hl), a
                                   1239 ;/home/bruno/dev/MSXgl/engine/src/print.c:359: g_PrintData.Buffer[ 6] = (b << 6) | (t << 4) | (t << 2) | b;	// [ 0, 1, 1, 0 ]
      000411 21r30r00         [10] 1240 	ld	hl, #_g_PrintData + 48
      000414 DD 7E FD         [19] 1241 	ld	a, -3 (ix)
      000417 B3               [ 4] 1242 	or	a, e
      000418 47               [ 4] 1243 	ld	b, a
      000419 DD B6 FE         [19] 1244 	or	a, -2 (ix)
      00041C 77               [ 7] 1245 	ld	(hl), a
                                   1246 ;/home/bruno/dev/MSXgl/engine/src/print.c:360: g_PrintData.Buffer[ 7] = (b << 6) | (t << 4) | (t << 2) | t;	// [ 0, 1, 1, 1 ]
      00041D 21r31r00         [10] 1247 	ld	hl, #_g_PrintData + 49
      000420 78               [ 4] 1248 	ld	a, b
      000421 DD B6 FF         [19] 1249 	or	a, -1 (ix)
      000424 77               [ 7] 1250 	ld	(hl), a
                                   1251 ;/home/bruno/dev/MSXgl/engine/src/print.c:361: g_PrintData.Buffer[ 8] = (t << 6) | (b << 4) | (b << 2) | b;	// [ 1, 0, 0, 0 ]
      000425 79               [ 4] 1252 	ld	a, c
      000426 0F               [ 4] 1253 	rrca
      000427 0F               [ 4] 1254 	rrca
      000428 E6 C0            [ 7] 1255 	and	a, #0xc0
      00042A 4F               [ 4] 1256 	ld	c, a
      00042B DD B6 F9         [19] 1257 	or	a, -7 (ix)
      00042E 47               [ 4] 1258 	ld	b, a
      00042F DD B6 FB         [19] 1259 	or	a, -5 (ix)
      000432 DD 77 FD         [19] 1260 	ld	-3 (ix), a
      000435 DD B6 FE         [19] 1261 	or	a, -2 (ix)
      000438 32r32r00         [13] 1262 	ld	(#(_g_PrintData + 50)),a
                                   1263 ;/home/bruno/dev/MSXgl/engine/src/print.c:362: g_PrintData.Buffer[ 9] = (t << 6) | (b << 4) | (b << 2) | t;	// [ 1, 0, 0, 1 ]
      00043B 21r33r00         [10] 1264 	ld	hl, #_g_PrintData + 51
      00043E DD 7E FD         [19] 1265 	ld	a, -3 (ix)
      000441 DD B6 FF         [19] 1266 	or	a, -1 (ix)
      000444 77               [ 7] 1267 	ld	(hl), a
                                   1268 ;/home/bruno/dev/MSXgl/engine/src/print.c:363: g_PrintData.Buffer[10] = (t << 6) | (b << 4) | (t << 2) | b;	// [ 1, 0, 1, 0 ]
      000445 21r34r00         [10] 1269 	ld	hl, #_g_PrintData + 52
      000448 78               [ 4] 1270 	ld	a, b
      000449 B3               [ 4] 1271 	or	a, e
      00044A 47               [ 4] 1272 	ld	b, a
      00044B DD B6 FE         [19] 1273 	or	a, -2 (ix)
      00044E 77               [ 7] 1274 	ld	(hl), a
                                   1275 ;/home/bruno/dev/MSXgl/engine/src/print.c:364: g_PrintData.Buffer[11] = (t << 6) | (b << 4) | (t << 2) | t;	// [ 1, 0, 1, 1 ]
      00044F 21r35r00         [10] 1276 	ld	hl, #_g_PrintData + 53
      000452 78               [ 4] 1277 	ld	a, b
      000453 DD B6 FF         [19] 1278 	or	a, -1 (ix)
      000456 77               [ 7] 1279 	ld	(hl), a
                                   1280 ;/home/bruno/dev/MSXgl/engine/src/print.c:365: g_PrintData.Buffer[12] = (t << 6) | (t << 4) | (b << 2) | b;	// [ 1, 1, 0, 0 ]
      000457 21r36r00         [10] 1281 	ld	hl, #_g_PrintData + 54
      00045A 79               [ 4] 1282 	ld	a, c
      00045B DD B6 FC         [19] 1283 	or	a, -4 (ix)
      00045E 57               [ 4] 1284 	ld	d, a
      00045F DD B6 FB         [19] 1285 	or	a, -5 (ix)
      000462 4F               [ 4] 1286 	ld	c, a
      000463 DD B6 FE         [19] 1287 	or	a, -2 (ix)
      000466 77               [ 7] 1288 	ld	(hl), a
                                   1289 ;/home/bruno/dev/MSXgl/engine/src/print.c:366: g_PrintData.Buffer[13] = (t << 6) | (t << 4) | (b << 2) | t;	// [ 1, 1, 0, 1 ]
      000467 21r37r00         [10] 1290 	ld	hl, #_g_PrintData + 55
      00046A 79               [ 4] 1291 	ld	a, c
      00046B DD B6 FF         [19] 1292 	or	a, -1 (ix)
      00046E 77               [ 7] 1293 	ld	(hl), a
                                   1294 ;/home/bruno/dev/MSXgl/engine/src/print.c:367: g_PrintData.Buffer[14] = (t << 6) | (t << 4) | (t << 2) | b;	// [ 1, 1, 1, 0 ]
      00046F 01r38r00         [10] 1295 	ld	bc, #_g_PrintData + 56
      000472 7B               [ 4] 1296 	ld	a, e
      000473 B2               [ 4] 1297 	or	a, d
      000474 5F               [ 4] 1298 	ld	e, a
      000475 DD B6 FE         [19] 1299 	or	a, -2 (ix)
      000478 02               [ 7] 1300 	ld	(bc), a
                                   1301 ;/home/bruno/dev/MSXgl/engine/src/print.c:368: g_PrintData.Buffer[15] = (t << 6) | (t << 4) | (t << 2) | t;	// [ 1, 1, 1, 1 ]
      000479 01r39r00         [10] 1302 	ld	bc, #_g_PrintData + 57
      00047C 7B               [ 4] 1303 	ld	a, e
      00047D DD B6 FF         [19] 1304 	or	a, -1 (ix)
      000480 02               [ 7] 1305 	ld	(bc), a
                                   1306 ;/home/bruno/dev/MSXgl/engine/src/print.c:369: break;
      000481 C3rBCr04         [10] 1307 	jp	00107$
                                   1308 ;/home/bruno/dev/MSXgl/engine/src/print.c:372: case VDP_MODE_GRAPHIC7:
      000484                       1309 00104$:
                                   1310 ;/home/bruno/dev/MSXgl/engine/src/print.c:373: g_PrintData.Buffer[0] = b;	// [ 0, 0 ]
      000484 21r2Ar00         [10] 1311 	ld	hl, #(_g_PrintData + 42)
      000487 DD 7E FE         [19] 1312 	ld	a, -2 (ix)
      00048A 77               [ 7] 1313 	ld	(hl), a
                                   1314 ;/home/bruno/dev/MSXgl/engine/src/print.c:374: g_PrintData.Buffer[1] = b;
      00048B 21r2Br00         [10] 1315 	ld	hl, #(_g_PrintData + 43)
      00048E DD 7E FE         [19] 1316 	ld	a, -2 (ix)
      000491 77               [ 7] 1317 	ld	(hl), a
                                   1318 ;/home/bruno/dev/MSXgl/engine/src/print.c:375: g_PrintData.Buffer[2] = b;	// [ 0, 1 ]
      000492 21r2Cr00         [10] 1319 	ld	hl, #(_g_PrintData + 44)
      000495 DD 7E FE         [19] 1320 	ld	a, -2 (ix)
      000498 77               [ 7] 1321 	ld	(hl), a
                                   1322 ;/home/bruno/dev/MSXgl/engine/src/print.c:376: g_PrintData.Buffer[3] = t;
      000499 21r2Dr00         [10] 1323 	ld	hl, #(_g_PrintData + 45)
      00049C DD 7E FF         [19] 1324 	ld	a, -1 (ix)
      00049F 77               [ 7] 1325 	ld	(hl), a
                                   1326 ;/home/bruno/dev/MSXgl/engine/src/print.c:377: g_PrintData.Buffer[4] = t;	// [ 1, 0 ]
      0004A0 21r2Er00         [10] 1327 	ld	hl, #(_g_PrintData + 46)
      0004A3 DD 7E FF         [19] 1328 	ld	a, -1 (ix)
      0004A6 77               [ 7] 1329 	ld	(hl), a
                                   1330 ;/home/bruno/dev/MSXgl/engine/src/print.c:378: g_PrintData.Buffer[5] = b;
      0004A7 21r2Fr00         [10] 1331 	ld	hl, #(_g_PrintData + 47)
      0004AA DD 7E FE         [19] 1332 	ld	a, -2 (ix)
      0004AD 77               [ 7] 1333 	ld	(hl), a
                                   1334 ;/home/bruno/dev/MSXgl/engine/src/print.c:379: g_PrintData.Buffer[6] = t;	// [ 1, 1 ]
      0004AE 21r30r00         [10] 1335 	ld	hl, #(_g_PrintData + 48)
      0004B1 DD 7E FF         [19] 1336 	ld	a, -1 (ix)
      0004B4 77               [ 7] 1337 	ld	(hl), a
                                   1338 ;/home/bruno/dev/MSXgl/engine/src/print.c:380: g_PrintData.Buffer[7] = t;
      0004B5 21r31r00         [10] 1339 	ld	hl, #(_g_PrintData + 49)
      0004B8 DD 7E FF         [19] 1340 	ld	a, -1 (ix)
      0004BB 77               [ 7] 1341 	ld	(hl), a
                                   1342 ;/home/bruno/dev/MSXgl/engine/src/print.c:383: }	
      0004BC                       1343 00107$:
                                   1344 ;/home/bruno/dev/MSXgl/engine/src/print.c:384: }
      0004BC DD F9            [10] 1345 	ld	sp, ix
      0004BE DD E1            [14] 1346 	pop	ix
      0004C0 C9               [10] 1347 	ret
                                   1348 ;/home/bruno/dev/MSXgl/engine/src/print.c:391: void Print_SetColor(u8 text, u8 bg)
                                   1349 ;	---------------------------------
                                   1350 ; Function Print_SetColor
                                   1351 ; ---------------------------------
      0004C1                       1352 _Print_SetColor::
      0004C1 DD E5            [15] 1353 	push	ix
      0004C3 DD 21 00 00      [14] 1354 	ld	ix,#0
      0004C7 DD 39            [15] 1355 	add	ix,sp
      0004C9 F5               [11] 1356 	push	af
      0004CA 4F               [ 4] 1357 	ld	c, a
      0004CB DD 75 FF         [19] 1358 	ld	-1 (ix), l
                                   1359 ;/home/bruno/dev/MSXgl/engine/src/vdp.h:447: inline u8 VDP_GetMode() { return g_VDP_Data.Mode; }
      0004CE 3Ar00r00         [13] 1360 	ld	a, (#_g_VDP_Data + 0)
      0004D1 DD 77 FE         [19] 1361 	ld	-2 (ix), a
                                   1362 ;/home/bruno/dev/MSXgl/engine/src/vdp.h:463: return mode >= VDP_MODE_GRAPHIC4;
      0004D4 47               [ 4] 1363 	ld	b, a
      0004D5 D6 06            [ 7] 1364 	sub	a, #0x06
      0004D7 3E 00            [ 7] 1365 	ld	a, #0x00
      0004D9 17               [ 4] 1366 	rla
      0004DA EE 01            [ 7] 1367 	xor	a, #0x01
                                   1368 ;/home/bruno/dev/MSXgl/engine/src/print.c:393: if(VDP_IsBitmapMode(VDP_GetMode())) // Bitmap mode
      0004DC 5F               [ 4] 1369 	ld	e, a
      0004DD B7               [ 4] 1370 	or	a, a
      0004DE 28 2C            [12] 1371 	jr	Z, 00109$
                                   1372 ;/home/bruno/dev/MSXgl/engine/src/print.c:398: t = Print_SplitColor(t);
      0004E0 79               [ 4] 1373 	ld	a, c
      0004E1 CDr00r00         [17] 1374 	call	_Print_SplitColor
      0004E4 4F               [ 4] 1375 	ld	c, a
                                   1376 ;/home/bruno/dev/MSXgl/engine/src/print.c:403: for(u8 i = 0; i < PRINT_COLOR_NUM; ++i)
      0004E5 1E 00            [ 7] 1377 	ld	e, #0x00
      0004E7                       1378 00116$:
      0004E7 7B               [ 4] 1379 	ld	a, e
      0004E8 D6 0C            [ 7] 1380 	sub	a, #0x0c
      0004EA 30 0B            [12] 1381 	jr	NC, 00101$
                                   1382 ;/home/bruno/dev/MSXgl/engine/src/print.c:405: g_PrintData.TextColor[i] = t;
      0004EC 21r08r00         [10] 1383 	ld	hl, #(_g_PrintData + 8)
      0004EF 16 00            [ 7] 1384 	ld	d, #0x00
      0004F1 19               [11] 1385 	add	hl, de
      0004F2 71               [ 7] 1386 	ld	(hl), c
                                   1387 ;/home/bruno/dev/MSXgl/engine/src/print.c:403: for(u8 i = 0; i < PRINT_COLOR_NUM; ++i)
      0004F3 1C               [ 4] 1388 	inc	e
      0004F4 C3rE7r04         [10] 1389 	jp	00116$
      0004F7                       1390 00101$:
                                   1391 ;/home/bruno/dev/MSXgl/engine/src/print.c:411: b = Print_SplitColor(b);
      0004F7 C5               [11] 1392 	push	bc
      0004F8 DD 7E FF         [19] 1393 	ld	a, -1 (ix)
      0004FB CDr00r00         [17] 1394 	call	_Print_SplitColor
      0004FE C1               [10] 1395 	pop	bc
      0004FF 47               [ 4] 1396 	ld	b, a
                                   1397 ;/home/bruno/dev/MSXgl/engine/src/print.c:413: g_PrintData.BGColor = b;
      000500 21r14r00         [10] 1398 	ld	hl, #(_g_PrintData + 20)
      000503 70               [ 7] 1399 	ld	(hl), b
                                   1400 ;/home/bruno/dev/MSXgl/engine/src/print.c:415: Print_InitColorBuffer(t, b);
      000504 68               [ 4] 1401 	ld	l, b
                                   1402 ;	spillPairReg hl
                                   1403 ;	spillPairReg hl
      000505 79               [ 4] 1404 	ld	a, c
      000506 CDr00r03         [17] 1405 	call	_Print_InitColorBuffer
      000509 C3rB7r05         [10] 1406 	jp	00118$
      00050C                       1407 00109$:
                                   1408 ;/home/bruno/dev/MSXgl/engine/src/print.c:421: u8 col = text << 4 | bg;
      00050C 79               [ 4] 1409 	ld	a, c
      00050D 87               [ 4] 1410 	add	a, a
      00050E 87               [ 4] 1411 	add	a, a
      00050F 87               [ 4] 1412 	add	a, a
      000510 87               [ 4] 1413 	add	a, a
      000511 DD B6 FF         [19] 1414 	or	a, -1 (ix)
      000514 4F               [ 4] 1415 	ld	c, a
                                   1416 ;/home/bruno/dev/MSXgl/engine/src/print.c:422: switch(VDP_GetMode())
      000515 DD 7E FE         [19] 1417 	ld	a, -2 (ix)
      000518 B7               [ 4] 1418 	or	a, a
      000519 28 1F            [12] 1419 	jr	Z, 00103$
      00051B DD 7E FE         [19] 1420 	ld	a, -2 (ix)
      00051E D6 02            [ 7] 1421 	sub	a, #0x02
      000520 28 21            [12] 1422 	jr	Z, 00104$
      000522 DD 7E FE         [19] 1423 	ld	a, -2 (ix)
      000525 D6 03            [ 7] 1424 	sub	a, #0x03
      000527 28 2C            [12] 1425 	jr	Z, 00106$
      000529 DD 7E FE         [19] 1426 	ld	a, -2 (ix)
      00052C D6 04            [ 7] 1427 	sub	a, #0x04
      00052E 28 0A            [12] 1428 	jr	Z, 00103$
      000530 DD 7E FE         [19] 1429 	ld	a, -2 (ix)
      000533 D6 05            [ 7] 1430 	sub	a, #0x05
      000535 28 1E            [12] 1431 	jr	Z, 00106$
      000537 C3rB7r05         [10] 1432 	jp	00118$
                                   1433 ;/home/bruno/dev/MSXgl/engine/src/print.c:428: case VDP_MODE_TEXT2:		// 80 characters per line of text, character blinkable selection
      00053A                       1434 00103$:
                                   1435 ;/home/bruno/dev/MSXgl/engine/src/vdp.h:688: inline void VDP_SetColor(u8 color) { VDP_RegWrite(7, color); }
      00053A 69               [ 4] 1436 	ld	l, c
                                   1437 ;	spillPairReg hl
                                   1438 ;	spillPairReg hl
      00053B 3E 07            [ 7] 1439 	ld	a, #0x07
      00053D CDr00r00         [17] 1440 	call	_VDP_RegWrite
                                   1441 ;/home/bruno/dev/MSXgl/engine/src/print.c:432: break;
      000540 C3rB7r05         [10] 1442 	jp	00118$
                                   1443 ;/home/bruno/dev/MSXgl/engine/src/print.c:435: case VDP_MODE_GRAPHIC1:		// 32 characters per one line of text, the COLOURed character available
      000543                       1444 00104$:
                                   1445 ;/home/bruno/dev/MSXgl/engine/src/print.c:436: VDP_FillVRAM(col, g_ScreenColorLow, 0, 32);
      000543 21 20 00         [10] 1446 	ld	hl, #0x0020
      000546 E5               [11] 1447 	push	hl
      000547 AF               [ 4] 1448 	xor	a, a
      000548 F5               [11] 1449 	push	af
      000549 33               [ 6] 1450 	inc	sp
      00054A ED 5Br00r00      [20] 1451 	ld	de, (_g_ScreenColorLow)
      00054E 79               [ 4] 1452 	ld	a, c
      00054F CDr00r00         [17] 1453 	call	_VDP_FillVRAM_128K
                                   1454 ;/home/bruno/dev/MSXgl/engine/src/print.c:437: break;
      000552 C3rB7r05         [10] 1455 	jp	00118$
                                   1456 ;/home/bruno/dev/MSXgl/engine/src/print.c:443: case VDP_MODE_GRAPHIC3:		// GRAPHIC 2 which can use sprite mode 2
      000555                       1457 00106$:
                                   1458 ;/home/bruno/dev/MSXgl/engine/src/print.c:447: u16 dst = (u16)g_ScreenColorLow + g_PrintData.PatternOffset * 8;
      000555 3Ar25r00         [13] 1459 	ld	a, (#_g_PrintData + 37)
      000558 26 00            [ 7] 1460 	ld	h, #0x00
                                   1461 ;	spillPairReg hl
                                   1462 ;	spillPairReg hl
      00055A 6F               [ 4] 1463 	ld	l, a
      00055B 29               [11] 1464 	add	hl, hl
      00055C 29               [11] 1465 	add	hl, hl
      00055D 29               [11] 1466 	add	hl, hl
      00055E FD 2Ar00r00      [20] 1467 	ld	iy, (_g_ScreenColorLow)
      000562 EB               [ 4] 1468 	ex	de, hl
      000563 FD 19            [15] 1469 	add	iy, de
                                   1470 ;/home/bruno/dev/MSXgl/engine/src/print.c:448: VDP_FillVRAM(col, dst, 0, g_PrintData.CharCount * 8);
      000565 3Ar17r00         [13] 1471 	ld	a, (#(_g_PrintData + 23) + 0)
      000568 26 00            [ 7] 1472 	ld	h, #0x00
                                   1473 ;	spillPairReg hl
                                   1474 ;	spillPairReg hl
      00056A 6F               [ 4] 1475 	ld	l, a
      00056B 29               [11] 1476 	add	hl, hl
      00056C 29               [11] 1477 	add	hl, hl
      00056D 29               [11] 1478 	add	hl, hl
      00056E C5               [11] 1479 	push	bc
      00056F FD E5            [15] 1480 	push	iy
      000571 E5               [11] 1481 	push	hl
      000572 AF               [ 4] 1482 	xor	a, a
      000573 F5               [11] 1483 	push	af
      000574 33               [ 6] 1484 	inc	sp
      000575 FD E5            [15] 1485 	push	iy
      000577 D1               [10] 1486 	pop	de
      000578 79               [ 4] 1487 	ld	a, c
      000579 CDr00r00         [17] 1488 	call	_VDP_FillVRAM_128K
      00057C FD E1            [14] 1489 	pop	iy
      00057E C1               [10] 1490 	pop	bc
                                   1491 ;/home/bruno/dev/MSXgl/engine/src/print.c:449: dst += 256 * 8;
      00057F 11 00 08         [10] 1492 	ld	de, #0x0800
      000582 FD 19            [15] 1493 	add	iy, de
                                   1494 ;/home/bruno/dev/MSXgl/engine/src/print.c:450: VDP_FillVRAM(col, dst, 0, g_PrintData.CharCount * 8);
      000584 3Ar17r00         [13] 1495 	ld	a, (#(_g_PrintData + 23) + 0)
      000587 26 00            [ 7] 1496 	ld	h, #0x00
                                   1497 ;	spillPairReg hl
                                   1498 ;	spillPairReg hl
      000589 6F               [ 4] 1499 	ld	l, a
      00058A 29               [11] 1500 	add	hl, hl
      00058B 29               [11] 1501 	add	hl, hl
      00058C 29               [11] 1502 	add	hl, hl
      00058D C5               [11] 1503 	push	bc
      00058E FD E5            [15] 1504 	push	iy
      000590 E5               [11] 1505 	push	hl
      000591 AF               [ 4] 1506 	xor	a, a
      000592 F5               [11] 1507 	push	af
      000593 33               [ 6] 1508 	inc	sp
      000594 FD E5            [15] 1509 	push	iy
      000596 D1               [10] 1510 	pop	de
      000597 79               [ 4] 1511 	ld	a, c
      000598 CDr00r00         [17] 1512 	call	_VDP_FillVRAM_128K
      00059B FD E1            [14] 1513 	pop	iy
      00059D C1               [10] 1514 	pop	bc
                                   1515 ;/home/bruno/dev/MSXgl/engine/src/print.c:451: dst += 256 * 8;
      00059E FD E5            [15] 1516 	push	iy
      0005A0 D1               [10] 1517 	pop	de
      0005A1 21 00 08         [10] 1518 	ld	hl, #0x0800
      0005A4 19               [11] 1519 	add	hl, de
      0005A5 EB               [ 4] 1520 	ex	de, hl
                                   1521 ;/home/bruno/dev/MSXgl/engine/src/print.c:452: VDP_FillVRAM(col, dst, 0, g_PrintData.CharCount * 8);
      0005A6 3Ar17r00         [13] 1522 	ld	a, (#(_g_PrintData + 23) + 0)
      0005A9 26 00            [ 7] 1523 	ld	h, #0x00
                                   1524 ;	spillPairReg hl
                                   1525 ;	spillPairReg hl
      0005AB 6F               [ 4] 1526 	ld	l, a
      0005AC 29               [11] 1527 	add	hl, hl
      0005AD 29               [11] 1528 	add	hl, hl
      0005AE 29               [11] 1529 	add	hl, hl
      0005AF E5               [11] 1530 	push	hl
      0005B0 AF               [ 4] 1531 	xor	a, a
      0005B1 F5               [11] 1532 	push	af
      0005B2 33               [ 6] 1533 	inc	sp
      0005B3 79               [ 4] 1534 	ld	a, c
      0005B4 CDr00r00         [17] 1535 	call	_VDP_FillVRAM_128K
                                   1536 ;/home/bruno/dev/MSXgl/engine/src/print.c:456: };
      0005B7                       1537 00118$:
                                   1538 ;/home/bruno/dev/MSXgl/engine/src/print.c:459: }
      0005B7 DD F9            [10] 1539 	ld	sp, ix
      0005B9 DD E1            [14] 1540 	pop	ix
      0005BB C9               [10] 1541 	ret
                                   1542 ;/home/bruno/dev/MSXgl/engine/src/print.c:464: void Print_SetColorShade(const u8* shade)
                                   1543 ;	---------------------------------
                                   1544 ; Function Print_SetColorShade
                                   1545 ; ---------------------------------
      0005BC                       1546 _Print_SetColorShade::
      0005BC DD E5            [15] 1547 	push	ix
      0005BE DD 21 00 00      [14] 1548 	ld	ix,#0
      0005C2 DD 39            [15] 1549 	add	ix,sp
      0005C4 3B               [ 6] 1550 	dec	sp
      0005C5 4D               [ 4] 1551 	ld	c, l
      0005C6 44               [ 4] 1552 	ld	b, h
                                   1553 ;/home/bruno/dev/MSXgl/engine/src/vdp.h:447: inline u8 VDP_GetMode() { return g_VDP_Data.Mode; }
      0005C7 21r00r00         [10] 1554 	ld	hl, #_g_VDP_Data+0
      0005CA 5E               [ 7] 1555 	ld	e, (hl)
                                   1556 ;/home/bruno/dev/MSXgl/engine/src/vdp.h:463: return mode >= VDP_MODE_GRAPHIC4;
      0005CB 7B               [ 4] 1557 	ld	a, e
      0005CC D6 06            [ 7] 1558 	sub	a, #0x06
      0005CE 3E 00            [ 7] 1559 	ld	a, #0x00
      0005D0 17               [ 4] 1560 	rla
      0005D1 EE 01            [ 7] 1561 	xor	a, #0x01
                                   1562 ;/home/bruno/dev/MSXgl/engine/src/print.c:466: if(VDP_IsBitmapMode(VDP_GetMode())) // Bitmap mode
      0005D3 57               [ 4] 1563 	ld	d, a
      0005D4 B7               [ 4] 1564 	or	a, a
      0005D5 28 24            [12] 1565 	jr	Z, 00107$
                                   1566 ;/home/bruno/dev/MSXgl/engine/src/print.c:469: for(u8 i = 0; i < PRINT_COLOR_NUM; ++i)
      0005D7 1E 00            [ 7] 1567 	ld	e, #0x00
      0005D9                       1568 00113$:
      0005D9 7B               [ 4] 1569 	ld	a, e
      0005DA D6 0C            [ 7] 1570 	sub	a, #0x0c
      0005DC D2r70r06         [10] 1571 	jp	NC, 00118$
                                   1572 ;/home/bruno/dev/MSXgl/engine/src/print.c:471: u8 t = shade[i];
      0005DF 6B               [ 4] 1573 	ld	l, e
      0005E0 26 00            [ 7] 1574 	ld	h, #0x00
      0005E2 09               [11] 1575 	add	hl, bc
      0005E3 56               [ 7] 1576 	ld	d, (hl)
                                   1577 ;/home/bruno/dev/MSXgl/engine/src/print.c:473: t = Print_SplitColor(t);
      0005E4 C5               [11] 1578 	push	bc
      0005E5 D5               [11] 1579 	push	de
      0005E6 7A               [ 4] 1580 	ld	a, d
      0005E7 CDr00r00         [17] 1581 	call	_Print_SplitColor
      0005EA D1               [10] 1582 	pop	de
      0005EB C1               [10] 1583 	pop	bc
      0005EC 57               [ 4] 1584 	ld	d, a
                                   1585 ;/home/bruno/dev/MSXgl/engine/src/print.c:475: g_PrintData.TextColor[i] = t;
      0005ED 3Er08            [ 7] 1586 	ld	a, #<((_g_PrintData + 8))
      0005EF 83               [ 4] 1587 	add	a, e
      0005F0 6F               [ 4] 1588 	ld	l, a
                                   1589 ;	spillPairReg hl
                                   1590 ;	spillPairReg hl
      0005F1 3Es00            [ 7] 1591 	ld	a, #>((_g_PrintData + 8))
      0005F3 CE 00            [ 7] 1592 	adc	a, #0x00
      0005F5 67               [ 4] 1593 	ld	h, a
      0005F6 72               [ 7] 1594 	ld	(hl), d
                                   1595 ;/home/bruno/dev/MSXgl/engine/src/print.c:469: for(u8 i = 0; i < PRINT_COLOR_NUM; ++i)
      0005F7 1C               [ 4] 1596 	inc	e
      0005F8 C3rD9r05         [10] 1597 	jp	00113$
      0005FB                       1598 00107$:
                                   1599 ;/home/bruno/dev/MSXgl/engine/src/print.c:482: switch(VDP_GetMode())
      0005FB 7B               [ 4] 1600 	ld	a,e
      0005FC FE 03            [ 7] 1601 	cp	a,#0x03
      0005FE 28 04            [12] 1602 	jr	Z, 00103$
      000600 D6 05            [ 7] 1603 	sub	a, #0x05
      000602 20 6C            [12] 1604 	jr	NZ, 00118$
                                   1605 ;/home/bruno/dev/MSXgl/engine/src/print.c:488: case VDP_MODE_GRAPHIC3:		// GRAPHIC 2 which can use sprite mode 2
      000604                       1606 00103$:
                                   1607 ;/home/bruno/dev/MSXgl/engine/src/print.c:492: u16 dst = (u16)g_ScreenColorLow + g_PrintData.PatternOffset * 8;
      000604 3Ar25r00         [13] 1608 	ld	a, (#_g_PrintData + 37)
      000607 26 00            [ 7] 1609 	ld	h, #0x00
                                   1610 ;	spillPairReg hl
                                   1611 ;	spillPairReg hl
      000609 6F               [ 4] 1612 	ld	l, a
      00060A 29               [11] 1613 	add	hl, hl
      00060B 29               [11] 1614 	add	hl, hl
      00060C 29               [11] 1615 	add	hl, hl
      00060D FD 2Ar00r00      [20] 1616 	ld	iy, (_g_ScreenColorLow)
      000611 EB               [ 4] 1617 	ex	de, hl
      000612 FD 19            [15] 1618 	add	iy, de
                                   1619 ;/home/bruno/dev/MSXgl/engine/src/print.c:493: for(u8 i = 0; i < g_PrintData.CharCount; ++i)
      000614 DD 36 FF 00      [19] 1620 	ld	-1 (ix), #0x00
      000618                       1621 00116$:
      000618 21r17r00         [10] 1622 	ld	hl, #_g_PrintData + 23
      00061B DD 7E FF         [19] 1623 	ld	a,-1 (ix)
      00061E 96               [ 7] 1624 	sub	a,(hl)
      00061F 30 4F            [12] 1625 	jr	NC, 00118$
                                   1626 ;/home/bruno/dev/MSXgl/engine/src/print.c:495: VDP_WriteVRAM(shade, dst,           0, 8);
      000621 C5               [11] 1627 	push	bc
      000622 FD E5            [15] 1628 	push	iy
      000624 21 08 00         [10] 1629 	ld	hl, #0x0008
      000627 E5               [11] 1630 	push	hl
      000628 AF               [ 4] 1631 	xor	a, a
      000629 F5               [11] 1632 	push	af
      00062A 33               [ 6] 1633 	inc	sp
      00062B FD E5            [15] 1634 	push	iy
      00062D D1               [10] 1635 	pop	de
      00062E 69               [ 4] 1636 	ld	l, c
                                   1637 ;	spillPairReg hl
                                   1638 ;	spillPairReg hl
      00062F 60               [ 4] 1639 	ld	h, b
                                   1640 ;	spillPairReg hl
                                   1641 ;	spillPairReg hl
      000630 CDr00r00         [17] 1642 	call	_VDP_WriteVRAM_128K
      000633 FD E1            [14] 1643 	pop	iy
      000635 C1               [10] 1644 	pop	bc
                                   1645 ;/home/bruno/dev/MSXgl/engine/src/print.c:496: VDP_WriteVRAM(shade, dst + 256 * 8, 0, 8);
      000636 FD E5            [15] 1646 	push	iy
      000638 E1               [10] 1647 	pop	hl
      000639 5D               [ 4] 1648 	ld	e, l
      00063A 7C               [ 4] 1649 	ld	a, h
      00063B C6 08            [ 7] 1650 	add	a, #0x08
      00063D 57               [ 4] 1651 	ld	d, a
      00063E E5               [11] 1652 	push	hl
      00063F C5               [11] 1653 	push	bc
      000640 21 08 00         [10] 1654 	ld	hl, #0x0008
      000643 E5               [11] 1655 	push	hl
      000644 AF               [ 4] 1656 	xor	a, a
      000645 F5               [11] 1657 	push	af
      000646 33               [ 6] 1658 	inc	sp
      000647 69               [ 4] 1659 	ld	l, c
                                   1660 ;	spillPairReg hl
                                   1661 ;	spillPairReg hl
      000648 60               [ 4] 1662 	ld	h, b
                                   1663 ;	spillPairReg hl
                                   1664 ;	spillPairReg hl
      000649 CDr00r00         [17] 1665 	call	_VDP_WriteVRAM_128K
      00064C C1               [10] 1666 	pop	bc
      00064D E1               [10] 1667 	pop	hl
                                   1668 ;/home/bruno/dev/MSXgl/engine/src/print.c:497: VDP_WriteVRAM(shade, dst + 512 * 8, 0, 8);
      00064E 5D               [ 4] 1669 	ld	e, l
      00064F 7C               [ 4] 1670 	ld	a, h
      000650 C6 10            [ 7] 1671 	add	a, #0x10
      000652 57               [ 4] 1672 	ld	d, a
      000653 E5               [11] 1673 	push	hl
      000654 C5               [11] 1674 	push	bc
      000655 21 08 00         [10] 1675 	ld	hl, #0x0008
      000658 E5               [11] 1676 	push	hl
      000659 AF               [ 4] 1677 	xor	a, a
      00065A F5               [11] 1678 	push	af
      00065B 33               [ 6] 1679 	inc	sp
      00065C 69               [ 4] 1680 	ld	l, c
                                   1681 ;	spillPairReg hl
                                   1682 ;	spillPairReg hl
      00065D 60               [ 4] 1683 	ld	h, b
                                   1684 ;	spillPairReg hl
                                   1685 ;	spillPairReg hl
      00065E CDr00r00         [17] 1686 	call	_VDP_WriteVRAM_128K
      000661 C1               [10] 1687 	pop	bc
      000662 E1               [10] 1688 	pop	hl
                                   1689 ;/home/bruno/dev/MSXgl/engine/src/print.c:498: dst += 8;
      000663 11 08 00         [10] 1690 	ld	de, #0x0008
      000666 19               [11] 1691 	add	hl, de
      000667 E5               [11] 1692 	push	hl
      000668 FD E1            [14] 1693 	pop	iy
                                   1694 ;/home/bruno/dev/MSXgl/engine/src/print.c:493: for(u8 i = 0; i < g_PrintData.CharCount; ++i)
      00066A DD 34 FF         [23] 1695 	inc	-1 (ix)
      00066D C3r18r06         [10] 1696 	jp	00116$
                                   1697 ;/home/bruno/dev/MSXgl/engine/src/print.c:503: };
      000670                       1698 00118$:
                                   1699 ;/home/bruno/dev/MSXgl/engine/src/print.c:506: }
      000670 33               [ 6] 1700 	inc	sp
      000671 DD E1            [14] 1701 	pop	ix
      000673 C9               [10] 1702 	ret
                                   1703 ;/home/bruno/dev/MSXgl/engine/src/print.c:520: u8 Print_ValidateChar(u8 chr)
                                   1704 ;	---------------------------------
                                   1705 ; Function Print_ValidateChar
                                   1706 ; ---------------------------------
      000674                       1707 _Print_ValidateChar::
      000674 4F               [ 4] 1708 	ld	c, a
                                   1709 ;/home/bruno/dev/MSXgl/engine/src/print.c:522: if((chr < g_PrintData.CharFirst) || (chr > g_PrintData.CharLast))
      000675 21r15r00         [10] 1710 	ld	hl, #_g_PrintData + 21
      000678 46               [ 7] 1711 	ld	b, (hl)
      000679 79               [ 4] 1712 	ld	a, c
      00067A 90               [ 4] 1713 	sub	a, b
      00067B 38 06            [12] 1714 	jr	C, 00113$
      00067D 3Ar16r00         [13] 1715 	ld	a, (#_g_PrintData + 22)
      000680 91               [ 4] 1716 	sub	a, c
      000681 30 3B            [12] 1717 	jr	NC, 00114$
      000683                       1718 00113$:
                                   1719 ;/home/bruno/dev/MSXgl/engine/src/print.c:524: if((chr >= 'a') && (chr <= 'z') && (g_PrintData.CharFirst <= 'A') && (g_PrintData.CharLast >= 'Z')) // try to remap to upper case letter
      000683 79               [ 4] 1720 	ld	a, c
      000684 D6 61            [ 7] 1721 	sub	a, #0x61
      000686 38 18            [12] 1722 	jr	C, 00108$
      000688 3E 7A            [ 7] 1723 	ld	a, #0x7a
      00068A 91               [ 4] 1724 	sub	a, c
      00068B 38 13            [12] 1725 	jr	C, 00108$
      00068D 3E 41            [ 7] 1726 	ld	a, #0x41
      00068F 90               [ 4] 1727 	sub	a, b
      000690 38 0E            [12] 1728 	jr	C, 00108$
      000692 3Ar16r00         [13] 1729 	ld	a, (#_g_PrintData + 22)
      000695 D6 5A            [ 7] 1730 	sub	a, #0x5a
      000697 38 07            [12] 1731 	jr	C, 00108$
                                   1732 ;/home/bruno/dev/MSXgl/engine/src/print.c:526: chr = chr - 'a' + 'A';
      000699 79               [ 4] 1733 	ld	a, c
      00069A C6 E0            [ 7] 1734 	add	a, #0xe0
      00069C 4F               [ 4] 1735 	ld	c, a
      00069D C3rBEr06         [10] 1736 	jp	00114$
      0006A0                       1737 00108$:
                                   1738 ;/home/bruno/dev/MSXgl/engine/src/print.c:528: else if((chr >= 'A') && (chr <= 'Z') && (g_PrintData.CharFirst <= 'a') && (g_PrintData.CharLast >= 'z')) // try to remap to lower case letter
      0006A0 79               [ 4] 1739 	ld	a, c
      0006A1 D6 41            [ 7] 1740 	sub	a, #0x41
      0006A3 38 18            [12] 1741 	jr	C, 00102$
      0006A5 3E 5A            [ 7] 1742 	ld	a, #0x5a
      0006A7 91               [ 4] 1743 	sub	a, c
      0006A8 38 13            [12] 1744 	jr	C, 00102$
      0006AA 3E 61            [ 7] 1745 	ld	a, #0x61
      0006AC 90               [ 4] 1746 	sub	a, b
      0006AD 38 0E            [12] 1747 	jr	C, 00102$
      0006AF 3Ar16r00         [13] 1748 	ld	a, (#_g_PrintData + 22)
      0006B2 D6 7A            [ 7] 1749 	sub	a, #0x7a
      0006B4 38 07            [12] 1750 	jr	C, 00102$
                                   1751 ;/home/bruno/dev/MSXgl/engine/src/print.c:530: chr = chr - 'A' + 'a';
      0006B6 79               [ 4] 1752 	ld	a, c
      0006B7 C6 20            [ 7] 1753 	add	a, #0x20
      0006B9 4F               [ 4] 1754 	ld	c, a
      0006BA C3rBEr06         [10] 1755 	jp	00114$
      0006BD                       1756 00102$:
                                   1757 ;/home/bruno/dev/MSXgl/engine/src/print.c:533: chr = g_PrintData.CharFirst;
      0006BD 48               [ 4] 1758 	ld	c, b
      0006BE                       1759 00114$:
                                   1760 ;/home/bruno/dev/MSXgl/engine/src/print.c:535: return chr;
      0006BE 79               [ 4] 1761 	ld	a, c
                                   1762 ;/home/bruno/dev/MSXgl/engine/src/print.c:536: }
      0006BF C9               [10] 1763 	ret
                                   1764 ;/home/bruno/dev/MSXgl/engine/src/print.c:541: u8 Print_ValidatePattern(u8 chr, const c8** patterns)
                                   1765 ;	---------------------------------
                                   1766 ; Function Print_ValidatePattern
                                   1767 ; ---------------------------------
      0006C0                       1768 _Print_ValidatePattern::
      0006C0 DD E5            [15] 1769 	push	ix
      0006C2 DD 21 00 00      [14] 1770 	ld	ix,#0
      0006C6 DD 39            [15] 1771 	add	ix,sp
      0006C8 F5               [11] 1772 	push	af
      0006C9 F5               [11] 1773 	push	af
      0006CA 4F               [ 4] 1774 	ld	c, a
      0006CB DD 73 FE         [19] 1775 	ld	-2 (ix), e
      0006CE DD 72 FF         [19] 1776 	ld	-1 (ix), d
                                   1777 ;/home/bruno/dev/MSXgl/engine/src/print.c:543: if((chr < g_PrintData.CharFirst) || (chr > g_PrintData.CharLast))
      0006D1 21r15r00         [10] 1778 	ld	hl, #_g_PrintData + 21
      0006D4 5E               [ 7] 1779 	ld	e, (hl)
      0006D5 79               [ 4] 1780 	ld	a, c
      0006D6 93               [ 4] 1781 	sub	a, e
      0006D7 38 07            [12] 1782 	jr	C, 00113$
      0006D9 3Ar16r00         [13] 1783 	ld	a, (#_g_PrintData + 22)
      0006DC 91               [ 4] 1784 	sub	a, c
      0006DD D2r89r07         [10] 1785 	jp	NC, 00114$
      0006E0                       1786 00113$:
                                   1787 ;/home/bruno/dev/MSXgl/engine/src/print.c:545: if((chr >= 'a') && (chr <= 'z') && (g_PrintData.CharFirst <= 'A') && (g_PrintData.CharLast >= 'Z')) // try to remap to upper case letter
      0006E0 79               [ 4] 1788 	ld	a, c
      0006E1 D6 61            [ 7] 1789 	sub	a, #0x61
      0006E3 38 4B            [12] 1790 	jr	C, 00108$
      0006E5 3E 7A            [ 7] 1791 	ld	a, #0x7a
      0006E7 91               [ 4] 1792 	sub	a, c
      0006E8 38 46            [12] 1793 	jr	C, 00108$
      0006EA 3E 41            [ 7] 1794 	ld	a, #0x41
      0006EC 93               [ 4] 1795 	sub	a, e
      0006ED 38 41            [12] 1796 	jr	C, 00108$
      0006EF 3Ar16r00         [13] 1797 	ld	a, (#_g_PrintData + 22)
      0006F2 D6 5A            [ 7] 1798 	sub	a, #0x5a
      0006F4 38 3A            [12] 1799 	jr	C, 00108$
                                   1800 ;/home/bruno/dev/MSXgl/engine/src/print.c:547: chr = chr - 'a' + 'A';
      0006F6 79               [ 4] 1801 	ld	a, c
      0006F7 C6 E0            [ 7] 1802 	add	a, #0xe0
      0006F9 4F               [ 4] 1803 	ld	c, a
                                   1804 ;/home/bruno/dev/MSXgl/engine/src/print.c:548: *patterns = g_PrintData.FontPatterns + g_PrintData.PatternY * (chr - g_PrintData.CharFirst);
      0006FA 21r1Dr00         [10] 1805 	ld	hl, #_g_PrintData + 29
      0006FD 7E               [ 7] 1806 	ld	a, (hl)
      0006FE DD 77 FC         [19] 1807 	ld	-4 (ix), a
      000701 23               [ 6] 1808 	inc	hl
      000702 7E               [ 7] 1809 	ld	a, (hl)
      000703 DD 77 FD         [19] 1810 	ld	-3 (ix), a
      000706 21r01r00         [10] 1811 	ld	hl, #_g_PrintData + 1
      000709 46               [ 7] 1812 	ld	b, (hl)
      00070A 69               [ 4] 1813 	ld	l, c
                                   1814 ;	spillPairReg hl
                                   1815 ;	spillPairReg hl
                                   1816 ;	spillPairReg hl
                                   1817 ;	spillPairReg hl
      00070B 26 00            [ 7] 1818 	ld	h, #0x00
      00070D 54               [ 4] 1819 	ld	d, h
      00070E BF               [ 4] 1820 	cp	a, a
      00070F ED 52            [15] 1821 	sbc	hl, de
      000711 EB               [ 4] 1822 	ex	de, hl
      000712 26 00            [ 7] 1823 	ld	h, #0x00
                                   1824 ;	spillPairReg hl
                                   1825 ;	spillPairReg hl
      000714 C5               [11] 1826 	push	bc
      000715 68               [ 4] 1827 	ld	l, b
                                   1828 ;	spillPairReg hl
                                   1829 ;	spillPairReg hl
      000716 CDr00r00         [17] 1830 	call	__mulint
      000719 C1               [10] 1831 	pop	bc
      00071A 7B               [ 4] 1832 	ld	a, e
      00071B DD 86 FC         [19] 1833 	add	a, -4 (ix)
      00071E 47               [ 4] 1834 	ld	b, a
      00071F 7A               [ 4] 1835 	ld	a, d
      000720 DD 8E FD         [19] 1836 	adc	a, -3 (ix)
      000723 5F               [ 4] 1837 	ld	e, a
      000724 DD 6E FE         [19] 1838 	ld	l, -2 (ix)
      000727 DD 66 FF         [19] 1839 	ld	h, -1 (ix)
      00072A 70               [ 7] 1840 	ld	(hl), b
      00072B 23               [ 6] 1841 	inc	hl
      00072C 73               [ 7] 1842 	ld	(hl), e
      00072D C3r89r07         [10] 1843 	jp	00114$
      000730                       1844 00108$:
                                   1845 ;/home/bruno/dev/MSXgl/engine/src/print.c:550: else if((chr >= 'A') && (chr <= 'Z') && (g_PrintData.CharFirst <= 'a') && (g_PrintData.CharLast >= 'z')) // try to remap to lower case letter
      000730 79               [ 4] 1846 	ld	a, c
      000731 D6 41            [ 7] 1847 	sub	a, #0x41
      000733 38 4B            [12] 1848 	jr	C, 00102$
      000735 3E 5A            [ 7] 1849 	ld	a, #0x5a
      000737 91               [ 4] 1850 	sub	a, c
      000738 38 46            [12] 1851 	jr	C, 00102$
      00073A 3E 61            [ 7] 1852 	ld	a, #0x61
      00073C 93               [ 4] 1853 	sub	a, e
      00073D 38 41            [12] 1854 	jr	C, 00102$
      00073F 3Ar16r00         [13] 1855 	ld	a, (#_g_PrintData + 22)
      000742 D6 7A            [ 7] 1856 	sub	a, #0x7a
      000744 38 3A            [12] 1857 	jr	C, 00102$
                                   1858 ;/home/bruno/dev/MSXgl/engine/src/print.c:552: chr = chr - 'A' + 'a';
      000746 79               [ 4] 1859 	ld	a, c
      000747 C6 20            [ 7] 1860 	add	a, #0x20
      000749 4F               [ 4] 1861 	ld	c, a
                                   1862 ;/home/bruno/dev/MSXgl/engine/src/print.c:553: *patterns = g_PrintData.FontPatterns + g_PrintData.PatternY * (chr - g_PrintData.CharFirst);
      00074A 21r1Dr00         [10] 1863 	ld	hl, #_g_PrintData + 29
      00074D 7E               [ 7] 1864 	ld	a, (hl)
      00074E DD 77 FC         [19] 1865 	ld	-4 (ix), a
      000751 23               [ 6] 1866 	inc	hl
      000752 7E               [ 7] 1867 	ld	a, (hl)
      000753 DD 77 FD         [19] 1868 	ld	-3 (ix), a
      000756 21r01r00         [10] 1869 	ld	hl, #_g_PrintData + 1
      000759 46               [ 7] 1870 	ld	b, (hl)
      00075A 69               [ 4] 1871 	ld	l, c
                                   1872 ;	spillPairReg hl
                                   1873 ;	spillPairReg hl
                                   1874 ;	spillPairReg hl
                                   1875 ;	spillPairReg hl
      00075B 26 00            [ 7] 1876 	ld	h, #0x00
      00075D 54               [ 4] 1877 	ld	d, h
      00075E BF               [ 4] 1878 	cp	a, a
      00075F ED 52            [15] 1879 	sbc	hl, de
      000761 EB               [ 4] 1880 	ex	de, hl
      000762 68               [ 4] 1881 	ld	l, b
                                   1882 ;	spillPairReg hl
                                   1883 ;	spillPairReg hl
      000763 26 00            [ 7] 1884 	ld	h, #0x00
                                   1885 ;	spillPairReg hl
                                   1886 ;	spillPairReg hl
      000765 C5               [11] 1887 	push	bc
      000766 CDr00r00         [17] 1888 	call	__mulint
      000769 C1               [10] 1889 	pop	bc
      00076A 7B               [ 4] 1890 	ld	a, e
      00076B DD 86 FC         [19] 1891 	add	a, -4 (ix)
      00076E 47               [ 4] 1892 	ld	b, a
      00076F 7A               [ 4] 1893 	ld	a, d
      000770 DD 8E FD         [19] 1894 	adc	a, -3 (ix)
      000773 5F               [ 4] 1895 	ld	e, a
      000774 DD 6E FE         [19] 1896 	ld	l, -2 (ix)
      000777 DD 66 FF         [19] 1897 	ld	h, -1 (ix)
      00077A 70               [ 7] 1898 	ld	(hl), b
      00077B 23               [ 6] 1899 	inc	hl
      00077C 73               [ 7] 1900 	ld	(hl), e
      00077D C3r89r07         [10] 1901 	jp	00114$
      000780                       1902 00102$:
                                   1903 ;/home/bruno/dev/MSXgl/engine/src/print.c:556: *patterns = g_PrintInvalid;
      000780 D1               [10] 1904 	pop	de
      000781 E1               [10] 1905 	pop	hl
      000782 E5               [11] 1906 	push	hl
      000783 D5               [11] 1907 	push	de
      000784 36r00            [10] 1908 	ld	(hl), #<(_g_PrintInvalid)
      000786 23               [ 6] 1909 	inc	hl
      000787 36s00            [10] 1910 	ld	(hl), #>(_g_PrintInvalid)
      000789                       1911 00114$:
                                   1912 ;/home/bruno/dev/MSXgl/engine/src/print.c:558: return chr;
      000789 79               [ 4] 1913 	ld	a, c
                                   1914 ;/home/bruno/dev/MSXgl/engine/src/print.c:559: }
      00078A DD F9            [10] 1915 	ld	sp, ix
      00078C DD E1            [14] 1916 	pop	ix
      00078E C9               [10] 1917 	ret
                                   1918 ;/home/bruno/dev/MSXgl/engine/src/print.c:573: bool Print_SetBitmapFont(const u8* font)
                                   1919 ;	---------------------------------
                                   1920 ; Function Print_SetBitmapFont
                                   1921 ; ---------------------------------
      00078F                       1922 _Print_SetBitmapFont::
                                   1923 ;/home/bruno/dev/MSXgl/engine/src/print.c:575: Print_SetFont(font);
      00078F CDr26r02         [17] 1924 	call	_Print_SetFont
                                   1925 ;/home/bruno/dev/MSXgl/engine/src/print.c:576: Print_SetMode(PRINT_MODE_BITMAP);
      000792 AF               [ 4] 1926 	xor	a, a
      000793 CDr9Fr01         [17] 1927 	call	_Print_SetMode
                                   1928 ;/home/bruno/dev/MSXgl/engine/src/print.c:577: Print_Initialize();
                                   1929 ;/home/bruno/dev/MSXgl/engine/src/print.c:578: }
      000796 C3rA2r00         [10] 1930 	jp	_Print_Initialize
                                   1931 ;/home/bruno/dev/MSXgl/engine/src/print.c:584: void DrawChar_8B(u8 chr)
                                   1932 ;	---------------------------------
                                   1933 ; Function DrawChar_8B
                                   1934 ; ---------------------------------
      000799                       1935 _DrawChar_8B::
      000799 DD E5            [15] 1936 	push	ix
      00079B DD 21 00 00      [14] 1937 	ld	ix,#0
      00079F DD 39            [15] 1938 	add	ix,sp
      0007A1 21 FA FF         [10] 1939 	ld	hl, #-6
      0007A4 39               [11] 1940 	add	hl, sp
      0007A5 F9               [ 6] 1941 	ld	sp, hl
      0007A6 4F               [ 4] 1942 	ld	c, a
                                   1943 ;/home/bruno/dev/MSXgl/engine/src/print.c:586: const u8* patterns = g_PrintData.FontAddr + chr * PRINT_H(g_PrintData.PatternY); // Get character patterns' base address
      0007A7 ED 5Br1Fr00      [20] 1944 	ld	de, (#_g_PrintData + 31)
      0007AB 3Ar01r00         [13] 1945 	ld	a, (#(_g_PrintData + 1) + 0)
      0007AE D5               [11] 1946 	push	de
      0007AF 5F               [ 4] 1947 	ld	e, a
      0007B0 61               [ 4] 1948 	ld	h, c
                                   1949 ;	spillPairReg hl
                                   1950 ;	spillPairReg hl
      0007B1 2E 00            [ 7] 1951 	ld	l, #0x00
      0007B3 55               [ 4] 1952 	ld	d, l
      0007B4 06 08            [ 7] 1953 	ld	b, #0x08
      0007B6                       1954 00120$:
      0007B6 29               [11] 1955 	add	hl, hl
      0007B7 30 01            [12] 1956 	jr	NC, 00121$
      0007B9 19               [11] 1957 	add	hl, de
      0007BA                       1958 00121$:
      0007BA 10 FA            [13] 1959 	djnz	00120$
      0007BC D1               [10] 1960 	pop	de
      0007BD 19               [11] 1961 	add	hl, de
      0007BE E3               [19] 1962 	ex	(sp), hl
                                   1963 ;/home/bruno/dev/MSXgl/engine/src/print.c:588: chr = Print_ValidatePattern(chr, &patterns);
      0007BF 21 00 00         [10] 1964 	ld	hl, #0
      0007C2 39               [11] 1965 	add	hl, sp
      0007C3 EB               [ 4] 1966 	ex	de, hl
      0007C4 79               [ 4] 1967 	ld	a, c
      0007C5 CDrC0r06         [17] 1968 	call	_Print_ValidatePattern
                                   1969 ;/home/bruno/dev/MSXgl/engine/src/print.c:590: u16* l = (u16*)g_HeapStartAddress;
      0007C8 ED 4Br00r00      [20] 1970 	ld	bc, (_g_HeapStartAddress)
                                   1971 ;/home/bruno/dev/MSXgl/engine/src/print.c:591: for(u8 j = 0; j < PRINT_H(g_PrintData.PatternY); ++j) // Unpack each 6/8-bits line to buffer and send it to VRAM
      0007CC DD 36 FF 00      [19] 1972 	ld	-1 (ix), #0x00
      0007D0                       1973 00105$:
      0007D0 21r01r00         [10] 1974 	ld	hl, #(_g_PrintData + 1)
      0007D3 5E               [ 7] 1975 	ld	e, (hl)
      0007D4 DD 7E FF         [19] 1976 	ld	a, -1 (ix)
      0007D7 93               [ 4] 1977 	sub	a, e
      0007D8 D2r6Ar08         [10] 1978 	jp	NC, 00101$
                                   1979 ;/home/bruno/dev/MSXgl/engine/src/print.c:594: Print_InitColorBuffer(g_PrintData.TextColor[j], g_PrintData.BGColor);
      0007DB 21r14r00         [10] 1980 	ld	hl, #_g_PrintData + 20
      0007DE 5E               [ 7] 1981 	ld	e, (hl)
      0007DF 3Er08            [ 7] 1982 	ld	a, #<((_g_PrintData + 8))
      0007E1 DD 86 FF         [19] 1983 	add	a, -1 (ix)
      0007E4 6F               [ 4] 1984 	ld	l, a
                                   1985 ;	spillPairReg hl
                                   1986 ;	spillPairReg hl
      0007E5 3Es00            [ 7] 1987 	ld	a, #>((_g_PrintData + 8))
      0007E7 CE 00            [ 7] 1988 	adc	a, #0x00
      0007E9 67               [ 4] 1989 	ld	h, a
      0007EA 56               [ 7] 1990 	ld	d, (hl)
      0007EB C5               [11] 1991 	push	bc
      0007EC 6B               [ 4] 1992 	ld	l, e
                                   1993 ;	spillPairReg hl
                                   1994 ;	spillPairReg hl
      0007ED 7A               [ 4] 1995 	ld	a, d
      0007EE CDr00r03         [17] 1996 	call	_Print_InitColorBuffer
      0007F1 C1               [10] 1997 	pop	bc
                                   1998 ;/home/bruno/dev/MSXgl/engine/src/print.c:596: u8 f = patterns[j];
      0007F2 DD 7E FA         [19] 1999 	ld	a, -6 (ix)
      0007F5 DD 86 FF         [19] 2000 	add	a, -1 (ix)
      0007F8 5F               [ 4] 2001 	ld	e, a
      0007F9 DD 7E FB         [19] 2002 	ld	a, -5 (ix)
      0007FC CE 00            [ 7] 2003 	adc	a, #0x00
      0007FE 57               [ 4] 2004 	ld	d, a
      0007FF 1A               [ 7] 2005 	ld	a, (de)
                                   2006 ;/home/bruno/dev/MSXgl/engine/src/print.c:597: *l++ = ((u16*)g_PrintData.Buffer)[f >> 6];
      000800 DD 77 FE         [19] 2007 	ld	-2 (ix), a
      000803 07               [ 4] 2008 	rlca
      000804 07               [ 4] 2009 	rlca
      000805 E6 03            [ 7] 2010 	and	a, #0x03
      000807 26 00            [ 7] 2011 	ld	h, #0x00
                                   2012 ;	spillPairReg hl
                                   2013 ;	spillPairReg hl
      000809 6F               [ 4] 2014 	ld	l, a
      00080A 29               [11] 2015 	add	hl, hl
      00080B 11r2Ar00         [10] 2016 	ld	de, #(_g_PrintData + 42)
      00080E 19               [11] 2017 	add	hl, de
      00080F 5E               [ 7] 2018 	ld	e, (hl)
      000810 23               [ 6] 2019 	inc	hl
      000811 56               [ 7] 2020 	ld	d, (hl)
      000812 69               [ 4] 2021 	ld	l, c
      000813 60               [ 4] 2022 	ld	h, b
      000814 73               [ 7] 2023 	ld	(hl), e
      000815 23               [ 6] 2024 	inc	hl
      000816 72               [ 7] 2025 	ld	(hl), d
      000817 03               [ 6] 2026 	inc	bc
      000818 03               [ 6] 2027 	inc	bc
                                   2028 ;/home/bruno/dev/MSXgl/engine/src/print.c:598: *l++ = ((u16*)g_PrintData.Buffer)[(f >> 4) & 0x03];
      000819 DD 7E FE         [19] 2029 	ld	a, -2 (ix)
      00081C 07               [ 4] 2030 	rlca
      00081D 07               [ 4] 2031 	rlca
      00081E 07               [ 4] 2032 	rlca
      00081F 07               [ 4] 2033 	rlca
      000820 E6 03            [ 7] 2034 	and	a, #0x3
      000822 6F               [ 4] 2035 	ld	l, a
                                   2036 ;	spillPairReg hl
                                   2037 ;	spillPairReg hl
      000823 26 00            [ 7] 2038 	ld	h, #0x00
                                   2039 ;	spillPairReg hl
                                   2040 ;	spillPairReg hl
      000825 29               [11] 2041 	add	hl, hl
      000826 11r2Ar00         [10] 2042 	ld	de, #(_g_PrintData + 42)
      000829 19               [11] 2043 	add	hl, de
      00082A 5E               [ 7] 2044 	ld	e, (hl)
      00082B 23               [ 6] 2045 	inc	hl
      00082C 56               [ 7] 2046 	ld	d, (hl)
      00082D 69               [ 4] 2047 	ld	l, c
      00082E 60               [ 4] 2048 	ld	h, b
      00082F 73               [ 7] 2049 	ld	(hl), e
      000830 23               [ 6] 2050 	inc	hl
      000831 72               [ 7] 2051 	ld	(hl), d
      000832 03               [ 6] 2052 	inc	bc
      000833 03               [ 6] 2053 	inc	bc
                                   2054 ;/home/bruno/dev/MSXgl/engine/src/print.c:599: *l++ = ((u16*)g_PrintData.Buffer)[(f >> 2) & 0x03];
      000834 DD 7E FE         [19] 2055 	ld	a, -2 (ix)
      000837 0F               [ 4] 2056 	rrca
      000838 0F               [ 4] 2057 	rrca
      000839 E6 03            [ 7] 2058 	and	a, #0x3
      00083B 6F               [ 4] 2059 	ld	l, a
                                   2060 ;	spillPairReg hl
                                   2061 ;	spillPairReg hl
      00083C 26 00            [ 7] 2062 	ld	h, #0x00
                                   2063 ;	spillPairReg hl
                                   2064 ;	spillPairReg hl
      00083E 29               [11] 2065 	add	hl, hl
      00083F 11r2Ar00         [10] 2066 	ld	de, #(_g_PrintData + 42)
      000842 19               [11] 2067 	add	hl, de
      000843 5E               [ 7] 2068 	ld	e, (hl)
      000844 23               [ 6] 2069 	inc	hl
      000845 56               [ 7] 2070 	ld	d, (hl)
      000846 69               [ 4] 2071 	ld	l, c
      000847 60               [ 4] 2072 	ld	h, b
      000848 73               [ 7] 2073 	ld	(hl), e
      000849 23               [ 6] 2074 	inc	hl
      00084A 72               [ 7] 2075 	ld	(hl), d
      00084B 03               [ 6] 2076 	inc	bc
      00084C 03               [ 6] 2077 	inc	bc
                                   2078 ;/home/bruno/dev/MSXgl/engine/src/print.c:601: *l++ = ((u16*)g_PrintData.Buffer)[f & 0x03];
      00084D DD 7E FE         [19] 2079 	ld	a, -2 (ix)
      000850 E6 03            [ 7] 2080 	and	a, #0x03
      000852 6F               [ 4] 2081 	ld	l, a
                                   2082 ;	spillPairReg hl
                                   2083 ;	spillPairReg hl
      000853 26 00            [ 7] 2084 	ld	h, #0x00
                                   2085 ;	spillPairReg hl
                                   2086 ;	spillPairReg hl
      000855 29               [11] 2087 	add	hl, hl
      000856 11r2Ar00         [10] 2088 	ld	de, #(_g_PrintData + 42)
      000859 19               [11] 2089 	add	hl, de
      00085A 5E               [ 7] 2090 	ld	e, (hl)
      00085B 23               [ 6] 2091 	inc	hl
      00085C 56               [ 7] 2092 	ld	d, (hl)
      00085D 69               [ 4] 2093 	ld	l, c
      00085E 60               [ 4] 2094 	ld	h, b
      00085F 73               [ 7] 2095 	ld	(hl), e
      000860 23               [ 6] 2096 	inc	hl
      000861 72               [ 7] 2097 	ld	(hl), d
      000862 03               [ 6] 2098 	inc	bc
      000863 03               [ 6] 2099 	inc	bc
                                   2100 ;/home/bruno/dev/MSXgl/engine/src/print.c:591: for(u8 j = 0; j < PRINT_H(g_PrintData.PatternY); ++j) // Unpack each 6/8-bits line to buffer and send it to VRAM
      000864 DD 34 FF         [23] 2101 	inc	-1 (ix)
      000867 C3rD0r07         [10] 2102 	jp	00105$
      00086A                       2103 00101$:
                                   2104 ;/home/bruno/dev/MSXgl/engine/src/print.c:604: VDP_CommandHMMC((u8*)g_HeapStartAddress, g_PrintData.CursorX, g_PrintData.CursorY, DATA_LEN, PRINT_H(g_PrintData.PatternY));
      00086A DD 73 FC         [19] 2105 	ld	-4 (ix), e
      00086D DD 36 FD 00      [19] 2106 	ld	-3 (ix), #0x00
      000871 3Ar07r00         [13] 2107 	ld	a, (#_g_PrintData + 7)
      000874 DD 77 FE         [19] 2108 	ld	-2 (ix), a
      000877 DD 36 FF 00      [19] 2109 	ld	-1 (ix), #0x00
      00087B ED 4Br05r00      [20] 2110 	ld	bc, (#_g_PrintData + 5)
      00087F ED 5Br00r00      [20] 2111 	ld	de, (_g_HeapStartAddress)
                                   2112 ;/home/bruno/dev/MSXgl/engine/src/vdp_inl.h:23: g_VDP_Command.DX = dx;
      000883 ED 43r04r00      [20] 2113 	ld	((_g_VDP_Command + 4)), bc
                                   2114 ;/home/bruno/dev/MSXgl/engine/src/vdp_inl.h:24: g_VDP_Command.DY = dy;
      000887 21r06r00         [10] 2115 	ld	hl, #(_g_VDP_Command + 6)
      00088A DD 7E FE         [19] 2116 	ld	a, -2 (ix)
      00088D 77               [ 7] 2117 	ld	(hl), a
      00088E 23               [ 6] 2118 	inc	hl
      00088F DD 7E FF         [19] 2119 	ld	a, -1 (ix)
      000892 77               [ 7] 2120 	ld	(hl), a
                                   2121 ;/home/bruno/dev/MSXgl/engine/src/vdp_inl.h:25: g_VDP_Command.NX = nx;
      000893 21 08 00         [10] 2122 	ld	hl, #0x0008
      000896 22r08r00         [16] 2123 	ld	((_g_VDP_Command + 8)), hl
                                   2124 ;/home/bruno/dev/MSXgl/engine/src/vdp_inl.h:26: g_VDP_Command.NY = ny;
      000899 21r0Ar00         [10] 2125 	ld	hl, #(_g_VDP_Command + 10)
      00089C DD 7E FC         [19] 2126 	ld	a, -4 (ix)
      00089F 77               [ 7] 2127 	ld	(hl), a
      0008A0 23               [ 6] 2128 	inc	hl
      0008A1 DD 7E FD         [19] 2129 	ld	a, -3 (ix)
      0008A4 77               [ 7] 2130 	ld	(hl), a
                                   2131 ;/home/bruno/dev/MSXgl/engine/src/vdp_inl.h:27: g_VDP_Command.CLR = *addr;
      0008A5 1A               [ 7] 2132 	ld	a, (de)
      0008A6 32r0Cr00         [13] 2133 	ld	(#(_g_VDP_Command + 12)),a
                                   2134 ;/home/bruno/dev/MSXgl/engine/src/vdp_inl.h:28: g_VDP_Command.ARG = arg; 
      0008A9 21r0Dr00         [10] 2135 	ld	hl, #(_g_VDP_Command + 13)
      0008AC 36 00            [10] 2136 	ld	(hl), #0x00
                                   2137 ;/home/bruno/dev/MSXgl/engine/src/vdp_inl.h:29: g_VDP_Command.CMD = VDP_CMD_HMMC;
      0008AE 21r0Er00         [10] 2138 	ld	hl, #(_g_VDP_Command + 14)
      0008B1 36 F0            [10] 2139 	ld	(hl), #0xf0
                                   2140 ;/home/bruno/dev/MSXgl/engine/src/vdp_inl.h:30: VPD_CommandSetupR36();
      0008B3 D5               [11] 2141 	push	de
      0008B4 CDr00r00         [17] 2142 	call	_VPD_CommandSetupR36
      0008B7 D1               [10] 2143 	pop	de
                                   2144 ;/home/bruno/dev/MSXgl/engine/src/vdp_inl.h:31: VPD_CommandWriteLoop(addr);
      0008B8 EB               [ 4] 2145 	ex	de, hl
      0008B9 CDr00r00         [17] 2146 	call	_VPD_CommandWriteLoop
                                   2147 ;/home/bruno/dev/MSXgl/engine/src/print.c:604: VDP_CommandHMMC((u8*)g_HeapStartAddress, g_PrintData.CursorX, g_PrintData.CursorY, DATA_LEN, PRINT_H(g_PrintData.PatternY));
                                   2148 ;/home/bruno/dev/MSXgl/engine/src/print.c:605: }
      0008BC DD F9            [10] 2149 	ld	sp, ix
      0008BE DD E1            [14] 2150 	pop	ix
      0008C0 C9               [10] 2151 	ret
                                   2152 ;/home/bruno/dev/MSXgl/engine/src/print.c:613: void DrawChar_4B(u8 chr)
                                   2153 ;	---------------------------------
                                   2154 ; Function DrawChar_4B
                                   2155 ; ---------------------------------
      0008C1                       2156 _DrawChar_4B::
      0008C1 DD E5            [15] 2157 	push	ix
      0008C3 DD 21 00 00      [14] 2158 	ld	ix,#0
      0008C7 DD 39            [15] 2159 	add	ix,sp
      0008C9 21 FA FF         [10] 2160 	ld	hl, #-6
      0008CC 39               [11] 2161 	add	hl, sp
      0008CD F9               [ 6] 2162 	ld	sp, hl
      0008CE 4F               [ 4] 2163 	ld	c, a
                                   2164 ;/home/bruno/dev/MSXgl/engine/src/print.c:615: const u8* patterns = g_PrintData.FontAddr + chr * PRINT_H(g_PrintData.PatternY); // Get character patterns' base address
      0008CF ED 5Br1Fr00      [20] 2165 	ld	de, (#_g_PrintData + 31)
      0008D3 3Ar01r00         [13] 2166 	ld	a, (#(_g_PrintData + 1) + 0)
      0008D6 D5               [11] 2167 	push	de
      0008D7 5F               [ 4] 2168 	ld	e, a
      0008D8 61               [ 4] 2169 	ld	h, c
                                   2170 ;	spillPairReg hl
                                   2171 ;	spillPairReg hl
      0008D9 2E 00            [ 7] 2172 	ld	l, #0x00
      0008DB 55               [ 4] 2173 	ld	d, l
      0008DC 06 08            [ 7] 2174 	ld	b, #0x08
      0008DE                       2175 00120$:
      0008DE 29               [11] 2176 	add	hl, hl
      0008DF 30 01            [12] 2177 	jr	NC, 00121$
      0008E1 19               [11] 2178 	add	hl, de
      0008E2                       2179 00121$:
      0008E2 10 FA            [13] 2180 	djnz	00120$
      0008E4 D1               [10] 2181 	pop	de
      0008E5 19               [11] 2182 	add	hl, de
      0008E6 E3               [19] 2183 	ex	(sp), hl
                                   2184 ;/home/bruno/dev/MSXgl/engine/src/print.c:617: chr = Print_ValidatePattern(chr, &patterns);
      0008E7 21 00 00         [10] 2185 	ld	hl, #0
      0008EA 39               [11] 2186 	add	hl, sp
      0008EB EB               [ 4] 2187 	ex	de, hl
      0008EC 79               [ 4] 2188 	ld	a, c
      0008ED CDrC0r06         [17] 2189 	call	_Print_ValidatePattern
                                   2190 ;/home/bruno/dev/MSXgl/engine/src/print.c:619: u8* l = (u8*)g_HeapStartAddress;
      0008F0 ED 4Br00r00      [20] 2191 	ld	bc, (_g_HeapStartAddress)
                                   2192 ;/home/bruno/dev/MSXgl/engine/src/print.c:620: for(u8 j = 0; j < PRINT_H(g_PrintData.PatternY); ++j) // Unpack each 6/8-bits line to buffer and send it to VRAM
      0008F4 1E 00            [ 7] 2193 	ld	e, #0x00
      0008F6                       2194 00105$:
      0008F6 21r01r00         [10] 2195 	ld	hl, #(_g_PrintData + 1)
      0008F9 6E               [ 7] 2196 	ld	l, (hl)
                                   2197 ;	spillPairReg hl
      0008FA 7B               [ 4] 2198 	ld	a, e
      0008FB 95               [ 4] 2199 	sub	a, l
      0008FC 30 64            [12] 2200 	jr	NC, 00101$
                                   2201 ;/home/bruno/dev/MSXgl/engine/src/print.c:623: Print_InitColorBuffer(g_PrintData.TextColor[j], g_PrintData.BGColor);
      0008FE 21r14r00         [10] 2202 	ld	hl, #_g_PrintData + 20
      000901 56               [ 7] 2203 	ld	d, (hl)
      000902 3Er08            [ 7] 2204 	ld	a, #<((_g_PrintData + 8))
      000904 83               [ 4] 2205 	add	a, e
      000905 6F               [ 4] 2206 	ld	l, a
                                   2207 ;	spillPairReg hl
                                   2208 ;	spillPairReg hl
      000906 3Es00            [ 7] 2209 	ld	a, #>((_g_PrintData + 8))
      000908 CE 00            [ 7] 2210 	adc	a, #0x00
      00090A 67               [ 4] 2211 	ld	h, a
      00090B 66               [ 7] 2212 	ld	h, (hl)
                                   2213 ;	spillPairReg hl
      00090C C5               [11] 2214 	push	bc
      00090D D5               [11] 2215 	push	de
      00090E 6A               [ 4] 2216 	ld	l, d
                                   2217 ;	spillPairReg hl
                                   2218 ;	spillPairReg hl
      00090F 7C               [ 4] 2219 	ld	a, h
      000910 CDr00r03         [17] 2220 	call	_Print_InitColorBuffer
      000913 D1               [10] 2221 	pop	de
      000914 C1               [10] 2222 	pop	bc
                                   2223 ;/home/bruno/dev/MSXgl/engine/src/print.c:625: u8 f = patterns[j];
      000915 E1               [10] 2224 	pop	hl
      000916 E5               [11] 2225 	push	hl
      000917 16 00            [ 7] 2226 	ld	d, #0x00
      000919 19               [11] 2227 	add	hl, de
      00091A 56               [ 7] 2228 	ld	d, (hl)
                                   2229 ;/home/bruno/dev/MSXgl/engine/src/print.c:626: *l++ = g_PrintData.Buffer[f >> 6];
      00091B 7A               [ 4] 2230 	ld	a, d
      00091C 07               [ 4] 2231 	rlca
      00091D 07               [ 4] 2232 	rlca
      00091E E6 03            [ 7] 2233 	and	a, #0x03
      000920 C6r2A            [ 7] 2234 	add	a, #<((_g_PrintData + 42))
      000922 6F               [ 4] 2235 	ld	l, a
                                   2236 ;	spillPairReg hl
                                   2237 ;	spillPairReg hl
      000923 3E 00            [ 7] 2238 	ld	a, #0x00
      000925 CEs00            [ 7] 2239 	adc	a, #>((_g_PrintData + 42))
      000927 67               [ 4] 2240 	ld	h, a
      000928 7E               [ 7] 2241 	ld	a, (hl)
      000929 02               [ 7] 2242 	ld	(bc), a
      00092A 03               [ 6] 2243 	inc	bc
                                   2244 ;/home/bruno/dev/MSXgl/engine/src/print.c:627: *l++ = g_PrintData.Buffer[(f >> 4) & 0x03];
      00092B 7A               [ 4] 2245 	ld	a, d
      00092C 07               [ 4] 2246 	rlca
      00092D 07               [ 4] 2247 	rlca
      00092E 07               [ 4] 2248 	rlca
      00092F 07               [ 4] 2249 	rlca
                                   2250 ;	spillPairReg hl
                                   2251 ;	spillPairReg hl
      000930 E6 03            [ 7] 2252 	and	a, #0x3
      000932 6F               [ 4] 2253 	ld	l, a
                                   2254 ;	spillPairReg hl
                                   2255 ;	spillPairReg hl
      000933 26 00            [ 7] 2256 	ld	h, #0x00
                                   2257 ;	spillPairReg hl
                                   2258 ;	spillPairReg hl
      000935 D5               [11] 2259 	push	de
      000936 11r2Ar00         [10] 2260 	ld	de, #(_g_PrintData + 42)
      000939 19               [11] 2261 	add	hl, de
      00093A D1               [10] 2262 	pop	de
      00093B 7E               [ 7] 2263 	ld	a, (hl)
      00093C 02               [ 7] 2264 	ld	(bc), a
      00093D 03               [ 6] 2265 	inc	bc
                                   2266 ;/home/bruno/dev/MSXgl/engine/src/print.c:628: *l++ = g_PrintData.Buffer[(f >> 2) & 0x03];
      00093E 7A               [ 4] 2267 	ld	a, d
      00093F 0F               [ 4] 2268 	rrca
      000940 0F               [ 4] 2269 	rrca
                                   2270 ;	spillPairReg hl
                                   2271 ;	spillPairReg hl
      000941 E6 03            [ 7] 2272 	and	a, #0x3
      000943 6F               [ 4] 2273 	ld	l, a
                                   2274 ;	spillPairReg hl
                                   2275 ;	spillPairReg hl
      000944 26 00            [ 7] 2276 	ld	h, #0x00
                                   2277 ;	spillPairReg hl
                                   2278 ;	spillPairReg hl
      000946 D5               [11] 2279 	push	de
      000947 11r2Ar00         [10] 2280 	ld	de, #(_g_PrintData + 42)
      00094A 19               [11] 2281 	add	hl, de
      00094B D1               [10] 2282 	pop	de
      00094C 7E               [ 7] 2283 	ld	a, (hl)
      00094D 02               [ 7] 2284 	ld	(bc), a
      00094E 03               [ 6] 2285 	inc	bc
                                   2286 ;/home/bruno/dev/MSXgl/engine/src/print.c:630: *l++ = g_PrintData.Buffer[f & 0x03];
                                   2287 ;	spillPairReg hl
                                   2288 ;	spillPairReg hl
                                   2289 ;	spillPairReg hl
                                   2290 ;	spillPairReg hl
      00094F 7A               [ 4] 2291 	ld	a, d
      000950 E6 03            [ 7] 2292 	and	a, #0x03
      000952 16 00            [ 7] 2293 	ld	d, #0x00
      000954 C6r2A            [ 7] 2294 	add	a, #<((_g_PrintData + 42))
      000956 6F               [ 4] 2295 	ld	l, a
                                   2296 ;	spillPairReg hl
                                   2297 ;	spillPairReg hl
      000957 7A               [ 4] 2298 	ld	a, d
      000958 CEs00            [ 7] 2299 	adc	a, #>((_g_PrintData + 42))
      00095A 67               [ 4] 2300 	ld	h, a
                                   2301 ;	spillPairReg hl
                                   2302 ;	spillPairReg hl
      00095B 7E               [ 7] 2303 	ld	a, (hl)
      00095C 02               [ 7] 2304 	ld	(bc), a
      00095D 03               [ 6] 2305 	inc	bc
                                   2306 ;/home/bruno/dev/MSXgl/engine/src/print.c:620: for(u8 j = 0; j < PRINT_H(g_PrintData.PatternY); ++j) // Unpack each 6/8-bits line to buffer and send it to VRAM
      00095E 1C               [ 4] 2307 	inc	e
      00095F C3rF6r08         [10] 2308 	jp	00105$
      000962                       2309 00101$:
                                   2310 ;/home/bruno/dev/MSXgl/engine/src/print.c:633: VDP_CommandHMMC((u8*)g_HeapStartAddress, g_PrintData.CursorX, g_PrintData.CursorY, DATA_LEN, PRINT_H(g_PrintData.PatternY));
      000962 DD 75 FC         [19] 2311 	ld	-4 (ix), l
      000965 DD 36 FD 00      [19] 2312 	ld	-3 (ix), #0x00
      000969 3Ar07r00         [13] 2313 	ld	a, (#_g_PrintData + 7)
      00096C DD 77 FE         [19] 2314 	ld	-2 (ix), a
      00096F DD 36 FF 00      [19] 2315 	ld	-1 (ix), #0x00
      000973 ED 4Br05r00      [20] 2316 	ld	bc, (#_g_PrintData + 5)
      000977 ED 5Br00r00      [20] 2317 	ld	de, (_g_HeapStartAddress)
                                   2318 ;/home/bruno/dev/MSXgl/engine/src/vdp_inl.h:23: g_VDP_Command.DX = dx;
      00097B ED 43r04r00      [20] 2319 	ld	((_g_VDP_Command + 4)), bc
                                   2320 ;/home/bruno/dev/MSXgl/engine/src/vdp_inl.h:24: g_VDP_Command.DY = dy;
      00097F 21r06r00         [10] 2321 	ld	hl, #(_g_VDP_Command + 6)
      000982 DD 7E FE         [19] 2322 	ld	a, -2 (ix)
      000985 77               [ 7] 2323 	ld	(hl), a
      000986 23               [ 6] 2324 	inc	hl
      000987 DD 7E FF         [19] 2325 	ld	a, -1 (ix)
      00098A 77               [ 7] 2326 	ld	(hl), a
                                   2327 ;/home/bruno/dev/MSXgl/engine/src/vdp_inl.h:25: g_VDP_Command.NX = nx;
      00098B 21 08 00         [10] 2328 	ld	hl, #0x0008
      00098E 22r08r00         [16] 2329 	ld	((_g_VDP_Command + 8)), hl
                                   2330 ;/home/bruno/dev/MSXgl/engine/src/vdp_inl.h:26: g_VDP_Command.NY = ny;
      000991 21r0Ar00         [10] 2331 	ld	hl, #(_g_VDP_Command + 10)
      000994 DD 7E FC         [19] 2332 	ld	a, -4 (ix)
      000997 77               [ 7] 2333 	ld	(hl), a
      000998 23               [ 6] 2334 	inc	hl
      000999 DD 7E FD         [19] 2335 	ld	a, -3 (ix)
      00099C 77               [ 7] 2336 	ld	(hl), a
                                   2337 ;/home/bruno/dev/MSXgl/engine/src/vdp_inl.h:27: g_VDP_Command.CLR = *addr;
      00099D 1A               [ 7] 2338 	ld	a, (de)
      00099E 32r0Cr00         [13] 2339 	ld	(#(_g_VDP_Command + 12)),a
                                   2340 ;/home/bruno/dev/MSXgl/engine/src/vdp_inl.h:28: g_VDP_Command.ARG = arg; 
      0009A1 21r0Dr00         [10] 2341 	ld	hl, #(_g_VDP_Command + 13)
      0009A4 36 00            [10] 2342 	ld	(hl), #0x00
                                   2343 ;/home/bruno/dev/MSXgl/engine/src/vdp_inl.h:29: g_VDP_Command.CMD = VDP_CMD_HMMC;
      0009A6 21r0Er00         [10] 2344 	ld	hl, #(_g_VDP_Command + 14)
      0009A9 36 F0            [10] 2345 	ld	(hl), #0xf0
                                   2346 ;/home/bruno/dev/MSXgl/engine/src/vdp_inl.h:30: VPD_CommandSetupR36();
      0009AB D5               [11] 2347 	push	de
      0009AC CDr00r00         [17] 2348 	call	_VPD_CommandSetupR36
      0009AF D1               [10] 2349 	pop	de
                                   2350 ;/home/bruno/dev/MSXgl/engine/src/vdp_inl.h:31: VPD_CommandWriteLoop(addr);
      0009B0 EB               [ 4] 2351 	ex	de, hl
      0009B1 CDr00r00         [17] 2352 	call	_VPD_CommandWriteLoop
                                   2353 ;/home/bruno/dev/MSXgl/engine/src/print.c:633: VDP_CommandHMMC((u8*)g_HeapStartAddress, g_PrintData.CursorX, g_PrintData.CursorY, DATA_LEN, PRINT_H(g_PrintData.PatternY));
                                   2354 ;/home/bruno/dev/MSXgl/engine/src/print.c:634: }
      0009B4 DD F9            [10] 2355 	ld	sp, ix
      0009B6 DD E1            [14] 2356 	pop	ix
      0009B8 C9               [10] 2357 	ret
                                   2358 ;/home/bruno/dev/MSXgl/engine/src/print.c:642: void DrawChar_2B(u8 chr)
                                   2359 ;	---------------------------------
                                   2360 ; Function DrawChar_2B
                                   2361 ; ---------------------------------
      0009B9                       2362 _DrawChar_2B::
      0009B9 DD E5            [15] 2363 	push	ix
      0009BB DD 21 00 00      [14] 2364 	ld	ix,#0
      0009BF DD 39            [15] 2365 	add	ix,sp
      0009C1 21 FA FF         [10] 2366 	ld	hl, #-6
      0009C4 39               [11] 2367 	add	hl, sp
      0009C5 F9               [ 6] 2368 	ld	sp, hl
      0009C6 4F               [ 4] 2369 	ld	c, a
                                   2370 ;/home/bruno/dev/MSXgl/engine/src/print.c:644: const u8* patterns = g_PrintData.FontAddr + chr * PRINT_H(g_PrintData.PatternY); // Get character patterns' base address
      0009C7 ED 5Br1Fr00      [20] 2371 	ld	de, (#_g_PrintData + 31)
      0009CB 3Ar01r00         [13] 2372 	ld	a, (#(_g_PrintData + 1) + 0)
      0009CE D5               [11] 2373 	push	de
      0009CF 5F               [ 4] 2374 	ld	e, a
      0009D0 61               [ 4] 2375 	ld	h, c
                                   2376 ;	spillPairReg hl
                                   2377 ;	spillPairReg hl
      0009D1 2E 00            [ 7] 2378 	ld	l, #0x00
      0009D3 55               [ 4] 2379 	ld	d, l
      0009D4 06 08            [ 7] 2380 	ld	b, #0x08
      0009D6                       2381 00120$:
      0009D6 29               [11] 2382 	add	hl, hl
      0009D7 30 01            [12] 2383 	jr	NC, 00121$
      0009D9 19               [11] 2384 	add	hl, de
      0009DA                       2385 00121$:
      0009DA 10 FA            [13] 2386 	djnz	00120$
      0009DC D1               [10] 2387 	pop	de
      0009DD 19               [11] 2388 	add	hl, de
      0009DE E3               [19] 2389 	ex	(sp), hl
                                   2390 ;/home/bruno/dev/MSXgl/engine/src/print.c:646: chr = Print_ValidatePattern(chr, &patterns);
      0009DF 21 00 00         [10] 2391 	ld	hl, #0
      0009E2 39               [11] 2392 	add	hl, sp
      0009E3 EB               [ 4] 2393 	ex	de, hl
      0009E4 79               [ 4] 2394 	ld	a, c
      0009E5 CDrC0r06         [17] 2395 	call	_Print_ValidatePattern
                                   2396 ;/home/bruno/dev/MSXgl/engine/src/print.c:648: u8* l = (u8*)g_HeapStartAddress;
      0009E8 ED 4Br00r00      [20] 2397 	ld	bc, (_g_HeapStartAddress)
                                   2398 ;/home/bruno/dev/MSXgl/engine/src/print.c:649: for(u8 j = 0; j < PRINT_H(g_PrintData.PatternY); ++j) // Unpack each 6/8-bits line to buffer and send it to VRAM
      0009EC 1E 00            [ 7] 2399 	ld	e, #0x00
      0009EE                       2400 00105$:
      0009EE 21r01r00         [10] 2401 	ld	hl, #(_g_PrintData + 1)
      0009F1 6E               [ 7] 2402 	ld	l, (hl)
                                   2403 ;	spillPairReg hl
      0009F2 7B               [ 4] 2404 	ld	a, e
      0009F3 95               [ 4] 2405 	sub	a, l
      0009F4 30 42            [12] 2406 	jr	NC, 00101$
                                   2407 ;/home/bruno/dev/MSXgl/engine/src/print.c:652: Print_InitColorBuffer(g_PrintData.TextColor[j], g_PrintData.BGColor);
      0009F6 21r14r00         [10] 2408 	ld	hl, #_g_PrintData + 20
      0009F9 56               [ 7] 2409 	ld	d, (hl)
      0009FA 3Er08            [ 7] 2410 	ld	a, #<((_g_PrintData + 8))
      0009FC 83               [ 4] 2411 	add	a, e
      0009FD 6F               [ 4] 2412 	ld	l, a
                                   2413 ;	spillPairReg hl
                                   2414 ;	spillPairReg hl
      0009FE 3Es00            [ 7] 2415 	ld	a, #>((_g_PrintData + 8))
      000A00 CE 00            [ 7] 2416 	adc	a, #0x00
      000A02 67               [ 4] 2417 	ld	h, a
      000A03 66               [ 7] 2418 	ld	h, (hl)
                                   2419 ;	spillPairReg hl
      000A04 C5               [11] 2420 	push	bc
      000A05 D5               [11] 2421 	push	de
      000A06 6A               [ 4] 2422 	ld	l, d
                                   2423 ;	spillPairReg hl
                                   2424 ;	spillPairReg hl
      000A07 7C               [ 4] 2425 	ld	a, h
      000A08 CDr00r03         [17] 2426 	call	_Print_InitColorBuffer
      000A0B D1               [10] 2427 	pop	de
      000A0C C1               [10] 2428 	pop	bc
                                   2429 ;/home/bruno/dev/MSXgl/engine/src/print.c:654: u8 f = patterns[j];
      000A0D E1               [10] 2430 	pop	hl
      000A0E E5               [11] 2431 	push	hl
      000A0F 16 00            [ 7] 2432 	ld	d, #0x00
      000A11 19               [11] 2433 	add	hl, de
      000A12 56               [ 7] 2434 	ld	d, (hl)
                                   2435 ;/home/bruno/dev/MSXgl/engine/src/print.c:655: *l++ = g_PrintData.Buffer[f >> 4];
      000A13 7A               [ 4] 2436 	ld	a, d
      000A14 07               [ 4] 2437 	rlca
      000A15 07               [ 4] 2438 	rlca
      000A16 07               [ 4] 2439 	rlca
      000A17 07               [ 4] 2440 	rlca
      000A18 E6 0F            [ 7] 2441 	and	a, #0x0f
      000A1A C6r2A            [ 7] 2442 	add	a, #<((_g_PrintData + 42))
      000A1C 6F               [ 4] 2443 	ld	l, a
                                   2444 ;	spillPairReg hl
                                   2445 ;	spillPairReg hl
      000A1D 3E 00            [ 7] 2446 	ld	a, #0x00
      000A1F CEs00            [ 7] 2447 	adc	a, #>((_g_PrintData + 42))
      000A21 67               [ 4] 2448 	ld	h, a
      000A22 7E               [ 7] 2449 	ld	a, (hl)
      000A23 02               [ 7] 2450 	ld	(bc), a
      000A24 03               [ 6] 2451 	inc	bc
                                   2452 ;/home/bruno/dev/MSXgl/engine/src/print.c:656: *l++ = g_PrintData.Buffer[f & 0x0F];
      000A25 7A               [ 4] 2453 	ld	a, d
      000A26 E6 0F            [ 7] 2454 	and	a, #0x0f
      000A28 16 00            [ 7] 2455 	ld	d, #0x00
      000A2A C6r2A            [ 7] 2456 	add	a, #<((_g_PrintData + 42))
      000A2C 6F               [ 4] 2457 	ld	l, a
                                   2458 ;	spillPairReg hl
                                   2459 ;	spillPairReg hl
      000A2D 7A               [ 4] 2460 	ld	a, d
      000A2E CEs00            [ 7] 2461 	adc	a, #>((_g_PrintData + 42))
      000A30 67               [ 4] 2462 	ld	h, a
                                   2463 ;	spillPairReg hl
                                   2464 ;	spillPairReg hl
      000A31 7E               [ 7] 2465 	ld	a, (hl)
      000A32 02               [ 7] 2466 	ld	(bc), a
      000A33 03               [ 6] 2467 	inc	bc
                                   2468 ;/home/bruno/dev/MSXgl/engine/src/print.c:649: for(u8 j = 0; j < PRINT_H(g_PrintData.PatternY); ++j) // Unpack each 6/8-bits line to buffer and send it to VRAM
      000A34 1C               [ 4] 2469 	inc	e
      000A35 C3rEEr09         [10] 2470 	jp	00105$
      000A38                       2471 00101$:
                                   2472 ;/home/bruno/dev/MSXgl/engine/src/print.c:658: VDP_CommandHMMC((u8*)g_HeapStartAddress, g_PrintData.CursorX, g_PrintData.CursorY, 8, PRINT_H(g_PrintData.PatternY));
      000A38 DD 75 FC         [19] 2473 	ld	-4 (ix), l
      000A3B DD 36 FD 00      [19] 2474 	ld	-3 (ix), #0x00
      000A3F 3Ar07r00         [13] 2475 	ld	a, (#_g_PrintData + 7)
      000A42 DD 77 FE         [19] 2476 	ld	-2 (ix), a
      000A45 DD 36 FF 00      [19] 2477 	ld	-1 (ix), #0x00
      000A49 ED 4Br05r00      [20] 2478 	ld	bc, (#_g_PrintData + 5)
      000A4D ED 5Br00r00      [20] 2479 	ld	de, (_g_HeapStartAddress)
                                   2480 ;/home/bruno/dev/MSXgl/engine/src/vdp_inl.h:23: g_VDP_Command.DX = dx;
      000A51 ED 43r04r00      [20] 2481 	ld	((_g_VDP_Command + 4)), bc
                                   2482 ;/home/bruno/dev/MSXgl/engine/src/vdp_inl.h:24: g_VDP_Command.DY = dy;
      000A55 21r06r00         [10] 2483 	ld	hl, #(_g_VDP_Command + 6)
      000A58 DD 7E FE         [19] 2484 	ld	a, -2 (ix)
      000A5B 77               [ 7] 2485 	ld	(hl), a
      000A5C 23               [ 6] 2486 	inc	hl
      000A5D DD 7E FF         [19] 2487 	ld	a, -1 (ix)
      000A60 77               [ 7] 2488 	ld	(hl), a
                                   2489 ;/home/bruno/dev/MSXgl/engine/src/vdp_inl.h:25: g_VDP_Command.NX = nx;
      000A61 21 08 00         [10] 2490 	ld	hl, #0x0008
      000A64 22r08r00         [16] 2491 	ld	((_g_VDP_Command + 8)), hl
                                   2492 ;/home/bruno/dev/MSXgl/engine/src/vdp_inl.h:26: g_VDP_Command.NY = ny;
      000A67 21r0Ar00         [10] 2493 	ld	hl, #(_g_VDP_Command + 10)
      000A6A DD 7E FC         [19] 2494 	ld	a, -4 (ix)
      000A6D 77               [ 7] 2495 	ld	(hl), a
      000A6E 23               [ 6] 2496 	inc	hl
      000A6F DD 7E FD         [19] 2497 	ld	a, -3 (ix)
      000A72 77               [ 7] 2498 	ld	(hl), a
                                   2499 ;/home/bruno/dev/MSXgl/engine/src/vdp_inl.h:27: g_VDP_Command.CLR = *addr;
      000A73 1A               [ 7] 2500 	ld	a, (de)
      000A74 32r0Cr00         [13] 2501 	ld	(#(_g_VDP_Command + 12)),a
                                   2502 ;/home/bruno/dev/MSXgl/engine/src/vdp_inl.h:28: g_VDP_Command.ARG = arg; 
      000A77 21r0Dr00         [10] 2503 	ld	hl, #(_g_VDP_Command + 13)
      000A7A 36 00            [10] 2504 	ld	(hl), #0x00
                                   2505 ;/home/bruno/dev/MSXgl/engine/src/vdp_inl.h:29: g_VDP_Command.CMD = VDP_CMD_HMMC;
      000A7C 21r0Er00         [10] 2506 	ld	hl, #(_g_VDP_Command + 14)
      000A7F 36 F0            [10] 2507 	ld	(hl), #0xf0
                                   2508 ;/home/bruno/dev/MSXgl/engine/src/vdp_inl.h:30: VPD_CommandSetupR36();
      000A81 D5               [11] 2509 	push	de
      000A82 CDr00r00         [17] 2510 	call	_VPD_CommandSetupR36
      000A85 D1               [10] 2511 	pop	de
                                   2512 ;/home/bruno/dev/MSXgl/engine/src/vdp_inl.h:31: VPD_CommandWriteLoop(addr);
      000A86 EB               [ 4] 2513 	ex	de, hl
      000A87 CDr00r00         [17] 2514 	call	_VPD_CommandWriteLoop
                                   2515 ;/home/bruno/dev/MSXgl/engine/src/print.c:658: VDP_CommandHMMC((u8*)g_HeapStartAddress, g_PrintData.CursorX, g_PrintData.CursorY, 8, PRINT_H(g_PrintData.PatternY));
                                   2516 ;/home/bruno/dev/MSXgl/engine/src/print.c:659: }
      000A8A DD F9            [10] 2517 	ld	sp, ix
      000A8C DD E1            [14] 2518 	pop	ix
      000A8E C9               [10] 2519 	ret
                                   2520 ;/home/bruno/dev/MSXgl/engine/src/print.c:665: void DrawChar_Trans(u8 chr)
                                   2521 ;	---------------------------------
                                   2522 ; Function DrawChar_Trans
                                   2523 ; ---------------------------------
      000A8F                       2524 _DrawChar_Trans::
      000A8F DD E5            [15] 2525 	push	ix
      000A91 DD 21 00 00      [14] 2526 	ld	ix,#0
      000A95 DD 39            [15] 2527 	add	ix,sp
      000A97 21 FB FF         [10] 2528 	ld	hl, #-5
      000A9A 39               [11] 2529 	add	hl, sp
      000A9B F9               [ 6] 2530 	ld	sp, hl
      000A9C 4F               [ 4] 2531 	ld	c, a
                                   2532 ;/home/bruno/dev/MSXgl/engine/src/print.c:667: const u8* patterns = g_PrintData.FontAddr + chr * PRINT_H(g_PrintData.PatternY); // Get character patterns' base address
      000A9D ED 5Br1Fr00      [20] 2533 	ld	de, (#_g_PrintData + 31)
      000AA1 3Ar01r00         [13] 2534 	ld	a, (#(_g_PrintData + 1) + 0)
      000AA4 D5               [11] 2535 	push	de
      000AA5 5F               [ 4] 2536 	ld	e, a
      000AA6 61               [ 4] 2537 	ld	h, c
                                   2538 ;	spillPairReg hl
                                   2539 ;	spillPairReg hl
      000AA7 2E 00            [ 7] 2540 	ld	l, #0x00
      000AA9 55               [ 4] 2541 	ld	d, l
      000AAA 06 08            [ 7] 2542 	ld	b, #0x08
      000AAC                       2543 00330$:
      000AAC 29               [11] 2544 	add	hl, hl
      000AAD 30 01            [12] 2545 	jr	NC, 00331$
      000AAF 19               [11] 2546 	add	hl, de
      000AB0                       2547 00331$:
      000AB0 10 FA            [13] 2548 	djnz	00330$
      000AB2 D1               [10] 2549 	pop	de
      000AB3 19               [11] 2550 	add	hl, de
      000AB4 DD 75 FD         [19] 2551 	ld	-3 (ix), l
      000AB7 DD 74 FE         [19] 2552 	ld	-2 (ix), h
                                   2553 ;/home/bruno/dev/MSXgl/engine/src/print.c:669: chr = Print_ValidatePattern(chr, &patterns);
      000ABA 21 02 00         [10] 2554 	ld	hl, #2
      000ABD 39               [11] 2555 	add	hl, sp
      000ABE EB               [ 4] 2556 	ex	de, hl
      000ABF 79               [ 4] 2557 	ld	a, c
      000AC0 CDrC0r06         [17] 2558 	call	_Print_ValidatePattern
                                   2559 ;/home/bruno/dev/MSXgl/engine/src/print.c:672: if(g_PrintData.FX & PRINT_FX_SHADOW)
      000AC3 3Ar26r00         [13] 2560 	ld	a, (#(_g_PrintData + 38) + 0)
      000AC6 0F               [ 4] 2561 	rrca
      000AC7 D2rC0r0B         [10] 2562 	jp	NC,00119$
                                   2563 ;/home/bruno/dev/MSXgl/engine/src/print.c:674: g_VDP_Command.DY = g_PrintData.CursorY + g_PrintData.ShadowOffsetY - 3;
      000ACA 3Ar07r00         [13] 2564 	ld	a, (#_g_PrintData + 7)
      000ACD 4F               [ 4] 2565 	ld	c, a
      000ACE 06 00            [ 7] 2566 	ld	b, #0x00
      000AD0 3Ar27r00         [13] 2567 	ld	a, (#(_g_PrintData + 39) + 0)
      000AD3 0F               [ 4] 2568 	rrca
      000AD4 0F               [ 4] 2569 	rrca
      000AD5 0F               [ 4] 2570 	rrca
      000AD6 E6 07            [ 7] 2571 	and	a, #0x07
      000AD8 6F               [ 4] 2572 	ld	l, a
                                   2573 ;	spillPairReg hl
                                   2574 ;	spillPairReg hl
      000AD9 26 00            [ 7] 2575 	ld	h, #0x00
                                   2576 ;	spillPairReg hl
                                   2577 ;	spillPairReg hl
      000ADB 09               [11] 2578 	add	hl, bc
      000ADC 01 FD FF         [10] 2579 	ld	bc, #0xfffd
      000ADF 09               [11] 2580 	add	hl,bc
      000AE0 4D               [ 4] 2581 	ld	c, l
      000AE1 7C               [ 4] 2582 	ld	a,h
      000AE2 47               [ 4] 2583 	ld	b,a
      000AE3 ED 43r06r00      [20] 2584 	ld	((_g_VDP_Command + 6)), bc
                                   2585 ;/home/bruno/dev/MSXgl/engine/src/print.c:675: g_VDP_Command.CLR = g_PrintData.ShadowColor;
      000AE7 01r0Cr00         [10] 2586 	ld	bc, #_g_VDP_Command + 12
      000AEA 3Ar28r00         [13] 2587 	ld	a, (#_g_PrintData + 40)
      000AED 02               [ 7] 2588 	ld	(bc), a
                                   2589 ;/home/bruno/dev/MSXgl/engine/src/print.c:676: g_VDP_Command.ARG = 0;
      000AEE 21r0Dr00         [10] 2590 	ld	hl, #(_g_VDP_Command + 13)
      000AF1 36 00            [10] 2591 	ld	(hl), #0x00
                                   2592 ;/home/bruno/dev/MSXgl/engine/src/print.c:677: g_VDP_Command.CMD = VDP_CMD_PSET + 0;
      000AF3 21r0Er00         [10] 2593 	ld	hl, #(_g_VDP_Command + 14)
      000AF6 36 50            [10] 2594 	ld	(hl), #0x50
                                   2595 ;/home/bruno/dev/MSXgl/engine/src/print.c:678: for(u8 j = 0; j < PRINT_H(g_PrintData.PatternY); ++j)
      000AF8 DD 36 FF 00      [19] 2596 	ld	-1 (ix), #0x00
      000AFC                       2597 00157$:
      000AFC 21r01r00         [10] 2598 	ld	hl, #(_g_PrintData + 1)
      000AFF DD 7E FF         [19] 2599 	ld	a,-1 (ix)
      000B02 96               [ 7] 2600 	sub	a,(hl)
      000B03 D2rC0r0B         [10] 2601 	jp	NC, 00119$
                                   2602 ;/home/bruno/dev/MSXgl/engine/src/print.c:680: g_VDP_Command.DX = g_PrintData.CursorX + g_PrintData.ShadowOffsetX - 3;
      000B06 ED 4Br05r00      [20] 2603 	ld	bc, (#_g_PrintData + 5)
      000B0A 3Ar27r00         [13] 2604 	ld	a, (#(_g_PrintData + 39) + 0)
      000B0D E6 07            [ 7] 2605 	and	a, #0x07
      000B0F 6F               [ 4] 2606 	ld	l, a
                                   2607 ;	spillPairReg hl
                                   2608 ;	spillPairReg hl
      000B10 26 00            [ 7] 2609 	ld	h, #0x00
                                   2610 ;	spillPairReg hl
                                   2611 ;	spillPairReg hl
      000B12 09               [11] 2612 	add	hl, bc
      000B13 01 FD FF         [10] 2613 	ld	bc, #0xfffd
      000B16 09               [11] 2614 	add	hl,bc
      000B17 4D               [ 4] 2615 	ld	c, l
      000B18 7C               [ 4] 2616 	ld	a,h
      000B19 47               [ 4] 2617 	ld	b,a
      000B1A ED 43r04r00      [20] 2618 	ld	((_g_VDP_Command + 4)), bc
                                   2619 ;/home/bruno/dev/MSXgl/engine/src/print.c:682: u8 f = patterns[j];
      000B1E DD 7E FD         [19] 2620 	ld	a, -3 (ix)
      000B21 DD 86 FF         [19] 2621 	add	a, -1 (ix)
      000B24 6F               [ 4] 2622 	ld	l, a
                                   2623 ;	spillPairReg hl
                                   2624 ;	spillPairReg hl
      000B25 DD 7E FE         [19] 2625 	ld	a, -2 (ix)
      000B28 CE 00            [ 7] 2626 	adc	a, #0x00
      000B2A 67               [ 4] 2627 	ld	h, a
      000B2B 4E               [ 7] 2628 	ld	c, (hl)
                                   2629 ;/home/bruno/dev/MSXgl/engine/src/print.c:683: if(f & BIT_7) VPD_CommandSetupR36(); g_VDP_Command.DX++;
      000B2C CB 79            [ 8] 2630 	bit	7, c
      000B2E 28 05            [12] 2631 	jr	Z, 00102$
      000B30 C5               [11] 2632 	push	bc
      000B31 CDr00r00         [17] 2633 	call	_VPD_CommandSetupR36
      000B34 C1               [10] 2634 	pop	bc
      000B35                       2635 00102$:
      000B35 ED 5Br04r00      [20] 2636 	ld	de, (#(_g_VDP_Command + 4) + 0)
      000B39 13               [ 6] 2637 	inc	de
      000B3A ED 53r04r00      [20] 2638 	ld	((_g_VDP_Command + 4)), de
                                   2639 ;/home/bruno/dev/MSXgl/engine/src/print.c:684: if(f & BIT_6) VPD_CommandSetupR36(); g_VDP_Command.DX++;
      000B3E CB 71            [ 8] 2640 	bit	6, c
      000B40 28 05            [12] 2641 	jr	Z, 00104$
      000B42 C5               [11] 2642 	push	bc
      000B43 CDr00r00         [17] 2643 	call	_VPD_CommandSetupR36
      000B46 C1               [10] 2644 	pop	bc
      000B47                       2645 00104$:
      000B47 ED 5Br04r00      [20] 2646 	ld	de, (#(_g_VDP_Command + 4) + 0)
      000B4B 13               [ 6] 2647 	inc	de
      000B4C ED 53r04r00      [20] 2648 	ld	((_g_VDP_Command + 4)), de
                                   2649 ;/home/bruno/dev/MSXgl/engine/src/print.c:685: if(f & BIT_5) VPD_CommandSetupR36(); g_VDP_Command.DX++;
      000B50 CB 69            [ 8] 2650 	bit	5, c
      000B52 28 05            [12] 2651 	jr	Z, 00106$
      000B54 C5               [11] 2652 	push	bc
      000B55 CDr00r00         [17] 2653 	call	_VPD_CommandSetupR36
      000B58 C1               [10] 2654 	pop	bc
      000B59                       2655 00106$:
      000B59 ED 5Br04r00      [20] 2656 	ld	de, (#(_g_VDP_Command + 4) + 0)
      000B5D 13               [ 6] 2657 	inc	de
      000B5E ED 53r04r00      [20] 2658 	ld	((_g_VDP_Command + 4)), de
                                   2659 ;/home/bruno/dev/MSXgl/engine/src/print.c:686: if(f & BIT_4) VPD_CommandSetupR36(); g_VDP_Command.DX++;
      000B62 CB 61            [ 8] 2660 	bit	4, c
      000B64 28 05            [12] 2661 	jr	Z, 00108$
      000B66 C5               [11] 2662 	push	bc
      000B67 CDr00r00         [17] 2663 	call	_VPD_CommandSetupR36
      000B6A C1               [10] 2664 	pop	bc
      000B6B                       2665 00108$:
      000B6B ED 5Br04r00      [20] 2666 	ld	de, (#(_g_VDP_Command + 4) + 0)
      000B6F 13               [ 6] 2667 	inc	de
      000B70 ED 53r04r00      [20] 2668 	ld	((_g_VDP_Command + 4)), de
                                   2669 ;/home/bruno/dev/MSXgl/engine/src/print.c:687: if(f & BIT_3) VPD_CommandSetupR36(); g_VDP_Command.DX++;
      000B74 CB 59            [ 8] 2670 	bit	3, c
      000B76 28 05            [12] 2671 	jr	Z, 00110$
      000B78 C5               [11] 2672 	push	bc
      000B79 CDr00r00         [17] 2673 	call	_VPD_CommandSetupR36
      000B7C C1               [10] 2674 	pop	bc
      000B7D                       2675 00110$:
      000B7D ED 5Br04r00      [20] 2676 	ld	de, (#(_g_VDP_Command + 4) + 0)
      000B81 13               [ 6] 2677 	inc	de
      000B82 ED 53r04r00      [20] 2678 	ld	((_g_VDP_Command + 4)), de
                                   2679 ;/home/bruno/dev/MSXgl/engine/src/print.c:688: if(f & BIT_2) VPD_CommandSetupR36(); g_VDP_Command.DX++;
      000B86 CB 51            [ 8] 2680 	bit	2, c
      000B88 28 05            [12] 2681 	jr	Z, 00112$
      000B8A C5               [11] 2682 	push	bc
      000B8B CDr00r00         [17] 2683 	call	_VPD_CommandSetupR36
      000B8E C1               [10] 2684 	pop	bc
      000B8F                       2685 00112$:
      000B8F ED 5Br04r00      [20] 2686 	ld	de, (#(_g_VDP_Command + 4) + 0)
      000B93 13               [ 6] 2687 	inc	de
      000B94 ED 53r04r00      [20] 2688 	ld	((_g_VDP_Command + 4)), de
                                   2689 ;/home/bruno/dev/MSXgl/engine/src/print.c:689: if(f & BIT_1) VPD_CommandSetupR36(); g_VDP_Command.DX++;
      000B98 CB 49            [ 8] 2690 	bit	1, c
      000B9A 28 05            [12] 2691 	jr	Z, 00114$
      000B9C C5               [11] 2692 	push	bc
      000B9D CDr00r00         [17] 2693 	call	_VPD_CommandSetupR36
      000BA0 C1               [10] 2694 	pop	bc
      000BA1                       2695 00114$:
      000BA1 ED 5Br04r00      [20] 2696 	ld	de, (#(_g_VDP_Command + 4) + 0)
      000BA5 13               [ 6] 2697 	inc	de
      000BA6 ED 53r04r00      [20] 2698 	ld	((_g_VDP_Command + 4)), de
                                   2699 ;/home/bruno/dev/MSXgl/engine/src/print.c:690: if(f & BIT_0) VPD_CommandSetupR36();
      000BAA CB 41            [ 8] 2700 	bit	0, c
      000BAC 28 03            [12] 2701 	jr	Z, 00116$
      000BAE CDr00r00         [17] 2702 	call	_VPD_CommandSetupR36
      000BB1                       2703 00116$:
                                   2704 ;/home/bruno/dev/MSXgl/engine/src/print.c:691: g_VDP_Command.DY++;
      000BB1 ED 4Br06r00      [20] 2705 	ld	bc, (#(_g_VDP_Command + 6) + 0)
      000BB5 03               [ 6] 2706 	inc	bc
      000BB6 ED 43r06r00      [20] 2707 	ld	((_g_VDP_Command + 6)), bc
                                   2708 ;/home/bruno/dev/MSXgl/engine/src/print.c:678: for(u8 j = 0; j < PRINT_H(g_PrintData.PatternY); ++j)
      000BBA DD 34 FF         [23] 2709 	inc	-1 (ix)
      000BBD C3rFCr0A         [10] 2710 	jp	00157$
      000BC0                       2711 00119$:
                                   2712 ;/home/bruno/dev/MSXgl/engine/src/print.c:696: if(g_PrintData.FX & PRINT_FX_OUTLINE)
      000BC0 3Ar26r00         [13] 2713 	ld	a, (#(_g_PrintData + 38) + 0)
      000BC3 CB 4F            [ 8] 2714 	bit	1, a
      000BC5 CArA6r0C         [10] 2715 	jp	Z,00138$
                                   2716 ;/home/bruno/dev/MSXgl/engine/src/print.c:698: g_VDP_Command.DY = g_PrintData.CursorY - 1;
      000BC8 3Ar07r00         [13] 2717 	ld	a, (#_g_PrintData + 7)
      000BCB 06 00            [ 7] 2718 	ld	b, #0x00
      000BCD 4F               [ 4] 2719 	ld	c, a
      000BCE 0B               [ 6] 2720 	dec	bc
      000BCF ED 43r06r00      [20] 2721 	ld	((_g_VDP_Command + 6)), bc
                                   2722 ;/home/bruno/dev/MSXgl/engine/src/print.c:699: g_VDP_Command.NX = 3;
      000BD3 21 03 00         [10] 2723 	ld	hl, #0x0003
      000BD6 22r08r00         [16] 2724 	ld	((_g_VDP_Command + 8)), hl
                                   2725 ;/home/bruno/dev/MSXgl/engine/src/print.c:700: g_VDP_Command.NY = 3;
      000BD9 22r0Ar00         [16] 2726 	ld	((_g_VDP_Command + 10)), hl
                                   2727 ;/home/bruno/dev/MSXgl/engine/src/print.c:701: g_VDP_Command.CLR = g_PrintData.OutlineColor;
      000BDC 3Ar29r00         [13] 2728 	ld	a, (#_g_PrintData + 41)
      000BDF 32r0Cr00         [13] 2729 	ld	(#(_g_VDP_Command + 12)),a
                                   2730 ;/home/bruno/dev/MSXgl/engine/src/print.c:702: g_VDP_Command.ARG = 0;
      000BE2 21r0Dr00         [10] 2731 	ld	hl, #(_g_VDP_Command + 13)
      000BE5 36 00            [10] 2732 	ld	(hl), #0x00
                                   2733 ;/home/bruno/dev/MSXgl/engine/src/print.c:703: g_VDP_Command.CMD = (u8)(VDP_CMD_LMMV + 0);
      000BE7 21r0Er00         [10] 2734 	ld	hl, #(_g_VDP_Command + 14)
      000BEA 36 80            [10] 2735 	ld	(hl), #0x80
                                   2736 ;/home/bruno/dev/MSXgl/engine/src/print.c:704: for(u8 j = 0; j < PRINT_H(g_PrintData.PatternY); ++j)
      000BEC 0E 00            [ 7] 2737 	ld	c, #0x00
      000BEE                       2738 00160$:
      000BEE 21r01r00         [10] 2739 	ld	hl, #(_g_PrintData + 1)
      000BF1 46               [ 7] 2740 	ld	b, (hl)
      000BF2 79               [ 4] 2741 	ld	a, c
      000BF3 90               [ 4] 2742 	sub	a, b
      000BF4 D2rA6r0C         [10] 2743 	jp	NC, 00138$
                                   2744 ;/home/bruno/dev/MSXgl/engine/src/print.c:706: g_VDP_Command.DX = g_PrintData.CursorX - 1;
      000BF7 ED 5Br05r00      [20] 2745 	ld	de, (#_g_PrintData + 5)
      000BFB 1B               [ 6] 2746 	dec	de
      000BFC ED 53r04r00      [20] 2747 	ld	((_g_VDP_Command + 4)), de
                                   2748 ;/home/bruno/dev/MSXgl/engine/src/print.c:708: u8 f = patterns[j];
      000C00 DD 6E FD         [19] 2749 	ld	l, -3 (ix)
      000C03 DD 66 FE         [19] 2750 	ld	h, -2 (ix)
      000C06 06 00            [ 7] 2751 	ld	b, #0x00
      000C08 09               [11] 2752 	add	hl, bc
      000C09 46               [ 7] 2753 	ld	b, (hl)
                                   2754 ;/home/bruno/dev/MSXgl/engine/src/print.c:709: if(f & BIT_7) VPD_CommandSetupR36(); g_VDP_Command.DX++;
      000C0A CB 78            [ 8] 2755 	bit	7, b
      000C0C 28 05            [12] 2756 	jr	Z, 00121$
      000C0E C5               [11] 2757 	push	bc
      000C0F CDr00r00         [17] 2758 	call	_VPD_CommandSetupR36
      000C12 C1               [10] 2759 	pop	bc
      000C13                       2760 00121$:
      000C13 ED 5Br04r00      [20] 2761 	ld	de, (#(_g_VDP_Command + 4) + 0)
      000C17 13               [ 6] 2762 	inc	de
      000C18 ED 53r04r00      [20] 2763 	ld	((_g_VDP_Command + 4)), de
                                   2764 ;/home/bruno/dev/MSXgl/engine/src/print.c:710: if(f & BIT_6) VPD_CommandSetupR36(); g_VDP_Command.DX++;
      000C1C CB 70            [ 8] 2765 	bit	6, b
      000C1E 28 05            [12] 2766 	jr	Z, 00123$
      000C20 C5               [11] 2767 	push	bc
      000C21 CDr00r00         [17] 2768 	call	_VPD_CommandSetupR36
      000C24 C1               [10] 2769 	pop	bc
      000C25                       2770 00123$:
      000C25 ED 5Br04r00      [20] 2771 	ld	de, (#(_g_VDP_Command + 4) + 0)
      000C29 13               [ 6] 2772 	inc	de
      000C2A ED 53r04r00      [20] 2773 	ld	((_g_VDP_Command + 4)), de
                                   2774 ;/home/bruno/dev/MSXgl/engine/src/print.c:711: if(f & BIT_5) VPD_CommandSetupR36(); g_VDP_Command.DX++;
      000C2E CB 68            [ 8] 2775 	bit	5, b
      000C30 28 05            [12] 2776 	jr	Z, 00125$
      000C32 C5               [11] 2777 	push	bc
      000C33 CDr00r00         [17] 2778 	call	_VPD_CommandSetupR36
      000C36 C1               [10] 2779 	pop	bc
      000C37                       2780 00125$:
      000C37 ED 5Br04r00      [20] 2781 	ld	de, (#(_g_VDP_Command + 4) + 0)
      000C3B 13               [ 6] 2782 	inc	de
      000C3C ED 53r04r00      [20] 2783 	ld	((_g_VDP_Command + 4)), de
                                   2784 ;/home/bruno/dev/MSXgl/engine/src/print.c:712: if(f & BIT_4) VPD_CommandSetupR36(); g_VDP_Command.DX++;
      000C40 CB 60            [ 8] 2785 	bit	4, b
      000C42 28 05            [12] 2786 	jr	Z, 00127$
      000C44 C5               [11] 2787 	push	bc
      000C45 CDr00r00         [17] 2788 	call	_VPD_CommandSetupR36
      000C48 C1               [10] 2789 	pop	bc
      000C49                       2790 00127$:
      000C49 ED 5Br04r00      [20] 2791 	ld	de, (#(_g_VDP_Command + 4) + 0)
      000C4D 13               [ 6] 2792 	inc	de
      000C4E ED 53r04r00      [20] 2793 	ld	((_g_VDP_Command + 4)), de
                                   2794 ;/home/bruno/dev/MSXgl/engine/src/print.c:713: if(f & BIT_3) VPD_CommandSetupR36(); g_VDP_Command.DX++;
      000C52 CB 58            [ 8] 2795 	bit	3, b
      000C54 28 05            [12] 2796 	jr	Z, 00129$
      000C56 C5               [11] 2797 	push	bc
      000C57 CDr00r00         [17] 2798 	call	_VPD_CommandSetupR36
      000C5A C1               [10] 2799 	pop	bc
      000C5B                       2800 00129$:
      000C5B ED 5Br04r00      [20] 2801 	ld	de, (#(_g_VDP_Command + 4) + 0)
      000C5F 13               [ 6] 2802 	inc	de
      000C60 ED 53r04r00      [20] 2803 	ld	((_g_VDP_Command + 4)), de
                                   2804 ;/home/bruno/dev/MSXgl/engine/src/print.c:714: if(f & BIT_2) VPD_CommandSetupR36(); g_VDP_Command.DX++;
      000C64 CB 50            [ 8] 2805 	bit	2, b
      000C66 28 05            [12] 2806 	jr	Z, 00131$
      000C68 C5               [11] 2807 	push	bc
      000C69 CDr00r00         [17] 2808 	call	_VPD_CommandSetupR36
      000C6C C1               [10] 2809 	pop	bc
      000C6D                       2810 00131$:
      000C6D ED 5Br04r00      [20] 2811 	ld	de, (#(_g_VDP_Command + 4) + 0)
      000C71 13               [ 6] 2812 	inc	de
      000C72 ED 53r04r00      [20] 2813 	ld	((_g_VDP_Command + 4)), de
                                   2814 ;/home/bruno/dev/MSXgl/engine/src/print.c:715: if(f & BIT_1) VPD_CommandSetupR36(); g_VDP_Command.DX++;
      000C76 CB 48            [ 8] 2815 	bit	1, b
      000C78 28 05            [12] 2816 	jr	Z, 00133$
      000C7A C5               [11] 2817 	push	bc
      000C7B CDr00r00         [17] 2818 	call	_VPD_CommandSetupR36
      000C7E C1               [10] 2819 	pop	bc
      000C7F                       2820 00133$:
      000C7F ED 5Br04r00      [20] 2821 	ld	de, (#(_g_VDP_Command + 4) + 0)
      000C83 13               [ 6] 2822 	inc	de
      000C84 ED 53r04r00      [20] 2823 	ld	((_g_VDP_Command + 4)), de
                                   2824 ;/home/bruno/dev/MSXgl/engine/src/print.c:716: if(f & BIT_0) VPD_CommandSetupR36();
      000C88 CB 40            [ 8] 2825 	bit	0, b
      000C8A 28 05            [12] 2826 	jr	Z, 00135$
      000C8C C5               [11] 2827 	push	bc
      000C8D CDr00r00         [17] 2828 	call	_VPD_CommandSetupR36
      000C90 C1               [10] 2829 	pop	bc
      000C91                       2830 00135$:
                                   2831 ;/home/bruno/dev/MSXgl/engine/src/print.c:717: g_VDP_Command.DY++;
      000C91 2Ar06r00         [16] 2832 	ld	hl, (#(_g_VDP_Command + 6) + 0)
      000C94 23               [ 6] 2833 	inc	hl
      000C95 E3               [19] 2834 	ex	(sp), hl
      000C96 21r06r00         [10] 2835 	ld	hl, #(_g_VDP_Command + 6)
      000C99 DD 7E FB         [19] 2836 	ld	a, -5 (ix)
      000C9C 77               [ 7] 2837 	ld	(hl), a
      000C9D 23               [ 6] 2838 	inc	hl
      000C9E DD 7E FC         [19] 2839 	ld	a, -4 (ix)
      000CA1 77               [ 7] 2840 	ld	(hl), a
                                   2841 ;/home/bruno/dev/MSXgl/engine/src/print.c:704: for(u8 j = 0; j < PRINT_H(g_PrintData.PatternY); ++j)
      000CA2 0C               [ 4] 2842 	inc	c
      000CA3 C3rEEr0B         [10] 2843 	jp	00160$
      000CA6                       2844 00138$:
                                   2845 ;/home/bruno/dev/MSXgl/engine/src/print.c:726: g_VDP_Command.DY = g_PrintData.CursorY;
      000CA6 3Ar07r00         [13] 2846 	ld	a, (#_g_PrintData + 7)
      000CA9 4F               [ 4] 2847 	ld	c, a
      000CAA 06 00            [ 7] 2848 	ld	b, #0x00
      000CAC ED 43r06r00      [20] 2849 	ld	((_g_VDP_Command + 6)), bc
                                   2850 ;/home/bruno/dev/MSXgl/engine/src/print.c:727: g_VDP_Command.ARG = 0;
      000CB0 21r0Dr00         [10] 2851 	ld	hl, #(_g_VDP_Command + 13)
      000CB3 36 00            [10] 2852 	ld	(hl), #0x00
                                   2853 ;/home/bruno/dev/MSXgl/engine/src/print.c:728: g_VDP_Command.CMD = VDP_CMD_PSET + 0;
      000CB5 21r0Er00         [10] 2854 	ld	hl, #(_g_VDP_Command + 14)
      000CB8 36 50            [10] 2855 	ld	(hl), #0x50
                                   2856 ;/home/bruno/dev/MSXgl/engine/src/print.c:732: for(u8 j = 0; j < PRINT_H(g_PrintData.PatternY); ++j)
      000CBA DD 36 FF 00      [19] 2857 	ld	-1 (ix), #0x00
      000CBE                       2858 00163$:
      000CBE 21r01r00         [10] 2859 	ld	hl, #(_g_PrintData + 1)
      000CC1 DD 7E FF         [19] 2860 	ld	a,-1 (ix)
      000CC4 96               [ 7] 2861 	sub	a,(hl)
      000CC5 D2r82r0D         [10] 2862 	jp	NC, 00165$
                                   2863 ;/home/bruno/dev/MSXgl/engine/src/print.c:735: g_VDP_Command.CLR = g_PrintData.TextColor[j];
      000CC8 01r0Cr00         [10] 2864 	ld	bc, #_g_VDP_Command + 12
      000CCB 3Er08            [ 7] 2865 	ld	a, #<((_g_PrintData + 8))
      000CCD DD 86 FF         [19] 2866 	add	a, -1 (ix)
      000CD0 5F               [ 4] 2867 	ld	e, a
      000CD1 3Es00            [ 7] 2868 	ld	a, #>((_g_PrintData + 8))
      000CD3 CE 00            [ 7] 2869 	adc	a, #0x00
      000CD5 57               [ 4] 2870 	ld	d, a
      000CD6 1A               [ 7] 2871 	ld	a, (de)
      000CD7 02               [ 7] 2872 	ld	(bc), a
                                   2873 ;/home/bruno/dev/MSXgl/engine/src/print.c:737: g_VDP_Command.DX = g_PrintData.CursorX;
      000CD8 ED 4Br05r00      [20] 2874 	ld	bc, (#_g_PrintData + 5)
      000CDC ED 43r04r00      [20] 2875 	ld	((_g_VDP_Command + 4)), bc
                                   2876 ;/home/bruno/dev/MSXgl/engine/src/print.c:739: u8 f = patterns[j];
      000CE0 DD 7E FD         [19] 2877 	ld	a, -3 (ix)
      000CE3 DD 86 FF         [19] 2878 	add	a, -1 (ix)
      000CE6 6F               [ 4] 2879 	ld	l, a
                                   2880 ;	spillPairReg hl
                                   2881 ;	spillPairReg hl
      000CE7 DD 7E FE         [19] 2882 	ld	a, -2 (ix)
      000CEA CE 00            [ 7] 2883 	adc	a, #0x00
      000CEC 67               [ 4] 2884 	ld	h, a
      000CED 4E               [ 7] 2885 	ld	c, (hl)
                                   2886 ;/home/bruno/dev/MSXgl/engine/src/print.c:740: if(f & BIT_7) VPD_CommandSetupR36(); g_VDP_Command.DX++;
      000CEE CB 79            [ 8] 2887 	bit	7, c
      000CF0 28 05            [12] 2888 	jr	Z, 00140$
      000CF2 C5               [11] 2889 	push	bc
      000CF3 CDr00r00         [17] 2890 	call	_VPD_CommandSetupR36
      000CF6 C1               [10] 2891 	pop	bc
      000CF7                       2892 00140$:
      000CF7 ED 5Br04r00      [20] 2893 	ld	de, (#(_g_VDP_Command + 4) + 0)
      000CFB 13               [ 6] 2894 	inc	de
      000CFC ED 53r04r00      [20] 2895 	ld	((_g_VDP_Command + 4)), de
                                   2896 ;/home/bruno/dev/MSXgl/engine/src/print.c:741: if(f & BIT_6) VPD_CommandSetupR36(); g_VDP_Command.DX++;
      000D00 CB 71            [ 8] 2897 	bit	6, c
      000D02 28 05            [12] 2898 	jr	Z, 00142$
      000D04 C5               [11] 2899 	push	bc
      000D05 CDr00r00         [17] 2900 	call	_VPD_CommandSetupR36
      000D08 C1               [10] 2901 	pop	bc
      000D09                       2902 00142$:
      000D09 ED 5Br04r00      [20] 2903 	ld	de, (#(_g_VDP_Command + 4) + 0)
      000D0D 13               [ 6] 2904 	inc	de
      000D0E ED 53r04r00      [20] 2905 	ld	((_g_VDP_Command + 4)), de
                                   2906 ;/home/bruno/dev/MSXgl/engine/src/print.c:742: if(f & BIT_5) VPD_CommandSetupR36(); g_VDP_Command.DX++;
      000D12 CB 69            [ 8] 2907 	bit	5, c
      000D14 28 05            [12] 2908 	jr	Z, 00144$
      000D16 C5               [11] 2909 	push	bc
      000D17 CDr00r00         [17] 2910 	call	_VPD_CommandSetupR36
      000D1A C1               [10] 2911 	pop	bc
      000D1B                       2912 00144$:
      000D1B ED 5Br04r00      [20] 2913 	ld	de, (#(_g_VDP_Command + 4) + 0)
      000D1F 13               [ 6] 2914 	inc	de
      000D20 ED 53r04r00      [20] 2915 	ld	((_g_VDP_Command + 4)), de
                                   2916 ;/home/bruno/dev/MSXgl/engine/src/print.c:743: if(f & BIT_4) VPD_CommandSetupR36(); g_VDP_Command.DX++;
      000D24 CB 61            [ 8] 2917 	bit	4, c
      000D26 28 05            [12] 2918 	jr	Z, 00146$
      000D28 C5               [11] 2919 	push	bc
      000D29 CDr00r00         [17] 2920 	call	_VPD_CommandSetupR36
      000D2C C1               [10] 2921 	pop	bc
      000D2D                       2922 00146$:
      000D2D ED 5Br04r00      [20] 2923 	ld	de, (#(_g_VDP_Command + 4) + 0)
      000D31 13               [ 6] 2924 	inc	de
      000D32 ED 53r04r00      [20] 2925 	ld	((_g_VDP_Command + 4)), de
                                   2926 ;/home/bruno/dev/MSXgl/engine/src/print.c:744: if(f & BIT_3) VPD_CommandSetupR36(); g_VDP_Command.DX++;
      000D36 CB 59            [ 8] 2927 	bit	3, c
      000D38 28 05            [12] 2928 	jr	Z, 00148$
      000D3A C5               [11] 2929 	push	bc
      000D3B CDr00r00         [17] 2930 	call	_VPD_CommandSetupR36
      000D3E C1               [10] 2931 	pop	bc
      000D3F                       2932 00148$:
      000D3F ED 5Br04r00      [20] 2933 	ld	de, (#(_g_VDP_Command + 4) + 0)
      000D43 13               [ 6] 2934 	inc	de
      000D44 ED 53r04r00      [20] 2935 	ld	((_g_VDP_Command + 4)), de
                                   2936 ;/home/bruno/dev/MSXgl/engine/src/print.c:745: if(f & BIT_2) VPD_CommandSetupR36(); g_VDP_Command.DX++;
      000D48 CB 51            [ 8] 2937 	bit	2, c
      000D4A 28 05            [12] 2938 	jr	Z, 00150$
      000D4C C5               [11] 2939 	push	bc
      000D4D CDr00r00         [17] 2940 	call	_VPD_CommandSetupR36
      000D50 C1               [10] 2941 	pop	bc
      000D51                       2942 00150$:
      000D51 ED 5Br04r00      [20] 2943 	ld	de, (#(_g_VDP_Command + 4) + 0)
      000D55 13               [ 6] 2944 	inc	de
      000D56 ED 53r04r00      [20] 2945 	ld	((_g_VDP_Command + 4)), de
                                   2946 ;/home/bruno/dev/MSXgl/engine/src/print.c:746: if(f & BIT_1) VPD_CommandSetupR36(); g_VDP_Command.DX++;
      000D5A CB 49            [ 8] 2947 	bit	1, c
      000D5C 28 05            [12] 2948 	jr	Z, 00152$
      000D5E C5               [11] 2949 	push	bc
      000D5F CDr00r00         [17] 2950 	call	_VPD_CommandSetupR36
      000D62 C1               [10] 2951 	pop	bc
      000D63                       2952 00152$:
      000D63 ED 5Br04r00      [20] 2953 	ld	de, (#(_g_VDP_Command + 4) + 0)
      000D67 13               [ 6] 2954 	inc	de
      000D68 ED 53r04r00      [20] 2955 	ld	((_g_VDP_Command + 4)), de
                                   2956 ;/home/bruno/dev/MSXgl/engine/src/print.c:747: if(f & BIT_0) VPD_CommandSetupR36();
      000D6C CB 41            [ 8] 2957 	bit	0, c
      000D6E 28 03            [12] 2958 	jr	Z, 00154$
      000D70 CDr00r00         [17] 2959 	call	_VPD_CommandSetupR36
      000D73                       2960 00154$:
                                   2961 ;/home/bruno/dev/MSXgl/engine/src/print.c:748: g_VDP_Command.DY++;
      000D73 ED 4Br06r00      [20] 2962 	ld	bc, (#(_g_VDP_Command + 6) + 0)
      000D77 03               [ 6] 2963 	inc	bc
      000D78 ED 43r06r00      [20] 2964 	ld	((_g_VDP_Command + 6)), bc
                                   2965 ;/home/bruno/dev/MSXgl/engine/src/print.c:732: for(u8 j = 0; j < PRINT_H(g_PrintData.PatternY); ++j)
      000D7C DD 34 FF         [23] 2966 	inc	-1 (ix)
      000D7F C3rBEr0C         [10] 2967 	jp	00163$
      000D82                       2968 00165$:
                                   2969 ;/home/bruno/dev/MSXgl/engine/src/print.c:750: }
      000D82 DD F9            [10] 2970 	ld	sp, ix
      000D84 DD E1            [14] 2971 	pop	ix
      000D86 C9               [10] 2972 	ret
                                   2973 ;/home/bruno/dev/MSXgl/engine/src/print.c:765: void Print_SetVRAMFont(const u8* font, UY y, u8 color)
                                   2974 ;	---------------------------------
                                   2975 ; Function Print_SetVRAMFont
                                   2976 ; ---------------------------------
      000D87                       2977 _Print_SetVRAMFont::
      000D87 DD E5            [15] 2978 	push	ix
      000D89 DD 21 00 00      [14] 2979 	ld	ix,#0
      000D8D DD 39            [15] 2980 	add	ix,sp
      000D8F FD 21 F4 FF      [14] 2981 	ld	iy, #-12
      000D93 FD 39            [15] 2982 	add	iy, sp
      000D95 FD F9            [10] 2983 	ld	sp, iy
      000D97 EB               [ 4] 2984 	ex	de, hl
                                   2985 ;/home/bruno/dev/MSXgl/engine/src/print.c:767: UX cx = g_PrintData.CursorX;
      000D98 21r05r00         [10] 2986 	ld	hl, #(_g_PrintData + 5)
      000D9B 7E               [ 7] 2987 	ld	a, (hl)
      000D9C DD 77 F4         [19] 2988 	ld	-12 (ix), a
      000D9F 23               [ 6] 2989 	inc	hl
      000DA0 7E               [ 7] 2990 	ld	a, (hl)
      000DA1 DD 77 F5         [19] 2991 	ld	-11 (ix), a
                                   2992 ;/home/bruno/dev/MSXgl/engine/src/print.c:768: UY cy = g_PrintData.CursorY;
      000DA4 21r07r00         [10] 2993 	ld	hl, #(_g_PrintData + 7)
      000DA7 7E               [ 7] 2994 	ld	a, (hl)
      000DA8 DD 77 F6         [19] 2995 	ld	-10 (ix), a
                                   2996 ;/home/bruno/dev/MSXgl/engine/src/print.c:770: Print_SetFont(font);
      000DAB EB               [ 4] 2997 	ex	de, hl
      000DAC CDr26r02         [17] 2998 	call	_Print_SetFont
                                   2999 ;/home/bruno/dev/MSXgl/engine/src/print.c:771: Print_Initialize();
      000DAF CDrA2r00         [17] 3000 	call	_Print_Initialize
                                   3001 ;/home/bruno/dev/MSXgl/engine/src/print.c:772: Print_SetColor(color, 0x0);
      000DB2 2E 00            [ 7] 3002 	ld	l, #0x00
                                   3003 ;	spillPairReg hl
                                   3004 ;	spillPairReg hl
      000DB4 DD 7E 05         [19] 3005 	ld	a, 5 (ix)
      000DB7 CDrC1r04         [17] 3006 	call	_Print_SetColor
                                   3007 ;/home/bruno/dev/MSXgl/engine/src/print.c:775: Print_SetMode(PRINT_MODE_BITMAP_TRANS); // Activate default mode to write font data into VRAM
      000DBA 3E 01            [ 7] 3008 	ld	a, #0x01
      000DBC CDr9Fr01         [17] 3009 	call	_Print_SetMode
                                   3010 ;/home/bruno/dev/MSXgl/engine/src/print.c:776: g_PrintData.FontVRAMY = y;
      000DBF 21r21r00         [10] 3011 	ld	hl, #(_g_PrintData + 33)
      000DC2 DD 7E 04         [19] 3012 	ld	a, 4 (ix)
      000DC5 77               [ 7] 3013 	ld	(hl), a
                                   3014 ;/home/bruno/dev/MSXgl/engine/src/print.c:778: u8 nx = g_PrintData.ScreenWidth / PRINT_W(g_PrintData.UnitX);
      000DC6 ED 4Br1Br00      [20] 3015 	ld	bc, (#(_g_PrintData + 27) + 0)
      000DCA 3Ar02r00         [13] 3016 	ld	a, (#(_g_PrintData + 2) + 0)
      000DCD 5F               [ 4] 3017 	ld	e, a
      000DCE 16 00            [ 7] 3018 	ld	d, #0x00
      000DD0 69               [ 4] 3019 	ld	l, c
                                   3020 ;	spillPairReg hl
                                   3021 ;	spillPairReg hl
      000DD1 60               [ 4] 3022 	ld	h, b
                                   3023 ;	spillPairReg hl
                                   3024 ;	spillPairReg hl
      000DD2 CDr00r00         [17] 3025 	call	__divuint
      000DD5 DD 73 F7         [19] 3026 	ld	-9 (ix), e
                                   3027 ;/home/bruno/dev/MSXgl/engine/src/print.c:779: for(u16 chr = g_PrintData.CharFirst; chr <= g_PrintData.CharLast; ++chr)
      000DD8 3Ar15r00         [13] 3028 	ld	a, (#(_g_PrintData + 21) + 0)
      000DDB 4F               [ 4] 3029 	ld	c, a
      000DDC 06 00            [ 7] 3030 	ld	b, #0x00
      000DDE                       3031 00105$:
      000DDE 3Ar16r00         [13] 3032 	ld	a, (#_g_PrintData + 22)
      000DE1 6F               [ 4] 3033 	ld	l, a
                                   3034 ;	spillPairReg hl
                                   3035 ;	spillPairReg hl
                                   3036 ;	spillPairReg hl
                                   3037 ;	spillPairReg hl
      000DE2 AF               [ 4] 3038 	xor	a, a
      000DE3 67               [ 4] 3039 	ld	h, a
      000DE4 ED 42            [15] 3040 	sbc	hl, bc
      000DE6 DArCEr0E         [10] 3041 	jp	C, 00101$
                                   3042 ;/home/bruno/dev/MSXgl/engine/src/print.c:781: u16 idx = chr - g_PrintData.CharFirst;
      000DE9 3Ar15r00         [13] 3043 	ld	a, (#(_g_PrintData + 21) + 0)
      000DEC 16 00            [ 7] 3044 	ld	d, #0x00
      000DEE 69               [ 4] 3045 	ld	l, c
                                   3046 ;	spillPairReg hl
                                   3047 ;	spillPairReg hl
      000DEF 60               [ 4] 3048 	ld	h, b
                                   3049 ;	spillPairReg hl
                                   3050 ;	spillPairReg hl
      000DF0 5F               [ 4] 3051 	ld	e, a
      000DF1 BF               [ 4] 3052 	cp	a, a
      000DF2 ED 52            [15] 3053 	sbc	hl, de
      000DF4 DD 75 FC         [19] 3054 	ld	-4 (ix), l
      000DF7 DD 74 FD         [19] 3055 	ld	-3 (ix), h
                                   3056 ;/home/bruno/dev/MSXgl/engine/src/print.c:783: g_PrintData.CursorX = (idx % nx) * PRINT_W(g_PrintData.UnitX);		
      000DFA DD 7E F7         [19] 3057 	ld	a, -9 (ix)
      000DFD DD 77 FE         [19] 3058 	ld	-2 (ix), a
      000E00 DD 36 FF 00      [19] 3059 	ld	-1 (ix), #0x00
      000E04 C5               [11] 3060 	push	bc
      000E05 DD 5E FE         [19] 3061 	ld	e, -2 (ix)
      000E08 DD 56 FF         [19] 3062 	ld	d, -1 (ix)
      000E0B DD 6E FC         [19] 3063 	ld	l, -4 (ix)
                                   3064 ;	spillPairReg hl
                                   3065 ;	spillPairReg hl
      000E0E DD 66 FD         [19] 3066 	ld	h, -3 (ix)
                                   3067 ;	spillPairReg hl
                                   3068 ;	spillPairReg hl
      000E11 CDr00r00         [17] 3069 	call	__moduint
      000E14 D5               [11] 3070 	push	de
      000E15 FD E1            [14] 3071 	pop	iy
      000E17 C1               [10] 3072 	pop	bc
      000E18 3Ar02r00         [13] 3073 	ld	a, (#(_g_PrintData + 2) + 0)
      000E1B 5F               [ 4] 3074 	ld	e, a
      000E1C 16 00            [ 7] 3075 	ld	d, #0x00
      000E1E C5               [11] 3076 	push	bc
      000E1F FD E5            [15] 3077 	push	iy
      000E21 E1               [10] 3078 	pop	hl
      000E22 CDr00r00         [17] 3079 	call	__mulint
      000E25 DD 73 F8         [19] 3080 	ld	-8 (ix), e
      000E28 DD 72 F9         [19] 3081 	ld	-7 (ix), d
      000E2B C1               [10] 3082 	pop	bc
      000E2C 21r05r00         [10] 3083 	ld	hl, #(_g_PrintData + 5)
      000E2F DD 7E F8         [19] 3084 	ld	a, -8 (ix)
      000E32 77               [ 7] 3085 	ld	(hl), a
      000E33 23               [ 6] 3086 	inc	hl
      000E34 DD 7E F9         [19] 3087 	ld	a, -7 (ix)
      000E37 77               [ 7] 3088 	ld	(hl), a
                                   3089 ;/home/bruno/dev/MSXgl/engine/src/print.c:784: g_PrintData.CursorY = (idx / nx) * PRINT_H(g_PrintData.PatternY) + y;
      000E38 C5               [11] 3090 	push	bc
      000E39 DD 5E FE         [19] 3091 	ld	e, -2 (ix)
      000E3C DD 56 FF         [19] 3092 	ld	d, -1 (ix)
      000E3F DD 6E FC         [19] 3093 	ld	l, -4 (ix)
                                   3094 ;	spillPairReg hl
                                   3095 ;	spillPairReg hl
      000E42 DD 66 FD         [19] 3096 	ld	h, -3 (ix)
                                   3097 ;	spillPairReg hl
                                   3098 ;	spillPairReg hl
      000E45 CDr00r00         [17] 3099 	call	__divuint
      000E48 C1               [10] 3100 	pop	bc
      000E49 3Ar01r00         [13] 3101 	ld	a, (#(_g_PrintData + 1) + 0)
      000E4C C5               [11] 3102 	push	bc
      000E4D 67               [ 4] 3103 	ld	h, a
                                   3104 ;	spillPairReg hl
                                   3105 ;	spillPairReg hl
      000E4E 2E 00            [ 7] 3106 	ld	l, #0x00
      000E50 55               [ 4] 3107 	ld	d, l
      000E51 06 08            [ 7] 3108 	ld	b, #0x08
      000E53                       3109 00120$:
      000E53 29               [11] 3110 	add	hl, hl
      000E54 30 01            [12] 3111 	jr	NC, 00121$
      000E56 19               [11] 3112 	add	hl, de
      000E57                       3113 00121$:
      000E57 10 FA            [13] 3114 	djnz	00120$
      000E59 C1               [10] 3115 	pop	bc
      000E5A 7D               [ 4] 3116 	ld	a, l
      000E5B DD 86 04         [19] 3117 	add	a, 4 (ix)
      000E5E 5F               [ 4] 3118 	ld	e, a
      000E5F 21r07r00         [10] 3119 	ld	hl, #(_g_PrintData + 7)
      000E62 73               [ 7] 3120 	ld	(hl), e
                                   3121 ;/home/bruno/dev/MSXgl/engine/src/print.c:785: VDP_CommandHMMV(g_PrintData.CursorX, g_PrintData.CursorY, PRINT_W(g_PrintData.UnitX), PRINT_H(g_PrintData.PatternY), 0);
      000E63 3Ar01r00         [13] 3122 	ld	a, (#(_g_PrintData + 1) + 0)
      000E66 DD 77 FA         [19] 3123 	ld	-6 (ix), a
      000E69 DD 36 FB 00      [19] 3124 	ld	-5 (ix), #0x00
      000E6D 3Ar02r00         [13] 3125 	ld	a, (#(_g_PrintData + 2) + 0)
      000E70 DD 77 FC         [19] 3126 	ld	-4 (ix), a
      000E73 DD 36 FD 00      [19] 3127 	ld	-3 (ix), #0x00
      000E77 DD 73 FE         [19] 3128 	ld	-2 (ix), e
      000E7A DD 36 FF 00      [19] 3129 	ld	-1 (ix), #0x00
      000E7E DD 5E F8         [19] 3130 	ld	e, -8 (ix)
      000E81 DD 56 F9         [19] 3131 	ld	d, -7 (ix)
                                   3132 ;/home/bruno/dev/MSXgl/engine/src/vdp_inl.h:107: g_VDP_Command.DX = dx; 
      000E84 ED 53r04r00      [20] 3133 	ld	((_g_VDP_Command + 4)), de
                                   3134 ;/home/bruno/dev/MSXgl/engine/src/vdp_inl.h:108: g_VDP_Command.DY = dy; 
      000E88 21r06r00         [10] 3135 	ld	hl, #(_g_VDP_Command + 6)
      000E8B DD 7E FE         [19] 3136 	ld	a, -2 (ix)
      000E8E 77               [ 7] 3137 	ld	(hl), a
      000E8F 23               [ 6] 3138 	inc	hl
      000E90 DD 7E FF         [19] 3139 	ld	a, -1 (ix)
      000E93 77               [ 7] 3140 	ld	(hl), a
                                   3141 ;/home/bruno/dev/MSXgl/engine/src/vdp_inl.h:109: g_VDP_Command.NX = nx; 
      000E94 21r08r00         [10] 3142 	ld	hl, #(_g_VDP_Command + 8)
      000E97 DD 7E FC         [19] 3143 	ld	a, -4 (ix)
      000E9A 77               [ 7] 3144 	ld	(hl), a
      000E9B 23               [ 6] 3145 	inc	hl
      000E9C DD 7E FD         [19] 3146 	ld	a, -3 (ix)
      000E9F 77               [ 7] 3147 	ld	(hl), a
                                   3148 ;/home/bruno/dev/MSXgl/engine/src/vdp_inl.h:110: g_VDP_Command.NY = ny; 
      000EA0 21r0Ar00         [10] 3149 	ld	hl, #(_g_VDP_Command + 10)
      000EA3 DD 7E FA         [19] 3150 	ld	a, -6 (ix)
      000EA6 77               [ 7] 3151 	ld	(hl), a
      000EA7 23               [ 6] 3152 	inc	hl
      000EA8 DD 7E FB         [19] 3153 	ld	a, -5 (ix)
      000EAB 77               [ 7] 3154 	ld	(hl), a
                                   3155 ;/home/bruno/dev/MSXgl/engine/src/vdp_inl.h:111: g_VDP_Command.CLR = col; 
      000EAC 21r0Cr00         [10] 3156 	ld	hl, #(_g_VDP_Command + 12)
      000EAF 36 00            [10] 3157 	ld	(hl), #0x00
                                   3158 ;/home/bruno/dev/MSXgl/engine/src/vdp_inl.h:112: g_VDP_Command.ARG = arg; 
      000EB1 21r0Dr00         [10] 3159 	ld	hl, #(_g_VDP_Command + 13)
      000EB4 36 00            [10] 3160 	ld	(hl), #0x00
                                   3161 ;/home/bruno/dev/MSXgl/engine/src/vdp_inl.h:113: g_VDP_Command.CMD = VDP_CMD_HMMV;
      000EB6 21r0Er00         [10] 3162 	ld	hl, #(_g_VDP_Command + 14)
      000EB9 36 C0            [10] 3163 	ld	(hl), #0xc0
                                   3164 ;/home/bruno/dev/MSXgl/engine/src/vdp_inl.h:114: VPD_CommandSetupR36();
      000EBB C5               [11] 3165 	push	bc
      000EBC CDr00r00         [17] 3166 	call	_VPD_CommandSetupR36
      000EBF C1               [10] 3167 	pop	bc
                                   3168 ;/home/bruno/dev/MSXgl/engine/src/print.c:786: g_PrintData.DrawChar(chr);
      000EC0 2Ar18r00         [16] 3169 	ld	hl, (#_g_PrintData + 24)
      000EC3 59               [ 4] 3170 	ld	e, c
      000EC4 C5               [11] 3171 	push	bc
      000EC5 7B               [ 4] 3172 	ld	a, e
      000EC6 CDr00r00         [17] 3173 	call	___sdcc_call_hl
      000EC9 C1               [10] 3174 	pop	bc
                                   3175 ;/home/bruno/dev/MSXgl/engine/src/print.c:779: for(u16 chr = g_PrintData.CharFirst; chr <= g_PrintData.CharLast; ++chr)
      000ECA 03               [ 6] 3176 	inc	bc
      000ECB C3rDEr0D         [10] 3177 	jp	00105$
      000ECE                       3178 00101$:
                                   3179 ;/home/bruno/dev/MSXgl/engine/src/print.c:789: g_PrintData.CursorX = cx;
      000ECE 21r05r00         [10] 3180 	ld	hl, #(_g_PrintData + 5)
      000ED1 DD 7E F4         [19] 3181 	ld	a, -12 (ix)
      000ED4 77               [ 7] 3182 	ld	(hl), a
      000ED5 23               [ 6] 3183 	inc	hl
      000ED6 DD 7E F5         [19] 3184 	ld	a, -11 (ix)
      000ED9 77               [ 7] 3185 	ld	(hl), a
                                   3186 ;/home/bruno/dev/MSXgl/engine/src/print.c:790: g_PrintData.CursorY = cy;
      000EDA 21r07r00         [10] 3187 	ld	hl, #(_g_PrintData + 7)
      000EDD DD 7E F6         [19] 3188 	ld	a, -10 (ix)
      000EE0 77               [ 7] 3189 	ld	(hl), a
                                   3190 ;/home/bruno/dev/MSXgl/engine/src/print.c:792: g_PrintData.CharPerLine = g_PrintData.ScreenWidth / PRINT_W(g_PrintData.UnitX);
      000EE1 ED 4Br1Br00      [20] 3191 	ld	bc, (#(_g_PrintData + 27) + 0)
      000EE5 3Ar02r00         [13] 3192 	ld	a, (#(_g_PrintData + 2) + 0)
      000EE8 5F               [ 4] 3193 	ld	e, a
      000EE9 16 00            [ 7] 3194 	ld	d, #0x00
      000EEB 69               [ 4] 3195 	ld	l, c
                                   3196 ;	spillPairReg hl
                                   3197 ;	spillPairReg hl
      000EEC 60               [ 4] 3198 	ld	h, b
                                   3199 ;	spillPairReg hl
                                   3200 ;	spillPairReg hl
      000EED CDr00r00         [17] 3201 	call	__divuint
      000EF0 21r22r00         [10] 3202 	ld	hl, #(_g_PrintData + 34)
      000EF3 73               [ 7] 3203 	ld	(hl), e
                                   3204 ;/home/bruno/dev/MSXgl/engine/src/print.c:794: Print_SetMode(PRINT_MODE_BITMAP_VRAM);
      000EF4 3E 02            [ 7] 3205 	ld	a, #0x02
      000EF6 CDr9Fr01         [17] 3206 	call	_Print_SetMode
                                   3207 ;/home/bruno/dev/MSXgl/engine/src/print.c:795: }
      000EF9 DD F9            [10] 3208 	ld	sp, ix
      000EFB DD E1            [14] 3209 	pop	ix
      000EFD E1               [10] 3210 	pop	hl
      000EFE F1               [10] 3211 	pop	af
      000EFF E9               [ 4] 3212 	jp	(hl)
                                   3213 ;/home/bruno/dev/MSXgl/engine/src/print.c:801: void DrawChar_VRAM256(u8 chr)
                                   3214 ;	---------------------------------
                                   3215 ; Function DrawChar_VRAM256
                                   3216 ; ---------------------------------
      000F00                       3217 _DrawChar_VRAM256::
      000F00 DD E5            [15] 3218 	push	ix
      000F02 DD 21 00 00      [14] 3219 	ld	ix,#0
      000F06 DD 39            [15] 3220 	add	ix,sp
      000F08 21 F8 FF         [10] 3221 	ld	hl, #-8
      000F0B 39               [11] 3222 	add	hl, sp
      000F0C F9               [ 6] 3223 	ld	sp, hl
                                   3224 ;/home/bruno/dev/MSXgl/engine/src/print.c:804: chr = Print_ValidateChar(chr);
      000F0D CDr74r06         [17] 3225 	call	_Print_ValidateChar
      000F10 4F               [ 4] 3226 	ld	c, a
                                   3227 ;/home/bruno/dev/MSXgl/engine/src/print.c:806: u8 idx = chr - g_PrintData.CharFirst;
      000F11 21r15r00         [10] 3228 	ld	hl, #_g_PrintData + 21
      000F14 46               [ 7] 3229 	ld	b, (hl)
      000F15 79               [ 4] 3230 	ld	a, c
      000F16 90               [ 4] 3231 	sub	a, b
      000F17 5F               [ 4] 3232 	ld	e, a
                                   3233 ;/home/bruno/dev/MSXgl/engine/src/print.c:814: u16 sx = (idx % g_PrintData.CharPerLine) * PRINT_W(g_PrintData.UnitX);		
      000F18 21r22r00         [10] 3234 	ld	hl, #_g_PrintData + 34
      000F1B 56               [ 7] 3235 	ld	d, (hl)
      000F1C D5               [11] 3236 	push	de
      000F1D 6A               [ 4] 3237 	ld	l, d
                                   3238 ;	spillPairReg hl
                                   3239 ;	spillPairReg hl
      000F1E 7B               [ 4] 3240 	ld	a, e
      000F1F CDr00r00         [17] 3241 	call	__moduchar
      000F22 7B               [ 4] 3242 	ld	a, e
      000F23 D1               [10] 3243 	pop	de
      000F24 21r02r00         [10] 3244 	ld	hl, #_g_PrintData + 2
      000F27 4E               [ 7] 3245 	ld	c, (hl)
      000F28 D5               [11] 3246 	push	de
      000F29 59               [ 4] 3247 	ld	e, c
      000F2A 67               [ 4] 3248 	ld	h, a
                                   3249 ;	spillPairReg hl
                                   3250 ;	spillPairReg hl
      000F2B 2E 00            [ 7] 3251 	ld	l, #0x00
      000F2D 55               [ 4] 3252 	ld	d, l
      000F2E 06 08            [ 7] 3253 	ld	b, #0x08
      000F30                       3254 00105$:
      000F30 29               [11] 3255 	add	hl, hl
      000F31 30 01            [12] 3256 	jr	NC, 00106$
      000F33 19               [11] 3257 	add	hl, de
      000F34                       3258 00106$:
      000F34 10 FA            [13] 3259 	djnz	00105$
      000F36 D1               [10] 3260 	pop	de
      000F37 E3               [19] 3261 	ex	(sp), hl
                                   3262 ;/home/bruno/dev/MSXgl/engine/src/print.c:815: u16 sy = (idx / g_PrintData.CharPerLine) * PRINT_H(g_PrintData.PatternY) + g_PrintData.FontVRAMY;
      000F38 C5               [11] 3263 	push	bc
      000F39 6A               [ 4] 3264 	ld	l, d
                                   3265 ;	spillPairReg hl
                                   3266 ;	spillPairReg hl
      000F3A 7B               [ 4] 3267 	ld	a, e
      000F3B CDr00r00         [17] 3268 	call	__divuchar
      000F3E C1               [10] 3269 	pop	bc
      000F3F 3Ar01r00         [13] 3270 	ld	a, (#_g_PrintData + 1)
      000F42 DD 77 FF         [19] 3271 	ld	-1 (ix), a
      000F45 67               [ 4] 3272 	ld	h, a
                                   3273 ;	spillPairReg hl
                                   3274 ;	spillPairReg hl
      000F46 2E 00            [ 7] 3275 	ld	l, #0x00
      000F48 55               [ 4] 3276 	ld	d, l
      000F49 06 08            [ 7] 3277 	ld	b, #0x08
      000F4B                       3278 00107$:
      000F4B 29               [11] 3279 	add	hl, hl
      000F4C 30 01            [12] 3280 	jr	NC, 00108$
      000F4E 19               [11] 3281 	add	hl, de
      000F4F                       3282 00108$:
      000F4F 10 FA            [13] 3283 	djnz	00107$
      000F51 EB               [ 4] 3284 	ex	de, hl
      000F52 3Ar21r00         [13] 3285 	ld	a, (#_g_PrintData + 33)
      000F55 6F               [ 4] 3286 	ld	l, a
                                   3287 ;	spillPairReg hl
                                   3288 ;	spillPairReg hl
      000F56 26 00            [ 7] 3289 	ld	h, #0x00
                                   3290 ;	spillPairReg hl
                                   3291 ;	spillPairReg hl
      000F58 19               [11] 3292 	add	hl, de
      000F59 EB               [ 4] 3293 	ex	de, hl
                                   3294 ;/home/bruno/dev/MSXgl/engine/src/print.c:818: VDP_CommandHMMM(sx, sy, g_PrintData.CursorX, g_PrintData.CursorY, PRINT_W(g_PrintData.UnitX), PRINT_H(g_PrintData.PatternY));
      000F5A DD 7E FF         [19] 3295 	ld	a, -1 (ix)
      000F5D DD 77 FA         [19] 3296 	ld	-6 (ix), a
      000F60 DD 36 FB 00      [19] 3297 	ld	-5 (ix), #0x00
      000F64 06 00            [ 7] 3298 	ld	b, #0x00
      000F66 3Ar07r00         [13] 3299 	ld	a, (#_g_PrintData + 7)
      000F69 DD 77 FC         [19] 3300 	ld	-4 (ix), a
      000F6C DD 36 FD 00      [19] 3301 	ld	-3 (ix), #0x00
      000F70 21r05r00         [10] 3302 	ld	hl, #_g_PrintData + 5
      000F73 7E               [ 7] 3303 	ld	a, (hl)
      000F74 DD 77 FE         [19] 3304 	ld	-2 (ix), a
      000F77 23               [ 6] 3305 	inc	hl
      000F78 7E               [ 7] 3306 	ld	a, (hl)
      000F79 DD 77 FF         [19] 3307 	ld	-1 (ix), a
                                   3308 ;/home/bruno/dev/MSXgl/engine/src/vdp_inl.h:75: g_VDP_Command.SX = sx;
      000F7C 21r00r00         [10] 3309 	ld	hl, #_g_VDP_Command
      000F7F DD 7E F8         [19] 3310 	ld	a, -8 (ix)
      000F82 77               [ 7] 3311 	ld	(hl), a
      000F83 23               [ 6] 3312 	inc	hl
      000F84 DD 7E F9         [19] 3313 	ld	a, -7 (ix)
      000F87 77               [ 7] 3314 	ld	(hl), a
                                   3315 ;/home/bruno/dev/MSXgl/engine/src/vdp_inl.h:76: g_VDP_Command.SY = sy;
      000F88 ED 53r02r00      [20] 3316 	ld	((_g_VDP_Command + 2)), de
                                   3317 ;/home/bruno/dev/MSXgl/engine/src/vdp_inl.h:77: g_VDP_Command.DX = dx;
      000F8C 21r04r00         [10] 3318 	ld	hl, #(_g_VDP_Command + 4)
      000F8F DD 7E FE         [19] 3319 	ld	a, -2 (ix)
      000F92 77               [ 7] 3320 	ld	(hl), a
      000F93 23               [ 6] 3321 	inc	hl
      000F94 DD 7E FF         [19] 3322 	ld	a, -1 (ix)
      000F97 77               [ 7] 3323 	ld	(hl), a
                                   3324 ;/home/bruno/dev/MSXgl/engine/src/vdp_inl.h:78: g_VDP_Command.DY = dy;
      000F98 21r06r00         [10] 3325 	ld	hl, #(_g_VDP_Command + 6)
      000F9B DD 7E FC         [19] 3326 	ld	a, -4 (ix)
      000F9E 77               [ 7] 3327 	ld	(hl), a
      000F9F 23               [ 6] 3328 	inc	hl
      000FA0 DD 7E FD         [19] 3329 	ld	a, -3 (ix)
      000FA3 77               [ 7] 3330 	ld	(hl), a
                                   3331 ;/home/bruno/dev/MSXgl/engine/src/vdp_inl.h:79: g_VDP_Command.NX = nx;
      000FA4 ED 43r08r00      [20] 3332 	ld	((_g_VDP_Command + 8)), bc
                                   3333 ;/home/bruno/dev/MSXgl/engine/src/vdp_inl.h:80: g_VDP_Command.NY = ny;
      000FA8 21r0Ar00         [10] 3334 	ld	hl, #(_g_VDP_Command + 10)
      000FAB DD 7E FA         [19] 3335 	ld	a, -6 (ix)
      000FAE 77               [ 7] 3336 	ld	(hl), a
      000FAF 23               [ 6] 3337 	inc	hl
      000FB0 DD 7E FB         [19] 3338 	ld	a, -5 (ix)
      000FB3 77               [ 7] 3339 	ld	(hl), a
                                   3340 ;/home/bruno/dev/MSXgl/engine/src/vdp_inl.h:81: g_VDP_Command.ARG = arg; 
      000FB4 21r0Dr00         [10] 3341 	ld	hl, #(_g_VDP_Command + 13)
      000FB7 36 00            [10] 3342 	ld	(hl), #0x00
                                   3343 ;/home/bruno/dev/MSXgl/engine/src/vdp_inl.h:82: g_VDP_Command.CMD = VDP_CMD_HMMM;
      000FB9 21r0Er00         [10] 3344 	ld	hl, #(_g_VDP_Command + 14)
      000FBC 36 D0            [10] 3345 	ld	(hl), #0xd0
                                   3346 ;/home/bruno/dev/MSXgl/engine/src/vdp_inl.h:83: VPD_CommandSetupR32();
      000FBE CDr00r00         [17] 3347 	call	_VPD_CommandSetupR32
                                   3348 ;/home/bruno/dev/MSXgl/engine/src/print.c:818: VDP_CommandHMMM(sx, sy, g_PrintData.CursorX, g_PrintData.CursorY, PRINT_W(g_PrintData.UnitX), PRINT_H(g_PrintData.PatternY));
                                   3349 ;/home/bruno/dev/MSXgl/engine/src/print.c:819: }
      000FC1 DD F9            [10] 3350 	ld	sp, ix
      000FC3 DD E1            [14] 3351 	pop	ix
      000FC5 C9               [10] 3352 	ret
                                   3353 ;/home/bruno/dev/MSXgl/engine/src/print.c:826: void DrawChar_VRAM512(u8 chr)
                                   3354 ;	---------------------------------
                                   3355 ; Function DrawChar_VRAM512
                                   3356 ; ---------------------------------
      000FC6                       3357 _DrawChar_VRAM512::
      000FC6 DD E5            [15] 3358 	push	ix
      000FC8 DD 21 00 00      [14] 3359 	ld	ix,#0
      000FCC DD 39            [15] 3360 	add	ix,sp
      000FCE 21 F8 FF         [10] 3361 	ld	hl, #-8
      000FD1 39               [11] 3362 	add	hl, sp
      000FD2 F9               [ 6] 3363 	ld	sp, hl
                                   3364 ;/home/bruno/dev/MSXgl/engine/src/print.c:829: chr = Print_ValidateChar(chr);
      000FD3 CDr74r06         [17] 3365 	call	_Print_ValidateChar
      000FD6 4F               [ 4] 3366 	ld	c, a
                                   3367 ;/home/bruno/dev/MSXgl/engine/src/print.c:831: u8 idx = chr - g_PrintData.CharFirst;
      000FD7 21r15r00         [10] 3368 	ld	hl, #_g_PrintData + 21
      000FDA 46               [ 7] 3369 	ld	b, (hl)
      000FDB 79               [ 4] 3370 	ld	a, c
      000FDC 90               [ 4] 3371 	sub	a, b
      000FDD 5F               [ 4] 3372 	ld	e, a
                                   3373 ;/home/bruno/dev/MSXgl/engine/src/print.c:839: u16 sx = (idx % g_PrintData.CharPerLine) * PRINT_W(g_PrintData.UnitX);		
      000FDE 21r22r00         [10] 3374 	ld	hl, #_g_PrintData + 34
      000FE1 56               [ 7] 3375 	ld	d, (hl)
      000FE2 D5               [11] 3376 	push	de
      000FE3 6A               [ 4] 3377 	ld	l, d
                                   3378 ;	spillPairReg hl
                                   3379 ;	spillPairReg hl
      000FE4 7B               [ 4] 3380 	ld	a, e
      000FE5 CDr00r00         [17] 3381 	call	__moduchar
      000FE8 7B               [ 4] 3382 	ld	a, e
      000FE9 D1               [10] 3383 	pop	de
      000FEA 21r02r00         [10] 3384 	ld	hl, #_g_PrintData + 2
      000FED 4E               [ 7] 3385 	ld	c, (hl)
      000FEE D5               [11] 3386 	push	de
      000FEF 59               [ 4] 3387 	ld	e, c
      000FF0 67               [ 4] 3388 	ld	h, a
                                   3389 ;	spillPairReg hl
                                   3390 ;	spillPairReg hl
      000FF1 2E 00            [ 7] 3391 	ld	l, #0x00
      000FF3 55               [ 4] 3392 	ld	d, l
      000FF4 06 08            [ 7] 3393 	ld	b, #0x08
      000FF6                       3394 00105$:
      000FF6 29               [11] 3395 	add	hl, hl
      000FF7 30 01            [12] 3396 	jr	NC, 00106$
      000FF9 19               [11] 3397 	add	hl, de
      000FFA                       3398 00106$:
      000FFA 10 FA            [13] 3399 	djnz	00105$
      000FFC D1               [10] 3400 	pop	de
      000FFD E3               [19] 3401 	ex	(sp), hl
                                   3402 ;/home/bruno/dev/MSXgl/engine/src/print.c:840: u16 sy = (idx / g_PrintData.CharPerLine) * PRINT_H(g_PrintData.PatternY) + g_PrintData.FontVRAMY;
      000FFE C5               [11] 3403 	push	bc
      000FFF 6A               [ 4] 3404 	ld	l, d
                                   3405 ;	spillPairReg hl
                                   3406 ;	spillPairReg hl
      001000 7B               [ 4] 3407 	ld	a, e
      001001 CDr00r00         [17] 3408 	call	__divuchar
      001004 C1               [10] 3409 	pop	bc
      001005 3Ar01r00         [13] 3410 	ld	a, (#_g_PrintData + 1)
      001008 DD 77 FF         [19] 3411 	ld	-1 (ix), a
      00100B 67               [ 4] 3412 	ld	h, a
                                   3413 ;	spillPairReg hl
                                   3414 ;	spillPairReg hl
      00100C 2E 00            [ 7] 3415 	ld	l, #0x00
      00100E 55               [ 4] 3416 	ld	d, l
      00100F 06 08            [ 7] 3417 	ld	b, #0x08
      001011                       3418 00107$:
      001011 29               [11] 3419 	add	hl, hl
      001012 30 01            [12] 3420 	jr	NC, 00108$
      001014 19               [11] 3421 	add	hl, de
      001015                       3422 00108$:
      001015 10 FA            [13] 3423 	djnz	00107$
      001017 EB               [ 4] 3424 	ex	de, hl
      001018 3Ar21r00         [13] 3425 	ld	a, (#_g_PrintData + 33)
      00101B 6F               [ 4] 3426 	ld	l, a
                                   3427 ;	spillPairReg hl
                                   3428 ;	spillPairReg hl
      00101C 26 00            [ 7] 3429 	ld	h, #0x00
                                   3430 ;	spillPairReg hl
                                   3431 ;	spillPairReg hl
      00101E 19               [11] 3432 	add	hl, de
      00101F EB               [ 4] 3433 	ex	de, hl
                                   3434 ;/home/bruno/dev/MSXgl/engine/src/print.c:843: VDP_CommandHMMM(sx, sy, g_PrintData.CursorX, g_PrintData.CursorY, PRINT_W(g_PrintData.UnitX), PRINT_H(g_PrintData.PatternY));
      001020 DD 7E FF         [19] 3435 	ld	a, -1 (ix)
      001023 DD 77 FA         [19] 3436 	ld	-6 (ix), a
      001026 DD 36 FB 00      [19] 3437 	ld	-5 (ix), #0x00
      00102A 06 00            [ 7] 3438 	ld	b, #0x00
      00102C 3Ar07r00         [13] 3439 	ld	a, (#_g_PrintData + 7)
      00102F DD 77 FC         [19] 3440 	ld	-4 (ix), a
      001032 DD 36 FD 00      [19] 3441 	ld	-3 (ix), #0x00
      001036 21r05r00         [10] 3442 	ld	hl, #_g_PrintData + 5
      001039 7E               [ 7] 3443 	ld	a, (hl)
      00103A DD 77 FE         [19] 3444 	ld	-2 (ix), a
      00103D 23               [ 6] 3445 	inc	hl
      00103E 7E               [ 7] 3446 	ld	a, (hl)
      00103F DD 77 FF         [19] 3447 	ld	-1 (ix), a
                                   3448 ;/home/bruno/dev/MSXgl/engine/src/vdp_inl.h:75: g_VDP_Command.SX = sx;
      001042 21r00r00         [10] 3449 	ld	hl, #_g_VDP_Command
      001045 DD 7E F8         [19] 3450 	ld	a, -8 (ix)
      001048 77               [ 7] 3451 	ld	(hl), a
      001049 23               [ 6] 3452 	inc	hl
      00104A DD 7E F9         [19] 3453 	ld	a, -7 (ix)
      00104D 77               [ 7] 3454 	ld	(hl), a
                                   3455 ;/home/bruno/dev/MSXgl/engine/src/vdp_inl.h:76: g_VDP_Command.SY = sy;
      00104E ED 53r02r00      [20] 3456 	ld	((_g_VDP_Command + 2)), de
                                   3457 ;/home/bruno/dev/MSXgl/engine/src/vdp_inl.h:77: g_VDP_Command.DX = dx;
      001052 21r04r00         [10] 3458 	ld	hl, #(_g_VDP_Command + 4)
      001055 DD 7E FE         [19] 3459 	ld	a, -2 (ix)
      001058 77               [ 7] 3460 	ld	(hl), a
      001059 23               [ 6] 3461 	inc	hl
      00105A DD 7E FF         [19] 3462 	ld	a, -1 (ix)
      00105D 77               [ 7] 3463 	ld	(hl), a
                                   3464 ;/home/bruno/dev/MSXgl/engine/src/vdp_inl.h:78: g_VDP_Command.DY = dy;
      00105E 21r06r00         [10] 3465 	ld	hl, #(_g_VDP_Command + 6)
      001061 DD 7E FC         [19] 3466 	ld	a, -4 (ix)
      001064 77               [ 7] 3467 	ld	(hl), a
      001065 23               [ 6] 3468 	inc	hl
      001066 DD 7E FD         [19] 3469 	ld	a, -3 (ix)
      001069 77               [ 7] 3470 	ld	(hl), a
                                   3471 ;/home/bruno/dev/MSXgl/engine/src/vdp_inl.h:79: g_VDP_Command.NX = nx;
      00106A ED 43r08r00      [20] 3472 	ld	((_g_VDP_Command + 8)), bc
                                   3473 ;/home/bruno/dev/MSXgl/engine/src/vdp_inl.h:80: g_VDP_Command.NY = ny;
      00106E 21r0Ar00         [10] 3474 	ld	hl, #(_g_VDP_Command + 10)
      001071 DD 7E FA         [19] 3475 	ld	a, -6 (ix)
      001074 77               [ 7] 3476 	ld	(hl), a
      001075 23               [ 6] 3477 	inc	hl
      001076 DD 7E FB         [19] 3478 	ld	a, -5 (ix)
      001079 77               [ 7] 3479 	ld	(hl), a
                                   3480 ;/home/bruno/dev/MSXgl/engine/src/vdp_inl.h:81: g_VDP_Command.ARG = arg; 
      00107A 21r0Dr00         [10] 3481 	ld	hl, #(_g_VDP_Command + 13)
      00107D 36 00            [10] 3482 	ld	(hl), #0x00
                                   3483 ;/home/bruno/dev/MSXgl/engine/src/vdp_inl.h:82: g_VDP_Command.CMD = VDP_CMD_HMMM;
      00107F 21r0Er00         [10] 3484 	ld	hl, #(_g_VDP_Command + 14)
      001082 36 D0            [10] 3485 	ld	(hl), #0xd0
                                   3486 ;/home/bruno/dev/MSXgl/engine/src/vdp_inl.h:83: VPD_CommandSetupR32();
      001084 CDr00r00         [17] 3487 	call	_VPD_CommandSetupR32
                                   3488 ;/home/bruno/dev/MSXgl/engine/src/print.c:843: VDP_CommandHMMM(sx, sy, g_PrintData.CursorX, g_PrintData.CursorY, PRINT_W(g_PrintData.UnitX), PRINT_H(g_PrintData.PatternY));
                                   3489 ;/home/bruno/dev/MSXgl/engine/src/print.c:844: }
      001087 DD F9            [10] 3490 	ld	sp, ix
      001089 DD E1            [14] 3491 	pop	ix
      00108B C9               [10] 3492 	ret
                                   3493 ;/home/bruno/dev/MSXgl/engine/src/print.c:860: void CopyNo8HeightFontData(const u8* src, u16 dst, u8 height)
                                   3494 ;	---------------------------------
                                   3495 ; Function CopyNo8HeightFontData
                                   3496 ; ---------------------------------
      00108C                       3497 _CopyNo8HeightFontData::
      00108C DD E5            [15] 3498 	push	ix
      00108E DD 21 00 00      [14] 3499 	ld	ix,#0
      001092 DD 39            [15] 3500 	add	ix,sp
      001094 F5               [11] 3501 	push	af
      001095 3B               [ 6] 3502 	dec	sp
      001096 E3               [19] 3503 	ex	(sp), hl
      001097 4B               [ 4] 3504 	ld	c, e
      001098 42               [ 4] 3505 	ld	b, d
                                   3506 ;/home/bruno/dev/MSXgl/engine/src/print.c:862: for(u8 i = 0; i < g_PrintData.CharCount; ++i)
      001099 DD 36 FF 00      [19] 3507 	ld	-1 (ix), #0x00
      00109D                       3508 00103$:
      00109D 21r17r00         [10] 3509 	ld	hl, #(_g_PrintData + 23)
      0010A0 5E               [ 7] 3510 	ld	e, (hl)
      0010A1 DD 7E FF         [19] 3511 	ld	a, -1 (ix)
      0010A4 93               [ 4] 3512 	sub	a, e
      0010A5 30 3F            [12] 3513 	jr	NC, 00105$
                                   3514 ;/home/bruno/dev/MSXgl/engine/src/print.c:864: VDP_FillVRAM(0, dst, 0, 8);
      0010A7 C5               [11] 3515 	push	bc
      0010A8 21 08 00         [10] 3516 	ld	hl, #0x0008
      0010AB E5               [11] 3517 	push	hl
      0010AC AF               [ 4] 3518 	xor	a, a
      0010AD F5               [11] 3519 	push	af
      0010AE 33               [ 6] 3520 	inc	sp
      0010AF 59               [ 4] 3521 	ld	e, c
      0010B0 50               [ 4] 3522 	ld	d, b
      0010B1 AF               [ 4] 3523 	xor	a, a
      0010B2 CDr00r00         [17] 3524 	call	_VDP_FillVRAM_128K
      0010B5 C1               [10] 3525 	pop	bc
                                   3526 ;/home/bruno/dev/MSXgl/engine/src/print.c:865: VDP_WriteVRAM(src, dst, 0, height);
      0010B6 DD 5E 04         [19] 3527 	ld	e, 4 (ix)
      0010B9 16 00            [ 7] 3528 	ld	d, #0x00
      0010BB C5               [11] 3529 	push	bc
      0010BC D5               [11] 3530 	push	de
      0010BD AF               [ 4] 3531 	xor	a, a
      0010BE F5               [11] 3532 	push	af
      0010BF 33               [ 6] 3533 	inc	sp
      0010C0 59               [ 4] 3534 	ld	e, c
      0010C1 50               [ 4] 3535 	ld	d, b
      0010C2 DD 6E FD         [19] 3536 	ld	l, -3 (ix)
                                   3537 ;	spillPairReg hl
                                   3538 ;	spillPairReg hl
      0010C5 DD 66 FE         [19] 3539 	ld	h, -2 (ix)
                                   3540 ;	spillPairReg hl
                                   3541 ;	spillPairReg hl
      0010C8 CDr00r00         [17] 3542 	call	_VDP_WriteVRAM_128K
      0010CB C1               [10] 3543 	pop	bc
                                   3544 ;/home/bruno/dev/MSXgl/engine/src/print.c:866: src += height;
      0010CC DD 7E FD         [19] 3545 	ld	a, -3 (ix)
      0010CF DD 86 04         [19] 3546 	add	a, 4 (ix)
      0010D2 DD 77 FD         [19] 3547 	ld	-3 (ix), a
      0010D5 30 03            [12] 3548 	jr	NC, 00118$
      0010D7 DD 34 FE         [23] 3549 	inc	-2 (ix)
      0010DA                       3550 00118$:
                                   3551 ;/home/bruno/dev/MSXgl/engine/src/print.c:867: dst += 8;
      0010DA 21 08 00         [10] 3552 	ld	hl, #0x0008
      0010DD 09               [11] 3553 	add	hl, bc
      0010DE 4D               [ 4] 3554 	ld	c, l
      0010DF 44               [ 4] 3555 	ld	b, h
                                   3556 ;/home/bruno/dev/MSXgl/engine/src/print.c:862: for(u8 i = 0; i < g_PrintData.CharCount; ++i)
      0010E0 DD 34 FF         [23] 3557 	inc	-1 (ix)
      0010E3 C3r9Dr10         [10] 3558 	jp	00103$
      0010E6                       3559 00105$:
                                   3560 ;/home/bruno/dev/MSXgl/engine/src/print.c:869: }
      0010E6 DD F9            [10] 3561 	ld	sp, ix
      0010E8 DD E1            [14] 3562 	pop	ix
      0010EA E1               [10] 3563 	pop	hl
      0010EB 33               [ 6] 3564 	inc	sp
      0010EC E9               [ 4] 3565 	jp	(hl)
                                   3566 ;/home/bruno/dev/MSXgl/engine/src/print.c:874: void Print_SetTextFont(const u8* fontData, u8 offset)
                                   3567 ;	---------------------------------
                                   3568 ; Function Print_SetTextFont
                                   3569 ; ---------------------------------
      0010ED                       3570 _Print_SetTextFont::
      0010ED DD E5            [15] 3571 	push	ix
      0010EF DD 21 00 00      [14] 3572 	ld	ix,#0
      0010F3 DD 39            [15] 3573 	add	ix,sp
      0010F5 FD 21 F4 FF      [14] 3574 	ld	iy, #-12
      0010F9 FD 39            [15] 3575 	add	iy, sp
      0010FB FD F9            [10] 3576 	ld	sp, iy
      0010FD DD 75 FE         [19] 3577 	ld	-2 (ix), l
      001100 DD 74 FF         [19] 3578 	ld	-1 (ix), h
                                   3579 ;/home/bruno/dev/MSXgl/engine/src/print.c:876: g_PrintData.PatternOffset = offset;
      001103 21r25r00         [10] 3580 	ld	hl, #(_g_PrintData + 37)
      001106 DD 7E 04         [19] 3581 	ld	a, 4 (ix)
      001109 77               [ 7] 3582 	ld	(hl), a
                                   3583 ;/home/bruno/dev/MSXgl/engine/src/print.c:879: if(fontData == NULL) // Use Bios font (if any)
      00110A DD 7E FF         [19] 3584 	ld	a, -1 (ix)
      00110D DD B6 FE         [19] 3585 	or	a, -2 (ix)
      001110 C2r96r11         [10] 3586 	jp	NZ, 00102$
                                   3587 ;/home/bruno/dev/MSXgl/engine/src/print.c:880: Print_SetFontEx(8, 8, 1, 1, 1, 255, (const u8*)g_CGTABL + 8); // @todo Should be [1, 255] to include all characters
      001113 2A 04 00         [16] 3588 	ld	hl, (_g_CGTABL)
      001116 DD 75 FC         [19] 3589 	ld	-4 (ix), l
      001119 DD 74 FD         [19] 3590 	ld	-3 (ix), h
      00111C DD 7E FC         [19] 3591 	ld	a, -4 (ix)
      00111F C6 08            [ 7] 3592 	add	a, #0x08
      001121 DD 77 F8         [19] 3593 	ld	-8 (ix), a
      001124 DD 7E FD         [19] 3594 	ld	a, -3 (ix)
      001127 CE 00            [ 7] 3595 	adc	a, #0x00
      001129 DD 77 F9         [19] 3596 	ld	-7 (ix), a
                                   3597 ;/home/bruno/dev/MSXgl/engine/src/print.h:197: g_PrintData.PatternX     = patternX;
      00112C 21r00r00         [10] 3598 	ld	hl, #_g_PrintData
      00112F 36 08            [10] 3599 	ld	(hl), #0x08
                                   3600 ;/home/bruno/dev/MSXgl/engine/src/print.h:198: g_PrintData.PatternY     = patternY;
      001131 21r01r00         [10] 3601 	ld	hl, #(_g_PrintData + 1)
      001134 36 08            [10] 3602 	ld	(hl), #0x08
                                   3603 ;/home/bruno/dev/MSXgl/engine/src/print.h:199: g_PrintData.UnitX        = sizeX;
      001136 21r02r00         [10] 3604 	ld	hl, #(_g_PrintData + 2)
      001139 36 01            [10] 3605 	ld	(hl), #0x01
                                   3606 ;/home/bruno/dev/MSXgl/engine/src/print.h:200: g_PrintData.UnitY        = sizeY;
      00113B 21r03r00         [10] 3607 	ld	hl, #(_g_PrintData + 3)
      00113E 36 01            [10] 3608 	ld	(hl), #0x01
                                   3609 ;/home/bruno/dev/MSXgl/engine/src/print.h:201: g_PrintData.CharFirst    = firstChr;
      001140 21r15r00         [10] 3610 	ld	hl, #(_g_PrintData + 21)
      001143 36 01            [10] 3611 	ld	(hl), #0x01
                                   3612 ;/home/bruno/dev/MSXgl/engine/src/print.h:202: g_PrintData.CharLast     = lastChr;
      001145 21r16r00         [10] 3613 	ld	hl, #(_g_PrintData + 22)
      001148 36 FF            [10] 3614 	ld	(hl), #0xff
                                   3615 ;/home/bruno/dev/MSXgl/engine/src/print.h:203: g_PrintData.CharCount    = lastChr - firstChr + 1;
      00114A 21r17r00         [10] 3616 	ld	hl, #_g_PrintData + 23
      00114D E3               [19] 3617 	ex	(sp), hl
      00114E E1               [10] 3618 	pop	hl
      00114F E5               [11] 3619 	push	hl
      001150 36 FF            [10] 3620 	ld	(hl), #0xff
                                   3621 ;/home/bruno/dev/MSXgl/engine/src/print.h:204: g_PrintData.FontPatterns = patterns;
      001152 21r1Dr00         [10] 3622 	ld	hl, #_g_PrintData + 29
      001155 DD 75 F6         [19] 3623 	ld	-10 (ix), l
      001158 DD 74 F7         [19] 3624 	ld	-9 (ix), h
      00115B C1               [10] 3625 	pop	bc
      00115C E1               [10] 3626 	pop	hl
      00115D E5               [11] 3627 	push	hl
      00115E C5               [11] 3628 	push	bc
      00115F DD 7E F8         [19] 3629 	ld	a, -8 (ix)
      001162 77               [ 7] 3630 	ld	(hl), a
      001163 23               [ 6] 3631 	inc	hl
      001164 DD 7E F9         [19] 3632 	ld	a, -7 (ix)
      001167 77               [ 7] 3633 	ld	(hl), a
                                   3634 ;/home/bruno/dev/MSXgl/engine/src/print.h:205: g_PrintData.FontAddr     = g_PrintData.FontPatterns - (firstChr * g_PrintData.PatternY); // pre-compute address of the virtual index 0 character (used to quick drawing in PutChar_GX functions)
      001168 3Ar01r00         [13] 3635 	ld	a, (#(_g_PrintData + 1) + 0)
      00116B DD 77 FD         [19] 3636 	ld	-3 (ix), a
      00116E DD 77 FA         [19] 3637 	ld	-6 (ix), a
      001171 DD 36 FB 00      [19] 3638 	ld	-5 (ix), #0x00
      001175 DD 7E F8         [19] 3639 	ld	a, -8 (ix)
      001178 DD 96 FA         [19] 3640 	sub	a, -6 (ix)
      00117B DD 77 FC         [19] 3641 	ld	-4 (ix), a
      00117E DD 7E F9         [19] 3642 	ld	a, -7 (ix)
      001181 DD 9E FB         [19] 3643 	sbc	a, -5 (ix)
      001184 DD 77 FD         [19] 3644 	ld	-3 (ix), a
      001187 21r1Fr00         [10] 3645 	ld	hl, #(_g_PrintData + 31)
      00118A DD 7E FC         [19] 3646 	ld	a, -4 (ix)
      00118D 77               [ 7] 3647 	ld	(hl), a
      00118E 23               [ 6] 3648 	inc	hl
      00118F DD 7E FD         [19] 3649 	ld	a, -3 (ix)
      001192 77               [ 7] 3650 	ld	(hl), a
                                   3651 ;/home/bruno/dev/MSXgl/engine/src/print.c:880: Print_SetFontEx(8, 8, 1, 1, 1, 255, (const u8*)g_CGTABL + 8); // @todo Should be [1, 255] to include all characters
      001193 C3r5Er12         [10] 3652 	jp	00103$
      001196                       3653 00102$:
                                   3654 ;/home/bruno/dev/MSXgl/engine/src/print.c:882: Print_SetFontEx(8, 8, 1, 1, fontData[2], fontData[3], fontData+4);
      001196 DD 7E FE         [19] 3655 	ld	a, -2 (ix)
      001199 C6 04            [ 7] 3656 	add	a, #0x04
      00119B DD 77 F8         [19] 3657 	ld	-8 (ix), a
      00119E DD 7E FF         [19] 3658 	ld	a, -1 (ix)
      0011A1 CE 00            [ 7] 3659 	adc	a, #0x00
      0011A3 DD 77 F9         [19] 3660 	ld	-7 (ix), a
      0011A6 DD 7E FE         [19] 3661 	ld	a, -2 (ix)
      0011A9 DD 77 FC         [19] 3662 	ld	-4 (ix), a
      0011AC DD 7E FF         [19] 3663 	ld	a, -1 (ix)
      0011AF DD 77 FD         [19] 3664 	ld	-3 (ix), a
      0011B2 DD 6E FC         [19] 3665 	ld	l, -4 (ix)
      0011B5 DD 66 FD         [19] 3666 	ld	h, -3 (ix)
      0011B8 23               [ 6] 3667 	inc	hl
      0011B9 23               [ 6] 3668 	inc	hl
      0011BA 23               [ 6] 3669 	inc	hl
      0011BB 7E               [ 7] 3670 	ld	a, (hl)
      0011BC DD 77 FD         [19] 3671 	ld	-3 (ix), a
      0011BF DD 7E FE         [19] 3672 	ld	a, -2 (ix)
      0011C2 DD 77 FB         [19] 3673 	ld	-5 (ix), a
      0011C5 DD 7E FF         [19] 3674 	ld	a, -1 (ix)
      0011C8 DD 77 FC         [19] 3675 	ld	-4 (ix), a
      0011CB DD 6E FB         [19] 3676 	ld	l, -5 (ix)
      0011CE DD 66 FC         [19] 3677 	ld	h, -4 (ix)
      0011D1 23               [ 6] 3678 	inc	hl
      0011D2 23               [ 6] 3679 	inc	hl
      0011D3 7E               [ 7] 3680 	ld	a, (hl)
      0011D4 DD 77 FA         [19] 3681 	ld	-6 (ix), a
                                   3682 ;/home/bruno/dev/MSXgl/engine/src/print.h:197: g_PrintData.PatternX     = patternX;
      0011D7 21r00r00         [10] 3683 	ld	hl, #_g_PrintData
      0011DA 36 08            [10] 3684 	ld	(hl), #0x08
                                   3685 ;/home/bruno/dev/MSXgl/engine/src/print.h:198: g_PrintData.PatternY     = patternY;
      0011DC 21r01r00         [10] 3686 	ld	hl, #(_g_PrintData + 1)
      0011DF 36 08            [10] 3687 	ld	(hl), #0x08
                                   3688 ;/home/bruno/dev/MSXgl/engine/src/print.h:199: g_PrintData.UnitX        = sizeX;
      0011E1 21r02r00         [10] 3689 	ld	hl, #(_g_PrintData + 2)
      0011E4 36 01            [10] 3690 	ld	(hl), #0x01
                                   3691 ;/home/bruno/dev/MSXgl/engine/src/print.h:200: g_PrintData.UnitY        = sizeY;
      0011E6 21r03r00         [10] 3692 	ld	hl, #(_g_PrintData + 3)
      0011E9 36 01            [10] 3693 	ld	(hl), #0x01
                                   3694 ;/home/bruno/dev/MSXgl/engine/src/print.h:201: g_PrintData.CharFirst    = firstChr;
      0011EB 21r15r00         [10] 3695 	ld	hl, #(_g_PrintData + 21)
      0011EE DD 7E FA         [19] 3696 	ld	a, -6 (ix)
      0011F1 77               [ 7] 3697 	ld	(hl), a
                                   3698 ;/home/bruno/dev/MSXgl/engine/src/print.h:202: g_PrintData.CharLast     = lastChr;
      0011F2 21r16r00         [10] 3699 	ld	hl, #(_g_PrintData + 22)
      0011F5 DD 7E FD         [19] 3700 	ld	a, -3 (ix)
      0011F8 77               [ 7] 3701 	ld	(hl), a
                                   3702 ;/home/bruno/dev/MSXgl/engine/src/print.h:203: g_PrintData.CharCount    = lastChr - firstChr + 1;
      0011F9 21r17r00         [10] 3703 	ld	hl, #_g_PrintData + 23
      0011FC E3               [19] 3704 	ex	(sp), hl
      0011FD DD 7E FD         [19] 3705 	ld	a, -3 (ix)
      001200 DD 96 FA         [19] 3706 	sub	a, -6 (ix)
      001203 DD 77 FD         [19] 3707 	ld	-3 (ix), a
      001206 DD 34 FD         [23] 3708 	inc	-3 (ix)
      001209 E1               [10] 3709 	pop	hl
      00120A E5               [11] 3710 	push	hl
      00120B DD 7E FD         [19] 3711 	ld	a, -3 (ix)
      00120E 77               [ 7] 3712 	ld	(hl), a
                                   3713 ;/home/bruno/dev/MSXgl/engine/src/print.h:204: g_PrintData.FontPatterns = patterns;
      00120F 21r1Dr00         [10] 3714 	ld	hl, #_g_PrintData + 29
      001212 DD 75 F6         [19] 3715 	ld	-10 (ix), l
      001215 DD 74 F7         [19] 3716 	ld	-9 (ix), h
      001218 C1               [10] 3717 	pop	bc
      001219 E1               [10] 3718 	pop	hl
      00121A E5               [11] 3719 	push	hl
      00121B C5               [11] 3720 	push	bc
      00121C DD 7E F8         [19] 3721 	ld	a, -8 (ix)
      00121F 77               [ 7] 3722 	ld	(hl), a
      001220 23               [ 6] 3723 	inc	hl
      001221 DD 7E F9         [19] 3724 	ld	a, -7 (ix)
      001224 77               [ 7] 3725 	ld	(hl), a
                                   3726 ;/home/bruno/dev/MSXgl/engine/src/print.h:205: g_PrintData.FontAddr     = g_PrintData.FontPatterns - (firstChr * g_PrintData.PatternY); // pre-compute address of the virtual index 0 character (used to quick drawing in PutChar_GX functions)
      001225 3Ar01r00         [13] 3727 	ld	a, (#(_g_PrintData + 1) + 0)
      001228 DD 77 FD         [19] 3728 	ld	-3 (ix), a
      00122B 5F               [ 4] 3729 	ld	e, a
      00122C DD 66 FA         [19] 3730 	ld	h, -6 (ix)
                                   3731 ;	spillPairReg hl
                                   3732 ;	spillPairReg hl
      00122F 2E 00            [ 7] 3733 	ld	l, #0x00
      001231 55               [ 4] 3734 	ld	d, l
      001232 06 08            [ 7] 3735 	ld	b, #0x08
      001234                       3736 00146$:
      001234 29               [11] 3737 	add	hl, hl
      001235 30 01            [12] 3738 	jr	NC, 00147$
      001237 19               [11] 3739 	add	hl, de
      001238                       3740 00147$:
      001238 10 FA            [13] 3741 	djnz	00146$
      00123A DD 75 FC         [19] 3742 	ld	-4 (ix), l
      00123D DD 74 FD         [19] 3743 	ld	-3 (ix), h
      001240 DD 7E F8         [19] 3744 	ld	a, -8 (ix)
      001243 DD 96 FC         [19] 3745 	sub	a, -4 (ix)
      001246 DD 77 FA         [19] 3746 	ld	-6 (ix), a
      001249 DD 7E F9         [19] 3747 	ld	a, -7 (ix)
      00124C DD 9E FD         [19] 3748 	sbc	a, -3 (ix)
      00124F DD 77 FB         [19] 3749 	ld	-5 (ix), a
      001252 21r1Fr00         [10] 3750 	ld	hl, #(_g_PrintData + 31)
      001255 DD 7E FA         [19] 3751 	ld	a, -6 (ix)
      001258 77               [ 7] 3752 	ld	(hl), a
      001259 23               [ 6] 3753 	inc	hl
      00125A DD 7E FB         [19] 3754 	ld	a, -5 (ix)
      00125D 77               [ 7] 3755 	ld	(hl), a
                                   3756 ;/home/bruno/dev/MSXgl/engine/src/print.c:882: Print_SetFontEx(8, 8, 1, 1, fontData[2], fontData[3], fontData+4);
      00125E                       3757 00103$:
                                   3758 ;/home/bruno/dev/MSXgl/engine/src/print.c:883: Print_Initialize();
      00125E CDrA2r00         [17] 3759 	call	_Print_Initialize
                                   3760 ;/home/bruno/dev/MSXgl/engine/src/print.c:884: Print_SetMode(PRINT_MODE_TEXT);
      001261 3E 04            [ 7] 3761 	ld	a, #0x04
      001263 CDr9Fr01         [17] 3762 	call	_Print_SetMode
                                   3763 ;/home/bruno/dev/MSXgl/engine/src/print.c:887: const u8* src = g_PrintData.FontPatterns;
      001266 DD 6E F6         [19] 3764 	ld	l, -10 (ix)
      001269 DD 66 F7         [19] 3765 	ld	h, -9 (ix)
      00126C 7E               [ 7] 3766 	ld	a, (hl)
      00126D DD 77 FC         [19] 3767 	ld	-4 (ix), a
      001270 23               [ 6] 3768 	inc	hl
      001271 7E               [ 7] 3769 	ld	a, (hl)
      001272 DD 77 FD         [19] 3770 	ld	-3 (ix), a
                                   3771 ;/home/bruno/dev/MSXgl/engine/src/print.c:888: u16 dst = (u16)g_ScreenPatternLow + (offset * 8);
      001275 DD 7E 04         [19] 3772 	ld	a, 4 (ix)
      001278 DD 77 FA         [19] 3773 	ld	-6 (ix), a
      00127B DD 36 FB 00      [19] 3774 	ld	-5 (ix), #0x00
      00127F 06 03            [ 7] 3775 	ld	b, #0x03
      001281                       3776 00148$:
      001281 DD CB FA 26      [23] 3777 	sla	-6 (ix)
      001285 DD CB FB 16      [23] 3778 	rl	-5 (ix)
      001289 10 F6            [13] 3779 	djnz	00148$
      00128B 2Ar00r00         [16] 3780 	ld	hl, (_g_ScreenPatternLow)
      00128E DD 75 F6         [19] 3781 	ld	-10 (ix), l
      001291 DD 74 F7         [19] 3782 	ld	-9 (ix), h
      001294 DD 7E FA         [19] 3783 	ld	a, -6 (ix)
      001297 DD 77 F8         [19] 3784 	ld	-8 (ix), a
      00129A DD 7E FB         [19] 3785 	ld	a, -5 (ix)
      00129D DD 77 F9         [19] 3786 	ld	-7 (ix), a
      0012A0 DD 7E F6         [19] 3787 	ld	a, -10 (ix)
      0012A3 DD 86 F8         [19] 3788 	add	a, -8 (ix)
      0012A6 DD 77 FA         [19] 3789 	ld	-6 (ix), a
      0012A9 DD 7E F7         [19] 3790 	ld	a, -9 (ix)
      0012AC DD 8E F9         [19] 3791 	adc	a, -7 (ix)
      0012AF DD 77 FB         [19] 3792 	ld	-5 (ix), a
                                   3793 ;/home/bruno/dev/MSXgl/engine/src/print.c:890: if(fontData != NULL)
      0012B2 DD 7E FF         [19] 3794 	ld	a, -1 (ix)
      0012B5 DD B6 FE         [19] 3795 	or	a, -2 (ix)
      0012B8 28 1D            [12] 3796 	jr	Z, 00105$
                                   3797 ;/home/bruno/dev/MSXgl/engine/src/print.c:891: CopyNo8HeightFontData(src, dst, fontData[0] & 0x0F);
      0012BA DD 6E FE         [19] 3798 	ld	l, -2 (ix)
      0012BD DD 66 FF         [19] 3799 	ld	h, -1 (ix)
      0012C0 7E               [ 7] 3800 	ld	a, (hl)
      0012C1 E6 0F            [ 7] 3801 	and	a, #0x0f
      0012C3 F5               [11] 3802 	push	af
      0012C4 33               [ 6] 3803 	inc	sp
      0012C5 DD 5E FA         [19] 3804 	ld	e, -6 (ix)
      0012C8 DD 56 FB         [19] 3805 	ld	d, -5 (ix)
      0012CB DD 6E FC         [19] 3806 	ld	l, -4 (ix)
                                   3807 ;	spillPairReg hl
                                   3808 ;	spillPairReg hl
      0012CE DD 66 FD         [19] 3809 	ld	h, -3 (ix)
                                   3810 ;	spillPairReg hl
                                   3811 ;	spillPairReg hl
      0012D1 CDr8Cr10         [17] 3812 	call	_CopyNo8HeightFontData
      0012D4 C3r09r13         [10] 3813 	jp	00106$
      0012D7                       3814 00105$:
                                   3815 ;/home/bruno/dev/MSXgl/engine/src/print.c:894: VDP_WriteVRAM(src, dst, 0, g_PrintData.CharCount * 8);
      0012D7 E1               [10] 3816 	pop	hl
      0012D8 E5               [11] 3817 	push	hl
      0012D9 7E               [ 7] 3818 	ld	a, (hl)
      0012DA DD 77 F9         [19] 3819 	ld	-7 (ix), a
      0012DD DD 77 F8         [19] 3820 	ld	-8 (ix), a
      0012E0 DD 36 F9 00      [19] 3821 	ld	-7 (ix), #0x00
      0012E4 06 03            [ 7] 3822 	ld	b, #0x03
      0012E6                       3823 00149$:
      0012E6 DD CB F8 26      [23] 3824 	sla	-8 (ix)
      0012EA DD CB F9 16      [23] 3825 	rl	-7 (ix)
      0012EE 10 F6            [13] 3826 	djnz	00149$
      0012F0 DD 6E F8         [19] 3827 	ld	l, -8 (ix)
                                   3828 ;	spillPairReg hl
                                   3829 ;	spillPairReg hl
      0012F3 DD 66 F9         [19] 3830 	ld	h, -7 (ix)
                                   3831 ;	spillPairReg hl
                                   3832 ;	spillPairReg hl
      0012F6 E5               [11] 3833 	push	hl
      0012F7 AF               [ 4] 3834 	xor	a, a
      0012F8 F5               [11] 3835 	push	af
      0012F9 33               [ 6] 3836 	inc	sp
      0012FA DD 5E FA         [19] 3837 	ld	e, -6 (ix)
      0012FD DD 56 FB         [19] 3838 	ld	d, -5 (ix)
      001300 DD 6E FC         [19] 3839 	ld	l, -4 (ix)
                                   3840 ;	spillPairReg hl
                                   3841 ;	spillPairReg hl
      001303 DD 66 FD         [19] 3842 	ld	h, -3 (ix)
                                   3843 ;	spillPairReg hl
                                   3844 ;	spillPairReg hl
      001306 CDr00r00         [17] 3845 	call	_VDP_WriteVRAM_128K
      001309                       3846 00106$:
                                   3847 ;/home/bruno/dev/MSXgl/engine/src/vdp.h:447: inline u8 VDP_GetMode() { return g_VDP_Data.Mode; }
      001309 3Ar00r00         [13] 3848 	ld	a, (#_g_VDP_Data + 0)
                                   3849 ;/home/bruno/dev/MSXgl/engine/src/print.c:896: switch(VDP_GetMode())
      00130C DD 77 F9         [19] 3850 	ld	-7 (ix), a
      00130F D6 03            [ 7] 3851 	sub	a, #0x03
      001311 28 08            [12] 3852 	jr	Z, 00108$
      001313 DD 7E F9         [19] 3853 	ld	a, -7 (ix)
      001316 D6 05            [ 7] 3854 	sub	a, #0x05
      001318 C2r12r14         [10] 3855 	jp	NZ,00119$
                                   3856 ;/home/bruno/dev/MSXgl/engine/src/print.c:902: case VDP_MODE_GRAPHIC3:		// GRAPHIC 2 which can use sprite mode 2
      00131B                       3857 00108$:
                                   3858 ;/home/bruno/dev/MSXgl/engine/src/print.c:905: dst += 256 * 8;
      00131B DD 7E FA         [19] 3859 	ld	a, -6 (ix)
      00131E DD 77 F8         [19] 3860 	ld	-8 (ix), a
      001321 DD 7E FB         [19] 3861 	ld	a, -5 (ix)
      001324 DD 77 F9         [19] 3862 	ld	-7 (ix), a
      001327 DD 7E F8         [19] 3863 	ld	a, -8 (ix)
      00132A DD 77 FA         [19] 3864 	ld	-6 (ix), a
      00132D DD 7E F9         [19] 3865 	ld	a, -7 (ix)
      001330 C6 08            [ 7] 3866 	add	a, #0x08
      001332 DD 77 FB         [19] 3867 	ld	-5 (ix), a
      001335 DD 7E FA         [19] 3868 	ld	a, -6 (ix)
      001338 DD 77 F8         [19] 3869 	ld	-8 (ix), a
      00133B DD 7E FB         [19] 3870 	ld	a, -5 (ix)
      00133E DD 77 F9         [19] 3871 	ld	-7 (ix), a
                                   3872 ;/home/bruno/dev/MSXgl/engine/src/print.c:907: if(fontData != NULL)
      001341 DD 7E FF         [19] 3873 	ld	a, -1 (ix)
      001344 DD B6 FE         [19] 3874 	or	a, -2 (ix)
      001347 28 1D            [12] 3875 	jr	Z, 00110$
                                   3876 ;/home/bruno/dev/MSXgl/engine/src/print.c:908: CopyNo8HeightFontData(src, dst, fontData[0] & 0x0F);
      001349 DD 6E FE         [19] 3877 	ld	l, -2 (ix)
      00134C DD 66 FF         [19] 3878 	ld	h, -1 (ix)
      00134F 7E               [ 7] 3879 	ld	a, (hl)
      001350 E6 0F            [ 7] 3880 	and	a, #0x0f
      001352 F5               [11] 3881 	push	af
      001353 33               [ 6] 3882 	inc	sp
      001354 DD 5E F8         [19] 3883 	ld	e, -8 (ix)
      001357 DD 56 F9         [19] 3884 	ld	d, -7 (ix)
      00135A DD 6E FC         [19] 3885 	ld	l, -4 (ix)
                                   3886 ;	spillPairReg hl
                                   3887 ;	spillPairReg hl
      00135D DD 66 FD         [19] 3888 	ld	h, -3 (ix)
                                   3889 ;	spillPairReg hl
                                   3890 ;	spillPairReg hl
      001360 CDr8Cr10         [17] 3891 	call	_CopyNo8HeightFontData
      001363 C3r98r13         [10] 3892 	jp	00111$
      001366                       3893 00110$:
                                   3894 ;/home/bruno/dev/MSXgl/engine/src/print.c:911: VDP_WriteVRAM(src, dst, 0, g_PrintData.CharCount * 8);
      001366 E1               [10] 3895 	pop	hl
      001367 E5               [11] 3896 	push	hl
      001368 7E               [ 7] 3897 	ld	a, (hl)
      001369 DD 77 FB         [19] 3898 	ld	-5 (ix), a
      00136C DD 77 FA         [19] 3899 	ld	-6 (ix), a
      00136F DD 36 FB 00      [19] 3900 	ld	-5 (ix), #0x00
      001373 06 03            [ 7] 3901 	ld	b, #0x03
      001375                       3902 00153$:
      001375 DD CB FA 26      [23] 3903 	sla	-6 (ix)
      001379 DD CB FB 16      [23] 3904 	rl	-5 (ix)
      00137D 10 F6            [13] 3905 	djnz	00153$
      00137F DD 6E FA         [19] 3906 	ld	l, -6 (ix)
                                   3907 ;	spillPairReg hl
                                   3908 ;	spillPairReg hl
      001382 DD 66 FB         [19] 3909 	ld	h, -5 (ix)
                                   3910 ;	spillPairReg hl
                                   3911 ;	spillPairReg hl
      001385 E5               [11] 3912 	push	hl
      001386 AF               [ 4] 3913 	xor	a, a
      001387 F5               [11] 3914 	push	af
      001388 33               [ 6] 3915 	inc	sp
      001389 DD 5E F8         [19] 3916 	ld	e, -8 (ix)
      00138C DD 56 F9         [19] 3917 	ld	d, -7 (ix)
      00138F DD 6E FC         [19] 3918 	ld	l, -4 (ix)
                                   3919 ;	spillPairReg hl
                                   3920 ;	spillPairReg hl
      001392 DD 66 FD         [19] 3921 	ld	h, -3 (ix)
                                   3922 ;	spillPairReg hl
                                   3923 ;	spillPairReg hl
      001395 CDr00r00         [17] 3924 	call	_VDP_WriteVRAM_128K
      001398                       3925 00111$:
                                   3926 ;/home/bruno/dev/MSXgl/engine/src/print.c:912: dst += 256 * 8;
      001398 DD 7E F8         [19] 3927 	ld	a, -8 (ix)
      00139B DD 77 FA         [19] 3928 	ld	-6 (ix), a
      00139E DD 7E F9         [19] 3929 	ld	a, -7 (ix)
      0013A1 DD 77 FB         [19] 3930 	ld	-5 (ix), a
      0013A4 DD 7E FA         [19] 3931 	ld	a, -6 (ix)
      0013A7 DD 77 F8         [19] 3932 	ld	-8 (ix), a
      0013AA DD 7E FB         [19] 3933 	ld	a, -5 (ix)
      0013AD C6 08            [ 7] 3934 	add	a, #0x08
      0013AF DD 77 F9         [19] 3935 	ld	-7 (ix), a
      0013B2 DD 7E F8         [19] 3936 	ld	a, -8 (ix)
      0013B5 DD 77 FA         [19] 3937 	ld	-6 (ix), a
      0013B8 DD 7E F9         [19] 3938 	ld	a, -7 (ix)
      0013BB DD 77 FB         [19] 3939 	ld	-5 (ix), a
                                   3940 ;/home/bruno/dev/MSXgl/engine/src/print.c:914: if(fontData != NULL)
      0013BE DD 7E FF         [19] 3941 	ld	a, -1 (ix)
      0013C1 DD B6 FE         [19] 3942 	or	a, -2 (ix)
      0013C4 28 1D            [12] 3943 	jr	Z, 00113$
                                   3944 ;/home/bruno/dev/MSXgl/engine/src/print.c:915: CopyNo8HeightFontData(src, dst, fontData[0] & 0x0F);
      0013C6 DD 6E FE         [19] 3945 	ld	l, -2 (ix)
      0013C9 DD 66 FF         [19] 3946 	ld	h, -1 (ix)
      0013CC 7E               [ 7] 3947 	ld	a, (hl)
      0013CD E6 0F            [ 7] 3948 	and	a, #0x0f
      0013CF F5               [11] 3949 	push	af
      0013D0 33               [ 6] 3950 	inc	sp
      0013D1 DD 5E FA         [19] 3951 	ld	e, -6 (ix)
      0013D4 DD 56 FB         [19] 3952 	ld	d, -5 (ix)
      0013D7 DD 6E FC         [19] 3953 	ld	l, -4 (ix)
                                   3954 ;	spillPairReg hl
                                   3955 ;	spillPairReg hl
      0013DA DD 66 FD         [19] 3956 	ld	h, -3 (ix)
                                   3957 ;	spillPairReg hl
                                   3958 ;	spillPairReg hl
      0013DD CDr8Cr10         [17] 3959 	call	_CopyNo8HeightFontData
      0013E0 C3r12r14         [10] 3960 	jp	00119$
      0013E3                       3961 00113$:
                                   3962 ;/home/bruno/dev/MSXgl/engine/src/print.c:918: VDP_WriteVRAM(src, dst, 0, g_PrintData.CharCount * 8);
      0013E3 E1               [10] 3963 	pop	hl
      0013E4 E5               [11] 3964 	push	hl
      0013E5 7E               [ 7] 3965 	ld	a, (hl)
      0013E6 DD 77 F8         [19] 3966 	ld	-8 (ix), a
      0013E9 DD 36 F9 00      [19] 3967 	ld	-7 (ix), #0x00
      0013ED 06 03            [ 7] 3968 	ld	b, #0x03
      0013EF                       3969 00154$:
      0013EF DD CB F8 26      [23] 3970 	sla	-8 (ix)
      0013F3 DD CB F9 16      [23] 3971 	rl	-7 (ix)
      0013F7 10 F6            [13] 3972 	djnz	00154$
      0013F9 DD 6E F8         [19] 3973 	ld	l, -8 (ix)
                                   3974 ;	spillPairReg hl
                                   3975 ;	spillPairReg hl
      0013FC DD 66 F9         [19] 3976 	ld	h, -7 (ix)
                                   3977 ;	spillPairReg hl
                                   3978 ;	spillPairReg hl
      0013FF E5               [11] 3979 	push	hl
      001400 AF               [ 4] 3980 	xor	a, a
      001401 F5               [11] 3981 	push	af
      001402 33               [ 6] 3982 	inc	sp
      001403 DD 5E FA         [19] 3983 	ld	e, -6 (ix)
      001406 DD 56 FB         [19] 3984 	ld	d, -5 (ix)
      001409 DD 6E FC         [19] 3985 	ld	l, -4 (ix)
                                   3986 ;	spillPairReg hl
                                   3987 ;	spillPairReg hl
      00140C DD 66 FD         [19] 3988 	ld	h, -3 (ix)
                                   3989 ;	spillPairReg hl
                                   3990 ;	spillPairReg hl
      00140F CDr00r00         [17] 3991 	call	_VDP_WriteVRAM_128K
                                   3992 ;/home/bruno/dev/MSXgl/engine/src/print.c:921: };
      001412                       3993 00119$:
                                   3994 ;/home/bruno/dev/MSXgl/engine/src/print.c:922: }
      001412 DD F9            [10] 3995 	ld	sp, ix
      001414 DD E1            [14] 3996 	pop	ix
      001416 E1               [10] 3997 	pop	hl
      001417 33               [ 6] 3998 	inc	sp
      001418 E9               [ 4] 3999 	jp	(hl)
                                   4000 ;/home/bruno/dev/MSXgl/engine/src/print.c:927: void DrawChar_Layout(u8 chr)
                                   4001 ;	---------------------------------
                                   4002 ; Function DrawChar_Layout
                                   4003 ; ---------------------------------
      001419                       4004 _DrawChar_Layout::
      001419 DD E5            [15] 4005 	push	ix
      00141B DD 21 00 00      [14] 4006 	ld	ix,#0
      00141F DD 39            [15] 4007 	add	ix,sp
      001421 3B               [ 6] 4008 	dec	sp
                                   4009 ;/home/bruno/dev/MSXgl/engine/src/print.c:930: chr = Print_ValidateChar(chr);
      001422 CDr74r06         [17] 4010 	call	_Print_ValidateChar
      001425 4F               [ 4] 4011 	ld	c, a
                                   4012 ;/home/bruno/dev/MSXgl/engine/src/print.c:932: u8 shape = chr - g_PrintData.CharFirst + g_PrintData.PatternOffset;
      001426 21r15r00         [10] 4013 	ld	hl, #_g_PrintData + 21
      001429 46               [ 7] 4014 	ld	b, (hl)
      00142A 79               [ 4] 4015 	ld	a, c
      00142B 90               [ 4] 4016 	sub	a, b
      00142C 21r25r00         [10] 4017 	ld	hl, #_g_PrintData + 37
      00142F 4E               [ 7] 4018 	ld	c, (hl)
      001430 81               [ 4] 4019 	add	a, c
      001431 DD 77 FF         [19] 4020 	ld	-1 (ix), a
                                   4021 ;/home/bruno/dev/MSXgl/engine/src/print.c:933: u16 dst = (u16)g_ScreenLayoutLow + (g_PrintData.CursorY * g_PrintData.ScreenWidth) + g_PrintData.CursorX;
      001434 21r07r00         [10] 4022 	ld	hl, #_g_PrintData + 7
      001437 4E               [ 7] 4023 	ld	c, (hl)
      001438 ED 5Br1Br00      [20] 4024 	ld	de, (#_g_PrintData + 27)
      00143C 26 00            [ 7] 4025 	ld	h, #0x00
                                   4026 ;	spillPairReg hl
                                   4027 ;	spillPairReg hl
      00143E 69               [ 4] 4028 	ld	l, c
                                   4029 ;	spillPairReg hl
                                   4030 ;	spillPairReg hl
      00143F CDr00r00         [17] 4031 	call	__mulint
      001442 FD 2Ar00r00      [20] 4032 	ld	iy, (_g_ScreenLayoutLow)
      001446 FD 19            [15] 4033 	add	iy, de
      001448 2Ar05r00         [16] 4034 	ld	hl, (#_g_PrintData + 5)
      00144B FD E5            [15] 4035 	push	iy
      00144D D1               [10] 4036 	pop	de
      00144E 19               [11] 4037 	add	hl, de
      00144F EB               [ 4] 4038 	ex	de, hl
                                   4039 ;/home/bruno/dev/MSXgl/engine/src/print.c:934: VDP_Poke(shape, dst, g_ScreenLayoutHigh);
      001450 3Ar00r00         [13] 4040 	ld	a, (_g_ScreenLayoutHigh+0)
      001453 F5               [11] 4041 	push	af
      001454 33               [ 6] 4042 	inc	sp
      001455 DD 7E FF         [19] 4043 	ld	a, -1 (ix)
      001458 CDr00r00         [17] 4044 	call	_VDP_Poke_128K
                                   4045 ;/home/bruno/dev/MSXgl/engine/src/print.c:935: }
      00145B 33               [ 6] 4046 	inc	sp
      00145C DD E1            [14] 4047 	pop	ix
      00145E C9               [10] 4048 	ret
                                   4049 ;/home/bruno/dev/MSXgl/engine/src/print.c:954: void Print_SetSpriteFont(const u8* font, u8 patIdx, u8 sprtIdx)
                                   4050 ;	---------------------------------
                                   4051 ; Function Print_SetSpriteFont
                                   4052 ; ---------------------------------
      00145F                       4053 _Print_SetSpriteFont::
      00145F DD E5            [15] 4054 	push	ix
      001461 DD 21 00 00      [14] 4055 	ld	ix,#0
      001465 DD 39            [15] 4056 	add	ix,sp
      001467 FD 21 F4 FF      [14] 4057 	ld	iy, #-12
      00146B FD 39            [15] 4058 	add	iy, sp
      00146D FD F9            [10] 4059 	ld	sp, iy
      00146F EB               [ 4] 4060 	ex	de, hl
                                   4061 ;/home/bruno/dev/MSXgl/engine/src/print.c:956: g_PrintData.SpritePattern = patIdx;
      001470 21r23r00         [10] 4062 	ld	hl, #(_g_PrintData + 35)
      001473 DD 7E 04         [19] 4063 	ld	a, 4 (ix)
      001476 77               [ 7] 4064 	ld	(hl), a
                                   4065 ;/home/bruno/dev/MSXgl/engine/src/print.c:957: g_PrintData.SpriteID = sprtIdx;
      001477 21r24r00         [10] 4066 	ld	hl, #(_g_PrintData + 36)
      00147A DD 7E 05         [19] 4067 	ld	a, 5 (ix)
      00147D 77               [ 7] 4068 	ld	(hl), a
                                   4069 ;/home/bruno/dev/MSXgl/engine/src/print.c:959: Print_SetFont(font);
      00147E EB               [ 4] 4070 	ex	de, hl
      00147F CDr26r02         [17] 4071 	call	_Print_SetFont
                                   4072 ;/home/bruno/dev/MSXgl/engine/src/print.c:960: Print_Initialize();
      001482 CDrA2r00         [17] 4073 	call	_Print_Initialize
                                   4074 ;/home/bruno/dev/MSXgl/engine/src/print.c:961: Print_SetMode(PRINT_MODE_SPRITE);
      001485 3E 03            [ 7] 4075 	ld	a, #0x03
      001487 CDr9Fr01         [17] 4076 	call	_Print_SetMode
                                   4077 ;/home/bruno/dev/MSXgl/engine/src/print.c:966: u16 ram = (u16)g_PrintData.FontPatterns;
      00148A 2Ar1Dr00         [16] 4078 	ld	hl, (#_g_PrintData + 29)
      00148D E3               [19] 4079 	ex	(sp), hl
                                   4080 ;/home/bruno/dev/MSXgl/engine/src/print.c:967: u16 vram = g_SpritePatternLow;
      00148E 2Ar00r00         [16] 4081 	ld	hl, (_g_SpritePatternLow)
      001491 DD 75 F6         [19] 4082 	ld	-10 (ix), l
      001494 DD 74 F7         [19] 4083 	ld	-9 (ix), h
                                   4084 ;/home/bruno/dev/MSXgl/engine/src/print.c:968: for(u16 chr = g_PrintData.CharFirst; chr <= g_PrintData.CharLast; ++chr)
      001497 3Ar15r00         [13] 4085 	ld	a, (#_g_PrintData + 21)
      00149A DD 77 FF         [19] 4086 	ld	-1 (ix), a
      00149D DD 77 FE         [19] 4087 	ld	-2 (ix), a
      0014A0 DD 36 FF 00      [19] 4088 	ld	-1 (ix), #0x00
      0014A4                       4089 00106$:
      0014A4 3Ar16r00         [13] 4090 	ld	a, (#_g_PrintData + 22)
      0014A7 DD 77 FD         [19] 4091 	ld	-3 (ix), a
      0014AA DD 77 FC         [19] 4092 	ld	-4 (ix), a
      0014AD DD 36 FD 00      [19] 4093 	ld	-3 (ix), #0x00
      0014B1 DD 7E FC         [19] 4094 	ld	a, -4 (ix)
      0014B4 DD 96 FE         [19] 4095 	sub	a, -2 (ix)
      0014B7 DD 7E FD         [19] 4096 	ld	a, -3 (ix)
      0014BA DD 9E FF         [19] 4097 	sbc	a, -1 (ix)
      0014BD DArB7r15         [10] 4098 	jp	C, 00108$
                                   4099 ;/home/bruno/dev/MSXgl/engine/src/print.c:971: if(PRINT_H(g_PrintData.PatternY) < 8)
      0014C0 3Ar01r00         [13] 4100 	ld	a, (#(_g_PrintData + 1) + 0)
      0014C3 DD 77 F9         [19] 4101 	ld	-7 (ix), a
                                   4102 ;/home/bruno/dev/MSXgl/engine/src/print.c:973: VDP_WriteVRAM((u8*)ram, vram, g_SpritePatternHigh, PRINT_H(g_PrintData.PatternY));
      0014C6 DD 7E F4         [19] 4103 	ld	a, -12 (ix)
      0014C9 DD 77 FA         [19] 4104 	ld	-6 (ix), a
      0014CC DD 7E F5         [19] 4105 	ld	a, -11 (ix)
      0014CF DD 77 FB         [19] 4106 	ld	-5 (ix), a
                                   4107 ;/home/bruno/dev/MSXgl/engine/src/print.c:974: vram += PRINT_H(g_PrintData.PatternY);
      0014D2 DD 7E F6         [19] 4108 	ld	a, -10 (ix)
      0014D5 DD 77 FC         [19] 4109 	ld	-4 (ix), a
      0014D8 DD 7E F7         [19] 4110 	ld	a, -9 (ix)
      0014DB DD 77 FD         [19] 4111 	ld	-3 (ix), a
                                   4112 ;/home/bruno/dev/MSXgl/engine/src/print.c:971: if(PRINT_H(g_PrintData.PatternY) < 8)
      0014DE DD 7E F9         [19] 4113 	ld	a, -7 (ix)
      0014E1 D6 08            [ 7] 4114 	sub	a, #0x08
      0014E3 30 52            [12] 4115 	jr	NC, 00102$
                                   4116 ;/home/bruno/dev/MSXgl/engine/src/print.c:973: VDP_WriteVRAM((u8*)ram, vram, g_SpritePatternHigh, PRINT_H(g_PrintData.PatternY));
      0014E5 DD 4E F9         [19] 4117 	ld	c, -7 (ix)
      0014E8 06 00            [ 7] 4118 	ld	b, #0x00
      0014EA C5               [11] 4119 	push	bc
      0014EB 3Ar00r00         [13] 4120 	ld	a, (_g_SpritePatternHigh+0)
      0014EE F5               [11] 4121 	push	af
      0014EF 33               [ 6] 4122 	inc	sp
      0014F0 DD 5E F6         [19] 4123 	ld	e, -10 (ix)
      0014F3 DD 56 F7         [19] 4124 	ld	d, -9 (ix)
      0014F6 DD 6E FA         [19] 4125 	ld	l, -6 (ix)
                                   4126 ;	spillPairReg hl
                                   4127 ;	spillPairReg hl
      0014F9 DD 66 FB         [19] 4128 	ld	h, -5 (ix)
                                   4129 ;	spillPairReg hl
                                   4130 ;	spillPairReg hl
      0014FC CDr00r00         [17] 4131 	call	_VDP_WriteVRAM_128K
                                   4132 ;/home/bruno/dev/MSXgl/engine/src/print.c:974: vram += PRINT_H(g_PrintData.PatternY);
      0014FF 3Ar01r00         [13] 4133 	ld	a, (#(_g_PrintData + 1) + 0)
      001502 4F               [ 4] 4134 	ld	c, a
      001503 06 00            [ 7] 4135 	ld	b, #0x00
      001505 59               [ 4] 4136 	ld	e, c
      001506 50               [ 4] 4137 	ld	d, b
      001507 DD 6E FC         [19] 4138 	ld	l, -4 (ix)
      00150A DD 66 FD         [19] 4139 	ld	h, -3 (ix)
      00150D 19               [11] 4140 	add	hl, de
      00150E EB               [ 4] 4141 	ex	de, hl
                                   4142 ;/home/bruno/dev/MSXgl/engine/src/print.c:975: VDP_FillVRAM(0, vram, g_SpritePatternHigh, 8 - PRINT_H(g_PrintData.PatternY));
      00150F 21 08 00         [10] 4143 	ld	hl, #0x0008
      001512 BF               [ 4] 4144 	cp	a, a
      001513 ED 42            [15] 4145 	sbc	hl, bc
      001515 D5               [11] 4146 	push	de
      001516 E5               [11] 4147 	push	hl
      001517 3Ar00r00         [13] 4148 	ld	a, (_g_SpritePatternHigh+0)
      00151A F5               [11] 4149 	push	af
      00151B 33               [ 6] 4150 	inc	sp
      00151C AF               [ 4] 4151 	xor	a, a
      00151D CDr00r00         [17] 4152 	call	_VDP_FillVRAM_128K
      001520 D1               [10] 4153 	pop	de
                                   4154 ;/home/bruno/dev/MSXgl/engine/src/print.c:976: vram += 8 - PRINT_H(g_PrintData.PatternY);
      001521 3Ar01r00         [13] 4155 	ld	a, (#(_g_PrintData + 1) + 0)
      001524 4F               [ 4] 4156 	ld	c, a
      001525 06 00            [ 7] 4157 	ld	b, #0x00
      001527 21 08 00         [10] 4158 	ld	hl, #0x0008
      00152A BF               [ 4] 4159 	cp	a, a
      00152B ED 42            [15] 4160 	sbc	hl, bc
      00152D 19               [11] 4161 	add	hl, de
      00152E DD 75 F6         [19] 4162 	ld	-10 (ix), l
      001531 DD 74 F7         [19] 4163 	ld	-9 (ix), h
      001534 C3r6Br15         [10] 4164 	jp	00103$
      001537                       4165 00102$:
                                   4166 ;/home/bruno/dev/MSXgl/engine/src/print.c:980: VDP_WriteVRAM((u8*)ram, vram, g_SpritePatternHigh, 8);
      001537 21 08 00         [10] 4167 	ld	hl, #0x0008
      00153A E5               [11] 4168 	push	hl
      00153B 3Ar00r00         [13] 4169 	ld	a, (_g_SpritePatternHigh+0)
      00153E F5               [11] 4170 	push	af
      00153F 33               [ 6] 4171 	inc	sp
      001540 DD 5E F6         [19] 4172 	ld	e, -10 (ix)
      001543 DD 56 F7         [19] 4173 	ld	d, -9 (ix)
      001546 DD 6E FA         [19] 4174 	ld	l, -6 (ix)
                                   4175 ;	spillPairReg hl
                                   4176 ;	spillPairReg hl
      001549 DD 66 FB         [19] 4177 	ld	h, -5 (ix)
                                   4178 ;	spillPairReg hl
                                   4179 ;	spillPairReg hl
      00154C CDr00r00         [17] 4180 	call	_VDP_WriteVRAM_128K
                                   4181 ;/home/bruno/dev/MSXgl/engine/src/print.c:981: vram += 8;
      00154F DD 7E FC         [19] 4182 	ld	a, -4 (ix)
      001552 C6 08            [ 7] 4183 	add	a, #0x08
      001554 DD 77 FA         [19] 4184 	ld	-6 (ix), a
      001557 DD 7E FD         [19] 4185 	ld	a, -3 (ix)
      00155A CE 00            [ 7] 4186 	adc	a, #0x00
      00155C DD 77 FB         [19] 4187 	ld	-5 (ix), a
      00155F DD 7E FA         [19] 4188 	ld	a, -6 (ix)
      001562 DD 77 F6         [19] 4189 	ld	-10 (ix), a
      001565 DD 7E FB         [19] 4190 	ld	a, -5 (ix)
      001568 DD 77 F7         [19] 4191 	ld	-9 (ix), a
      00156B                       4192 00103$:
                                   4193 ;/home/bruno/dev/MSXgl/engine/src/print.c:983: ram += PRINT_H(g_PrintData.PatternY);
      00156B 3Ar01r00         [13] 4194 	ld	a, (#(_g_PrintData + 1) + 0)
      00156E DD 77 FC         [19] 4195 	ld	-4 (ix), a
      001571 DD 36 FD 00      [19] 4196 	ld	-3 (ix), #0x00
      001575 DD 7E F4         [19] 4197 	ld	a, -12 (ix)
      001578 DD 77 F8         [19] 4198 	ld	-8 (ix), a
      00157B DD 7E F5         [19] 4199 	ld	a, -11 (ix)
      00157E DD 77 F9         [19] 4200 	ld	-7 (ix), a
      001581 DD 7E FC         [19] 4201 	ld	a, -4 (ix)
      001584 DD 77 FA         [19] 4202 	ld	-6 (ix), a
      001587 DD 7E FD         [19] 4203 	ld	a, -3 (ix)
      00158A DD 77 FB         [19] 4204 	ld	-5 (ix), a
      00158D DD 7E F8         [19] 4205 	ld	a, -8 (ix)
      001590 DD 86 FA         [19] 4206 	add	a, -6 (ix)
      001593 DD 77 FC         [19] 4207 	ld	-4 (ix), a
      001596 DD 7E F9         [19] 4208 	ld	a, -7 (ix)
      001599 DD 8E FB         [19] 4209 	adc	a, -5 (ix)
      00159C DD 77 FD         [19] 4210 	ld	-3 (ix), a
      00159F DD 7E FC         [19] 4211 	ld	a, -4 (ix)
      0015A2 DD 77 F4         [19] 4212 	ld	-12 (ix), a
      0015A5 DD 7E FD         [19] 4213 	ld	a, -3 (ix)
      0015A8 DD 77 F5         [19] 4214 	ld	-11 (ix), a
                                   4215 ;/home/bruno/dev/MSXgl/engine/src/print.c:968: for(u16 chr = g_PrintData.CharFirst; chr <= g_PrintData.CharLast; ++chr)
      0015AB DD 34 FE         [23] 4216 	inc	-2 (ix)
      0015AE C2rA4r14         [10] 4217 	jp	NZ,00106$
      0015B1 DD 34 FF         [23] 4218 	inc	-1 (ix)
      0015B4 C3rA4r14         [10] 4219 	jp	00106$
      0015B7                       4220 00108$:
                                   4221 ;/home/bruno/dev/MSXgl/engine/src/print.c:986: }
      0015B7 DD F9            [10] 4222 	ld	sp, ix
      0015B9 DD E1            [14] 4223 	pop	ix
      0015BB E1               [10] 4224 	pop	hl
      0015BC F1               [10] 4225 	pop	af
      0015BD E9               [ 4] 4226 	jp	(hl)
                                   4227 ;/home/bruno/dev/MSXgl/engine/src/print.c:992: void DrawChar_Sprite(u8 chr)
                                   4228 ;	---------------------------------
                                   4229 ; Function DrawChar_Sprite
                                   4230 ; ---------------------------------
      0015BE                       4231 _DrawChar_Sprite::
      0015BE DD E5            [15] 4232 	push	ix
      0015C0 DD 21 00 00      [14] 4233 	ld	ix,#0
      0015C4 DD 39            [15] 4234 	add	ix,sp
      0015C6 3B               [ 6] 4235 	dec	sp
      0015C7 4F               [ 4] 4236 	ld	c, a
                                   4237 ;/home/bruno/dev/MSXgl/engine/src/print.c:994: u16 shape = chr - g_PrintData.CharFirst + g_PrintData.SpritePattern;
      0015C8 21r15r00         [10] 4238 	ld	hl, #_g_PrintData + 21
      0015CB 46               [ 7] 4239 	ld	b, (hl)
      0015CC 79               [ 4] 4240 	ld	a, c
      0015CD 90               [ 4] 4241 	sub	a, b
      0015CE 21r23r00         [10] 4242 	ld	hl, #_g_PrintData + 35
      0015D1 4E               [ 7] 4243 	ld	c, (hl)
      0015D2 81               [ 4] 4244 	add	a, c
      0015D3 DD 77 FF         [19] 4245 	ld	-1 (ix), a
                                   4246 ;/home/bruno/dev/MSXgl/engine/src/print.c:998: VDP_SetSpriteExMultiColor(g_PrintData.SpriteID++, g_PrintData.CursorX, g_PrintData.CursorY, shape, g_PrintData.TextColor);
      0015D6 21r07r00         [10] 4247 	ld	hl, #_g_PrintData + 7
      0015D9 5E               [ 7] 4248 	ld	e, (hl)
      0015DA 21r05r00         [10] 4249 	ld	hl, #_g_PrintData + 5
      0015DD 4E               [ 7] 4250 	ld	c, (hl)
      0015DE 21r24r00         [10] 4251 	ld	hl, #_g_PrintData + 36
      0015E1 46               [ 7] 4252 	ld	b, (hl)
      0015E2 78               [ 4] 4253 	ld	a, b
      0015E3 3C               [ 4] 4254 	inc	a
      0015E4 77               [ 7] 4255 	ld	(hl), a
      0015E5 21r08r00         [10] 4256 	ld	hl, #(_g_PrintData + 8)
      0015E8 E5               [11] 4257 	push	hl
      0015E9 DD 56 FF         [19] 4258 	ld	d, -1 (ix)
      0015EC D5               [11] 4259 	push	de
      0015ED 69               [ 4] 4260 	ld	l, c
                                   4261 ;	spillPairReg hl
                                   4262 ;	spillPairReg hl
      0015EE 78               [ 4] 4263 	ld	a, b
      0015EF CDr00r00         [17] 4264 	call	_VDP_SetSpriteExMultiColor
                                   4265 ;/home/bruno/dev/MSXgl/engine/src/print.c:1000: }
      0015F2 33               [ 6] 4266 	inc	sp
      0015F3 DD E1            [14] 4267 	pop	ix
      0015F5 C9               [10] 4268 	ret
                                   4269 ;/home/bruno/dev/MSXgl/engine/src/print.c:1018: void Print_SetShadow(bool enable, i8 offsetX, i8 offsetY, u8 color)
                                   4270 ;	---------------------------------
                                   4271 ; Function Print_SetShadow
                                   4272 ; ---------------------------------
      0015F6                       4273 _Print_SetShadow::
      0015F6 DD E5            [15] 4274 	push	ix
      0015F8 DD 21 00 00      [14] 4275 	ld	ix,#0
      0015FC DD 39            [15] 4276 	add	ix,sp
      0015FE 4F               [ 4] 4277 	ld	c, a
      0015FF 5D               [ 4] 4278 	ld	e, l
                                   4279 ;/home/bruno/dev/MSXgl/engine/src/print.c:1020: Print_EnableShadow(enable);
      001600 D5               [11] 4280 	push	de
      001601 79               [ 4] 4281 	ld	a, c
      001602 CDr30r16         [17] 4282 	call	_Print_EnableShadow
      001605 D1               [10] 4283 	pop	de
                                   4284 ;/home/bruno/dev/MSXgl/engine/src/print.c:1021: g_PrintData.ShadowOffsetX = 3 + offsetX;
      001606 01r27r00         [10] 4285 	ld	bc, #_g_PrintData + 39
      001609 7B               [ 4] 4286 	ld	a, e
      00160A C6 03            [ 7] 4287 	add	a, #0x03
      00160C E6 07            [ 7] 4288 	and	a, #0x07
      00160E 5F               [ 4] 4289 	ld	e, a
      00160F 0A               [ 7] 4290 	ld	a, (bc)
      001610 E6 F8            [ 7] 4291 	and	a, #0xf8
      001612 B3               [ 4] 4292 	or	a, e
      001613 02               [ 7] 4293 	ld	(bc), a
                                   4294 ;/home/bruno/dev/MSXgl/engine/src/print.c:1022: g_PrintData.ShadowOffsetY = 3 + offsetY;
      001614 DD 7E 04         [19] 4295 	ld	a, 4 (ix)
      001617 C6 03            [ 7] 4296 	add	a, #0x03
      001619 07               [ 4] 4297 	rlca
      00161A 07               [ 4] 4298 	rlca
      00161B 07               [ 4] 4299 	rlca
      00161C E6 38            [ 7] 4300 	and	a, #0x38
      00161E 5F               [ 4] 4301 	ld	e, a
      00161F 0A               [ 7] 4302 	ld	a, (bc)
      001620 E6 C7            [ 7] 4303 	and	a, #0xc7
      001622 B3               [ 4] 4304 	or	a, e
      001623 02               [ 7] 4305 	ld	(bc), a
                                   4306 ;/home/bruno/dev/MSXgl/engine/src/print.c:1023: g_PrintData.ShadowColor   = color;
      001624 21r28r00         [10] 4307 	ld	hl, #(_g_PrintData + 40)
      001627 DD 7E 05         [19] 4308 	ld	a, 5 (ix)
      00162A 77               [ 7] 4309 	ld	(hl), a
                                   4310 ;/home/bruno/dev/MSXgl/engine/src/print.c:1024: }
      00162B DD E1            [14] 4311 	pop	ix
      00162D E1               [10] 4312 	pop	hl
      00162E F1               [10] 4313 	pop	af
      00162F E9               [ 4] 4314 	jp	(hl)
                                   4315 ;/home/bruno/dev/MSXgl/engine/src/print.c:1029: void Print_EnableShadow(bool enable)
                                   4316 ;	---------------------------------
                                   4317 ; Function Print_EnableShadow
                                   4318 ; ---------------------------------
      001630                       4319 _Print_EnableShadow::
      001630 4F               [ 4] 4320 	ld	c, a
                                   4321 ;/home/bruno/dev/MSXgl/engine/src/print.c:1031: g_PrintData.FX = enable ? PRINT_FX_SHADOW : 0;
      001631 21r26r00         [10] 4322 	ld	hl, #_g_PrintData+38
      001634 79               [ 4] 4323 	ld	a, c
      001635 B7               [ 4] 4324 	or	a, a
      001636 28 06            [12] 4325 	jr	Z, 00103$
      001638 11 01 00         [10] 4326 	ld	de, #0x0001
      00163B C3r41r16         [10] 4327 	jp	00104$
      00163E                       4328 00103$:
      00163E 11 00 00         [10] 4329 	ld	de, #0x0000
      001641                       4330 00104$:
      001641 73               [ 7] 4331 	ld	(hl), e
                                   4332 ;/home/bruno/dev/MSXgl/engine/src/print.c:1032: Print_SetMode(enable ? PRINT_MODE_BITMAP_TRANS : PRINT_MODE_BITMAP); // enable default mode to write font data into VRAM
      001642 79               [ 4] 4333 	ld	a, c
      001643 B7               [ 4] 4334 	or	a, a
      001644 28 06            [12] 4335 	jr	Z, 00105$
      001646 01 01 00         [10] 4336 	ld	bc, #0x0001
      001649 C3r4Fr16         [10] 4337 	jp	00106$
      00164C                       4338 00105$:
      00164C 01 00 00         [10] 4339 	ld	bc, #0x0000
      00164F                       4340 00106$:
      00164F 79               [ 4] 4341 	ld	a, c
                                   4342 ;/home/bruno/dev/MSXgl/engine/src/print.c:1033: }
      001650 C3r9Fr01         [10] 4343 	jp	_Print_SetMode
                                   4344 ;/home/bruno/dev/MSXgl/engine/src/print.c:1058: void Print_SetOutline(bool enable, u8 color)
                                   4345 ;	---------------------------------
                                   4346 ; Function Print_SetOutline
                                   4347 ; ---------------------------------
      001653                       4348 _Print_SetOutline::
      001653 47               [ 4] 4349 	ld	b, a
      001654 4D               [ 4] 4350 	ld	c, l
                                   4351 ;/home/bruno/dev/MSXgl/engine/src/print.c:1060: Print_EnableOutline(enable);
      001655 C5               [11] 4352 	push	bc
      001656 78               [ 4] 4353 	ld	a, b
      001657 CDr60r16         [17] 4354 	call	_Print_EnableOutline
      00165A C1               [10] 4355 	pop	bc
                                   4356 ;/home/bruno/dev/MSXgl/engine/src/print.c:1061: g_PrintData.OutlineColor = color;
      00165B 21r29r00         [10] 4357 	ld	hl, #(_g_PrintData + 41)
      00165E 71               [ 7] 4358 	ld	(hl), c
                                   4359 ;/home/bruno/dev/MSXgl/engine/src/print.c:1062: }
      00165F C9               [10] 4360 	ret
                                   4361 ;/home/bruno/dev/MSXgl/engine/src/print.c:1066: void Print_EnableOutline(bool enable)
                                   4362 ;	---------------------------------
                                   4363 ; Function Print_EnableOutline
                                   4364 ; ---------------------------------
      001660                       4365 _Print_EnableOutline::
      001660 4F               [ 4] 4366 	ld	c, a
                                   4367 ;/home/bruno/dev/MSXgl/engine/src/print.c:1068: g_PrintData.FX = enable ? PRINT_FX_OUTLINE : 0;
      001661 21r26r00         [10] 4368 	ld	hl, #_g_PrintData+38
      001664 79               [ 4] 4369 	ld	a, c
      001665 B7               [ 4] 4370 	or	a, a
      001666 28 06            [12] 4371 	jr	Z, 00103$
      001668 11 02 00         [10] 4372 	ld	de, #0x0002
      00166B C3r71r16         [10] 4373 	jp	00104$
      00166E                       4374 00103$:
      00166E 11 00 00         [10] 4375 	ld	de, #0x0000
      001671                       4376 00104$:
      001671 73               [ 7] 4377 	ld	(hl), e
                                   4378 ;/home/bruno/dev/MSXgl/engine/src/print.c:1069: Print_SetMode(enable ? PRINT_MODE_BITMAP_TRANS : PRINT_MODE_BITMAP); // enable default mode to write font data into VRAM
      001672 79               [ 4] 4379 	ld	a, c
      001673 B7               [ 4] 4380 	or	a, a
      001674 28 06            [12] 4381 	jr	Z, 00105$
      001676 01 01 00         [10] 4382 	ld	bc, #0x0001
      001679 C3r7Fr16         [10] 4383 	jp	00106$
      00167C                       4384 00105$:
      00167C 01 00 00         [10] 4385 	ld	bc, #0x0000
      00167F                       4386 00106$:
      00167F 79               [ 4] 4387 	ld	a, c
                                   4388 ;/home/bruno/dev/MSXgl/engine/src/print.c:1070: }
      001680 C3r9Fr01         [10] 4389 	jp	_Print_SetMode
                                   4390 ;/home/bruno/dev/MSXgl/engine/src/print.c:1100: void Print_Clear()
                                   4391 ;	---------------------------------
                                   4392 ; Function Print_Clear
                                   4393 ; ---------------------------------
      001683                       4394 _Print_Clear::
                                   4395 ;/home/bruno/dev/MSXgl/engine/src/vdp.h:447: inline u8 VDP_GetMode() { return g_VDP_Data.Mode; }
                                   4396 ;/home/bruno/dev/MSXgl/engine/src/vdp.h:463: return mode >= VDP_MODE_GRAPHIC4;
      001683 3Ar00r00         [13] 4397 	ld	a, (#_g_VDP_Data+0)
      001686 D6 06            [ 7] 4398 	sub	a, #0x06
      001688 3E 00            [ 7] 4399 	ld	a, #0x00
      00168A 17               [ 4] 4400 	rla
                                   4401 ;/home/bruno/dev/MSXgl/engine/src/print.c:1102: if(VDP_IsBitmapMode(VDP_GetMode())) // Bitmap mode
      00168B EE 01            [ 7] 4402 	xor	a,#0x01
      00168D 28 31            [12] 4403 	jr	Z, 00102$
                                   4404 ;/home/bruno/dev/MSXgl/engine/src/print.c:1105: u8 color = Print_MergeColor(g_PrintData.BGColor);
      00168F 3Ar14r00         [13] 4405 	ld	a, (#_g_PrintData + 20)
      001692 CDr42r00         [17] 4406 	call	_Print_MergeColor
      001695 4F               [ 4] 4407 	ld	c, a
                                   4408 ;/home/bruno/dev/MSXgl/engine/src/print.c:1106: VDP_CommandHMMV(0, 0, g_PrintData.ScreenWidth, 212, color); // @todo Check the 192/212 lines parameter
      001696 ED 5Br1Br00      [20] 4409 	ld	de, (#_g_PrintData + 27)
                                   4410 ;/home/bruno/dev/MSXgl/engine/src/vdp_inl.h:107: g_VDP_Command.DX = dx; 
      00169A 21 00 00         [10] 4411 	ld	hl, #0x0000
      00169D 22r04r00         [16] 4412 	ld	((_g_VDP_Command + 4)), hl
                                   4413 ;/home/bruno/dev/MSXgl/engine/src/vdp_inl.h:108: g_VDP_Command.DY = dy; 
      0016A0 22r06r00         [16] 4414 	ld	((_g_VDP_Command + 6)), hl
                                   4415 ;/home/bruno/dev/MSXgl/engine/src/vdp_inl.h:109: g_VDP_Command.NX = nx; 
      0016A3 ED 53r08r00      [20] 4416 	ld	((_g_VDP_Command + 8)), de
                                   4417 ;/home/bruno/dev/MSXgl/engine/src/vdp_inl.h:110: g_VDP_Command.NY = ny; 
      0016A7 2E D4            [ 7] 4418 	ld	l, #0xd4
      0016A9 22r0Ar00         [16] 4419 	ld	((_g_VDP_Command + 10)), hl
                                   4420 ;/home/bruno/dev/MSXgl/engine/src/vdp_inl.h:111: g_VDP_Command.CLR = col; 
      0016AC 21r0Cr00         [10] 4421 	ld	hl, #(_g_VDP_Command + 12)
      0016AF 71               [ 7] 4422 	ld	(hl), c
                                   4423 ;/home/bruno/dev/MSXgl/engine/src/vdp_inl.h:112: g_VDP_Command.ARG = arg; 
      0016B0 21r0Dr00         [10] 4424 	ld	hl, #(_g_VDP_Command + 13)
      0016B3 36 00            [10] 4425 	ld	(hl), #0x00
                                   4426 ;/home/bruno/dev/MSXgl/engine/src/vdp_inl.h:113: g_VDP_Command.CMD = VDP_CMD_HMMV;
      0016B5 21r0Er00         [10] 4427 	ld	hl, #(_g_VDP_Command + 14)
      0016B8 36 C0            [10] 4428 	ld	(hl), #0xc0
                                   4429 ;/home/bruno/dev/MSXgl/engine/src/vdp_inl.h:114: VPD_CommandSetupR36();
      0016BA CDr00r00         [17] 4430 	call	_VPD_CommandSetupR36
                                   4431 ;/home/bruno/dev/MSXgl/engine/src/print.c:1107: VDP_CommandWait();
      0016BD C3r00r00         [10] 4432 	jp	_VDP_CommandWait
      0016C0                       4433 00102$:
                                   4434 ;/home/bruno/dev/MSXgl/engine/src/print.c:1113: VDP_FillVRAM(0, g_ScreenLayoutLow, g_ScreenLayoutHigh, 24 * g_PrintData.ScreenWidth);
      0016C0 2Ar1Br00         [16] 4435 	ld	hl, (#(_g_PrintData + 27) + 0)
      0016C3 4D               [ 4] 4436 	ld	c, l
      0016C4 44               [ 4] 4437 	ld	b, h
      0016C5 29               [11] 4438 	add	hl, hl
      0016C6 09               [11] 4439 	add	hl, bc
      0016C7 29               [11] 4440 	add	hl, hl
      0016C8 29               [11] 4441 	add	hl, hl
      0016C9 29               [11] 4442 	add	hl, hl
      0016CA E5               [11] 4443 	push	hl
      0016CB 3Ar00r00         [13] 4444 	ld	a, (_g_ScreenLayoutHigh+0)
      0016CE F5               [11] 4445 	push	af
      0016CF 33               [ 6] 4446 	inc	sp
      0016D0 ED 5Br00r00      [20] 4447 	ld	de, (_g_ScreenLayoutLow)
      0016D4 AF               [ 4] 4448 	xor	a, a
      0016D5 CDr00r00         [17] 4449 	call	_VDP_FillVRAM_128K
                                   4450 ;/home/bruno/dev/MSXgl/engine/src/print.c:1116: }
      0016D8 C9               [10] 4451 	ret
                                   4452 ;/home/bruno/dev/MSXgl/engine/src/print.c:1121: void Print_Backspace(u8 num)
                                   4453 ;	---------------------------------
                                   4454 ; Function Print_Backspace
                                   4455 ; ---------------------------------
      0016D9                       4456 _Print_Backspace::
      0016D9 DD E5            [15] 4457 	push	ix
      0016DB DD 21 00 00      [14] 4458 	ld	ix,#0
      0016DF DD 39            [15] 4459 	add	ix,sp
      0016E1 21 FA FF         [10] 4460 	ld	hl, #-6
      0016E4 39               [11] 4461 	add	hl, sp
      0016E5 F9               [ 6] 4462 	ld	sp, hl
      0016E6 DD 77 FF         [19] 4463 	ld	-1 (ix), a
                                   4464 ;/home/bruno/dev/MSXgl/engine/src/vdp.h:447: inline u8 VDP_GetMode() { return g_VDP_Data.Mode; }
                                   4465 ;/home/bruno/dev/MSXgl/engine/src/vdp.h:463: return mode >= VDP_MODE_GRAPHIC4;
      0016E9 3Ar00r00         [13] 4466 	ld	a, (#_g_VDP_Data+0)
      0016EC D6 06            [ 7] 4467 	sub	a, #0x06
      0016EE 3E 00            [ 7] 4468 	ld	a, #0x00
      0016F0 17               [ 4] 4469 	rla
                                   4470 ;/home/bruno/dev/MSXgl/engine/src/print.c:1123: if(VDP_IsBitmapMode(VDP_GetMode())) // Bitmap mode
      0016F1 EE 01            [ 7] 4471 	xor	a,#0x01
      0016F3 CAr89r17         [10] 4472 	jp	Z, 00105$
                                   4473 ;/home/bruno/dev/MSXgl/engine/src/print.c:1126: u16 x = PRINT_W(g_PrintData.UnitX) * num;
      0016F6 3Ar02r00         [13] 4474 	ld	a, (#_g_PrintData + 2)
      0016F9 DD 5E FF         [19] 4475 	ld	e, -1 (ix)
      0016FC 67               [ 4] 4476 	ld	h, a
                                   4477 ;	spillPairReg hl
                                   4478 ;	spillPairReg hl
      0016FD 2E 00            [ 7] 4479 	ld	l, #0x00
      0016FF 55               [ 4] 4480 	ld	d, l
      001700 06 08            [ 7] 4481 	ld	b, #0x08
      001702                       4482 00123$:
      001702 29               [11] 4483 	add	hl, hl
      001703 30 01            [12] 4484 	jr	NC, 00124$
      001705 19               [11] 4485 	add	hl, de
      001706                       4486 00124$:
      001706 10 FA            [13] 4487 	djnz	00123$
      001708 4D               [ 4] 4488 	ld	c, l
      001709 44               [ 4] 4489 	ld	b, h
                                   4490 ;/home/bruno/dev/MSXgl/engine/src/print.c:1127: if(x >  g_PrintData.CursorX)
      00170A 2Ar05r00         [16] 4491 	ld	hl, (#(_g_PrintData + 5) + 0)
      00170D 7D               [ 4] 4492 	ld	a, l
      00170E 91               [ 4] 4493 	sub	a, c
      00170F 7C               [ 4] 4494 	ld	a, h
      001710 98               [ 4] 4495 	sbc	a, b
      001711 30 06            [12] 4496 	jr	NC, 00102$
                                   4497 ;/home/bruno/dev/MSXgl/engine/src/print.c:1128: x = 0;
      001713 01 00 00         [10] 4498 	ld	bc, #0x0000
      001716 C3r1Fr17         [10] 4499 	jp	00103$
      001719                       4500 00102$:
                                   4501 ;/home/bruno/dev/MSXgl/engine/src/print.c:1130: x = g_PrintData.CursorX - x;
      001719 7D               [ 4] 4502 	ld	a, l
      00171A 91               [ 4] 4503 	sub	a, c
      00171B 4F               [ 4] 4504 	ld	c, a
      00171C 7C               [ 4] 4505 	ld	a, h
      00171D 98               [ 4] 4506 	sbc	a, b
      00171E 47               [ 4] 4507 	ld	b, a
      00171F                       4508 00103$:
                                   4509 ;/home/bruno/dev/MSXgl/engine/src/print.c:1132: u8 color = Print_MergeColor(g_PrintData.BGColor);
      00171F 21r14r00         [10] 4510 	ld	hl, #_g_PrintData + 20
      001722 5E               [ 7] 4511 	ld	e, (hl)
      001723 C5               [11] 4512 	push	bc
      001724 7B               [ 4] 4513 	ld	a, e
      001725 CDr42r00         [17] 4514 	call	_Print_MergeColor
      001728 C1               [10] 4515 	pop	bc
      001729 DD 77 FA         [19] 4516 	ld	-6 (ix), a
                                   4517 ;/home/bruno/dev/MSXgl/engine/src/print.c:1133: VDP_CommandHMMV(x, g_PrintData.CursorY, x - g_PrintData.CursorX, PRINT_H(g_PrintData.UnitY), color); // @todo Check the 192/212 lines parameter
      00172C 3Ar03r00         [13] 4518 	ld	a, (#_g_PrintData + 3)
      00172F DD 77 FB         [19] 4519 	ld	-5 (ix), a
      001732 DD 36 FC 00      [19] 4520 	ld	-4 (ix), #0x00
      001736 2Ar05r00         [16] 4521 	ld	hl, (#(_g_PrintData + 5) + 0)
      001739 79               [ 4] 4522 	ld	a, c
      00173A 95               [ 4] 4523 	sub	a, l
      00173B 5F               [ 4] 4524 	ld	e, a
      00173C 78               [ 4] 4525 	ld	a, b
      00173D 9C               [ 4] 4526 	sbc	a, h
      00173E 57               [ 4] 4527 	ld	d, a
      00173F 3Ar07r00         [13] 4528 	ld	a, (#_g_PrintData + 7)
      001742 DD 77 FD         [19] 4529 	ld	-3 (ix), a
      001745 DD 36 FE 00      [19] 4530 	ld	-2 (ix), #0x00
                                   4531 ;/home/bruno/dev/MSXgl/engine/src/vdp_inl.h:107: g_VDP_Command.DX = dx; 
      001749 ED 43r04r00      [20] 4532 	ld	((_g_VDP_Command + 4)), bc
                                   4533 ;/home/bruno/dev/MSXgl/engine/src/vdp_inl.h:108: g_VDP_Command.DY = dy; 
      00174D 21r06r00         [10] 4534 	ld	hl, #(_g_VDP_Command + 6)
      001750 DD 7E FD         [19] 4535 	ld	a, -3 (ix)
      001753 77               [ 7] 4536 	ld	(hl), a
      001754 23               [ 6] 4537 	inc	hl
      001755 DD 7E FE         [19] 4538 	ld	a, -2 (ix)
      001758 77               [ 7] 4539 	ld	(hl), a
                                   4540 ;/home/bruno/dev/MSXgl/engine/src/vdp_inl.h:109: g_VDP_Command.NX = nx; 
      001759 ED 53r08r00      [20] 4541 	ld	((_g_VDP_Command + 8)), de
                                   4542 ;/home/bruno/dev/MSXgl/engine/src/vdp_inl.h:110: g_VDP_Command.NY = ny; 
      00175D 21r0Ar00         [10] 4543 	ld	hl, #(_g_VDP_Command + 10)
      001760 DD 7E FB         [19] 4544 	ld	a, -5 (ix)
      001763 77               [ 7] 4545 	ld	(hl), a
      001764 23               [ 6] 4546 	inc	hl
      001765 DD 7E FC         [19] 4547 	ld	a, -4 (ix)
      001768 77               [ 7] 4548 	ld	(hl), a
                                   4549 ;/home/bruno/dev/MSXgl/engine/src/vdp_inl.h:111: g_VDP_Command.CLR = col; 
      001769 21r0Cr00         [10] 4550 	ld	hl, #(_g_VDP_Command + 12)
      00176C DD 7E FA         [19] 4551 	ld	a, -6 (ix)
      00176F 77               [ 7] 4552 	ld	(hl), a
                                   4553 ;/home/bruno/dev/MSXgl/engine/src/vdp_inl.h:112: g_VDP_Command.ARG = arg; 
      001770 11r0Dr00         [10] 4554 	ld	de, #_g_VDP_Command + 13
      001773 AF               [ 4] 4555 	xor	a, a
      001774 12               [ 7] 4556 	ld	(de), a
                                   4557 ;/home/bruno/dev/MSXgl/engine/src/vdp_inl.h:113: g_VDP_Command.CMD = VDP_CMD_HMMV;
      001775 21r0Er00         [10] 4558 	ld	hl, #(_g_VDP_Command + 14)
      001778 36 C0            [10] 4559 	ld	(hl), #0xc0
                                   4560 ;/home/bruno/dev/MSXgl/engine/src/vdp_inl.h:114: VPD_CommandSetupR36();
      00177A C5               [11] 4561 	push	bc
      00177B CDr00r00         [17] 4562 	call	_VPD_CommandSetupR36
      00177E C1               [10] 4563 	pop	bc
                                   4564 ;/home/bruno/dev/MSXgl/engine/src/print.c:1134: g_PrintData.CursorX = x;
      00177F ED 43r05r00      [20] 4565 	ld	((_g_PrintData + 5)), bc
                                   4566 ;/home/bruno/dev/MSXgl/engine/src/print.c:1135: VDP_CommandWait();	
      001783 CDr00r00         [17] 4567 	call	_VDP_CommandWait
      001786 C3rC8r17         [10] 4568 	jp	00111$
      001789                       4569 00105$:
                                   4570 ;/home/bruno/dev/MSXgl/engine/src/print.c:1141: u16 dst = g_ScreenLayoutLow + (g_PrintData.CursorY * g_PrintData.ScreenWidth) + g_PrintData.CursorX - num;
      001789 21r07r00         [10] 4571 	ld	hl, #_g_PrintData + 7
      00178C 6E               [ 7] 4572 	ld	l, (hl)
      00178D ED 5Br1Br00      [20] 4573 	ld	de, (#_g_PrintData + 27)
                                   4574 ;	spillPairReg hl
                                   4575 ;	spillPairReg hl
      001791 26 00            [ 7] 4576 	ld	h, #0x00
                                   4577 ;	spillPairReg hl
                                   4578 ;	spillPairReg hl
      001793 CDr00r00         [17] 4579 	call	__mulint
      001796 FD 2Ar00r00      [20] 4580 	ld	iy, (_g_ScreenLayoutLow)
      00179A FD 19            [15] 4581 	add	iy, de
      00179C 2Ar05r00         [16] 4582 	ld	hl, (#(_g_PrintData + 5) + 0)
      00179F FD E5            [15] 4583 	push	iy
      0017A1 D1               [10] 4584 	pop	de
      0017A2 19               [11] 4585 	add	hl, de
      0017A3 DD 4E FF         [19] 4586 	ld	c, -1 (ix)
      0017A6 06 00            [ 7] 4587 	ld	b, #0x00
      0017A8 BF               [ 4] 4588 	cp	a, a
      0017A9 ED 42            [15] 4589 	sbc	hl, bc
      0017AB EB               [ 4] 4590 	ex	de, hl
                                   4591 ;/home/bruno/dev/MSXgl/engine/src/print.c:1142: VDP_FillVRAM(0, dst, g_ScreenLayoutHigh, num);
      0017AC DD 6E FF         [19] 4592 	ld	l, -1 (ix)
                                   4593 ;	spillPairReg hl
                                   4594 ;	spillPairReg hl
      0017AF 26 00            [ 7] 4595 	ld	h, #0x00
                                   4596 ;	spillPairReg hl
                                   4597 ;	spillPairReg hl
      0017B1 C5               [11] 4598 	push	bc
      0017B2 E5               [11] 4599 	push	hl
      0017B3 3Ar00r00         [13] 4600 	ld	a, (_g_ScreenLayoutHigh+0)
      0017B6 F5               [11] 4601 	push	af
      0017B7 33               [ 6] 4602 	inc	sp
      0017B8 AF               [ 4] 4603 	xor	a, a
      0017B9 CDr00r00         [17] 4604 	call	_VDP_FillVRAM_128K
      0017BC C1               [10] 4605 	pop	bc
                                   4606 ;/home/bruno/dev/MSXgl/engine/src/print.c:1143: g_PrintData.CursorX -= num;
      0017BD 2Ar05r00         [16] 4607 	ld	hl, (#(_g_PrintData + 5) + 0)
      0017C0 BF               [ 4] 4608 	cp	a, a
      0017C1 ED 42            [15] 4609 	sbc	hl, bc
      0017C3 EB               [ 4] 4610 	ex	de, hl
      0017C4 ED 53r05r00      [20] 4611 	ld	((_g_PrintData + 5)), de
      0017C8                       4612 00111$:
                                   4613 ;/home/bruno/dev/MSXgl/engine/src/print.c:1146: }
      0017C8 DD F9            [10] 4614 	ld	sp, ix
      0017CA DD E1            [14] 4615 	pop	ix
      0017CC C9               [10] 4616 	ret
                                   4617 ;/home/bruno/dev/MSXgl/engine/src/print.c:1151: void Print_DrawChar(u8 chr)
                                   4618 ;	---------------------------------
                                   4619 ; Function Print_DrawChar
                                   4620 ; ---------------------------------
      0017CD                       4621 _Print_DrawChar::
      0017CD 4F               [ 4] 4622 	ld	c, a
                                   4623 ;/home/bruno/dev/MSXgl/engine/src/print.c:1154: if(g_PrintData.CursorX + PRINT_W(g_PrintData.UnitX) > g_PrintData.ScreenWidth) // Handle automatic new-line when 
      0017CE ED 5Br05r00      [20] 4624 	ld	de, (#(_g_PrintData + 5) + 0)
      0017D2 3Ar02r00         [13] 4625 	ld	a, (#(_g_PrintData + 2) + 0)
      0017D5 6F               [ 4] 4626 	ld	l, a
                                   4627 ;	spillPairReg hl
                                   4628 ;	spillPairReg hl
      0017D6 26 00            [ 7] 4629 	ld	h, #0x00
                                   4630 ;	spillPairReg hl
                                   4631 ;	spillPairReg hl
      0017D8 19               [11] 4632 	add	hl, de
      0017D9 EB               [ 4] 4633 	ex	de, hl
      0017DA 2Ar1Br00         [16] 4634 	ld	hl, (#_g_PrintData + 27)
      0017DD AF               [ 4] 4635 	xor	a, a
      0017DE ED 52            [15] 4636 	sbc	hl, de
      0017E0 30 10            [12] 4637 	jr	NC, 00102$
                                   4638 ;/home/bruno/dev/MSXgl/engine/src/print.h:431: g_PrintData.CursorX = 0;
      0017E2 21 00 00         [10] 4639 	ld	hl, #0x0000
      0017E5 22r05r00         [16] 4640 	ld	((_g_PrintData + 5)), hl
                                   4641 ;/home/bruno/dev/MSXgl/engine/src/print.h:432: g_PrintData.CursorY += PRINT_H(g_PrintData.UnitY);
      0017E8 11r07r00         [10] 4642 	ld	de, #_g_PrintData + 7
      0017EB 1A               [ 7] 4643 	ld	a, (de)
      0017EC 21r03r00         [10] 4644 	ld	hl, #_g_PrintData + 3
      0017EF 46               [ 7] 4645 	ld	b, (hl)
      0017F0 80               [ 4] 4646 	add	a, b
      0017F1 12               [ 7] 4647 	ld	(de), a
                                   4648 ;/home/bruno/dev/MSXgl/engine/src/print.c:1155: Print_Return();
      0017F2                       4649 00102$:
                                   4650 ;/home/bruno/dev/MSXgl/engine/src/print.c:1157: VDP_CommandWait();
      0017F2 CDr00r00         [17] 4651 	call	_VDP_CommandWait
                                   4652 ;/home/bruno/dev/MSXgl/engine/src/print.c:1160: g_PrintData.DrawChar(chr);
      0017F5 2Ar18r00         [16] 4653 	ld	hl, (#_g_PrintData + 24)
      0017F8 79               [ 4] 4654 	ld	a, c
      0017F9 CDr00r00         [17] 4655 	call	___sdcc_call_hl
                                   4656 ;/home/bruno/dev/MSXgl/engine/src/print.c:1163: g_PrintData.CursorX += PRINT_W(g_PrintData.UnitX);
      0017FC ED 4Br05r00      [20] 4657 	ld	bc, (#(_g_PrintData + 5) + 0)
      001800 3Ar02r00         [13] 4658 	ld	a, (#(_g_PrintData + 2) + 0)
      001803 6F               [ 4] 4659 	ld	l, a
                                   4660 ;	spillPairReg hl
                                   4661 ;	spillPairReg hl
      001804 26 00            [ 7] 4662 	ld	h, #0x00
                                   4663 ;	spillPairReg hl
                                   4664 ;	spillPairReg hl
      001806 09               [11] 4665 	add	hl, bc
      001807 EB               [ 4] 4666 	ex	de, hl
      001808 ED 53r05r00      [20] 4667 	ld	((_g_PrintData + 5)), de
                                   4668 ;/home/bruno/dev/MSXgl/engine/src/print.c:1164: }
      00180C C9               [10] 4669 	ret
                                   4670 ;/home/bruno/dev/MSXgl/engine/src/print.c:1170: void Print_DrawCharX(c8 chr, u8 num)
                                   4671 ;	---------------------------------
                                   4672 ; Function Print_DrawCharX
                                   4673 ; ---------------------------------
      00180D                       4674 _Print_DrawCharX::
      00180D 4F               [ 4] 4675 	ld	c, a
                                   4676 ;/home/bruno/dev/MSXgl/engine/src/print.c:1172: for(u8 i = 0; i < num; ++i)
      00180E 06 00            [ 7] 4677 	ld	b, #0x00
      001810                       4678 00103$:
      001810 78               [ 4] 4679 	ld	a, b
      001811 95               [ 4] 4680 	sub	a, l
      001812 D0               [11] 4681 	ret	NC
                                   4682 ;/home/bruno/dev/MSXgl/engine/src/print.c:1173: Print_DrawChar(chr);
      001813 E5               [11] 4683 	push	hl
      001814 C5               [11] 4684 	push	bc
      001815 79               [ 4] 4685 	ld	a, c
      001816 CDrCDr17         [17] 4686 	call	_Print_DrawChar
      001819 C1               [10] 4687 	pop	bc
      00181A E1               [10] 4688 	pop	hl
                                   4689 ;/home/bruno/dev/MSXgl/engine/src/print.c:1172: for(u8 i = 0; i < num; ++i)
      00181B 04               [ 4] 4690 	inc	b
                                   4691 ;/home/bruno/dev/MSXgl/engine/src/print.c:1174: }
      00181C C3r10r18         [10] 4692 	jp	00103$
                                   4693 ;/home/bruno/dev/MSXgl/engine/src/print.c:1179: void Print_DrawText(const c8* str)
                                   4694 ;	---------------------------------
                                   4695 ; Function Print_DrawText
                                   4696 ; ---------------------------------
      00181F                       4697 _Print_DrawText::
      00181F DD E5            [15] 4698 	push	ix
      001821 DD 21 00 00      [14] 4699 	ld	ix,#0
      001825 DD 39            [15] 4700 	add	ix,sp
      001827 F5               [11] 4701 	push	af
      001828 4D               [ 4] 4702 	ld	c, l
      001829 44               [ 4] 4703 	ld	b, h
                                   4704 ;/home/bruno/dev/MSXgl/engine/src/print.c:1181: while(*str != 0)
      00182A                       4705 00110$:
      00182A 0A               [ 7] 4706 	ld	a, (bc)
                                   4707 ;/home/bruno/dev/MSXgl/engine/src/print.c:1183: if(*str == '\t')
      00182B 5F               [ 4] 4708 	ld	e,a
      00182C B7               [ 4] 4709 	or	a,a
      00182D 28 7B            [12] 4710 	jr	Z, 00116$
      00182F D6 09            [ 7] 4711 	sub	a, #0x09
      001831 20 3D            [12] 4712 	jr	NZ, 00108$
                                   4713 ;/home/bruno/dev/MSXgl/engine/src/print.h:423: g_PrintData.CursorX += PRINT_W(g_PrintData.UnitX) + g_PrintData.TabSize - 1;
      001833 ED 5Br05r00      [20] 4714 	ld	de, (#(_g_PrintData + 5) + 0)
      001837 3Ar02r00         [13] 4715 	ld	a, (#(_g_PrintData + 2) + 0)
      00183A DD 77 FE         [19] 4716 	ld	-2 (ix), a
      00183D DD 36 FF 00      [19] 4717 	ld	-1 (ix), #0x00
      001841 3Ar04r00         [13] 4718 	ld	a, (#(_g_PrintData + 4) + 0)
      001844 26 00            [ 7] 4719 	ld	h, #0x00
                                   4720 ;	spillPairReg hl
                                   4721 ;	spillPairReg hl
      001846 DD 86 FE         [19] 4722 	add	a, -2 (ix)
      001849 6F               [ 4] 4723 	ld	l, a
                                   4724 ;	spillPairReg hl
                                   4725 ;	spillPairReg hl
      00184A 7C               [ 4] 4726 	ld	a, h
      00184B DD 8E FF         [19] 4727 	adc	a, -1 (ix)
      00184E 67               [ 4] 4728 	ld	h, a
                                   4729 ;	spillPairReg hl
                                   4730 ;	spillPairReg hl
      00184F 2B               [ 6] 4731 	dec	hl
      001850 19               [11] 4732 	add	hl, de
      001851 EB               [ 4] 4733 	ex	de, hl
      001852 ED 53r05r00      [20] 4734 	ld	((_g_PrintData + 5)), de
                                   4735 ;/home/bruno/dev/MSXgl/engine/src/print.h:424: g_PrintData.CursorX &= ~(g_PrintData.TabSize - 1);
      001856 3Ar04r00         [13] 4736 	ld	a, (#(_g_PrintData + 4) + 0)
      001859 26 00            [ 7] 4737 	ld	h, #0x00
                                   4738 ;	spillPairReg hl
                                   4739 ;	spillPairReg hl
      00185B 6F               [ 4] 4740 	ld	l, a
      00185C 2B               [ 6] 4741 	dec	hl
      00185D 7D               [ 4] 4742 	ld	a, l
      00185E 2F               [ 4] 4743 	cpl
      00185F F5               [11] 4744 	push	af
      001860 7C               [ 4] 4745 	ld	a, h
      001861 2F               [ 4] 4746 	cpl
      001862 6F               [ 4] 4747 	ld	l, a
                                   4748 ;	spillPairReg hl
                                   4749 ;	spillPairReg hl
      001863 F1               [10] 4750 	pop	af
      001864 A3               [ 4] 4751 	and	a, e
      001865 5F               [ 4] 4752 	ld	e, a
      001866 7D               [ 4] 4753 	ld	a, l
      001867 A2               [ 4] 4754 	and	a, d
      001868 57               [ 4] 4755 	ld	d, a
      001869 ED 53r05r00      [20] 4756 	ld	((_g_PrintData + 5)), de
                                   4757 ;/home/bruno/dev/MSXgl/engine/src/print.c:1184: Print_Tab();
      00186D C3rA6r18         [10] 4758 	jp	00109$
      001870                       4759 00108$:
                                   4760 ;/home/bruno/dev/MSXgl/engine/src/print.c:1185: else if(*str == '\n')
      001870 7B               [ 4] 4761 	ld	a, e
      001871 D6 0A            [ 7] 4762 	sub	a, #0x0a
      001873 20 13            [12] 4763 	jr	NZ, 00105$
                                   4764 ;/home/bruno/dev/MSXgl/engine/src/print.h:431: g_PrintData.CursorX = 0;
      001875 21 00 00         [10] 4765 	ld	hl, #0x0000
      001878 22r05r00         [16] 4766 	ld	((_g_PrintData + 5)), hl
                                   4767 ;/home/bruno/dev/MSXgl/engine/src/print.h:432: g_PrintData.CursorY += PRINT_H(g_PrintData.UnitY);
      00187B 11r07r00         [10] 4768 	ld	de, #_g_PrintData + 7
      00187E 1A               [ 7] 4769 	ld	a, (de)
      00187F 21r03r00         [10] 4770 	ld	hl, #_g_PrintData + 3
      001882 6E               [ 7] 4771 	ld	l, (hl)
                                   4772 ;	spillPairReg hl
      001883 85               [ 4] 4773 	add	a, l
      001884 12               [ 7] 4774 	ld	(de), a
                                   4775 ;/home/bruno/dev/MSXgl/engine/src/print.c:1186: Print_Return();
      001885 C3rA6r18         [10] 4776 	jp	00109$
      001888                       4777 00105$:
                                   4778 ;/home/bruno/dev/MSXgl/engine/src/print.c:1188: else if(*str == ' ')
      001888 7B               [ 4] 4779 	ld	a, e
      001889 D6 20            [ 7] 4780 	sub	a, #0x20
      00188B 20 13            [12] 4781 	jr	NZ, 00102$
                                   4782 ;/home/bruno/dev/MSXgl/engine/src/print.h:416: g_PrintData.CursorX += PRINT_W(g_PrintData.UnitX);
      00188D ED 5Br05r00      [20] 4783 	ld	de, (#(_g_PrintData + 5) + 0)
      001891 3Ar02r00         [13] 4784 	ld	a, (#(_g_PrintData + 2) + 0)
      001894 6F               [ 4] 4785 	ld	l, a
                                   4786 ;	spillPairReg hl
                                   4787 ;	spillPairReg hl
      001895 26 00            [ 7] 4788 	ld	h, #0x00
                                   4789 ;	spillPairReg hl
                                   4790 ;	spillPairReg hl
      001897 19               [11] 4791 	add	hl, de
      001898 EB               [ 4] 4792 	ex	de, hl
      001899 ED 53r05r00      [20] 4793 	ld	((_g_PrintData + 5)), de
                                   4794 ;/home/bruno/dev/MSXgl/engine/src/print.c:1189: Print_Space();
      00189D C3rA6r18         [10] 4795 	jp	00109$
      0018A0                       4796 00102$:
                                   4797 ;/home/bruno/dev/MSXgl/engine/src/print.c:1192: Print_DrawChar(*str);
      0018A0 C5               [11] 4798 	push	bc
      0018A1 7B               [ 4] 4799 	ld	a, e
      0018A2 CDrCDr17         [17] 4800 	call	_Print_DrawChar
      0018A5 C1               [10] 4801 	pop	bc
      0018A6                       4802 00109$:
                                   4803 ;/home/bruno/dev/MSXgl/engine/src/print.c:1193: str++;
      0018A6 03               [ 6] 4804 	inc	bc
      0018A7 C3r2Ar18         [10] 4805 	jp	00110$
      0018AA                       4806 00116$:
                                   4807 ;/home/bruno/dev/MSXgl/engine/src/print.c:1195: }
      0018AA DD F9            [10] 4808 	ld	sp, ix
      0018AC DD E1            [14] 4809 	pop	ix
      0018AE C9               [10] 4810 	ret
                                   4811 ;/home/bruno/dev/MSXgl/engine/src/print.c:1200: void Print_DrawBin8(u8 value)
                                   4812 ;	---------------------------------
                                   4813 ; Function Print_DrawBin8
                                   4814 ; ---------------------------------
      0018AF                       4815 _Print_DrawBin8::
      0018AF 6F               [ 4] 4816 	ld	l, a
                                   4817 ;	spillPairReg hl
                                   4818 ;	spillPairReg hl
                                   4819 ;/home/bruno/dev/MSXgl/engine/src/print.c:1202: u8 flag = (u8)(1 << 7);
                                   4820 ;/home/bruno/dev/MSXgl/engine/src/print.c:1203: for(u8 i = 0; i < 8; ++i)
      0018B0 01 80 00         [10] 4821 	ld	bc, #0x80
      0018B3                       4822 00103$:
      0018B3 78               [ 4] 4823 	ld	a, b
      0018B4 D6 08            [ 7] 4824 	sub	a, #0x08
      0018B6 D0               [11] 4825 	ret	NC
                                   4826 ;/home/bruno/dev/MSXgl/engine/src/print.c:1205: Print_DrawChar((value & flag) ? '1' : '0');
      0018B7 7D               [ 4] 4827 	ld	a, l
      0018B8 A1               [ 4] 4828 	and	a,c
      0018B9 28 06            [12] 4829 	jr	Z, 00107$
      0018BB 11 31 00         [10] 4830 	ld	de, #0x0031
      0018BE C3rC4r18         [10] 4831 	jp	00108$
      0018C1                       4832 00107$:
      0018C1 11 30 00         [10] 4833 	ld	de, #0x0030
      0018C4                       4834 00108$:
      0018C4 E5               [11] 4835 	push	hl
      0018C5 C5               [11] 4836 	push	bc
      0018C6 7B               [ 4] 4837 	ld	a, e
      0018C7 CDrCDr17         [17] 4838 	call	_Print_DrawChar
      0018CA C1               [10] 4839 	pop	bc
      0018CB E1               [10] 4840 	pop	hl
                                   4841 ;/home/bruno/dev/MSXgl/engine/src/print.c:1206: flag >>= 1;
      0018CC CB 39            [ 8] 4842 	srl	c
                                   4843 ;/home/bruno/dev/MSXgl/engine/src/print.c:1203: for(u8 i = 0; i < 8; ++i)
      0018CE 04               [ 4] 4844 	inc	b
                                   4845 ;/home/bruno/dev/MSXgl/engine/src/print.c:1211: }
      0018CF C3rB3r18         [10] 4846 	jp	00103$
                                   4847 ;/home/bruno/dev/MSXgl/engine/src/print.c:1216: void Print_DrawHex8(u8 value)
                                   4848 ;	---------------------------------
                                   4849 ; Function Print_DrawHex8
                                   4850 ; ---------------------------------
      0018D2                       4851 _Print_DrawHex8::
      0018D2 5F               [ 4] 4852 	ld	e, a
                                   4853 ;/home/bruno/dev/MSXgl/engine/src/print.c:1218: Print_DrawChar(g_HexChar[(value >> 4) & 0x000F]);
      0018D3 01r32r00         [10] 4854 	ld	bc, #_g_HexChar+0
      0018D6 7B               [ 4] 4855 	ld	a, e
      0018D7 07               [ 4] 4856 	rlca
      0018D8 07               [ 4] 4857 	rlca
      0018D9 07               [ 4] 4858 	rlca
      0018DA 07               [ 4] 4859 	rlca
                                   4860 ;	spillPairReg hl
                                   4861 ;	spillPairReg hl
                                   4862 ;	spillPairReg hl
                                   4863 ;	spillPairReg hl
      0018DB E6 0F            [ 7] 4864 	and	a, #0xf
      0018DD 6F               [ 4] 4865 	ld	l, a
                                   4866 ;	spillPairReg hl
                                   4867 ;	spillPairReg hl
      0018DE 26 00            [ 7] 4868 	ld	h, #0x00
                                   4869 ;	spillPairReg hl
                                   4870 ;	spillPairReg hl
      0018E0 09               [11] 4871 	add	hl, bc
      0018E1 56               [ 7] 4872 	ld	d, (hl)
      0018E2 C5               [11] 4873 	push	bc
      0018E3 D5               [11] 4874 	push	de
      0018E4 7A               [ 4] 4875 	ld	a, d
      0018E5 CDrCDr17         [17] 4876 	call	_Print_DrawChar
      0018E8 D1               [10] 4877 	pop	de
      0018E9 C1               [10] 4878 	pop	bc
                                   4879 ;/home/bruno/dev/MSXgl/engine/src/print.c:1219: Print_DrawChar(g_HexChar[value & 0x000F]);
      0018EA 16 00            [ 7] 4880 	ld	d, #0x00
      0018EC 7B               [ 4] 4881 	ld	a, e
      0018ED E6 0F            [ 7] 4882 	and	a, #0x0f
      0018EF 6F               [ 4] 4883 	ld	l, a
                                   4884 ;	spillPairReg hl
                                   4885 ;	spillPairReg hl
      0018F0 26 00            [ 7] 4886 	ld	h, #0x00
                                   4887 ;	spillPairReg hl
                                   4888 ;	spillPairReg hl
      0018F2 09               [11] 4889 	add	hl, bc
      0018F3 4E               [ 7] 4890 	ld	c, (hl)
      0018F4 79               [ 4] 4891 	ld	a, c
                                   4892 ;/home/bruno/dev/MSXgl/engine/src/print.c:1223: }
      0018F5 C3rCDr17         [10] 4893 	jp	_Print_DrawChar
                                   4894 ;/home/bruno/dev/MSXgl/engine/src/print.c:1228: void Print_DrawHex16(u16 value)
                                   4895 ;	---------------------------------
                                   4896 ; Function Print_DrawHex16
                                   4897 ; ---------------------------------
      0018F8                       4898 _Print_DrawHex16::
                                   4899 ;/home/bruno/dev/MSXgl/engine/src/print.c:1230: Print_DrawHex8(value >> 8);
      0018F8 4C               [ 4] 4900 	ld	c, h
      0018F9 E5               [11] 4901 	push	hl
      0018FA 79               [ 4] 4902 	ld	a, c
      0018FB CDrD2r18         [17] 4903 	call	_Print_DrawHex8
      0018FE E1               [10] 4904 	pop	hl
                                   4905 ;/home/bruno/dev/MSXgl/engine/src/print.c:1231: Print_DrawHex8((u8)value);
      0018FF 7D               [ 4] 4906 	ld	a, l
                                   4907 ;/home/bruno/dev/MSXgl/engine/src/print.c:1232: }
      001900 C3rD2r18         [10] 4908 	jp	_Print_DrawHex8
                                   4909 ;/home/bruno/dev/MSXgl/engine/src/print.c:1238: void Print_DrawHex32(u32 value)
                                   4910 ;	---------------------------------
                                   4911 ; Function Print_DrawHex32
                                   4912 ; ---------------------------------
      001903                       4913 _Print_DrawHex32::
                                   4914 ;/home/bruno/dev/MSXgl/engine/src/print.c:1240: Print_DrawHex16(value >> 16);
                                   4915 ;	spillPairReg hl
                                   4916 ;	spillPairReg hl
                                   4917 ;	spillPairReg hl
                                   4918 ;	spillPairReg hl
      001903 E5               [11] 4919 	push	hl
      001904 D5               [11] 4920 	push	de
      001905 CDrF8r18         [17] 4921 	call	_Print_DrawHex16
      001908 D1               [10] 4922 	pop	de
      001909 C1               [10] 4923 	pop	bc
                                   4924 ;/home/bruno/dev/MSXgl/engine/src/print.c:1241: Print_DrawHex16((u16)value);
      00190A EB               [ 4] 4925 	ex	de, hl
                                   4926 ;/home/bruno/dev/MSXgl/engine/src/print.c:1242: }
      00190B C3rF8r18         [10] 4927 	jp	_Print_DrawHex16
                                   4928 ;/home/bruno/dev/MSXgl/engine/src/print.c:1249: void Print_DrawInt(i32 value)
                                   4929 ;	---------------------------------
                                   4930 ; Function Print_DrawInt
                                   4931 ; ---------------------------------
      00190E                       4932 _Print_DrawInt::
      00190E DD E5            [15] 4933 	push	ix
      001910 DD 21 00 00      [14] 4934 	ld	ix,#0
      001914 DD 39            [15] 4935 	add	ix,sp
      001916 FD 21 F4 FF      [14] 4936 	ld	iy, #-12
      00191A FD 39            [15] 4937 	add	iy, sp
      00191C FD F9            [10] 4938 	ld	sp, iy
      00191E DD 73 FC         [19] 4939 	ld	-4 (ix), e
      001921 DD 72 FD         [19] 4940 	ld	-3 (ix), d
      001924 DD 75 FE         [19] 4941 	ld	-2 (ix), l
      001927 DD 74 FF         [19] 4942 	ld	-1 (ix), h
                                   4943 ;/home/bruno/dev/MSXgl/engine/src/print.c:1256: if(value < 0)
      00192A DD CB FF 7E      [20] 4944 	bit	7, -1 (ix)
      00192E 28 23            [12] 4945 	jr	Z, 00102$
                                   4946 ;/home/bruno/dev/MSXgl/engine/src/print.c:1258: Print_DrawChar('-');
      001930 3E 2D            [ 7] 4947 	ld	a, #0x2d
      001932 CDrCDr17         [17] 4948 	call	_Print_DrawChar
                                   4949 ;/home/bruno/dev/MSXgl/engine/src/print.c:1259: value = -value;
      001935 AF               [ 4] 4950 	xor	a, a
      001936 DD 96 FC         [19] 4951 	sub	a, -4 (ix)
      001939 DD 77 FC         [19] 4952 	ld	-4 (ix), a
      00193C 3E 00            [ 7] 4953 	ld	a, #0x00
      00193E DD 9E FD         [19] 4954 	sbc	a, -3 (ix)
      001941 DD 77 FD         [19] 4955 	ld	-3 (ix), a
      001944 3E 00            [ 7] 4956 	ld	a, #0x00
      001946 DD 9E FE         [19] 4957 	sbc	a, -2 (ix)
      001949 DD 77 FE         [19] 4958 	ld	-2 (ix), a
      00194C 9F               [ 4] 4959 	sbc	a, a
      00194D DD 96 FF         [19] 4960 	sub	a, -1 (ix)
      001950 DD 77 FF         [19] 4961 	ld	-1 (ix), a
      001953                       4962 00102$:
                                   4963 ;/home/bruno/dev/MSXgl/engine/src/print.c:1263: c8* ptr = str;
      001953 21 00 00         [10] 4964 	ld	hl, #0
      001956 39               [11] 4965 	add	hl, sp
      001957 4D               [ 4] 4966 	ld	c, l
      001958 44               [ 4] 4967 	ld	b, h
                                   4968 ;/home/bruno/dev/MSXgl/engine/src/print.c:1264: *ptr = 0;
      001959 AF               [ 4] 4969 	xor	a, a
      00195A 02               [ 7] 4970 	ld	(bc), a
                                   4971 ;/home/bruno/dev/MSXgl/engine/src/print.c:1265: while(value >= 10)
      00195B                       4972 00103$:
                                   4973 ;/home/bruno/dev/MSXgl/engine/src/print.c:1267: *++ptr = '0' + (value % 10);
      00195B 69               [ 4] 4974 	ld	l, c
                                   4975 ;	spillPairReg hl
                                   4976 ;	spillPairReg hl
      00195C 60               [ 4] 4977 	ld	h, b
                                   4978 ;	spillPairReg hl
                                   4979 ;	spillPairReg hl
      00195D 23               [ 6] 4980 	inc	hl
                                   4981 ;/home/bruno/dev/MSXgl/engine/src/print.c:1265: while(value >= 10)
      00195E DD 7E FC         [19] 4982 	ld	a, -4 (ix)
      001961 D6 0A            [ 7] 4983 	sub	a, #0x0a
      001963 DD 7E FD         [19] 4984 	ld	a, -3 (ix)
      001966 DE 00            [ 7] 4985 	sbc	a, #0x00
      001968 DD 7E FE         [19] 4986 	ld	a, -2 (ix)
      00196B DE 00            [ 7] 4987 	sbc	a, #0x00
      00196D DD 7E FF         [19] 4988 	ld	a, -1 (ix)
      001970 17               [ 4] 4989 	rla
      001971 3F               [ 4] 4990 	ccf
      001972 1F               [ 4] 4991 	rra
      001973 DE 80            [ 7] 4992 	sbc	a, #0x80
      001975 38 4D            [12] 4993 	jr	C, 00105$
                                   4994 ;/home/bruno/dev/MSXgl/engine/src/print.c:1267: *++ptr = '0' + (value % 10);
      001977 4D               [ 4] 4995 	ld	c, l
      001978 44               [ 4] 4996 	ld	b, h
      001979 E5               [11] 4997 	push	hl
      00197A C5               [11] 4998 	push	bc
      00197B 11 00 00         [10] 4999 	ld	de, #0x0000
      00197E D5               [11] 5000 	push	de
      00197F 1E 0A            [ 7] 5001 	ld	e, #0x0a
      001981 D5               [11] 5002 	push	de
      001982 DD 5E FC         [19] 5003 	ld	e, -4 (ix)
      001985 DD 56 FD         [19] 5004 	ld	d, -3 (ix)
      001988 DD 6E FE         [19] 5005 	ld	l, -2 (ix)
                                   5006 ;	spillPairReg hl
                                   5007 ;	spillPairReg hl
      00198B DD 66 FF         [19] 5008 	ld	h, -1 (ix)
                                   5009 ;	spillPairReg hl
                                   5010 ;	spillPairReg hl
      00198E CDr00r00         [17] 5011 	call	__modslong
      001991 F1               [10] 5012 	pop	af
      001992 E3               [19] 5013 	ex	(sp),hl
      001993 FD E1            [14] 5014 	pop	iy
      001995 C1               [10] 5015 	pop	bc
      001996 E1               [10] 5016 	pop	hl
      001997 7B               [ 4] 5017 	ld	a, e
      001998 C6 30            [ 7] 5018 	add	a, #0x30
      00199A 77               [ 7] 5019 	ld	(hl), a
                                   5020 ;/home/bruno/dev/MSXgl/engine/src/print.c:1268: value /= 10;
      00199B C5               [11] 5021 	push	bc
      00199C 21 00 00         [10] 5022 	ld	hl, #0x0000
      00199F E5               [11] 5023 	push	hl
      0019A0 2E 0A            [ 7] 5024 	ld	l, #0x0a
      0019A2 E5               [11] 5025 	push	hl
      0019A3 DD 5E FC         [19] 5026 	ld	e, -4 (ix)
      0019A6 DD 56 FD         [19] 5027 	ld	d, -3 (ix)
      0019A9 DD 6E FE         [19] 5028 	ld	l, -2 (ix)
                                   5029 ;	spillPairReg hl
                                   5030 ;	spillPairReg hl
      0019AC DD 66 FF         [19] 5031 	ld	h, -1 (ix)
                                   5032 ;	spillPairReg hl
                                   5033 ;	spillPairReg hl
      0019AF CDr00r00         [17] 5034 	call	__divslong
      0019B2 F1               [10] 5035 	pop	af
      0019B3 F1               [10] 5036 	pop	af
      0019B4 C1               [10] 5037 	pop	bc
      0019B5 DD 73 FC         [19] 5038 	ld	-4 (ix), e
      0019B8 DD 72 FD         [19] 5039 	ld	-3 (ix), d
      0019BB DD 75 FE         [19] 5040 	ld	-2 (ix), l
      0019BE DD 74 FF         [19] 5041 	ld	-1 (ix), h
      0019C1 C3r5Br19         [10] 5042 	jp	00103$
      0019C4                       5043 00105$:
                                   5044 ;/home/bruno/dev/MSXgl/engine/src/print.c:1270: *++ptr = '0' + value;
      0019C4 DD 7E FC         [19] 5045 	ld	a, -4 (ix)
      0019C7 C6 30            [ 7] 5046 	add	a, #0x30
      0019C9 77               [ 7] 5047 	ld	(hl), a
                                   5048 ;/home/bruno/dev/MSXgl/engine/src/print.c:1271: while(*ptr != 0)
      0019CA                       5049 00106$:
      0019CA 7E               [ 7] 5050 	ld	a, (hl)
      0019CB B7               [ 4] 5051 	or	a, a
      0019CC 28 0B            [12] 5052 	jr	Z, 00109$
                                   5053 ;/home/bruno/dev/MSXgl/engine/src/print.c:1272: Print_DrawChar(*ptr--);	
      0019CE 2B               [ 6] 5054 	dec	hl
      0019CF 4F               [ 4] 5055 	ld	c, a
      0019D0 E5               [11] 5056 	push	hl
      0019D1 79               [ 4] 5057 	ld	a, c
      0019D2 CDrCDr17         [17] 5058 	call	_Print_DrawChar
      0019D5 E1               [10] 5059 	pop	hl
      0019D6 C3rCAr19         [10] 5060 	jp	00106$
      0019D9                       5061 00109$:
                                   5062 ;/home/bruno/dev/MSXgl/engine/src/print.c:1273: }
      0019D9 DD F9            [10] 5063 	ld	sp, ix
      0019DB DD E1            [14] 5064 	pop	ix
      0019DD C9               [10] 5065 	ret
                                   5066 ;/home/bruno/dev/MSXgl/engine/src/print.c:1282: void Print_DrawFormat(const c8* format, ...)
                                   5067 ;	---------------------------------
                                   5068 ; Function Print_DrawFormat
                                   5069 ; ---------------------------------
      0019DE                       5070 _Print_DrawFormat::
      0019DE DD E5            [15] 5071 	push	ix
      0019E0 DD 21 00 00      [14] 5072 	ld	ix,#0
      0019E4 DD 39            [15] 5073 	add	ix,sp
      0019E6 21 EC FF         [10] 5074 	ld	hl, #-20
      0019E9 39               [11] 5075 	add	hl, sp
      0019EA F9               [ 6] 5076 	ld	sp, hl
                                   5077 ;/home/bruno/dev/MSXgl/engine/src/print.c:1287: va_start(args, format);
      0019EB 21 1A 00         [10] 5078 	ld	hl, #26
      0019EE 39               [11] 5079 	add	hl, sp
      0019EF DD 75 F8         [19] 5080 	ld	-8 (ix), l
      0019F2 DD 74 F9         [19] 5081 	ld	-7 (ix), h
                                   5082 ;/home/bruno/dev/MSXgl/engine/src/print.c:1289: const c8* ptr = format;
      0019F5 DD 7E 04         [19] 5083 	ld	a, 4 (ix)
      0019F8 DD 77 FC         [19] 5084 	ld	-4 (ix), a
      0019FB DD 7E 05         [19] 5085 	ld	a, 5 (ix)
      0019FE DD 77 FD         [19] 5086 	ld	-3 (ix), a
                                   5087 ;/home/bruno/dev/MSXgl/engine/src/print.c:1290: while(*ptr != 0)
      001A01                       5088 00194$:
      001A01 DD 6E FC         [19] 5089 	ld	l, -4 (ix)
      001A04 DD 66 FD         [19] 5090 	ld	h, -3 (ix)
      001A07 7E               [ 7] 5091 	ld	a, (hl)
      001A08 DD 77 FF         [19] 5092 	ld	-1 (ix), a
      001A0B B7               [ 4] 5093 	or	a, a
      001A0C CAr97r20         [10] 5094 	jp	Z, 00200$
                                   5095 ;/home/bruno/dev/MSXgl/engine/src/print.c:1292: if(*ptr == '%')
      001A0F DD 7E FF         [19] 5096 	ld	a, -1 (ix)
      001A12 D6 25            [ 7] 5097 	sub	a, #0x25
      001A14 C2r18r20         [10] 5098 	jp	NZ,00192$
                                   5099 ;/home/bruno/dev/MSXgl/engine/src/print.c:1294: ptr++;
      001A17 DD 4E FC         [19] 5100 	ld	c, -4 (ix)
      001A1A DD 46 FD         [19] 5101 	ld	b, -3 (ix)
      001A1D 03               [ 6] 5102 	inc	bc
                                   5103 ;/home/bruno/dev/MSXgl/engine/src/print.c:1297: u8 len = 0;
      001A1E DD 36 FF 00      [19] 5104 	ld	-1 (ix), #0x00
                                   5105 ;/home/bruno/dev/MSXgl/engine/src/print.c:1298: if((*ptr >= '0') && (*ptr <= '9'))
      001A22 0A               [ 7] 5106 	ld	a, (bc)
      001A23 5F               [ 4] 5107 	ld	e, a
      001A24 D6 30            [ 7] 5108 	sub	a, #0x30
      001A26 38 0C            [12] 5109 	jr	C, 00208$
      001A28 3E 39            [ 7] 5110 	ld	a, #0x39
      001A2A 93               [ 4] 5111 	sub	a, e
      001A2B 38 07            [12] 5112 	jr	C, 00208$
                                   5113 ;/home/bruno/dev/MSXgl/engine/src/print.c:1300: len = *ptr - '0';
      001A2D 7B               [ 4] 5114 	ld	a, e
      001A2E C6 D0            [ 7] 5115 	add	a, #0xd0
      001A30 DD 77 FF         [19] 5116 	ld	-1 (ix), a
                                   5117 ;/home/bruno/dev/MSXgl/engine/src/print.c:1301: ptr++;
      001A33 03               [ 6] 5118 	inc	bc
                                   5119 ;/home/bruno/dev/MSXgl/engine/src/print.c:1303: while((*ptr >= '0') && (*ptr <= '9'))
      001A34                       5120 00208$:
      001A34 DD 71 F6         [19] 5121 	ld	-10 (ix), c
      001A37 DD 70 F7         [19] 5122 	ld	-9 (ix), b
      001A3A                       5123 00105$:
      001A3A DD 6E F6         [19] 5124 	ld	l, -10 (ix)
      001A3D DD 66 F7         [19] 5125 	ld	h, -9 (ix)
      001A40 7E               [ 7] 5126 	ld	a, (hl)
      001A41 DD 77 FE         [19] 5127 	ld	-2 (ix), a
      001A44 D6 30            [ 7] 5128 	sub	a, #0x30
      001A46 38 23            [12] 5129 	jr	C, 00244$
      001A48 3E 39            [ 7] 5130 	ld	a, #0x39
      001A4A DD 96 FE         [19] 5131 	sub	a, -2 (ix)
      001A4D 38 1C            [12] 5132 	jr	C, 00244$
                                   5133 ;/home/bruno/dev/MSXgl/engine/src/print.c:1305: len *= 10;
      001A4F DD 6E FF         [19] 5134 	ld	l, -1 (ix)
                                   5135 ;	spillPairReg hl
                                   5136 ;	spillPairReg hl
      001A52 4D               [ 4] 5137 	ld	c, l
      001A53 29               [11] 5138 	add	hl, hl
      001A54 29               [11] 5139 	add	hl, hl
      001A55 09               [11] 5140 	add	hl, bc
      001A56 29               [11] 5141 	add	hl, hl
                                   5142 ;/home/bruno/dev/MSXgl/engine/src/print.c:1306: len += *ptr - '0';
      001A57 DD 7E FE         [19] 5143 	ld	a, -2 (ix)
      001A5A C6 D0            [ 7] 5144 	add	a, #0xd0
      001A5C 85               [ 4] 5145 	add	a, l
      001A5D DD 77 FF         [19] 5146 	ld	-1 (ix), a
                                   5147 ;/home/bruno/dev/MSXgl/engine/src/print.c:1307: ptr++;
      001A60 DD 34 F6         [23] 5148 	inc	-10 (ix)
      001A63 20 D5            [12] 5149 	jr	NZ, 00105$
      001A65 DD 34 F7         [23] 5150 	inc	-9 (ix)
      001A68 C3r3Ar1A         [10] 5151 	jp	00105$
      001A6B                       5152 00244$:
      001A6B DD 7E F6         [19] 5153 	ld	a, -10 (ix)
      001A6E DD 77 FC         [19] 5154 	ld	-4 (ix), a
      001A71 DD 7E F7         [19] 5155 	ld	a, -9 (ix)
      001A74 DD 77 FD         [19] 5156 	ld	-3 (ix), a
                                   5157 ;/home/bruno/dev/MSXgl/engine/src/print.c:1311: if((*ptr == 'i') || (*ptr == 'd'))
      001A77 DD 7E FE         [19] 5158 	ld	a, -2 (ix)
      001A7A D6 69            [ 7] 5159 	sub	a, #0x69
      001A7C 28 07            [12] 5160 	jr	Z, 00178$
      001A7E DD 7E FE         [19] 5161 	ld	a, -2 (ix)
      001A81 D6 64            [ 7] 5162 	sub	a, #0x64
      001A83 20 61            [12] 5163 	jr	NZ, 00179$
      001A85                       5164 00178$:
                                   5165 ;/home/bruno/dev/MSXgl/engine/src/print.c:1313: i16 val = (i16)va_arg(args, i16);
      001A85 DD 7E F8         [19] 5166 	ld	a, -8 (ix)
      001A88 C6 02            [ 7] 5167 	add	a, #0x02
      001A8A DD 77 FA         [19] 5168 	ld	-6 (ix), a
      001A8D DD 7E F9         [19] 5169 	ld	a, -7 (ix)
      001A90 CE 00            [ 7] 5170 	adc	a, #0x00
      001A92 DD 77 FB         [19] 5171 	ld	-5 (ix), a
      001A95 DD 7E FA         [19] 5172 	ld	a, -6 (ix)
      001A98 DD 77 F8         [19] 5173 	ld	-8 (ix), a
      001A9B DD 7E FB         [19] 5174 	ld	a, -5 (ix)
      001A9E DD 77 F9         [19] 5175 	ld	-7 (ix), a
      001AA1 DD 7E FA         [19] 5176 	ld	a, -6 (ix)
      001AA4 C6 FE            [ 7] 5177 	add	a, #0xfe
      001AA6 DD 77 FE         [19] 5178 	ld	-2 (ix), a
      001AA9 DD 7E FB         [19] 5179 	ld	a, -5 (ix)
      001AAC CE FF            [ 7] 5180 	adc	a, #0xff
      001AAE DD 77 FF         [19] 5181 	ld	-1 (ix), a
      001AB1 DD 6E FE         [19] 5182 	ld	l, -2 (ix)
      001AB4 DD 66 FF         [19] 5183 	ld	h, -1 (ix)
      001AB7 7E               [ 7] 5184 	ld	a, (hl)
      001AB8 DD 77 FE         [19] 5185 	ld	-2 (ix), a
      001ABB 23               [ 6] 5186 	inc	hl
      001ABC 7E               [ 7] 5187 	ld	a, (hl)
      001ABD DD 77 FF         [19] 5188 	ld	-1 (ix), a
                                   5189 ;/home/bruno/dev/MSXgl/engine/src/print.c:1314: Print_DrawInt(val);
      001AC0 DD 7E FE         [19] 5190 	ld	a, -2 (ix)
      001AC3 DD 77 F4         [19] 5191 	ld	-12 (ix), a
      001AC6 DD 7E FF         [19] 5192 	ld	a, -1 (ix)
      001AC9 DD 77 F5         [19] 5193 	ld	-11 (ix), a
      001ACC 07               [ 4] 5194 	rlca
      001ACD 9F               [ 4] 5195 	sbc	a, a
      001ACE DD 77 F6         [19] 5196 	ld	-10 (ix), a
      001AD1 DD 77 F7         [19] 5197 	ld	-9 (ix), a
      001AD4 DD 5E F4         [19] 5198 	ld	e, -12 (ix)
      001AD7 DD 56 F5         [19] 5199 	ld	d, -11 (ix)
      001ADA DD 6E F6         [19] 5200 	ld	l, -10 (ix)
                                   5201 ;	spillPairReg hl
                                   5202 ;	spillPairReg hl
      001ADD DD 66 F7         [19] 5203 	ld	h, -9 (ix)
                                   5204 ;	spillPairReg hl
                                   5205 ;	spillPairReg hl
      001AE0 CDr0Er19         [17] 5206 	call	_Print_DrawInt
      001AE3 C3r8Br20         [10] 5207 	jp	00193$
      001AE6                       5208 00179$:
                                   5209 ;/home/bruno/dev/MSXgl/engine/src/print.c:1316: else if(*ptr == 'u')
      001AE6 DD 7E FE         [19] 5210 	ld	a, -2 (ix)
      001AE9 D6 75            [ 7] 5211 	sub	a, #0x75
      001AEB 20 60            [12] 5212 	jr	NZ, 00176$
                                   5213 ;/home/bruno/dev/MSXgl/engine/src/print.c:1318: u16 val = (u16)va_arg(args, u16);
      001AED DD 7E F8         [19] 5214 	ld	a, -8 (ix)
      001AF0 C6 02            [ 7] 5215 	add	a, #0x02
      001AF2 DD 77 FA         [19] 5216 	ld	-6 (ix), a
      001AF5 DD 7E F9         [19] 5217 	ld	a, -7 (ix)
      001AF8 CE 00            [ 7] 5218 	adc	a, #0x00
      001AFA DD 77 FB         [19] 5219 	ld	-5 (ix), a
      001AFD DD 7E FA         [19] 5220 	ld	a, -6 (ix)
      001B00 DD 77 F8         [19] 5221 	ld	-8 (ix), a
      001B03 DD 7E FB         [19] 5222 	ld	a, -5 (ix)
      001B06 DD 77 F9         [19] 5223 	ld	-7 (ix), a
      001B09 DD 7E FA         [19] 5224 	ld	a, -6 (ix)
      001B0C C6 FE            [ 7] 5225 	add	a, #0xfe
      001B0E DD 77 FE         [19] 5226 	ld	-2 (ix), a
      001B11 DD 7E FB         [19] 5227 	ld	a, -5 (ix)
      001B14 CE FF            [ 7] 5228 	adc	a, #0xff
      001B16 DD 77 FF         [19] 5229 	ld	-1 (ix), a
      001B19 DD 6E FE         [19] 5230 	ld	l, -2 (ix)
      001B1C DD 66 FF         [19] 5231 	ld	h, -1 (ix)
      001B1F 7E               [ 7] 5232 	ld	a, (hl)
      001B20 DD 77 FE         [19] 5233 	ld	-2 (ix), a
      001B23 23               [ 6] 5234 	inc	hl
      001B24 7E               [ 7] 5235 	ld	a, (hl)
      001B25 DD 77 FF         [19] 5236 	ld	-1 (ix), a
                                   5237 ;/home/bruno/dev/MSXgl/engine/src/print.c:1319: Print_DrawInt(val);
      001B28 DD 7E FE         [19] 5238 	ld	a, -2 (ix)
      001B2B DD 77 F4         [19] 5239 	ld	-12 (ix), a
      001B2E DD 7E FF         [19] 5240 	ld	a, -1 (ix)
      001B31 DD 77 F5         [19] 5241 	ld	-11 (ix), a
      001B34 AF               [ 4] 5242 	xor	a, a
      001B35 DD 77 F6         [19] 5243 	ld	-10 (ix), a
      001B38 DD 77 F7         [19] 5244 	ld	-9 (ix), a
      001B3B DD 5E F4         [19] 5245 	ld	e, -12 (ix)
      001B3E DD 56 F5         [19] 5246 	ld	d, -11 (ix)
      001B41 DD 6E F6         [19] 5247 	ld	l, -10 (ix)
                                   5248 ;	spillPairReg hl
                                   5249 ;	spillPairReg hl
      001B44 DD 66 F7         [19] 5250 	ld	h, -9 (ix)
                                   5251 ;	spillPairReg hl
                                   5252 ;	spillPairReg hl
      001B47 CDr0Er19         [17] 5253 	call	_Print_DrawInt
      001B4A C3r8Br20         [10] 5254 	jp	00193$
      001B4D                       5255 00176$:
                                   5256 ;/home/bruno/dev/MSXgl/engine/src/print.c:1321: else if(*ptr == 'x')
      001B4D DD 7E FE         [19] 5257 	ld	a, -2 (ix)
      001B50 D6 78            [ 7] 5258 	sub	a, #0x78
      001B52 C2r9Fr1C         [10] 5259 	jp	NZ,00173$
                                   5260 ;/home/bruno/dev/MSXgl/engine/src/print.c:1323: if(len == 0)
      001B55 DD 7E FF         [19] 5261 	ld	a, -1 (ix)
      001B58 B7               [ 4] 5262 	or	a, a
      001B59 20 04            [12] 5263 	jr	NZ, 00109$
                                   5264 ;/home/bruno/dev/MSXgl/engine/src/print.c:1324: len = 4;
      001B5B DD 36 FF 04      [19] 5265 	ld	-1 (ix), #0x04
      001B5F                       5266 00109$:
                                   5267 ;/home/bruno/dev/MSXgl/engine/src/print.c:1325: u16 val = (u16)va_arg(args, u16);
      001B5F DD 7E F8         [19] 5268 	ld	a, -8 (ix)
      001B62 C6 02            [ 7] 5269 	add	a, #0x02
      001B64 DD 77 F6         [19] 5270 	ld	-10 (ix), a
      001B67 DD 7E F9         [19] 5271 	ld	a, -7 (ix)
      001B6A CE 00            [ 7] 5272 	adc	a, #0x00
      001B6C DD 77 F7         [19] 5273 	ld	-9 (ix), a
      001B6F DD 7E F6         [19] 5274 	ld	a, -10 (ix)
      001B72 DD 77 F8         [19] 5275 	ld	-8 (ix), a
      001B75 DD 7E F7         [19] 5276 	ld	a, -9 (ix)
      001B78 DD 77 F9         [19] 5277 	ld	-7 (ix), a
      001B7B DD 7E F6         [19] 5278 	ld	a, -10 (ix)
      001B7E C6 FE            [ 7] 5279 	add	a, #0xfe
      001B80 DD 77 FA         [19] 5280 	ld	-6 (ix), a
      001B83 DD 7E F7         [19] 5281 	ld	a, -9 (ix)
      001B86 CE FF            [ 7] 5282 	adc	a, #0xff
      001B88 DD 77 FB         [19] 5283 	ld	-5 (ix), a
      001B8B DD 6E FA         [19] 5284 	ld	l, -6 (ix)
      001B8E DD 66 FB         [19] 5285 	ld	h, -5 (ix)
      001B91 7E               [ 7] 5286 	ld	a, (hl)
      001B92 DD 77 F4         [19] 5287 	ld	-12 (ix), a
      001B95 23               [ 6] 5288 	inc	hl
      001B96 7E               [ 7] 5289 	ld	a, (hl)
      001B97 DD 77 F5         [19] 5290 	ld	-11 (ix), a
                                   5291 ;/home/bruno/dev/MSXgl/engine/src/print.c:1326: if(len > 3)
      001B9A 3E 03            [ 7] 5292 	ld	a, #0x03
      001B9C DD 96 FF         [19] 5293 	sub	a, -1 (ix)
      001B9F 30 36            [12] 5294 	jr	NC, 00111$
                                   5295 ;/home/bruno/dev/MSXgl/engine/src/print.c:1327: Print_DrawChar(g_HexChar[(val >> 12) & 0x000F]);
      001BA1 DD 7E F5         [19] 5296 	ld	a, -11 (ix)
      001BA4 07               [ 4] 5297 	rlca
      001BA5 07               [ 4] 5298 	rlca
      001BA6 07               [ 4] 5299 	rlca
      001BA7 07               [ 4] 5300 	rlca
      001BA8 E6 0F            [ 7] 5301 	and	a, #0x0f
      001BAA DD 77 FA         [19] 5302 	ld	-6 (ix), a
      001BAD DD 36 FB 00      [19] 5303 	ld	-5 (ix), #0x00
      001BB1 DD 7E FA         [19] 5304 	ld	a, -6 (ix)
      001BB4 E6 0F            [ 7] 5305 	and	a, #0x0f
      001BB6 DD 77 F6         [19] 5306 	ld	-10 (ix), a
      001BB9 DD 36 F7 00      [19] 5307 	ld	-9 (ix), #0x00
      001BBD 3Er32            [ 7] 5308 	ld	a, #<(_g_HexChar)
      001BBF DD 86 F6         [19] 5309 	add	a, -10 (ix)
      001BC2 DD 77 FA         [19] 5310 	ld	-6 (ix), a
      001BC5 3Es00            [ 7] 5311 	ld	a, #>(_g_HexChar)
      001BC7 DD 8E F7         [19] 5312 	adc	a, -9 (ix)
      001BCA DD 77 FB         [19] 5313 	ld	-5 (ix), a
      001BCD DD 6E FA         [19] 5314 	ld	l, -6 (ix)
      001BD0 DD 66 FB         [19] 5315 	ld	h, -5 (ix)
      001BD3 7E               [ 7] 5316 	ld	a, (hl)
      001BD4 CDrCDr17         [17] 5317 	call	_Print_DrawChar
      001BD7                       5318 00111$:
                                   5319 ;/home/bruno/dev/MSXgl/engine/src/print.c:1328: if(len > 2)
      001BD7 3E 02            [ 7] 5320 	ld	a, #0x02
      001BD9 DD 96 FF         [19] 5321 	sub	a, -1 (ix)
      001BDC 30 33            [12] 5322 	jr	NC, 00113$
                                   5323 ;/home/bruno/dev/MSXgl/engine/src/print.c:1329: Print_DrawChar(g_HexChar[(val >> 8) & 0x000F]);
      001BDE DD 7E F5         [19] 5324 	ld	a, -11 (ix)
      001BE1 DD 77 FE         [19] 5325 	ld	-2 (ix), a
      001BE4 DD 77 FA         [19] 5326 	ld	-6 (ix), a
      001BE7 DD 36 FB 00      [19] 5327 	ld	-5 (ix), #0x00
      001BEB DD 7E FA         [19] 5328 	ld	a, -6 (ix)
      001BEE E6 0F            [ 7] 5329 	and	a, #0x0f
      001BF0 DD 77 F6         [19] 5330 	ld	-10 (ix), a
      001BF3 DD 36 F7 00      [19] 5331 	ld	-9 (ix), #0x00
      001BF7 3Er32            [ 7] 5332 	ld	a, #<(_g_HexChar)
      001BF9 DD 86 F6         [19] 5333 	add	a, -10 (ix)
      001BFC DD 77 FA         [19] 5334 	ld	-6 (ix), a
      001BFF 3Es00            [ 7] 5335 	ld	a, #>(_g_HexChar)
      001C01 DD 8E F7         [19] 5336 	adc	a, -9 (ix)
      001C04 DD 77 FB         [19] 5337 	ld	-5 (ix), a
      001C07 DD 6E FA         [19] 5338 	ld	l, -6 (ix)
      001C0A DD 66 FB         [19] 5339 	ld	h, -5 (ix)
      001C0D 7E               [ 7] 5340 	ld	a, (hl)
      001C0E CDrCDr17         [17] 5341 	call	_Print_DrawChar
      001C11                       5342 00113$:
                                   5343 ;/home/bruno/dev/MSXgl/engine/src/print.c:1330: if(len > 1)
      001C11 3E 01            [ 7] 5344 	ld	a, #0x01
      001C13 DD 96 FF         [19] 5345 	sub	a, -1 (ix)
      001C16 30 52            [12] 5346 	jr	NC, 00115$
                                   5347 ;/home/bruno/dev/MSXgl/engine/src/print.c:1331: Print_DrawChar(g_HexChar[(val >> 4) & 0x000F]);
      001C18 DD 7E F4         [19] 5348 	ld	a, -12 (ix)
      001C1B DD 77 FE         [19] 5349 	ld	-2 (ix), a
      001C1E DD 7E F5         [19] 5350 	ld	a, -11 (ix)
      001C21 DD 77 FF         [19] 5351 	ld	-1 (ix), a
      001C24 DD CB FF 3E      [23] 5352 	srl	-1 (ix)
      001C28 DD CB FE 1E      [23] 5353 	rr	-2 (ix)
      001C2C DD CB FF 3E      [23] 5354 	srl	-1 (ix)
      001C30 DD CB FE 1E      [23] 5355 	rr	-2 (ix)
      001C34 DD CB FF 3E      [23] 5356 	srl	-1 (ix)
      001C38 DD CB FE 1E      [23] 5357 	rr	-2 (ix)
      001C3C DD CB FF 3E      [23] 5358 	srl	-1 (ix)
      001C40 DD CB FE 1E      [23] 5359 	rr	-2 (ix)
      001C44 DD 7E FE         [19] 5360 	ld	a, -2 (ix)
      001C47 E6 0F            [ 7] 5361 	and	a, #0x0f
      001C49 DD 77 FA         [19] 5362 	ld	-6 (ix), a
      001C4C DD 36 FB 00      [19] 5363 	ld	-5 (ix), #0x00
      001C50 3Er32            [ 7] 5364 	ld	a, #<(_g_HexChar)
      001C52 DD 86 FA         [19] 5365 	add	a, -6 (ix)
      001C55 DD 77 FE         [19] 5366 	ld	-2 (ix), a
      001C58 3Es00            [ 7] 5367 	ld	a, #>(_g_HexChar)
      001C5A DD 8E FB         [19] 5368 	adc	a, -5 (ix)
      001C5D DD 77 FF         [19] 5369 	ld	-1 (ix), a
      001C60 DD 6E FE         [19] 5370 	ld	l, -2 (ix)
      001C63 DD 66 FF         [19] 5371 	ld	h, -1 (ix)
      001C66 7E               [ 7] 5372 	ld	a, (hl)
      001C67 CDrCDr17         [17] 5373 	call	_Print_DrawChar
      001C6A                       5374 00115$:
                                   5375 ;/home/bruno/dev/MSXgl/engine/src/print.c:1332: Print_DrawChar(g_HexChar[val & 0x000F]);
      001C6A DD 7E F4         [19] 5376 	ld	a, -12 (ix)
      001C6D DD 77 FE         [19] 5377 	ld	-2 (ix), a
      001C70 DD 7E F5         [19] 5378 	ld	a, -11 (ix)
      001C73 DD 77 FF         [19] 5379 	ld	-1 (ix), a
      001C76 DD 7E FE         [19] 5380 	ld	a, -2 (ix)
      001C79 E6 0F            [ 7] 5381 	and	a, #0x0f
      001C7B DD 77 FA         [19] 5382 	ld	-6 (ix), a
      001C7E DD 36 FB 00      [19] 5383 	ld	-5 (ix), #0x00
      001C82 3Er32            [ 7] 5384 	ld	a, #<(_g_HexChar)
      001C84 DD 86 FA         [19] 5385 	add	a, -6 (ix)
      001C87 DD 77 FE         [19] 5386 	ld	-2 (ix), a
      001C8A 3Es00            [ 7] 5387 	ld	a, #>(_g_HexChar)
      001C8C DD 8E FB         [19] 5388 	adc	a, -5 (ix)
      001C8F DD 77 FF         [19] 5389 	ld	-1 (ix), a
      001C92 DD 6E FE         [19] 5390 	ld	l, -2 (ix)
      001C95 DD 66 FF         [19] 5391 	ld	h, -1 (ix)
      001C98 7E               [ 7] 5392 	ld	a, (hl)
      001C99 CDrCDr17         [17] 5393 	call	_Print_DrawChar
      001C9C C3r8Br20         [10] 5394 	jp	00193$
      001C9F                       5395 00173$:
                                   5396 ;/home/bruno/dev/MSXgl/engine/src/print.c:1334: else if(*ptr == 'b')
      001C9F DD 7E FE         [19] 5397 	ld	a, -2 (ix)
      001CA2 D6 62            [ 7] 5398 	sub	a, #0x62
      001CA4 C2r40r1D         [10] 5399 	jp	NZ,00170$
                                   5400 ;/home/bruno/dev/MSXgl/engine/src/print.c:1336: if(len == 0)
      001CA7 DD 7E FF         [19] 5401 	ld	a, -1 (ix)
      001CAA B7               [ 4] 5402 	or	a, a
      001CAB 20 04            [12] 5403 	jr	NZ, 00117$
                                   5404 ;/home/bruno/dev/MSXgl/engine/src/print.c:1337: len = 16;
      001CAD DD 36 FF 10      [19] 5405 	ld	-1 (ix), #0x10
      001CB1                       5406 00117$:
                                   5407 ;/home/bruno/dev/MSXgl/engine/src/print.c:1338: u16 val = (u16)va_arg(args, u16);
      001CB1 DD 7E F8         [19] 5408 	ld	a, -8 (ix)
      001CB4 C6 02            [ 7] 5409 	add	a, #0x02
      001CB6 DD 77 F6         [19] 5410 	ld	-10 (ix), a
      001CB9 DD 7E F9         [19] 5411 	ld	a, -7 (ix)
      001CBC CE 00            [ 7] 5412 	adc	a, #0x00
      001CBE DD 77 F7         [19] 5413 	ld	-9 (ix), a
      001CC1 DD 7E F6         [19] 5414 	ld	a, -10 (ix)
      001CC4 DD 77 F8         [19] 5415 	ld	-8 (ix), a
      001CC7 DD 7E F7         [19] 5416 	ld	a, -9 (ix)
      001CCA DD 77 F9         [19] 5417 	ld	-7 (ix), a
      001CCD DD 7E F6         [19] 5418 	ld	a, -10 (ix)
      001CD0 C6 FE            [ 7] 5419 	add	a, #0xfe
      001CD2 DD 77 FA         [19] 5420 	ld	-6 (ix), a
      001CD5 DD 7E F7         [19] 5421 	ld	a, -9 (ix)
      001CD8 CE FF            [ 7] 5422 	adc	a, #0xff
      001CDA DD 77 FB         [19] 5423 	ld	-5 (ix), a
      001CDD DD 6E FA         [19] 5424 	ld	l, -6 (ix)
      001CE0 DD 66 FB         [19] 5425 	ld	h, -5 (ix)
      001CE3 7E               [ 7] 5426 	ld	a, (hl)
      001CE4 DD 77 FA         [19] 5427 	ld	-6 (ix), a
      001CE7 23               [ 6] 5428 	inc	hl
      001CE8 7E               [ 7] 5429 	ld	a, (hl)
      001CE9 DD 77 FB         [19] 5430 	ld	-5 (ix), a
                                   5431 ;/home/bruno/dev/MSXgl/engine/src/print.c:1339: u16 bit = 1 << (len - 1);
      001CEC DD 35 FF         [23] 5432 	dec	-1 (ix)
      001CEF DD 46 FF         [19] 5433 	ld	b, -1 (ix)
      001CF2 DD 36 FE 01      [19] 5434 	ld	-2 (ix), #0x01
      001CF6 DD 36 FF 00      [19] 5435 	ld	-1 (ix), #0
      001CFA 04               [ 4] 5436 	inc	b
      001CFB C3r06r1D         [10] 5437 	jp	00426$
      001CFE                       5438 00425$:
      001CFE DD CB FE 26      [23] 5439 	sla	-2 (ix)
      001D02 DD CB FF 16      [23] 5440 	rl	-1 (ix)
      001D06                       5441 00426$:
      001D06 10 F6            [13] 5442 	djnz	00425$
                                   5443 ;/home/bruno/dev/MSXgl/engine/src/print.c:1340: while(bit)
      001D08                       5444 00121$:
      001D08 DD 7E FF         [19] 5445 	ld	a, -1 (ix)
      001D0B DD B6 FE         [19] 5446 	or	a, -2 (ix)
      001D0E CAr8Br20         [10] 5447 	jp	Z, 00193$
                                   5448 ;/home/bruno/dev/MSXgl/engine/src/print.c:1342: if(val & bit)
      001D11 DD 7E FA         [19] 5449 	ld	a, -6 (ix)
      001D14 DD A6 FE         [19] 5450 	and	a, -2 (ix)
      001D17 DD 77 F6         [19] 5451 	ld	-10 (ix), a
      001D1A DD 7E FB         [19] 5452 	ld	a, -5 (ix)
      001D1D DD A6 FF         [19] 5453 	and	a, -1 (ix)
      001D20 DD 77 F7         [19] 5454 	ld	-9 (ix), a
      001D23 DD B6 F6         [19] 5455 	or	a, -10 (ix)
      001D26 28 08            [12] 5456 	jr	Z, 00119$
                                   5457 ;/home/bruno/dev/MSXgl/engine/src/print.c:1343: Print_DrawChar('1');
      001D28 3E 31            [ 7] 5458 	ld	a, #0x31
      001D2A CDrCDr17         [17] 5459 	call	_Print_DrawChar
      001D2D C3r35r1D         [10] 5460 	jp	00120$
      001D30                       5461 00119$:
                                   5462 ;/home/bruno/dev/MSXgl/engine/src/print.c:1345: Print_DrawChar('0');
      001D30 3E 30            [ 7] 5463 	ld	a, #0x30
      001D32 CDrCDr17         [17] 5464 	call	_Print_DrawChar
      001D35                       5465 00120$:
                                   5466 ;/home/bruno/dev/MSXgl/engine/src/print.c:1346: bit >>= 1;
      001D35 DD CB FF 3E      [23] 5467 	srl	-1 (ix)
      001D39 DD CB FE 1E      [23] 5468 	rr	-2 (ix)
      001D3D C3r08r1D         [10] 5469 	jp	00121$
      001D40                       5470 00170$:
                                   5471 ;/home/bruno/dev/MSXgl/engine/src/print.c:1350: else if((*ptr == 'I') || (*ptr == 'D'))
      001D40 DD 7E FE         [19] 5472 	ld	a, -2 (ix)
      001D43 D6 49            [ 7] 5473 	sub	a, #0x49
      001D45 28 07            [12] 5474 	jr	Z, 00165$
      001D47 DD 7E FE         [19] 5475 	ld	a, -2 (ix)
      001D4A D6 44            [ 7] 5476 	sub	a, #0x44
      001D4C 20 26            [12] 5477 	jr	NZ, 00166$
      001D4E                       5478 00165$:
                                   5479 ;/home/bruno/dev/MSXgl/engine/src/print.c:1352: i32 val = (i32)va_arg(args, i32);
      001D4E DD 6E F8         [19] 5480 	ld	l, -8 (ix)
      001D51 DD 66 F9         [19] 5481 	ld	h, -7 (ix)
      001D54 11 04 00         [10] 5482 	ld	de, #0x0004
      001D57 19               [11] 5483 	add	hl, de
      001D58 DD 75 F8         [19] 5484 	ld	-8 (ix), l
      001D5B DD 74 F9         [19] 5485 	ld	-7 (ix), h
      001D5E 7D               [ 4] 5486 	ld	a, l
      001D5F C6 FC            [ 7] 5487 	add	a, #0xfc
      001D61 6F               [ 4] 5488 	ld	l, a
                                   5489 ;	spillPairReg hl
                                   5490 ;	spillPairReg hl
      001D62 7C               [ 4] 5491 	ld	a, h
      001D63 CE FF            [ 7] 5492 	adc	a, #0xff
      001D65 67               [ 4] 5493 	ld	h, a
                                   5494 ;	spillPairReg hl
                                   5495 ;	spillPairReg hl
      001D66 5E               [ 7] 5496 	ld	e, (hl)
      001D67 23               [ 6] 5497 	inc	hl
      001D68 56               [ 7] 5498 	ld	d, (hl)
      001D69 23               [ 6] 5499 	inc	hl
      001D6A 4E               [ 7] 5500 	ld	c, (hl)
      001D6B 23               [ 6] 5501 	inc	hl
      001D6C 66               [ 7] 5502 	ld	h, (hl)
                                   5503 ;	spillPairReg hl
                                   5504 ;/home/bruno/dev/MSXgl/engine/src/print.c:1353: Print_DrawInt(val);
      001D6D 69               [ 4] 5505 	ld	l, c
                                   5506 ;	spillPairReg hl
                                   5507 ;	spillPairReg hl
      001D6E CDr0Er19         [17] 5508 	call	_Print_DrawInt
      001D71 C3r8Br20         [10] 5509 	jp	00193$
      001D74                       5510 00166$:
                                   5511 ;/home/bruno/dev/MSXgl/engine/src/print.c:1355: else if(*ptr == 'U')
      001D74 DD 7E FE         [19] 5512 	ld	a, -2 (ix)
      001D77 D6 55            [ 7] 5513 	sub	a, #0x55
      001D79 20 26            [12] 5514 	jr	NZ, 00163$
                                   5515 ;/home/bruno/dev/MSXgl/engine/src/print.c:1357: u32 val = (u32)va_arg(args, u32);
      001D7B DD 6E F8         [19] 5516 	ld	l, -8 (ix)
      001D7E DD 66 F9         [19] 5517 	ld	h, -7 (ix)
      001D81 11 04 00         [10] 5518 	ld	de, #0x0004
      001D84 19               [11] 5519 	add	hl, de
      001D85 DD 75 F8         [19] 5520 	ld	-8 (ix), l
      001D88 DD 74 F9         [19] 5521 	ld	-7 (ix), h
      001D8B 7D               [ 4] 5522 	ld	a, l
      001D8C C6 FC            [ 7] 5523 	add	a, #0xfc
      001D8E 6F               [ 4] 5524 	ld	l, a
                                   5525 ;	spillPairReg hl
                                   5526 ;	spillPairReg hl
      001D8F 7C               [ 4] 5527 	ld	a, h
      001D90 CE FF            [ 7] 5528 	adc	a, #0xff
      001D92 67               [ 4] 5529 	ld	h, a
                                   5530 ;	spillPairReg hl
                                   5531 ;	spillPairReg hl
      001D93 5E               [ 7] 5532 	ld	e, (hl)
      001D94 23               [ 6] 5533 	inc	hl
      001D95 56               [ 7] 5534 	ld	d, (hl)
      001D96 23               [ 6] 5535 	inc	hl
      001D97 4E               [ 7] 5536 	ld	c, (hl)
      001D98 23               [ 6] 5537 	inc	hl
      001D99 66               [ 7] 5538 	ld	h, (hl)
                                   5539 ;	spillPairReg hl
                                   5540 ;/home/bruno/dev/MSXgl/engine/src/print.c:1358: Print_DrawInt(val);
      001D9A 69               [ 4] 5541 	ld	l, c
                                   5542 ;	spillPairReg hl
                                   5543 ;	spillPairReg hl
      001D9B CDr0Er19         [17] 5544 	call	_Print_DrawInt
      001D9E C3r8Br20         [10] 5545 	jp	00193$
      001DA1                       5546 00163$:
                                   5547 ;/home/bruno/dev/MSXgl/engine/src/print.c:1360: else if(*ptr == 'X')
      001DA1 DD 7E FE         [19] 5548 	ld	a, -2 (ix)
      001DA4 D6 58            [ 7] 5549 	sub	a, #0x58
      001DA6 C2r1Er1F         [10] 5550 	jp	NZ,00160$
                                   5551 ;/home/bruno/dev/MSXgl/engine/src/print.c:1362: if(len == 0)
      001DA9 DD 7E FF         [19] 5552 	ld	a, -1 (ix)
      001DAC B7               [ 4] 5553 	or	a, a
      001DAD 20 04            [12] 5554 	jr	NZ, 00125$
                                   5555 ;/home/bruno/dev/MSXgl/engine/src/print.c:1363: len = 8;
      001DAF DD 36 FF 08      [19] 5556 	ld	-1 (ix), #0x08
      001DB3                       5557 00125$:
                                   5558 ;/home/bruno/dev/MSXgl/engine/src/print.c:1364: u32 val = (u32)va_arg(args, u32);
      001DB3 DD 6E F8         [19] 5559 	ld	l, -8 (ix)
      001DB6 DD 66 F9         [19] 5560 	ld	h, -7 (ix)
      001DB9 11 04 00         [10] 5561 	ld	de, #0x0004
      001DBC 19               [11] 5562 	add	hl, de
      001DBD DD 75 F8         [19] 5563 	ld	-8 (ix), l
      001DC0 DD 74 F9         [19] 5564 	ld	-7 (ix), h
      001DC3 7D               [ 4] 5565 	ld	a, l
      001DC4 C6 FC            [ 7] 5566 	add	a, #0xfc
      001DC6 6F               [ 4] 5567 	ld	l, a
                                   5568 ;	spillPairReg hl
                                   5569 ;	spillPairReg hl
      001DC7 7C               [ 4] 5570 	ld	a, h
      001DC8 CE FF            [ 7] 5571 	adc	a, #0xff
      001DCA 67               [ 4] 5572 	ld	h, a
                                   5573 ;	spillPairReg hl
                                   5574 ;	spillPairReg hl
      001DCB 4E               [ 7] 5575 	ld	c, (hl)
      001DCC 23               [ 6] 5576 	inc	hl
      001DCD 46               [ 7] 5577 	ld	b, (hl)
      001DCE 23               [ 6] 5578 	inc	hl
      001DCF 5E               [ 7] 5579 	ld	e, (hl)
      001DD0 23               [ 6] 5580 	inc	hl
      001DD1 56               [ 7] 5581 	ld	d, (hl)
                                   5582 ;/home/bruno/dev/MSXgl/engine/src/print.c:1366: if(len > 7)
      001DD2 3E 07            [ 7] 5583 	ld	a, #0x07
      001DD4 DD 96 FF         [19] 5584 	sub	a, -1 (ix)
      001DD7 30 2D            [12] 5585 	jr	NC, 00127$
                                   5586 ;/home/bruno/dev/MSXgl/engine/src/print.c:1367: Print_DrawChar(g_HexChar[(val >> 28) & 0xF]);
      001DD9 DD 72 F4         [19] 5587 	ld	-12 (ix), d
      001DDC AF               [ 4] 5588 	xor	a, a
      001DDD DD 77 F5         [19] 5589 	ld	-11 (ix), a
      001DE0 DD 77 F6         [19] 5590 	ld	-10 (ix), a
      001DE3 DD 77 F7         [19] 5591 	ld	-9 (ix), a
      001DE6 3E 04            [ 7] 5592 	ld	a, #0x04
      001DE8                       5593 00434$:
      001DE8 DD CB F4 3E      [23] 5594 	srl	-12 (ix)
      001DEC 3D               [ 4] 5595 	dec	a
      001DED 20 F9            [12] 5596 	jr	NZ, 00434$
      001DEF DD 7E F4         [19] 5597 	ld	a, -12 (ix)
                                   5598 ;	spillPairReg hl
                                   5599 ;	spillPairReg hl
      001DF2 E6 0F            [ 7] 5600 	and	a, #0x0f
      001DF4 26 00            [ 7] 5601 	ld	h, #0x00
                                   5602 ;	spillPairReg hl
                                   5603 ;	spillPairReg hl
      001DF6 C6r32            [ 7] 5604 	add	a, #<(_g_HexChar)
      001DF8 6F               [ 4] 5605 	ld	l, a
                                   5606 ;	spillPairReg hl
                                   5607 ;	spillPairReg hl
      001DF9 7C               [ 4] 5608 	ld	a, h
      001DFA CEs00            [ 7] 5609 	adc	a, #>(_g_HexChar)
      001DFC 67               [ 4] 5610 	ld	h, a
      001DFD 6E               [ 7] 5611 	ld	l, (hl)
                                   5612 ;	spillPairReg hl
      001DFE C5               [11] 5613 	push	bc
      001DFF D5               [11] 5614 	push	de
      001E00 7D               [ 4] 5615 	ld	a, l
      001E01 CDrCDr17         [17] 5616 	call	_Print_DrawChar
      001E04 D1               [10] 5617 	pop	de
      001E05 C1               [10] 5618 	pop	bc
      001E06                       5619 00127$:
                                   5620 ;/home/bruno/dev/MSXgl/engine/src/print.c:1368: if(len > 6)
      001E06 3E 06            [ 7] 5621 	ld	a, #0x06
      001E08 DD 96 FF         [19] 5622 	sub	a, -1 (ix)
      001E0B 30 15            [12] 5623 	jr	NC, 00129$
                                   5624 ;/home/bruno/dev/MSXgl/engine/src/print.c:1369: Print_DrawChar(g_HexChar[(val >> 24) & 0xF]);
      001E0D 7A               [ 4] 5625 	ld	a, d
                                   5626 ;	spillPairReg hl
                                   5627 ;	spillPairReg hl
      001E0E E6 0F            [ 7] 5628 	and	a, #0x0f
      001E10 26 00            [ 7] 5629 	ld	h, #0x00
                                   5630 ;	spillPairReg hl
                                   5631 ;	spillPairReg hl
      001E12 C6r32            [ 7] 5632 	add	a, #<(_g_HexChar)
      001E14 6F               [ 4] 5633 	ld	l, a
                                   5634 ;	spillPairReg hl
                                   5635 ;	spillPairReg hl
      001E15 7C               [ 4] 5636 	ld	a, h
      001E16 CEs00            [ 7] 5637 	adc	a, #>(_g_HexChar)
      001E18 67               [ 4] 5638 	ld	h, a
      001E19 6E               [ 7] 5639 	ld	l, (hl)
                                   5640 ;	spillPairReg hl
      001E1A C5               [11] 5641 	push	bc
      001E1B D5               [11] 5642 	push	de
      001E1C 7D               [ 4] 5643 	ld	a, l
      001E1D CDrCDr17         [17] 5644 	call	_Print_DrawChar
      001E20 D1               [10] 5645 	pop	de
      001E21 C1               [10] 5646 	pop	bc
      001E22                       5647 00129$:
                                   5648 ;/home/bruno/dev/MSXgl/engine/src/print.c:1370: if(len > 5)
      001E22 3E 05            [ 7] 5649 	ld	a, #0x05
      001E24 DD 96 FF         [19] 5650 	sub	a, -1 (ix)
      001E27 30 31            [12] 5651 	jr	NC, 00131$
                                   5652 ;/home/bruno/dev/MSXgl/engine/src/print.c:1371: Print_DrawChar(g_HexChar[(val >> 20) & 0xF]);
      001E29 DD 73 F4         [19] 5653 	ld	-12 (ix), e
      001E2C DD 72 F5         [19] 5654 	ld	-11 (ix), d
      001E2F AF               [ 4] 5655 	xor	a, a
      001E30 DD 77 F6         [19] 5656 	ld	-10 (ix), a
      001E33 DD 77 F7         [19] 5657 	ld	-9 (ix), a
      001E36 3E 04            [ 7] 5658 	ld	a, #0x04
      001E38                       5659 00436$:
      001E38 DD CB F5 3E      [23] 5660 	srl	-11 (ix)
      001E3C DD CB F4 1E      [23] 5661 	rr	-12 (ix)
      001E40 3D               [ 4] 5662 	dec	a
      001E41 20 F5            [12] 5663 	jr	NZ, 00436$
      001E43 DD 7E F4         [19] 5664 	ld	a, -12 (ix)
                                   5665 ;	spillPairReg hl
                                   5666 ;	spillPairReg hl
      001E46 E6 0F            [ 7] 5667 	and	a, #0x0f
      001E48 26 00            [ 7] 5668 	ld	h, #0x00
                                   5669 ;	spillPairReg hl
                                   5670 ;	spillPairReg hl
      001E4A C6r32            [ 7] 5671 	add	a, #<(_g_HexChar)
      001E4C 6F               [ 4] 5672 	ld	l, a
                                   5673 ;	spillPairReg hl
                                   5674 ;	spillPairReg hl
      001E4D 7C               [ 4] 5675 	ld	a, h
      001E4E CEs00            [ 7] 5676 	adc	a, #>(_g_HexChar)
      001E50 67               [ 4] 5677 	ld	h, a
      001E51 6E               [ 7] 5678 	ld	l, (hl)
                                   5679 ;	spillPairReg hl
      001E52 C5               [11] 5680 	push	bc
      001E53 D5               [11] 5681 	push	de
      001E54 7D               [ 4] 5682 	ld	a, l
      001E55 CDrCDr17         [17] 5683 	call	_Print_DrawChar
      001E58 D1               [10] 5684 	pop	de
      001E59 C1               [10] 5685 	pop	bc
      001E5A                       5686 00131$:
                                   5687 ;/home/bruno/dev/MSXgl/engine/src/print.c:1372: if(len > 4)
      001E5A 3E 04            [ 7] 5688 	ld	a, #0x04
      001E5C DD 96 FF         [19] 5689 	sub	a, -1 (ix)
      001E5F 30 15            [12] 5690 	jr	NC, 00133$
                                   5691 ;/home/bruno/dev/MSXgl/engine/src/print.c:1373: Print_DrawChar(g_HexChar[(val >> 16) & 0xF]);
      001E61 7B               [ 4] 5692 	ld	a, e
                                   5693 ;	spillPairReg hl
                                   5694 ;	spillPairReg hl
      001E62 E6 0F            [ 7] 5695 	and	a, #0x0f
      001E64 26 00            [ 7] 5696 	ld	h, #0x00
                                   5697 ;	spillPairReg hl
                                   5698 ;	spillPairReg hl
      001E66 C6r32            [ 7] 5699 	add	a, #<(_g_HexChar)
      001E68 6F               [ 4] 5700 	ld	l, a
                                   5701 ;	spillPairReg hl
                                   5702 ;	spillPairReg hl
      001E69 7C               [ 4] 5703 	ld	a, h
      001E6A CEs00            [ 7] 5704 	adc	a, #>(_g_HexChar)
      001E6C 67               [ 4] 5705 	ld	h, a
      001E6D 6E               [ 7] 5706 	ld	l, (hl)
                                   5707 ;	spillPairReg hl
      001E6E C5               [11] 5708 	push	bc
      001E6F D5               [11] 5709 	push	de
      001E70 7D               [ 4] 5710 	ld	a, l
      001E71 CDrCDr17         [17] 5711 	call	_Print_DrawChar
      001E74 D1               [10] 5712 	pop	de
      001E75 C1               [10] 5713 	pop	bc
      001E76                       5714 00133$:
                                   5715 ;/home/bruno/dev/MSXgl/engine/src/print.c:1374: if(len > 3)
      001E76 3E 03            [ 7] 5716 	ld	a, #0x03
      001E78 DD 96 FF         [19] 5717 	sub	a, -1 (ix)
      001E7B 30 35            [12] 5718 	jr	NC, 00135$
                                   5719 ;/home/bruno/dev/MSXgl/engine/src/print.c:1375: Print_DrawChar(g_HexChar[(val >> 12) & 0xF]);
      001E7D DD 70 F4         [19] 5720 	ld	-12 (ix), b
      001E80 DD 73 F5         [19] 5721 	ld	-11 (ix), e
      001E83 DD 72 F6         [19] 5722 	ld	-10 (ix), d
      001E86 DD 36 F7 00      [19] 5723 	ld	-9 (ix), #0x00
      001E8A 3E 04            [ 7] 5724 	ld	a, #0x04
      001E8C                       5725 00438$:
      001E8C DD CB F6 3E      [23] 5726 	srl	-10 (ix)
      001E90 DD CB F5 1E      [23] 5727 	rr	-11 (ix)
      001E94 DD CB F4 1E      [23] 5728 	rr	-12 (ix)
      001E98 3D               [ 4] 5729 	dec	a
      001E99 20 F1            [12] 5730 	jr	NZ, 00438$
      001E9B DD 7E F4         [19] 5731 	ld	a, -12 (ix)
                                   5732 ;	spillPairReg hl
                                   5733 ;	spillPairReg hl
      001E9E E6 0F            [ 7] 5734 	and	a, #0x0f
      001EA0 6F               [ 4] 5735 	ld	l, a
                                   5736 ;	spillPairReg hl
                                   5737 ;	spillPairReg hl
      001EA1 26 00            [ 7] 5738 	ld	h, #0x00
                                   5739 ;	spillPairReg hl
                                   5740 ;	spillPairReg hl
      001EA3 D5               [11] 5741 	push	de
      001EA4 11r32r00         [10] 5742 	ld	de, #_g_HexChar
      001EA7 19               [11] 5743 	add	hl, de
      001EA8 D1               [10] 5744 	pop	de
      001EA9 6E               [ 7] 5745 	ld	l, (hl)
                                   5746 ;	spillPairReg hl
      001EAA C5               [11] 5747 	push	bc
      001EAB D5               [11] 5748 	push	de
      001EAC 7D               [ 4] 5749 	ld	a, l
      001EAD CDrCDr17         [17] 5750 	call	_Print_DrawChar
      001EB0 D1               [10] 5751 	pop	de
      001EB1 C1               [10] 5752 	pop	bc
      001EB2                       5753 00135$:
                                   5754 ;/home/bruno/dev/MSXgl/engine/src/print.c:1376: if(len > 2)
      001EB2 3E 02            [ 7] 5755 	ld	a, #0x02
      001EB4 DD 96 FF         [19] 5756 	sub	a, -1 (ix)
      001EB7 30 15            [12] 5757 	jr	NC, 00137$
                                   5758 ;/home/bruno/dev/MSXgl/engine/src/print.c:1377: Print_DrawChar(g_HexChar[(val >> 8) & 0xF]);
      001EB9 78               [ 4] 5759 	ld	a, b
                                   5760 ;	spillPairReg hl
                                   5761 ;	spillPairReg hl
      001EBA E6 0F            [ 7] 5762 	and	a, #0x0f
      001EBC 26 00            [ 7] 5763 	ld	h, #0x00
                                   5764 ;	spillPairReg hl
                                   5765 ;	spillPairReg hl
      001EBE C6r32            [ 7] 5766 	add	a, #<(_g_HexChar)
      001EC0 6F               [ 4] 5767 	ld	l, a
                                   5768 ;	spillPairReg hl
                                   5769 ;	spillPairReg hl
      001EC1 7C               [ 4] 5770 	ld	a, h
      001EC2 CEs00            [ 7] 5771 	adc	a, #>(_g_HexChar)
      001EC4 67               [ 4] 5772 	ld	h, a
      001EC5 6E               [ 7] 5773 	ld	l, (hl)
                                   5774 ;	spillPairReg hl
      001EC6 C5               [11] 5775 	push	bc
      001EC7 D5               [11] 5776 	push	de
      001EC8 7D               [ 4] 5777 	ld	a, l
      001EC9 CDrCDr17         [17] 5778 	call	_Print_DrawChar
      001ECC D1               [10] 5779 	pop	de
      001ECD C1               [10] 5780 	pop	bc
      001ECE                       5781 00137$:
                                   5782 ;/home/bruno/dev/MSXgl/engine/src/print.c:1378: if(len > 1)
      001ECE 3E 01            [ 7] 5783 	ld	a, #0x01
      001ED0 DD 96 FF         [19] 5784 	sub	a, -1 (ix)
      001ED3 30 38            [12] 5785 	jr	NC, 00139$
                                   5786 ;/home/bruno/dev/MSXgl/engine/src/print.c:1379: Print_DrawChar(g_HexChar[(val >> 4) & 0xF]);
      001ED5 DD 71 F4         [19] 5787 	ld	-12 (ix), c
      001ED8 DD 70 F5         [19] 5788 	ld	-11 (ix), b
      001EDB DD 73 F6         [19] 5789 	ld	-10 (ix), e
      001EDE DD 72 F7         [19] 5790 	ld	-9 (ix), d
      001EE1 3E 04            [ 7] 5791 	ld	a, #0x04
      001EE3                       5792 00440$:
      001EE3 DD CB F7 3E      [23] 5793 	srl	-9 (ix)
      001EE7 DD CB F6 1E      [23] 5794 	rr	-10 (ix)
      001EEB DD CB F5 1E      [23] 5795 	rr	-11 (ix)
      001EEF DD CB F4 1E      [23] 5796 	rr	-12 (ix)
      001EF3 3D               [ 4] 5797 	dec	a
      001EF4 20 ED            [12] 5798 	jr	NZ, 00440$
      001EF6 DD 7E F4         [19] 5799 	ld	a, -12 (ix)
                                   5800 ;	spillPairReg hl
                                   5801 ;	spillPairReg hl
      001EF9 E6 0F            [ 7] 5802 	and	a, #0x0f
      001EFB 26 00            [ 7] 5803 	ld	h, #0x00
                                   5804 ;	spillPairReg hl
                                   5805 ;	spillPairReg hl
      001EFD C6r32            [ 7] 5806 	add	a, #<(_g_HexChar)
      001EFF 6F               [ 4] 5807 	ld	l, a
                                   5808 ;	spillPairReg hl
                                   5809 ;	spillPairReg hl
      001F00 7C               [ 4] 5810 	ld	a, h
      001F01 CEs00            [ 7] 5811 	adc	a, #>(_g_HexChar)
      001F03 67               [ 4] 5812 	ld	h, a
      001F04 6E               [ 7] 5813 	ld	l, (hl)
                                   5814 ;	spillPairReg hl
      001F05 C5               [11] 5815 	push	bc
      001F06 D5               [11] 5816 	push	de
      001F07 7D               [ 4] 5817 	ld	a, l
      001F08 CDrCDr17         [17] 5818 	call	_Print_DrawChar
      001F0B D1               [10] 5819 	pop	de
      001F0C C1               [10] 5820 	pop	bc
      001F0D                       5821 00139$:
                                   5822 ;/home/bruno/dev/MSXgl/engine/src/print.c:1380: Print_DrawChar(g_HexChar[val & 0xF]);
      001F0D 79               [ 4] 5823 	ld	a, c
      001F0E E6 0F            [ 7] 5824 	and	a, #0x0f
      001F10 4F               [ 4] 5825 	ld	c, a
      001F11 06 00            [ 7] 5826 	ld	b, #0x00
      001F13 21r32r00         [10] 5827 	ld	hl, #_g_HexChar
      001F16 09               [11] 5828 	add	hl, bc
      001F17 7E               [ 7] 5829 	ld	a, (hl)
      001F18 CDrCDr17         [17] 5830 	call	_Print_DrawChar
      001F1B C3r8Br20         [10] 5831 	jp	00193$
      001F1E                       5832 00160$:
                                   5833 ;/home/bruno/dev/MSXgl/engine/src/print.c:1382: else if(*ptr == 'B')
      001F1E DD 7E FE         [19] 5834 	ld	a, -2 (ix)
      001F21 D6 42            [ 7] 5835 	sub	a, #0x42
      001F23 C2rCAr1F         [10] 5836 	jp	NZ,00157$
                                   5837 ;/home/bruno/dev/MSXgl/engine/src/print.c:1384: if(len == 0)
      001F26 DD 7E FF         [19] 5838 	ld	a, -1 (ix)
      001F29 B7               [ 4] 5839 	or	a, a
      001F2A 20 04            [12] 5840 	jr	NZ, 00141$
                                   5841 ;/home/bruno/dev/MSXgl/engine/src/print.c:1385: len = 16;
      001F2C DD 36 FF 10      [19] 5842 	ld	-1 (ix), #0x10
      001F30                       5843 00141$:
                                   5844 ;/home/bruno/dev/MSXgl/engine/src/print.c:1386: u32 val = (u32)va_arg(args, u32);
      001F30 DD 6E F8         [19] 5845 	ld	l, -8 (ix)
      001F33 DD 66 F9         [19] 5846 	ld	h, -7 (ix)
      001F36 11 04 00         [10] 5847 	ld	de, #0x0004
      001F39 19               [11] 5848 	add	hl, de
      001F3A DD 75 F8         [19] 5849 	ld	-8 (ix), l
      001F3D DD 74 F9         [19] 5850 	ld	-7 (ix), h
      001F40 11 FC FF         [10] 5851 	ld	de, #0xfffc
      001F43 19               [11] 5852 	add	hl, de
      001F44 EB               [ 4] 5853 	ex	de,hl
      001F45 21 04 00         [10] 5854 	ld	hl, #4
      001F48 39               [11] 5855 	add	hl, sp
      001F49 EB               [ 4] 5856 	ex	de, hl
      001F4A 01 04 00         [10] 5857 	ld	bc, #0x0004
      001F4D ED B0            [21] 5858 	ldir
                                   5859 ;/home/bruno/dev/MSXgl/engine/src/print.c:1387: u32 bit = 1 << (len - 1);
      001F4F DD 46 FF         [19] 5860 	ld	b, -1 (ix)
      001F52 05               [ 4] 5861 	dec	b
      001F53 21 01 00         [10] 5862 	ld	hl, #0x0001
      001F56 04               [ 4] 5863 	inc	b
      001F57 C3r5Br1F         [10] 5864 	jp	00445$
      001F5A                       5865 00444$:
      001F5A 29               [11] 5866 	add	hl, hl
      001F5B                       5867 00445$:
      001F5B 10 FD            [13] 5868 	djnz	00444$
      001F5D DD 75 F4         [19] 5869 	ld	-12 (ix), l
      001F60 7C               [ 4] 5870 	ld	a, h
      001F61 DD 77 F5         [19] 5871 	ld	-11 (ix), a
      001F64 07               [ 4] 5872 	rlca
      001F65 9F               [ 4] 5873 	sbc	a, a
      001F66 DD 77 F6         [19] 5874 	ld	-10 (ix), a
      001F69 DD 77 F7         [19] 5875 	ld	-9 (ix), a
                                   5876 ;/home/bruno/dev/MSXgl/engine/src/print.c:1388: while(bit)
      001F6C                       5877 00145$:
      001F6C DD 7E F7         [19] 5878 	ld	a, -9 (ix)
      001F6F DD B6 F6         [19] 5879 	or	a, -10 (ix)
      001F72 DD B6 F5         [19] 5880 	or	a, -11 (ix)
      001F75 DD B6 F4         [19] 5881 	or	a, -12 (ix)
      001F78 CAr8Br20         [10] 5882 	jp	Z, 00193$
                                   5883 ;/home/bruno/dev/MSXgl/engine/src/print.c:1390: if(val & bit)
      001F7B DD 7E F0         [19] 5884 	ld	a, -16 (ix)
      001F7E DD A6 F4         [19] 5885 	and	a, -12 (ix)
      001F81 DD 77 EC         [19] 5886 	ld	-20 (ix), a
      001F84 DD 7E F1         [19] 5887 	ld	a, -15 (ix)
      001F87 DD A6 F5         [19] 5888 	and	a, -11 (ix)
      001F8A DD 77 ED         [19] 5889 	ld	-19 (ix), a
      001F8D DD 7E F2         [19] 5890 	ld	a, -14 (ix)
      001F90 DD A6 F6         [19] 5891 	and	a, -10 (ix)
      001F93 DD 77 EE         [19] 5892 	ld	-18 (ix), a
      001F96 DD 7E F3         [19] 5893 	ld	a, -13 (ix)
      001F99 DD A6 F7         [19] 5894 	and	a, -9 (ix)
      001F9C DD 77 EF         [19] 5895 	ld	-17 (ix), a
      001F9F DD B6 EE         [19] 5896 	or	a, -18 (ix)
      001FA2 DD B6 ED         [19] 5897 	or	a, -19 (ix)
      001FA5 DD B6 EC         [19] 5898 	or	a, -20 (ix)
      001FA8 28 08            [12] 5899 	jr	Z, 00143$
                                   5900 ;/home/bruno/dev/MSXgl/engine/src/print.c:1391: Print_DrawChar('1');
      001FAA 3E 31            [ 7] 5901 	ld	a, #0x31
      001FAC CDrCDr17         [17] 5902 	call	_Print_DrawChar
      001FAF C3rB7r1F         [10] 5903 	jp	00144$
      001FB2                       5904 00143$:
                                   5905 ;/home/bruno/dev/MSXgl/engine/src/print.c:1393: Print_DrawChar('0');
      001FB2 3E 30            [ 7] 5906 	ld	a, #0x30
      001FB4 CDrCDr17         [17] 5907 	call	_Print_DrawChar
      001FB7                       5908 00144$:
                                   5909 ;/home/bruno/dev/MSXgl/engine/src/print.c:1394: bit >>= 1;
      001FB7 DD CB F7 3E      [23] 5910 	srl	-9 (ix)
      001FBB DD CB F6 1E      [23] 5911 	rr	-10 (ix)
      001FBF DD CB F5 1E      [23] 5912 	rr	-11 (ix)
      001FC3 DD CB F4 1E      [23] 5913 	rr	-12 (ix)
      001FC7 C3r6Cr1F         [10] 5914 	jp	00145$
      001FCA                       5915 00157$:
                                   5916 ;/home/bruno/dev/MSXgl/engine/src/print.c:1398: else if(*ptr == 'c')
      001FCA DD 7E FE         [19] 5917 	ld	a, -2 (ix)
      001FCD D6 63            [ 7] 5918 	sub	a, #0x63
      001FCF 20 17            [12] 5919 	jr	NZ, 00154$
                                   5920 ;/home/bruno/dev/MSXgl/engine/src/print.c:1400: c8 val = (c8)va_arg(args, u16);
      001FD1 DD 6E F8         [19] 5921 	ld	l, -8 (ix)
                                   5922 ;	spillPairReg hl
                                   5923 ;	spillPairReg hl
      001FD4 DD 66 F9         [19] 5924 	ld	h, -7 (ix)
                                   5925 ;	spillPairReg hl
                                   5926 ;	spillPairReg hl
      001FD7 23               [ 6] 5927 	inc	hl
      001FD8 23               [ 6] 5928 	inc	hl
      001FD9 DD 75 F8         [19] 5929 	ld	-8 (ix), l
      001FDC DD 74 F9         [19] 5930 	ld	-7 (ix), h
      001FDF 2B               [ 6] 5931 	dec	hl
      001FE0 2B               [ 6] 5932 	dec	hl
                                   5933 ;/home/bruno/dev/MSXgl/engine/src/print.c:1401: Print_DrawChar(val);
      001FE1 7E               [ 7] 5934 	ld	a, (hl)
      001FE2 CDrCDr17         [17] 5935 	call	_Print_DrawChar
      001FE5 C3r8Br20         [10] 5936 	jp	00193$
      001FE8                       5937 00154$:
                                   5938 ;/home/bruno/dev/MSXgl/engine/src/print.c:1403: else if(*ptr == 's')
      001FE8 DD 7E FE         [19] 5939 	ld	a, -2 (ix)
      001FEB D6 73            [ 7] 5940 	sub	a, #0x73
      001FED 20 1A            [12] 5941 	jr	NZ, 00151$
                                   5942 ;/home/bruno/dev/MSXgl/engine/src/print.c:1405: const c8* val = (const c8*)va_arg(args, const c8*);
      001FEF DD 6E F8         [19] 5943 	ld	l, -8 (ix)
                                   5944 ;	spillPairReg hl
                                   5945 ;	spillPairReg hl
      001FF2 DD 66 F9         [19] 5946 	ld	h, -7 (ix)
                                   5947 ;	spillPairReg hl
                                   5948 ;	spillPairReg hl
      001FF5 23               [ 6] 5949 	inc	hl
      001FF6 23               [ 6] 5950 	inc	hl
      001FF7 DD 75 F8         [19] 5951 	ld	-8 (ix), l
      001FFA DD 74 F9         [19] 5952 	ld	-7 (ix), h
      001FFD 2B               [ 6] 5953 	dec	hl
      001FFE 2B               [ 6] 5954 	dec	hl
      001FFF 4E               [ 7] 5955 	ld	c, (hl)
      002000 23               [ 6] 5956 	inc	hl
      002001 66               [ 7] 5957 	ld	h, (hl)
                                   5958 ;	spillPairReg hl
                                   5959 ;/home/bruno/dev/MSXgl/engine/src/print.c:1406: Print_DrawText(val);
      002002 69               [ 4] 5960 	ld	l, c
                                   5961 ;	spillPairReg hl
                                   5962 ;	spillPairReg hl
      002003 CDr1Fr18         [17] 5963 	call	_Print_DrawText
      002006 C3r8Br20         [10] 5964 	jp	00193$
      002009                       5965 00151$:
                                   5966 ;/home/bruno/dev/MSXgl/engine/src/print.c:1408: else if(*ptr == '%')
      002009 DD 7E FE         [19] 5967 	ld	a, -2 (ix)
      00200C D6 25            [ 7] 5968 	sub	a, #0x25
      00200E 20 7B            [12] 5969 	jr	NZ, 00193$
                                   5970 ;/home/bruno/dev/MSXgl/engine/src/print.c:1410: Print_DrawChar('%');
      002010 3E 25            [ 7] 5971 	ld	a, #0x25
      002012 CDrCDr17         [17] 5972 	call	_Print_DrawChar
      002015 C3r8Br20         [10] 5973 	jp	00193$
      002018                       5974 00192$:
                                   5975 ;/home/bruno/dev/MSXgl/engine/src/print.c:1414: else if(*ptr == '\t')
      002018 DD 7E FF         [19] 5976 	ld	a, -1 (ix)
      00201B D6 09            [ 7] 5977 	sub	a, #0x09
      00201D 20 32            [12] 5978 	jr	NZ, 00189$
                                   5979 ;/home/bruno/dev/MSXgl/engine/src/print.h:423: g_PrintData.CursorX += PRINT_W(g_PrintData.UnitX) + g_PrintData.TabSize - 1;
      00201F ED 4Br05r00      [20] 5980 	ld	bc, (#(_g_PrintData + 5) + 0)
      002023 3Ar02r00         [13] 5981 	ld	a, (#(_g_PrintData + 2) + 0)
      002026 5F               [ 4] 5982 	ld	e, a
      002027 16 00            [ 7] 5983 	ld	d, #0x00
      002029 3Ar04r00         [13] 5984 	ld	a, (#(_g_PrintData + 4) + 0)
      00202C 6F               [ 4] 5985 	ld	l, a
                                   5986 ;	spillPairReg hl
                                   5987 ;	spillPairReg hl
      00202D 26 00            [ 7] 5988 	ld	h, #0x00
                                   5989 ;	spillPairReg hl
                                   5990 ;	spillPairReg hl
      00202F 19               [11] 5991 	add	hl, de
      002030 2B               [ 6] 5992 	dec	hl
      002031 09               [11] 5993 	add	hl, bc
      002032 EB               [ 4] 5994 	ex	de, hl
      002033 ED 53r05r00      [20] 5995 	ld	((_g_PrintData + 5)), de
                                   5996 ;/home/bruno/dev/MSXgl/engine/src/print.h:424: g_PrintData.CursorX &= ~(g_PrintData.TabSize - 1);
      002037 3Ar04r00         [13] 5997 	ld	a, (#(_g_PrintData + 4) + 0)
      00203A 06 00            [ 7] 5998 	ld	b, #0x00
      00203C 4F               [ 4] 5999 	ld	c, a
      00203D 0B               [ 6] 6000 	dec	bc
      00203E 79               [ 4] 6001 	ld	a, c
      00203F 2F               [ 4] 6002 	cpl
      002040 4F               [ 4] 6003 	ld	c, a
      002041 78               [ 4] 6004 	ld	a, b
      002042 2F               [ 4] 6005 	cpl
      002043 47               [ 4] 6006 	ld	b, a
      002044 7B               [ 4] 6007 	ld	a, e
      002045 A1               [ 4] 6008 	and	a, c
      002046 4F               [ 4] 6009 	ld	c, a
      002047 7A               [ 4] 6010 	ld	a, d
      002048 A0               [ 4] 6011 	and	a, b
      002049 47               [ 4] 6012 	ld	b, a
      00204A ED 43r05r00      [20] 6013 	ld	((_g_PrintData + 5)), bc
                                   6014 ;/home/bruno/dev/MSXgl/engine/src/print.c:1415: Print_Tab();
      00204E C3r8Br20         [10] 6015 	jp	00193$
      002051                       6016 00189$:
                                   6017 ;/home/bruno/dev/MSXgl/engine/src/print.c:1416: else if(*ptr == '\n')
      002051 DD 7E FF         [19] 6018 	ld	a, -1 (ix)
      002054 D6 0A            [ 7] 6019 	sub	a, #0x0a
      002056 20 13            [12] 6020 	jr	NZ, 00186$
                                   6021 ;/home/bruno/dev/MSXgl/engine/src/print.h:431: g_PrintData.CursorX = 0;
      002058 21 00 00         [10] 6022 	ld	hl, #0x0000
      00205B 22r05r00         [16] 6023 	ld	((_g_PrintData + 5)), hl
                                   6024 ;/home/bruno/dev/MSXgl/engine/src/print.h:432: g_PrintData.CursorY += PRINT_H(g_PrintData.UnitY);
      00205E 01r07r00         [10] 6025 	ld	bc, #_g_PrintData + 7
      002061 0A               [ 7] 6026 	ld	a, (bc)
      002062 21r03r00         [10] 6027 	ld	hl, #_g_PrintData + 3
      002065 5E               [ 7] 6028 	ld	e, (hl)
      002066 83               [ 4] 6029 	add	a, e
      002067 02               [ 7] 6030 	ld	(bc), a
                                   6031 ;/home/bruno/dev/MSXgl/engine/src/print.c:1417: Print_Return();
      002068 C3r8Br20         [10] 6032 	jp	00193$
      00206B                       6033 00186$:
                                   6034 ;/home/bruno/dev/MSXgl/engine/src/print.c:1418: else if(*ptr == ' ')
      00206B DD 7E FF         [19] 6035 	ld	a, -1 (ix)
      00206E D6 20            [ 7] 6036 	sub	a, #0x20
      002070 20 13            [12] 6037 	jr	NZ, 00183$
                                   6038 ;/home/bruno/dev/MSXgl/engine/src/print.h:416: g_PrintData.CursorX += PRINT_W(g_PrintData.UnitX);
      002072 ED 4Br05r00      [20] 6039 	ld	bc, (#(_g_PrintData + 5) + 0)
      002076 3Ar02r00         [13] 6040 	ld	a, (#(_g_PrintData + 2) + 0)
      002079 6F               [ 4] 6041 	ld	l, a
                                   6042 ;	spillPairReg hl
                                   6043 ;	spillPairReg hl
      00207A 26 00            [ 7] 6044 	ld	h, #0x00
                                   6045 ;	spillPairReg hl
                                   6046 ;	spillPairReg hl
      00207C 09               [11] 6047 	add	hl, bc
      00207D EB               [ 4] 6048 	ex	de, hl
      00207E ED 53r05r00      [20] 6049 	ld	((_g_PrintData + 5)), de
                                   6050 ;/home/bruno/dev/MSXgl/engine/src/print.c:1419: Print_Space();
      002082 C3r8Br20         [10] 6051 	jp	00193$
      002085                       6052 00183$:
                                   6053 ;/home/bruno/dev/MSXgl/engine/src/print.c:1421: Print_DrawChar(*ptr);
      002085 DD 7E FF         [19] 6054 	ld	a, -1 (ix)
      002088 CDrCDr17         [17] 6055 	call	_Print_DrawChar
      00208B                       6056 00193$:
                                   6057 ;/home/bruno/dev/MSXgl/engine/src/print.c:1423: ptr++;
      00208B DD 34 FC         [23] 6058 	inc	-4 (ix)
      00208E C2r01r1A         [10] 6059 	jp	NZ,00194$
      002091 DD 34 FD         [23] 6060 	inc	-3 (ix)
      002094 C3r01r1A         [10] 6061 	jp	00194$
                                   6062 ;/home/bruno/dev/MSXgl/engine/src/print.c:1426: va_end(args);
      002097                       6063 00200$:
                                   6064 ;/home/bruno/dev/MSXgl/engine/src/print.c:1427: }
      002097 DD F9            [10] 6065 	ld	sp, ix
      002099 DD E1            [14] 6066 	pop	ix
      00209B C9               [10] 6067 	ret
                                   6068 ;/home/bruno/dev/MSXgl/engine/src/print.c:1437: void Print_DrawLineH(u8 x, u8 y, u8 len)
                                   6069 ;	---------------------------------
                                   6070 ; Function Print_DrawLineH
                                   6071 ; ---------------------------------
      00209C                       6072 _Print_DrawLineH::
      00209C DD E5            [15] 6073 	push	ix
      00209E DD 21 00 00      [14] 6074 	ld	ix,#0
      0020A2 DD 39            [15] 6075 	add	ix,sp
      0020A4 5F               [ 4] 6076 	ld	e, a
      0020A5 4D               [ 4] 6077 	ld	c, l
                                   6078 ;/home/bruno/dev/MSXgl/engine/src/print.c:1439: Print_SetPosition(x, y);
      0020A6 16 00            [ 7] 6079 	ld	d, #0x00
                                   6080 ;/home/bruno/dev/MSXgl/engine/src/print.h:226: g_PrintData.CursorX = x;
      0020A8 ED 53r05r00      [20] 6081 	ld	((_g_PrintData + 5)), de
                                   6082 ;/home/bruno/dev/MSXgl/engine/src/print.h:227: g_PrintData.CursorY = y;
      0020AC 21r07r00         [10] 6083 	ld	hl, #(_g_PrintData + 7)
      0020AF 71               [ 7] 6084 	ld	(hl), c
                                   6085 ;/home/bruno/dev/MSXgl/engine/src/print.c:1440: Print_DrawCharX(0x17, len);
      0020B0 DD 6E 04         [19] 6086 	ld	l, 4 (ix)
                                   6087 ;	spillPairReg hl
                                   6088 ;	spillPairReg hl
      0020B3 3E 17            [ 7] 6089 	ld	a, #0x17
      0020B5 CDr0Dr18         [17] 6090 	call	_Print_DrawCharX
                                   6091 ;/home/bruno/dev/MSXgl/engine/src/print.c:1441: }
      0020B8 DD E1            [14] 6092 	pop	ix
      0020BA E1               [10] 6093 	pop	hl
      0020BB 33               [ 6] 6094 	inc	sp
      0020BC E9               [ 4] 6095 	jp	(hl)
                                   6096 ;/home/bruno/dev/MSXgl/engine/src/print.c:1445: void Print_DrawLineV(u8 x, u8 y, u8 len)
                                   6097 ;	---------------------------------
                                   6098 ; Function Print_DrawLineV
                                   6099 ; ---------------------------------
      0020BD                       6100 _Print_DrawLineV::
      0020BD DD E5            [15] 6101 	push	ix
      0020BF DD 21 00 00      [14] 6102 	ld	ix,#0
      0020C3 DD 39            [15] 6103 	add	ix,sp
      0020C5 F5               [11] 6104 	push	af
      0020C6 3B               [ 6] 6105 	dec	sp
      0020C7 DD 77 FF         [19] 6106 	ld	-1 (ix), a
      0020CA DD 75 FE         [19] 6107 	ld	-2 (ix), l
                                   6108 ;/home/bruno/dev/MSXgl/engine/src/print.c:1447: for(u8 i = 0; i < len; i++)
      0020CD 0E 00            [ 7] 6109 	ld	c, #0x00
      0020CF                       6110 00104$:
      0020CF 79               [ 4] 6111 	ld	a, c
      0020D0 DD 96 04         [19] 6112 	sub	a, 4 (ix)
      0020D3 30 22            [12] 6113 	jr	NC, 00106$
                                   6114 ;/home/bruno/dev/MSXgl/engine/src/print.c:1449: Print_SetPosition(x, y + i);
      0020D5 DD 7E FE         [19] 6115 	ld	a, -2 (ix)
      0020D8 81               [ 4] 6116 	add	a, c
      0020D9 DD 77 FD         [19] 6117 	ld	-3 (ix), a
      0020DC DD 5E FF         [19] 6118 	ld	e, -1 (ix)
      0020DF 16 00            [ 7] 6119 	ld	d, #0x00
                                   6120 ;/home/bruno/dev/MSXgl/engine/src/print.h:226: g_PrintData.CursorX = x;
      0020E1 ED 53r05r00      [20] 6121 	ld	((_g_PrintData + 5)), de
                                   6122 ;/home/bruno/dev/MSXgl/engine/src/print.h:227: g_PrintData.CursorY = y;
      0020E5 21r07r00         [10] 6123 	ld	hl, #(_g_PrintData + 7)
      0020E8 DD 7E FD         [19] 6124 	ld	a, -3 (ix)
      0020EB 77               [ 7] 6125 	ld	(hl), a
                                   6126 ;/home/bruno/dev/MSXgl/engine/src/print.c:1450: Print_DrawChar(0x16);
      0020EC C5               [11] 6127 	push	bc
      0020ED 3E 16            [ 7] 6128 	ld	a, #0x16
      0020EF CDrCDr17         [17] 6129 	call	_Print_DrawChar
      0020F2 C1               [10] 6130 	pop	bc
                                   6131 ;/home/bruno/dev/MSXgl/engine/src/print.c:1447: for(u8 i = 0; i < len; i++)
      0020F3 0C               [ 4] 6132 	inc	c
      0020F4 C3rCFr20         [10] 6133 	jp	00104$
      0020F7                       6134 00106$:
                                   6135 ;/home/bruno/dev/MSXgl/engine/src/print.c:1452: }
      0020F7 DD F9            [10] 6136 	ld	sp, ix
      0020F9 DD E1            [14] 6137 	pop	ix
      0020FB E1               [10] 6138 	pop	hl
      0020FC 33               [ 6] 6139 	inc	sp
      0020FD E9               [ 4] 6140 	jp	(hl)
                                   6141 ;/home/bruno/dev/MSXgl/engine/src/print.c:1456: void Print_DrawBox(u8 x, u8 y, u8 width, u8 height)
                                   6142 ;	---------------------------------
                                   6143 ; Function Print_DrawBox
                                   6144 ; ---------------------------------
      0020FE                       6145 _Print_DrawBox::
      0020FE DD E5            [15] 6146 	push	ix
      002100 DD 21 00 00      [14] 6147 	ld	ix,#0
      002104 DD 39            [15] 6148 	add	ix,sp
      002106 F5               [11] 6149 	push	af
      002107 F5               [11] 6150 	push	af
      002108 DD 77 FF         [19] 6151 	ld	-1 (ix), a
      00210B DD 75 FE         [19] 6152 	ld	-2 (ix), l
                                   6153 ;/home/bruno/dev/MSXgl/engine/src/print.c:1459: Print_SetPosition(x, y);
      00210E DD 4E FF         [19] 6154 	ld	c, -1 (ix)
      002111 06 00            [ 7] 6155 	ld	b, #0x00
      002113 59               [ 4] 6156 	ld	e, c
      002114 50               [ 4] 6157 	ld	d, b
                                   6158 ;/home/bruno/dev/MSXgl/engine/src/print.h:226: g_PrintData.CursorX = x;
      002115 ED 53r05r00      [20] 6159 	ld	((_g_PrintData + 5)), de
                                   6160 ;/home/bruno/dev/MSXgl/engine/src/print.h:227: g_PrintData.CursorY = y;
      002119 21r07r00         [10] 6161 	ld	hl, #(_g_PrintData + 7)
      00211C DD 7E FE         [19] 6162 	ld	a, -2 (ix)
      00211F 77               [ 7] 6163 	ld	(hl), a
                                   6164 ;/home/bruno/dev/MSXgl/engine/src/print.c:1460: Print_DrawChar(0x18);
      002120 C5               [11] 6165 	push	bc
      002121 3E 18            [ 7] 6166 	ld	a, #0x18
      002123 CDrCDr17         [17] 6167 	call	_Print_DrawChar
      002126 C1               [10] 6168 	pop	bc
                                   6169 ;/home/bruno/dev/MSXgl/engine/src/print.c:1461: Print_SetPosition(x + width - 1, y);
      002127 DD 5E FF         [19] 6170 	ld	e, -1 (ix)
      00212A 16 00            [ 7] 6171 	ld	d, #0x00
      00212C DD 6E 04         [19] 6172 	ld	l, 4 (ix)
                                   6173 ;	spillPairReg hl
                                   6174 ;	spillPairReg hl
      00212F 26 00            [ 7] 6175 	ld	h, #0x00
                                   6176 ;	spillPairReg hl
                                   6177 ;	spillPairReg hl
      002131 19               [11] 6178 	add	hl, de
      002132 2B               [ 6] 6179 	dec	hl
      002133 E3               [19] 6180 	ex	(sp), hl
      002134 D1               [10] 6181 	pop	de
      002135 D5               [11] 6182 	push	de
                                   6183 ;/home/bruno/dev/MSXgl/engine/src/print.h:226: g_PrintData.CursorX = x;
      002136 ED 53r05r00      [20] 6184 	ld	((_g_PrintData + 5)), de
                                   6185 ;/home/bruno/dev/MSXgl/engine/src/print.h:227: g_PrintData.CursorY = y;
      00213A 21r07r00         [10] 6186 	ld	hl, #(_g_PrintData + 7)
      00213D DD 7E FE         [19] 6187 	ld	a, -2 (ix)
      002140 77               [ 7] 6188 	ld	(hl), a
                                   6189 ;/home/bruno/dev/MSXgl/engine/src/print.c:1462: Print_DrawChar(0x19);
      002141 C5               [11] 6190 	push	bc
      002142 3E 19            [ 7] 6191 	ld	a, #0x19
      002144 CDrCDr17         [17] 6192 	call	_Print_DrawChar
      002147 C1               [10] 6193 	pop	bc
                                   6194 ;/home/bruno/dev/MSXgl/engine/src/print.c:1463: Print_SetPosition(x, y + height - 1);
      002148 DD 7E FE         [19] 6195 	ld	a, -2 (ix)
      00214B DD 86 05         [19] 6196 	add	a, 5 (ix)
      00214E 3D               [ 4] 6197 	dec	a
      00214F 5F               [ 4] 6198 	ld	e, a
                                   6199 ;/home/bruno/dev/MSXgl/engine/src/print.h:226: g_PrintData.CursorX = x;
      002150 ED 43r05r00      [20] 6200 	ld	((_g_PrintData + 5)), bc
                                   6201 ;/home/bruno/dev/MSXgl/engine/src/print.h:227: g_PrintData.CursorY = y;
      002154 32r07r00         [13] 6202 	ld	(#(_g_PrintData + 7)),a
                                   6203 ;/home/bruno/dev/MSXgl/engine/src/print.c:1464: Print_DrawChar(0x1A);
      002157 D5               [11] 6204 	push	de
      002158 3E 1A            [ 7] 6205 	ld	a, #0x1a
      00215A CDrCDr17         [17] 6206 	call	_Print_DrawChar
      00215D D1               [10] 6207 	pop	de
                                   6208 ;/home/bruno/dev/MSXgl/engine/src/print.h:226: g_PrintData.CursorX = x;
      00215E 21r05r00         [10] 6209 	ld	hl, #(_g_PrintData + 5)
      002161 DD 7E FC         [19] 6210 	ld	a, -4 (ix)
      002164 77               [ 7] 6211 	ld	(hl), a
      002165 23               [ 6] 6212 	inc	hl
      002166 DD 7E FD         [19] 6213 	ld	a, -3 (ix)
      002169 77               [ 7] 6214 	ld	(hl), a
                                   6215 ;/home/bruno/dev/MSXgl/engine/src/print.h:227: g_PrintData.CursorY = y;
      00216A 21r07r00         [10] 6216 	ld	hl, #(_g_PrintData + 7)
      00216D 73               [ 7] 6217 	ld	(hl), e
                                   6218 ;/home/bruno/dev/MSXgl/engine/src/print.c:1466: Print_DrawChar(0x1B);
      00216E D5               [11] 6219 	push	de
      00216F 3E 1B            [ 7] 6220 	ld	a, #0x1b
      002171 CDrCDr17         [17] 6221 	call	_Print_DrawChar
      002174 D1               [10] 6222 	pop	de
                                   6223 ;/home/bruno/dev/MSXgl/engine/src/print.c:1469: Print_DrawLineH(x + 1, y,              width - 2);
      002175 DD 46 04         [19] 6224 	ld	b, 4 (ix)
      002178 05               [ 4] 6225 	dec	b
      002179 05               [ 4] 6226 	dec	b
      00217A DD 4E FF         [19] 6227 	ld	c, -1 (ix)
      00217D 0C               [ 4] 6228 	inc	c
      00217E C5               [11] 6229 	push	bc
      00217F D5               [11] 6230 	push	de
      002180 C5               [11] 6231 	push	bc
      002181 33               [ 6] 6232 	inc	sp
      002182 DD 6E FE         [19] 6233 	ld	l, -2 (ix)
                                   6234 ;	spillPairReg hl
                                   6235 ;	spillPairReg hl
      002185 79               [ 4] 6236 	ld	a, c
      002186 CDr9Cr20         [17] 6237 	call	_Print_DrawLineH
      002189 D1               [10] 6238 	pop	de
      00218A C1               [10] 6239 	pop	bc
                                   6240 ;/home/bruno/dev/MSXgl/engine/src/print.c:1470: Print_DrawLineH(x + 1, y + height - 1, width - 2);
      00218B C5               [11] 6241 	push	bc
      00218C 33               [ 6] 6242 	inc	sp
      00218D 6B               [ 4] 6243 	ld	l, e
                                   6244 ;	spillPairReg hl
                                   6245 ;	spillPairReg hl
      00218E 79               [ 4] 6246 	ld	a, c
      00218F CDr9Cr20         [17] 6247 	call	_Print_DrawLineH
                                   6248 ;/home/bruno/dev/MSXgl/engine/src/print.c:1473: Print_DrawLineV(x,             y + 1, height - 2);
      002192 DD 56 05         [19] 6249 	ld	d, 5 (ix)
      002195 15               [ 4] 6250 	dec	d
      002196 15               [ 4] 6251 	dec	d
      002197 DD 5E FE         [19] 6252 	ld	e, -2 (ix)
      00219A 1C               [ 4] 6253 	inc	e
      00219B D5               [11] 6254 	push	de
      00219C D5               [11] 6255 	push	de
      00219D 33               [ 6] 6256 	inc	sp
      00219E 6B               [ 4] 6257 	ld	l, e
                                   6258 ;	spillPairReg hl
                                   6259 ;	spillPairReg hl
      00219F DD 7E FF         [19] 6260 	ld	a, -1 (ix)
      0021A2 CDrBDr20         [17] 6261 	call	_Print_DrawLineV
      0021A5 D1               [10] 6262 	pop	de
                                   6263 ;/home/bruno/dev/MSXgl/engine/src/print.c:1474: Print_DrawLineV(x + width - 1, y + 1, height - 2);
      0021A6 DD 7E FF         [19] 6264 	ld	a, -1 (ix)
      0021A9 DD 86 04         [19] 6265 	add	a, 4 (ix)
      0021AC 4F               [ 4] 6266 	ld	c, a
      0021AD 0D               [ 4] 6267 	dec	c
      0021AE D5               [11] 6268 	push	de
      0021AF 33               [ 6] 6269 	inc	sp
      0021B0 6B               [ 4] 6270 	ld	l, e
                                   6271 ;	spillPairReg hl
                                   6272 ;	spillPairReg hl
      0021B1 79               [ 4] 6273 	ld	a, c
      0021B2 CDrBDr20         [17] 6274 	call	_Print_DrawLineV
                                   6275 ;/home/bruno/dev/MSXgl/engine/src/print.c:1475: }
      0021B5 DD F9            [10] 6276 	ld	sp, ix
      0021B7 DD E1            [14] 6277 	pop	ix
      0021B9 E1               [10] 6278 	pop	hl
      0021BA F1               [10] 6279 	pop	af
      0021BB E9               [ 4] 6280 	jp	(hl)
                                   6281 	.area _CODE
                                   6282 	.area _INITIALIZER
      000000                       6283 __xinit__g_PrintInvalid:
      000000 FF                    6284 	.db #0xff	; 255
      000001 81                    6285 	.db #0x81	; 129
      000002 81                    6286 	.db #0x81	; 129
      000003 81                    6287 	.db #0x81	; 129
      000004 81                    6288 	.db #0x81	; 129
      000005 81                    6289 	.db #0x81	; 129
      000006 81                    6290 	.db #0x81	; 129
      000007 FF                    6291 	.db #0xff	; 255
                                   6292 	.area _CABS (ABS)
