                                      1 ;--------------------------------------------------------
                                      2 ; File Created by SDCC : free open source ANSI-C Compiler
                                      3 ; Version 4.2.0 #13081 (Linux)
                                      4 ;--------------------------------------------------------
                                      5 	.module s_vgm_s2_b1
                                      6 	.optsdcc -mz80
                                      7 	
                                      8 ;--------------------------------------------------------
                                      9 ; Public variables in this module
                                     10 ;--------------------------------------------------------
                                     11 	.globl _g_knightmare
                                     12 ;--------------------------------------------------------
                                     13 ; special function registers
                                     14 ;--------------------------------------------------------
                                     15 ;--------------------------------------------------------
                                     16 ; ram data
                                     17 ;--------------------------------------------------------
                                     18 	.area _DATA
                                     19 ;--------------------------------------------------------
                                     20 ; ram data
                                     21 ;--------------------------------------------------------
                                     22 	.area _INITIALIZED
                                     23 ;--------------------------------------------------------
                                     24 ; absolute external ram data
                                     25 ;--------------------------------------------------------
                                     26 	.area _DABS (ABS)
                                     27 ;--------------------------------------------------------
                                     28 ; global & static initialisations
                                     29 ;--------------------------------------------------------
                                     30 	.area _HOME
                                     31 	.area _GSINIT
                                     32 	.area _GSFINAL
                                     33 	.area _GSINIT
                                     34 ;--------------------------------------------------------
                                     35 ; Home
                                     36 ;--------------------------------------------------------
                                     37 	.area _HOME
                                     38 	.area _HOME
                                     39 ;--------------------------------------------------------
                                     40 ; code
                                     41 ;--------------------------------------------------------
                                     42 	.area _SEG2
                                     43 	.area _SEG2
      000000                         44 _g_knightmare:
      000000 56                      45 	.db #0x56	; 86	'V'
      000001 67                      46 	.db #0x67	; 103	'g'
      000002 6D                      47 	.db #0x6d	; 109	'm'
      000003 20                      48 	.db #0x20	; 32
      000004 CB                      49 	.db #0xcb	; 203
      000005 19                      50 	.db #0x19	; 25
      000006 00                      51 	.db #0x00	; 0
      000007 00                      52 	.db #0x00	; 0
      000008 51                      53 	.db #0x51	; 81	'Q'
      000009 01                      54 	.db #0x01	; 1
      00000A 00                      55 	.db #0x00	; 0
      00000B 00                      56 	.db #0x00	; 0
      00000C 00                      57 	.db #0x00	; 0
      00000D 00                      58 	.db #0x00	; 0
      00000E 00                      59 	.db #0x00	; 0
      00000F 00                      60 	.db #0x00	; 0
      000010 00                      61 	.db #0x00	; 0
      000011 00                      62 	.db #0x00	; 0
      000012 00                      63 	.db #0x00	; 0
      000013 00                      64 	.db #0x00	; 0
      000014 83                      65 	.db #0x83	; 131
      000015 18                      66 	.db #0x18	; 24
      000016 00                      67 	.db #0x00	; 0
      000017 00                      68 	.db #0x00	; 0
      000018 50                      69 	.db #0x50	; 80	'P'
      000019 3A                      70 	.db #0x3a	; 58
      00001A 11                      71 	.db #0x11	; 17
      00001B 00                      72 	.db #0x00	; 0
      00001C AC                      73 	.db #0xac	; 172
      00001D 00                      74 	.db #0x00	; 0
      00001E 00                      75 	.db #0x00	; 0
      00001F 00                      76 	.db #0x00	; 0
      000020 08                      77 	.db #0x08	; 8
      000021 3A                      78 	.db #0x3a	; 58
      000022 11                      79 	.db #0x11	; 17
      000023 00                      80 	.db #0x00	; 0
      000024 00                      81 	.db #0x00	; 0
      000025 00                      82 	.db #0x00	; 0
      000026 00                      83 	.db #0x00	; 0
      000027 00                      84 	.db #0x00	; 0
      000028 00                      85 	.db #0x00	; 0
      000029 00                      86 	.db #0x00	; 0
      00002A 00                      87 	.db #0x00	; 0
      00002B 00                      88 	.db #0x00	; 0
      00002C 00                      89 	.db #0x00	; 0
      00002D 00                      90 	.db #0x00	; 0
      00002E 00                      91 	.db #0x00	; 0
      00002F 00                      92 	.db #0x00	; 0
      000030 00                      93 	.db #0x00	; 0
      000031 00                      94 	.db #0x00	; 0
      000032 00                      95 	.db #0x00	; 0
      000033 00                      96 	.db #0x00	; 0
      000034 4C                      97 	.db #0x4c	; 76	'L'
      000035 00                      98 	.db #0x00	; 0
      000036 00                      99 	.db #0x00	; 0
      000037 00                     100 	.db #0x00	; 0
      000038 00                     101 	.db #0x00	; 0
      000039 00                     102 	.db #0x00	; 0
      00003A 00                     103 	.db #0x00	; 0
      00003B 00                     104 	.db #0x00	; 0
      00003C 00                     105 	.db #0x00	; 0
      00003D 00                     106 	.db #0x00	; 0
      00003E 00                     107 	.db #0x00	; 0
      00003F 00                     108 	.db #0x00	; 0
      000040 00                     109 	.db #0x00	; 0
      000041 00                     110 	.db #0x00	; 0
      000042 00                     111 	.db #0x00	; 0
      000043 00                     112 	.db #0x00	; 0
      000044 00                     113 	.db #0x00	; 0
      000045 00                     114 	.db #0x00	; 0
      000046 00                     115 	.db #0x00	; 0
      000047 00                     116 	.db #0x00	; 0
      000048 00                     117 	.db #0x00	; 0
      000049 00                     118 	.db #0x00	; 0
      00004A 00                     119 	.db #0x00	; 0
      00004B 00                     120 	.db #0x00	; 0
      00004C 00                     121 	.db #0x00	; 0
      00004D 00                     122 	.db #0x00	; 0
      00004E 00                     123 	.db #0x00	; 0
      00004F 00                     124 	.db #0x00	; 0
      000050 00                     125 	.db #0x00	; 0
      000051 00                     126 	.db #0x00	; 0
      000052 00                     127 	.db #0x00	; 0
      000053 00                     128 	.db #0x00	; 0
      000054 00                     129 	.db #0x00	; 0
      000055 00                     130 	.db #0x00	; 0
      000056 00                     131 	.db #0x00	; 0
      000057 00                     132 	.db #0x00	; 0
      000058 00                     133 	.db #0x00	; 0
      000059 00                     134 	.db #0x00	; 0
      00005A 00                     135 	.db #0x00	; 0
      00005B 00                     136 	.db #0x00	; 0
      00005C 00                     137 	.db #0x00	; 0
      00005D 00                     138 	.db #0x00	; 0
      00005E 00                     139 	.db #0x00	; 0
      00005F 00                     140 	.db #0x00	; 0
      000060 00                     141 	.db #0x00	; 0
      000061 00                     142 	.db #0x00	; 0
      000062 00                     143 	.db #0x00	; 0
      000063 00                     144 	.db #0x00	; 0
      000064 00                     145 	.db #0x00	; 0
      000065 00                     146 	.db #0x00	; 0
      000066 00                     147 	.db #0x00	; 0
      000067 00                     148 	.db #0x00	; 0
      000068 00                     149 	.db #0x00	; 0
      000069 00                     150 	.db #0x00	; 0
      00006A 00                     151 	.db #0x00	; 0
      00006B 00                     152 	.db #0x00	; 0
      00006C 00                     153 	.db #0x00	; 0
      00006D 00                     154 	.db #0x00	; 0
      00006E 00                     155 	.db #0x00	; 0
      00006F 00                     156 	.db #0x00	; 0
      000070 00                     157 	.db #0x00	; 0
      000071 00                     158 	.db #0x00	; 0
      000072 00                     159 	.db #0x00	; 0
      000073 00                     160 	.db #0x00	; 0
      000074 4C                     161 	.db #0x4c	; 76	'L'
      000075 4F                     162 	.db #0x4f	; 79	'O'
      000076 1B                     163 	.db #0x1b	; 27
      000077 00                     164 	.db #0x00	; 0
      000078 00                     165 	.db #0x00	; 0
      000079 01                     166 	.db #0x01	; 1
      00007A 00                     167 	.db #0x00	; 0
      00007B 00                     168 	.db #0x00	; 0
      00007C 00                     169 	.db #0x00	; 0
      00007D 00                     170 	.db #0x00	; 0
      00007E 00                     171 	.db #0x00	; 0
      00007F 00                     172 	.db #0x00	; 0
      000080 A0                     173 	.db #0xa0	; 160
      000081 00                     174 	.db #0x00	; 0
      000082 00                     175 	.db #0x00	; 0
      000083 A0                     176 	.db #0xa0	; 160
      000084 01                     177 	.db #0x01	; 1
      000085 00                     178 	.db #0x00	; 0
      000086 A0                     179 	.db #0xa0	; 160
      000087 02                     180 	.db #0x02	; 2
      000088 00                     181 	.db #0x00	; 0
      000089 A0                     182 	.db #0xa0	; 160
      00008A 03                     183 	.db #0x03	; 3
      00008B 00                     184 	.db #0x00	; 0
      00008C A0                     185 	.db #0xa0	; 160
      00008D 04                     186 	.db #0x04	; 4
      00008E 00                     187 	.db #0x00	; 0
      00008F A0                     188 	.db #0xa0	; 160
      000090 05                     189 	.db #0x05	; 5
      000091 00                     190 	.db #0x00	; 0
      000092 A0                     191 	.db #0xa0	; 160
      000093 06                     192 	.db #0x06	; 6
      000094 00                     193 	.db #0x00	; 0
      000095 A0                     194 	.db #0xa0	; 160
      000096 07                     195 	.db #0x07	; 7
      000097 BF                     196 	.db #0xbf	; 191
      000098 A0                     197 	.db #0xa0	; 160
      000099 08                     198 	.db #0x08	; 8
      00009A 00                     199 	.db #0x00	; 0
      00009B A0                     200 	.db #0xa0	; 160
      00009C 09                     201 	.db #0x09	; 9
      00009D 00                     202 	.db #0x00	; 0
      00009E A0                     203 	.db #0xa0	; 160
      00009F 0A                     204 	.db #0x0a	; 10
      0000A0 00                     205 	.db #0x00	; 0
      0000A1 A0                     206 	.db #0xa0	; 160
      0000A2 0B                     207 	.db #0x0b	; 11
      0000A3 00                     208 	.db #0x00	; 0
      0000A4 A0                     209 	.db #0xa0	; 160
      0000A5 0C                     210 	.db #0x0c	; 12
      0000A6 00                     211 	.db #0x00	; 0
      0000A7 A0                     212 	.db #0xa0	; 160
      0000A8 0D                     213 	.db #0x0d	; 13
      0000A9 00                     214 	.db #0x00	; 0
      0000AA A0                     215 	.db #0xa0	; 160
      0000AB 00                     216 	.db #0x00	; 0
      0000AC 40                     217 	.db #0x40	; 64
      0000AD 71                     218 	.db #0x71	; 113	'q'
      0000AE A0                     219 	.db #0xa0	; 160
      0000AF 01                     220 	.db #0x01	; 1
      0000B0 01                     221 	.db #0x01	; 1
      0000B1 74                     222 	.db #0x74	; 116	't'
      0000B2 A0                     223 	.db #0xa0	; 160
      0000B3 07                     224 	.db #0x07	; 7
      0000B4 BE                     225 	.db #0xbe	; 190
      0000B5 7C                     226 	.db #0x7c	; 124
      0000B6 A0                     227 	.db #0xa0	; 160
      0000B7 08                     228 	.db #0x08	; 8
      0000B8 0F                     229 	.db #0x0f	; 15
      0000B9 61                     230 	.db #0x61	; 97	'a'
      0000BA 21                     231 	.db #0x21	; 33
      0000BB 00                     232 	.db #0x00	; 0
      0000BC A0                     233 	.db #0xa0	; 160
      0000BD 02                     234 	.db #0x02	; 2
      0000BE 42                     235 	.db #0x42	; 66	'B'
      0000BF 71                     236 	.db #0x71	; 113	'q'
      0000C0 A0                     237 	.db #0xa0	; 160
      0000C1 03                     238 	.db #0x03	; 3
      0000C2 01                     239 	.db #0x01	; 1
      0000C3 74                     240 	.db #0x74	; 116	't'
      0000C4 A0                     241 	.db #0xa0	; 160
      0000C5 07                     242 	.db #0x07	; 7
      0000C6 BC                     243 	.db #0xbc	; 188
      0000C7 7B                     244 	.db #0x7b	; 123
      0000C8 A0                     245 	.db #0xa0	; 160
      0000C9 09                     246 	.db #0x09	; 9
      0000CA 0E                     247 	.db #0x0e	; 14
      0000CB 7F                     248 	.db #0x7f	; 127
      0000CC 7D                     249 	.db #0x7d	; 125
      0000CD A0                     250 	.db #0xa0	; 160
      0000CE 04                     251 	.db #0x04	; 4
      0000CF 27                     252 	.db #0x27	; 39
      0000D0 71                     253 	.db #0x71	; 113	'q'
      0000D1 A0                     254 	.db #0xa0	; 160
      0000D2 05                     255 	.db #0x05	; 5
      0000D3 03                     256 	.db #0x03	; 3
      0000D4 75                     257 	.db #0x75	; 117	'u'
      0000D5 A0                     258 	.db #0xa0	; 160
      0000D6 07                     259 	.db #0x07	; 7
      0000D7 B8                     260 	.db #0xb8	; 184
      0000D8 61                     261 	.db #0x61	; 97	'a'
      0000D9 22                     262 	.db #0x22	; 34
      0000DA 00                     263 	.db #0x00	; 0
      0000DB A0                     264 	.db #0xa0	; 160
      0000DC 0A                     265 	.db #0x0a	; 10
      0000DD 0F                     266 	.db #0x0f	; 15
      0000DE 61                     267 	.db #0x61	; 97	'a'
      0000DF 49                     268 	.db #0x49	; 73	'I'
      0000E0 02                     269 	.db #0x02	; 2
      0000E1 A0                     270 	.db #0xa0	; 160
      0000E2 08                     271 	.db #0x08	; 8
      0000E3 0B                     272 	.db #0x0b	; 11
      0000E4 7F                     273 	.db #0x7f	; 127
      0000E5 70                     274 	.db #0x70	; 112	'p'
      0000E6 A0                     275 	.db #0xa0	; 160
      0000E7 09                     276 	.db #0x09	; 9
      0000E8 0B                     277 	.db #0x0b	; 11
      0000E9 7F                     278 	.db #0x7f	; 127
      0000EA 72                     279 	.db #0x72	; 114	'r'
      0000EB A0                     280 	.db #0xa0	; 160
      0000EC 0A                     281 	.db #0x0a	; 10
      0000ED 0B                     282 	.db #0x0b	; 11
      0000EE 61                     283 	.db #0x61	; 97	'a'
      0000EF 7F                     284 	.db #0x7f	; 127
      0000F0 08                     285 	.db #0x08	; 8
      0000F1 A0                     286 	.db #0xa0	; 160
      0000F2 09                     287 	.db #0x09	; 9
      0000F3 0A                     288 	.db #0x0a	; 10
      0000F4 61                     289 	.db #0x61	; 97	'a'
      0000F5 F0                     290 	.db #0xf0	; 240
      0000F6 16                     291 	.db #0x16	; 22
      0000F7 A0                     292 	.db #0xa0	; 160
      0000F8 08                     293 	.db #0x08	; 8
      0000F9 08                     294 	.db #0x08	; 8
      0000FA 7F                     295 	.db #0x7f	; 127
      0000FB 73                     296 	.db #0x73	; 115	's'
      0000FC A0                     297 	.db #0xa0	; 160
      0000FD 09                     298 	.db #0x09	; 9
      0000FE 08                     299 	.db #0x08	; 8
      0000FF 61                     300 	.db #0x61	; 97	'a'
      000100 26                     301 	.db #0x26	; 38
      000101 00                     302 	.db #0x00	; 0
      000102 A0                     303 	.db #0xa0	; 160
      000103 0A                     304 	.db #0x0a	; 10
      000104 0F                     305 	.db #0x0f	; 15
      000105 61                     306 	.db #0x61	; 97	'a'
      000106 A6                     307 	.db #0xa6	; 166
      000107 02                     308 	.db #0x02	; 2
      000108 A0                     309 	.db #0xa0	; 160
      000109 08                     310 	.db #0x08	; 8
      00010A 06                     311 	.db #0x06	; 6
      00010B 7F                     312 	.db #0x7f	; 127
      00010C A0                     313 	.db #0xa0	; 160
      00010D 09                     314 	.db #0x09	; 9
      00010E 05                     315 	.db #0x05	; 5
      00010F 7F                     316 	.db #0x7f	; 127
      000110 A0                     317 	.db #0xa0	; 160
      000111 0A                     318 	.db #0x0a	; 10
      000112 0B                     319 	.db #0x0b	; 11
      000113 61                     320 	.db #0x61	; 97	'a'
      000114 BF                     321 	.db #0xbf	; 191
      000115 02                     322 	.db #0x02	; 2
      000116 A0                     323 	.db #0xa0	; 160
      000117 08                     324 	.db #0x08	; 8
      000118 03                     325 	.db #0x03	; 3
      000119 7E                     326 	.db #0x7e	; 126
      00011A A0                     327 	.db #0xa0	; 160
      00011B 09                     328 	.db #0x09	; 9
      00011C 03                     329 	.db #0x03	; 3
      00011D 61                     330 	.db #0x61	; 97	'a'
      00011E CB                     331 	.db #0xcb	; 203
      00011F 02                     332 	.db #0x02	; 2
      000120 A0                     333 	.db #0xa0	; 160
      000121 08                     334 	.db #0x08	; 8
      000122 01                     335 	.db #0x01	; 1
      000123 7E                     336 	.db #0x7e	; 126
      000124 A0                     337 	.db #0xa0	; 160
      000125 09                     338 	.db #0x09	; 9
      000126 01                     339 	.db #0x01	; 1
      000127 61                     340 	.db #0x61	; 97	'a'
      000128 D0                     341 	.db #0xd0	; 208
      000129 02                     342 	.db #0x02	; 2
      00012A A0                     343 	.db #0xa0	; 160
      00012B 08                     344 	.db #0x08	; 8
      00012C 00                     345 	.db #0x00	; 0
      00012D 7E                     346 	.db #0x7e	; 126
      00012E A0                     347 	.db #0xa0	; 160
      00012F 09                     348 	.db #0x09	; 9
      000130 00                     349 	.db #0x00	; 0
      000131 61                     350 	.db #0x61	; 97	'a'
      000132 EB                     351 	.db #0xeb	; 235
      000133 16                     352 	.db #0x16	; 22
      000134 A0                     353 	.db #0xa0	; 160
      000135 00                     354 	.db #0x00	; 0
      000136 0D                     355 	.db #0x0d	; 13
      000137 71                     356 	.db #0x71	; 113	'q'
      000138 A0                     357 	.db #0xa0	; 160
      000139 01                     358 	.db #0x01	; 1
      00013A 01                     359 	.db #0x01	; 1
      00013B 7F                     360 	.db #0x7f	; 127
      00013C 70                     361 	.db #0x70	; 112	'p'
      00013D A0                     362 	.db #0xa0	; 160
      00013E 08                     363 	.db #0x08	; 8
      00013F 0F                     364 	.db #0x0f	; 15
      000140 7F                     365 	.db #0x7f	; 127
      000141 73                     366 	.db #0x73	; 115	's'
      000142 A0                     367 	.db #0xa0	; 160
      000143 02                     368 	.db #0x02	; 2
      000144 0F                     369 	.db #0x0f	; 15
      000145 71                     370 	.db #0x71	; 113	'q'
      000146 A0                     371 	.db #0xa0	; 160
      000147 03                     372 	.db #0x03	; 3
      000148 01                     373 	.db #0x01	; 1
      000149 7F                     374 	.db #0x7f	; 127
      00014A 70                     375 	.db #0x70	; 112	'p'
      00014B A0                     376 	.db #0xa0	; 160
      00014C 09                     377 	.db #0x09	; 9
      00014D 0E                     378 	.db #0x0e	; 14
      00014E 7F                     379 	.db #0x7f	; 127
      00014F 73                     380 	.db #0x73	; 115	's'
      000150 A0                     381 	.db #0xa0	; 160
      000151 04                     382 	.db #0x04	; 4
      000152 93                     383 	.db #0x93	; 147
      000153 71                     384 	.db #0x71	; 113	'q'
      000154 A0                     385 	.db #0xa0	; 160
      000155 05                     386 	.db #0x05	; 5
      000156 01                     387 	.db #0x01	; 1
      000157 7F                     388 	.db #0x7f	; 127
      000158 72                     389 	.db #0x72	; 114	'r'
      000159 A0                     390 	.db #0xa0	; 160
      00015A 0A                     391 	.db #0x0a	; 10
      00015B 0F                     392 	.db #0x0f	; 15
      00015C 61                     393 	.db #0x61	; 97	'a'
      00015D 7A                     394 	.db #0x7a	; 122	'z'
      00015E 02                     395 	.db #0x02	; 2
      00015F A0                     396 	.db #0xa0	; 160
      000160 08                     397 	.db #0x08	; 8
      000161 0B                     398 	.db #0x0b	; 11
      000162 7F                     399 	.db #0x7f	; 127
      000163 71                     400 	.db #0x71	; 113	'q'
      000164 A0                     401 	.db #0xa0	; 160
      000165 09                     402 	.db #0x09	; 9
      000166 0B                     403 	.db #0x0b	; 11
      000167 7F                     404 	.db #0x7f	; 127
      000168 71                     405 	.db #0x71	; 113	'q'
      000169 A0                     406 	.db #0xa0	; 160
      00016A 0A                     407 	.db #0x0a	; 10
      00016B 0B                     408 	.db #0x0b	; 11
      00016C 61                     409 	.db #0x61	; 97	'a'
      00016D 85                     410 	.db #0x85	; 133
      00016E 08                     411 	.db #0x08	; 8
      00016F A0                     412 	.db #0xa0	; 160
      000170 09                     413 	.db #0x09	; 9
      000171 0A                     414 	.db #0x0a	; 10
      000172 61                     415 	.db #0x61	; 97	'a'
      000173 F0                     416 	.db #0xf0	; 240
      000174 16                     417 	.db #0x16	; 22
      000175 A0                     418 	.db #0xa0	; 160
      000176 08                     419 	.db #0x08	; 8
      000177 08                     420 	.db #0x08	; 8
      000178 7F                     421 	.db #0x7f	; 127
      000179 73                     422 	.db #0x73	; 115	's'
      00017A A0                     423 	.db #0xa0	; 160
      00017B 09                     424 	.db #0x09	; 9
      00017C 08                     425 	.db #0x08	; 8
      00017D 7F                     426 	.db #0x7f	; 127
      00017E 71                     427 	.db #0x71	; 113	'q'
      00017F A0                     428 	.db #0xa0	; 160
      000180 04                     429 	.db #0x04	; 4
      000181 27                     430 	.db #0x27	; 39
      000182 71                     431 	.db #0x71	; 113	'q'
      000183 A0                     432 	.db #0xa0	; 160
      000184 05                     433 	.db #0x05	; 5
      000185 03                     434 	.db #0x03	; 3
      000186 7F                     435 	.db #0x7f	; 127
      000187 71                     436 	.db #0x71	; 113	'q'
      000188 A0                     437 	.db #0xa0	; 160
      000189 0A                     438 	.db #0x0a	; 10
      00018A 0F                     439 	.db #0x0f	; 15
      00018B 61                     440 	.db #0x61	; 97	'a'
      00018C A1                     441 	.db #0xa1	; 161
      00018D 02                     442 	.db #0x02	; 2
      00018E A0                     443 	.db #0xa0	; 160
      00018F 08                     444 	.db #0x08	; 8
      000190 06                     445 	.db #0x06	; 6
      000191 7E                     446 	.db #0x7e	; 126
      000192 A0                     447 	.db #0xa0	; 160
      000193 09                     448 	.db #0x09	; 9
      000194 05                     449 	.db #0x05	; 5
      000195 7F                     450 	.db #0x7f	; 127
      000196 A0                     451 	.db #0xa0	; 160
      000197 0A                     452 	.db #0x0a	; 10
      000198 0B                     453 	.db #0x0b	; 11
      000199 61                     454 	.db #0x61	; 97	'a'
      00019A C0                     455 	.db #0xc0	; 192
      00019B 02                     456 	.db #0x02	; 2
      00019C A0                     457 	.db #0xa0	; 160
      00019D 08                     458 	.db #0x08	; 8
      00019E 03                     459 	.db #0x03	; 3
      00019F 7E                     460 	.db #0x7e	; 126
      0001A0 A0                     461 	.db #0xa0	; 160
      0001A1 09                     462 	.db #0x09	; 9
      0001A2 03                     463 	.db #0x03	; 3
      0001A3 61                     464 	.db #0x61	; 97	'a'
      0001A4 D0                     465 	.db #0xd0	; 208
      0001A5 02                     466 	.db #0x02	; 2
      0001A6 A0                     467 	.db #0xa0	; 160
      0001A7 08                     468 	.db #0x08	; 8
      0001A8 01                     469 	.db #0x01	; 1
      0001A9 7E                     470 	.db #0x7e	; 126
      0001AA A0                     471 	.db #0xa0	; 160
      0001AB 09                     472 	.db #0x09	; 9
      0001AC 01                     473 	.db #0x01	; 1
      0001AD 61                     474 	.db #0x61	; 97	'a'
      0001AE D0                     475 	.db #0xd0	; 208
      0001AF 02                     476 	.db #0x02	; 2
      0001B0 A0                     477 	.db #0xa0	; 160
      0001B1 08                     478 	.db #0x08	; 8
      0001B2 00                     479 	.db #0x00	; 0
      0001B3 7E                     480 	.db #0x7e	; 126
      0001B4 A0                     481 	.db #0xa0	; 160
      0001B5 09                     482 	.db #0x09	; 9
      0001B6 00                     483 	.db #0x00	; 0
      0001B7 61                     484 	.db #0x61	; 97	'a'
      0001B8 B1                     485 	.db #0xb1	; 177
      0001B9 05                     486 	.db #0x05	; 5
      0001BA A0                     487 	.db #0xa0	; 160
      0001BB 00                     488 	.db #0x00	; 0
      0001BC C9                     489 	.db #0xc9	; 201
      0001BD 71                     490 	.db #0x71	; 113	'q'
      0001BE A0                     491 	.db #0xa0	; 160
      0001BF 01                     492 	.db #0x01	; 1
      0001C0 00                     493 	.db #0x00	; 0
      0001C1 7F                     494 	.db #0x7f	; 127
      0001C2 71                     495 	.db #0x71	; 113	'q'
      0001C3 A0                     496 	.db #0xa0	; 160
      0001C4 08                     497 	.db #0x08	; 8
      0001C5 0F                     498 	.db #0x0f	; 15
      0001C6 7F                     499 	.db #0x7f	; 127
      0001C7 73                     500 	.db #0x73	; 115	's'
      0001C8 A0                     501 	.db #0xa0	; 160
      0001C9 02                     502 	.db #0x02	; 2
      0001CA CB                     503 	.db #0xcb	; 203
      0001CB 71                     504 	.db #0x71	; 113	'q'
      0001CC A0                     505 	.db #0xa0	; 160
      0001CD 03                     506 	.db #0x03	; 3
      0001CE 00                     507 	.db #0x00	; 0
      0001CF 7F                     508 	.db #0x7f	; 127
      0001D0 70                     509 	.db #0x70	; 112	'p'
      0001D1 A0                     510 	.db #0xa0	; 160
      0001D2 09                     511 	.db #0x09	; 9
      0001D3 0E                     512 	.db #0x0e	; 14
      0001D4 61                     513 	.db #0x61	; 97	'a'
      0001D5 A2                     514 	.db #0xa2	; 162
      0001D6 02                     515 	.db #0x02	; 2
      0001D7 A0                     516 	.db #0xa0	; 160
      0001D8 08                     517 	.db #0x08	; 8
      0001D9 0B                     518 	.db #0x0b	; 11
      0001DA 7F                     519 	.db #0x7f	; 127
      0001DB 71                     520 	.db #0x71	; 113	'q'
      0001DC A0                     521 	.db #0xa0	; 160
      0001DD 09                     522 	.db #0x09	; 9
      0001DE 0B                     523 	.db #0x0b	; 11
      0001DF 61                     524 	.db #0x61	; 97	'a'
      0001E0 97                     525 	.db #0x97	; 151
      0001E1 08                     526 	.db #0x08	; 8
      0001E2 A0                     527 	.db #0xa0	; 160
      0001E3 09                     528 	.db #0x09	; 9
      0001E4 0A                     529 	.db #0x0a	; 10
      0001E5 61                     530 	.db #0x61	; 97	'a'
      0001E6 D0                     531 	.db #0xd0	; 208
      0001E7 05                     532 	.db #0x05	; 5
      0001E8 A0                     533 	.db #0xa0	; 160
      0001E9 0A                     534 	.db #0x0a	; 10
      0001EA 08                     535 	.db #0x08	; 8
      0001EB 61                     536 	.db #0x61	; 97	'a'
      0001EC DA                     537 	.db #0xda	; 218
      0001ED 02                     538 	.db #0x02	; 2
      0001EE A0                     539 	.db #0xa0	; 160
      0001EF 0A                     540 	.db #0x0a	; 10
      0001F0 06                     541 	.db #0x06	; 6
      0001F1 62                     542 	.db #0x62	; 98	'b'
      0001F2 A0                     543 	.db #0xa0	; 160
      0001F3 0A                     544 	.db #0x0a	; 10
      0001F4 03                     545 	.db #0x03	; 3
      0001F5 62                     546 	.db #0x62	; 98	'b'
      0001F6 A0                     547 	.db #0xa0	; 160
      0001F7 0A                     548 	.db #0x0a	; 10
      0001F8 01                     549 	.db #0x01	; 1
      0001F9 62                     550 	.db #0x62	; 98	'b'
      0001FA A0                     551 	.db #0xa0	; 160
      0001FB 0A                     552 	.db #0x0a	; 10
      0001FC 00                     553 	.db #0x00	; 0
      0001FD 61                     554 	.db #0x61	; 97	'a'
      0001FE A9                     555 	.db #0xa9	; 169
      0001FF 05                     556 	.db #0x05	; 5
      000200 A0                     557 	.db #0xa0	; 160
      000201 08                     558 	.db #0x08	; 8
      000202 08                     559 	.db #0x08	; 8
      000203 7F                     560 	.db #0x7f	; 127
      000204 73                     561 	.db #0x73	; 115	's'
      000205 A0                     562 	.db #0xa0	; 160
      000206 09                     563 	.db #0x09	; 9
      000207 08                     564 	.db #0x08	; 8
      000208 61                     565 	.db #0x61	; 97	'a'
      000209 C7                     566 	.db #0xc7	; 199
      00020A 02                     567 	.db #0x02	; 2
      00020B A0                     568 	.db #0xa0	; 160
      00020C 08                     569 	.db #0x08	; 8
      00020D 06                     570 	.db #0x06	; 6
      00020E 7E                     571 	.db #0x7e	; 126
      00020F A0                     572 	.db #0xa0	; 160
      000210 09                     573 	.db #0x09	; 9
      000211 05                     574 	.db #0x05	; 5
      000212 61                     575 	.db #0x61	; 97	'a'
      000213 D0                     576 	.db #0xd0	; 208
      000214 02                     577 	.db #0x02	; 2
      000215 A0                     578 	.db #0xa0	; 160
      000216 08                     579 	.db #0x08	; 8
      000217 03                     580 	.db #0x03	; 3
      000218 7E                     581 	.db #0x7e	; 126
      000219 A0                     582 	.db #0xa0	; 160
      00021A 09                     583 	.db #0x09	; 9
      00021B 03                     584 	.db #0x03	; 3
      00021C 61                     585 	.db #0x61	; 97	'a'
      00021D D0                     586 	.db #0xd0	; 208
      00021E 02                     587 	.db #0x02	; 2
      00021F A0                     588 	.db #0xa0	; 160
      000220 08                     589 	.db #0x08	; 8
      000221 01                     590 	.db #0x01	; 1
      000222 7E                     591 	.db #0x7e	; 126
      000223 A0                     592 	.db #0xa0	; 160
      000224 09                     593 	.db #0x09	; 9
      000225 01                     594 	.db #0x01	; 1
      000226 61                     595 	.db #0x61	; 97	'a'
      000227 D0                     596 	.db #0xd0	; 208
      000228 02                     597 	.db #0x02	; 2
      000229 A0                     598 	.db #0xa0	; 160
      00022A 08                     599 	.db #0x08	; 8
      00022B 00                     600 	.db #0x00	; 0
      00022C 7E                     601 	.db #0x7e	; 126
      00022D A0                     602 	.db #0xa0	; 160
      00022E 09                     603 	.db #0x09	; 9
      00022F 00                     604 	.db #0x00	; 0
      000230 61                     605 	.db #0x61	; 97	'a'
      000231 B1                     606 	.db #0xb1	; 177
      000232 05                     607 	.db #0x05	; 5
      000233 A0                     608 	.db #0xa0	; 160
      000234 00                     609 	.db #0x00	; 0
      000235 E2                     610 	.db #0xe2	; 226
      000236 7F                     611 	.db #0x7f	; 127
      000237 72                     612 	.db #0x72	; 114	'r'
      000238 A0                     613 	.db #0xa0	; 160
      000239 08                     614 	.db #0x08	; 8
      00023A 0F                     615 	.db #0x0f	; 15
      00023B 7F                     616 	.db #0x7f	; 127
      00023C 73                     617 	.db #0x73	; 115	's'
      00023D A0                     618 	.db #0xa0	; 160
      00023E 02                     619 	.db #0x02	; 2
      00023F E5                     620 	.db #0xe5	; 229
      000240 7F                     621 	.db #0x7f	; 127
      000241 73                     622 	.db #0x73	; 115	's'
      000242 A0                     623 	.db #0xa0	; 160
      000243 09                     624 	.db #0x09	; 9
      000244 0E                     625 	.db #0x0e	; 14
      000245 61                     626 	.db #0x61	; 97	'a'
      000246 27                     627 	.db #0x27	; 39
      000247 00                     628 	.db #0x00	; 0
      000248 A0                     629 	.db #0xa0	; 160
      000249 0A                     630 	.db #0x0a	; 10
      00024A 0F                     631 	.db #0x0f	; 15
      00024B 61                     632 	.db #0x61	; 97	'a'
      00024C 7B                     633 	.db #0x7b	; 123
      00024D 02                     634 	.db #0x02	; 2
      00024E A0                     635 	.db #0xa0	; 160
      00024F 08                     636 	.db #0x08	; 8
      000250 0B                     637 	.db #0x0b	; 11
      000251 7F                     638 	.db #0x7f	; 127
      000252 71                     639 	.db #0x71	; 113	'q'
      000253 A0                     640 	.db #0xa0	; 160
      000254 09                     641 	.db #0x09	; 9
      000255 0B                     642 	.db #0x0b	; 11
      000256 7F                     643 	.db #0x7f	; 127
      000257 71                     644 	.db #0x71	; 113	'q'
      000258 A0                     645 	.db #0xa0	; 160
      000259 0A                     646 	.db #0x0a	; 10
      00025A 0B                     647 	.db #0x0b	; 11
      00025B 61                     648 	.db #0x61	; 97	'a'
      00025C 85                     649 	.db #0x85	; 133
      00025D 08                     650 	.db #0x08	; 8
      00025E A0                     651 	.db #0xa0	; 160
      00025F 09                     652 	.db #0x09	; 9
      000260 0A                     653 	.db #0x0a	; 10
      000261 61                     654 	.db #0x61	; 97	'a'
      000262 EE                     655 	.db #0xee	; 238
      000263 16                     656 	.db #0x16	; 22
      000264 A0                     657 	.db #0xa0	; 160
      000265 00                     658 	.db #0x00	; 0
      000266 2E                     659 	.db #0x2e	; 46
      000267 71                     660 	.db #0x71	; 113	'q'
      000268 A0                     661 	.db #0xa0	; 160
      000269 01                     662 	.db #0x01	; 1
      00026A 01                     663 	.db #0x01	; 1
      00026B 7F                     664 	.db #0x7f	; 127
      00026C 70                     665 	.db #0x70	; 112	'p'
      00026D A0                     666 	.db #0xa0	; 160
      00026E 08                     667 	.db #0x08	; 8
      00026F 0F                     668 	.db #0x0f	; 15
      000270 7F                     669 	.db #0x7f	; 127
      000271 73                     670 	.db #0x73	; 115	's'
      000272 A0                     671 	.db #0xa0	; 160
      000273 02                     672 	.db #0x02	; 2
      000274 30                     673 	.db #0x30	; 48	'0'
      000275 71                     674 	.db #0x71	; 113	'q'
      000276 A0                     675 	.db #0xa0	; 160
      000277 03                     676 	.db #0x03	; 3
      000278 01                     677 	.db #0x01	; 1
      000279 7F                     678 	.db #0x7f	; 127
      00027A 71                     679 	.db #0x71	; 113	'q'
      00027B A0                     680 	.db #0xa0	; 160
      00027C 09                     681 	.db #0x09	; 9
      00027D 0E                     682 	.db #0x0e	; 14
      00027E 7F                     683 	.db #0x7f	; 127
      00027F 72                     684 	.db #0x72	; 114	'r'
      000280 A0                     685 	.db #0xa0	; 160
      000281 04                     686 	.db #0x04	; 4
      000282 93                     687 	.db #0x93	; 147
      000283 71                     688 	.db #0x71	; 113	'q'
      000284 A0                     689 	.db #0xa0	; 160
      000285 05                     690 	.db #0x05	; 5
      000286 01                     691 	.db #0x01	; 1
      000287 7F                     692 	.db #0x7f	; 127
      000288 72                     693 	.db #0x72	; 114	'r'
      000289 A0                     694 	.db #0xa0	; 160
      00028A 0A                     695 	.db #0x0a	; 10
      00028B 0F                     696 	.db #0x0f	; 15
      00028C 61                     697 	.db #0x61	; 97	'a'
      00028D 7A                     698 	.db #0x7a	; 122	'z'
      00028E 02                     699 	.db #0x02	; 2
      00028F A0                     700 	.db #0xa0	; 160
      000290 08                     701 	.db #0x08	; 8
      000291 0B                     702 	.db #0x0b	; 11
      000292 7F                     703 	.db #0x7f	; 127
      000293 71                     704 	.db #0x71	; 113	'q'
      000294 A0                     705 	.db #0xa0	; 160
      000295 09                     706 	.db #0x09	; 9
      000296 0B                     707 	.db #0x0b	; 11
      000297 7F                     708 	.db #0x7f	; 127
      000298 71                     709 	.db #0x71	; 113	'q'
      000299 A0                     710 	.db #0xa0	; 160
      00029A 0A                     711 	.db #0x0a	; 10
      00029B 0B                     712 	.db #0x0b	; 11
      00029C 61                     713 	.db #0x61	; 97	'a'
      00029D 85                     714 	.db #0x85	; 133
      00029E 08                     715 	.db #0x08	; 8
      00029F A0                     716 	.db #0xa0	; 160
      0002A0 09                     717 	.db #0x09	; 9
      0002A1 0A                     718 	.db #0x0a	; 10
      0002A2 61                     719 	.db #0x61	; 97	'a'
      0002A3 EE                     720 	.db #0xee	; 238
      0002A4 16                     721 	.db #0x16	; 22
      0002A5 A0                     722 	.db #0xa0	; 160
      0002A6 00                     723 	.db #0x00	; 0
      0002A7 0D                     724 	.db #0x0d	; 13
      0002A8 7F                     725 	.db #0x7f	; 127
      0002A9 72                     726 	.db #0x72	; 114	'r'
      0002AA A0                     727 	.db #0xa0	; 160
      0002AB 08                     728 	.db #0x08	; 8
      0002AC 0F                     729 	.db #0x0f	; 15
      0002AD 7F                     730 	.db #0x7f	; 127
      0002AE 73                     731 	.db #0x73	; 115	's'
      0002AF A0                     732 	.db #0xa0	; 160
      0002B0 02                     733 	.db #0x02	; 2
      0002B1 0F                     734 	.db #0x0f	; 15
      0002B2 7F                     735 	.db #0x7f	; 127
      0002B3 73                     736 	.db #0x73	; 115	's'
      0002B4 A0                     737 	.db #0xa0	; 160
      0002B5 09                     738 	.db #0x09	; 9
      0002B6 0E                     739 	.db #0x0e	; 14
      0002B7 7F                     740 	.db #0x7f	; 127
      0002B8 72                     741 	.db #0x72	; 114	'r'
      0002B9 A0                     742 	.db #0xa0	; 160
      0002BA 04                     743 	.db #0x04	; 4
      0002BB 27                     744 	.db #0x27	; 39
      0002BC 71                     745 	.db #0x71	; 113	'q'
      0002BD A0                     746 	.db #0xa0	; 160
      0002BE 05                     747 	.db #0x05	; 5
      0002BF 03                     748 	.db #0x03	; 3
      0002C0 7F                     749 	.db #0x7f	; 127
      0002C1 71                     750 	.db #0x71	; 113	'q'
      0002C2 A0                     751 	.db #0xa0	; 160
      0002C3 0A                     752 	.db #0x0a	; 10
      0002C4 0F                     753 	.db #0x0f	; 15
      0002C5 61                     754 	.db #0x61	; 97	'a'
      0002C6 7B                     755 	.db #0x7b	; 123
      0002C7 02                     756 	.db #0x02	; 2
      0002C8 A0                     757 	.db #0xa0	; 160
      0002C9 08                     758 	.db #0x08	; 8
      0002CA 0B                     759 	.db #0x0b	; 11
      0002CB 7F                     760 	.db #0x7f	; 127
      0002CC 71                     761 	.db #0x71	; 113	'q'
      0002CD A0                     762 	.db #0xa0	; 160
      0002CE 09                     763 	.db #0x09	; 9
      0002CF 0B                     764 	.db #0x0b	; 11
      0002D0 7F                     765 	.db #0x7f	; 127
      0002D1 71                     766 	.db #0x71	; 113	'q'
      0002D2 A0                     767 	.db #0xa0	; 160
      0002D3 0A                     768 	.db #0x0a	; 10
      0002D4 0B                     769 	.db #0x0b	; 11
      0002D5 61                     770 	.db #0x61	; 97	'a'
      0002D6 85                     771 	.db #0x85	; 133
      0002D7 08                     772 	.db #0x08	; 8
      0002D8 A0                     773 	.db #0xa0	; 160
      0002D9 09                     774 	.db #0x09	; 9
      0002DA 0A                     775 	.db #0x0a	; 10
      0002DB 61                     776 	.db #0x61	; 97	'a'
      0002DC 07                     777 	.db #0x07	; 7
      0002DD 17                     778 	.db #0x17	; 23
      0002DE A0                     779 	.db #0xa0	; 160
      0002DF 04                     780 	.db #0x04	; 4
      0002E0 8A                     781 	.db #0x8a	; 138
      0002E1 7F                     782 	.db #0x7f	; 127
      0002E2 73                     783 	.db #0x73	; 115	's'
      0002E3 A0                     784 	.db #0xa0	; 160
      0002E4 0A                     785 	.db #0x0a	; 10
      0002E5 0F                     786 	.db #0x0f	; 15
      0002E6 61                     787 	.db #0x61	; 97	'a'
      0002E7 CA                     788 	.db #0xca	; 202
      0002E8 02                     789 	.db #0x02	; 2
      0002E9 A0                     790 	.db #0xa0	; 160
      0002EA 0A                     791 	.db #0x0a	; 10
      0002EB 0B                     792 	.db #0x0b	; 11
      0002EC 61                     793 	.db #0x61	; 97	'a'
      0002ED 83                     794 	.db #0x83	; 131
      0002EE 08                     795 	.db #0x08	; 8
      0002EF A0                     796 	.db #0xa0	; 160
      0002F0 08                     797 	.db #0x08	; 8
      0002F1 0A                     798 	.db #0x0a	; 10
      0002F2 61                     799 	.db #0x61	; 97	'a'
      0002F3 67                     800 	.db #0x67	; 103	'g'
      0002F4 0E                     801 	.db #0x0e	; 14
      0002F5 A0                     802 	.db #0xa0	; 160
      0002F6 09                     803 	.db #0x09	; 9
      0002F7 09                     804 	.db #0x09	; 9
      0002F8 61                     805 	.db #0x61	; 97	'a'
      0002F9 C0                     806 	.db #0xc0	; 192
      0002FA 08                     807 	.db #0x08	; 8
      0002FB A0                     808 	.db #0xa0	; 160
      0002FC 0A                     809 	.db #0x0a	; 10
      0002FD 0F                     810 	.db #0x0f	; 15
      0002FE 61                     811 	.db #0x61	; 97	'a'
      0002FF CA                     812 	.db #0xca	; 202
      000300 02                     813 	.db #0x02	; 2
      000301 A0                     814 	.db #0xa0	; 160
      000302 0A                     815 	.db #0x0a	; 10
      000303 0B                     816 	.db #0x0b	; 11
      000304 61                     817 	.db #0x61	; 97	'a'
      000305 FF                     818 	.db #0xff	; 255
      000306 13                     819 	.db #0x13	; 19
      000307 A0                     820 	.db #0xa0	; 160
      000308 08                     821 	.db #0x08	; 8
      000309 09                     822 	.db #0x09	; 9
      00030A 61                     823 	.db #0x61	; 97	'a'
      00030B 97                     824 	.db #0x97	; 151
      00030C 0B                     825 	.db #0x0b	; 11
      00030D A0                     826 	.db #0xa0	; 160
      00030E 04                     827 	.db #0x04	; 4
      00030F C5                     828 	.db #0xc5	; 197
      000310 71                     829 	.db #0x71	; 113	'q'
      000311 A0                     830 	.db #0xa0	; 160
      000312 05                     831 	.db #0x05	; 5
      000313 01                     832 	.db #0x01	; 1
      000314 7F                     833 	.db #0x7f	; 127
      000315 71                     834 	.db #0x71	; 113	'q'
      000316 A0                     835 	.db #0xa0	; 160
      000317 0A                     836 	.db #0x0a	; 10
      000318 0F                     837 	.db #0x0f	; 15
      000319 61                     838 	.db #0x61	; 97	'a'
      00031A CA                     839 	.db #0xca	; 202
      00031B 02                     840 	.db #0x02	; 2
      00031C A0                     841 	.db #0xa0	; 160
      00031D 0A                     842 	.db #0x0a	; 10
      00031E 0B                     843 	.db #0x0b	; 11
      00031F 61                     844 	.db #0x61	; 97	'a'
      000320 D1                     845 	.db #0xd1	; 209
      000321 02                     846 	.db #0x02	; 2
      000322 A0                     847 	.db #0xa0	; 160
      000323 09                     848 	.db #0x09	; 9
      000324 08                     849 	.db #0x08	; 8
      000325 61                     850 	.db #0x61	; 97	'a'
      000326 AA                     851 	.db #0xaa	; 170
      000327 1C                     852 	.db #0x1c	; 28
      000328 A0                     853 	.db #0xa0	; 160
      000329 08                     854 	.db #0x08	; 8
      00032A 08                     855 	.db #0x08	; 8
      00032B 7F                     856 	.db #0x7f	; 127
      00032C 7C                     857 	.db #0x7c	; 124
      00032D A0                     858 	.db #0xa0	; 160
      00032E 04                     859 	.db #0x04	; 4
      00032F 8A                     860 	.db #0x8a	; 138
      000330 71                     861 	.db #0x71	; 113	'q'
      000331 A0                     862 	.db #0xa0	; 160
      000332 05                     863 	.db #0x05	; 5
      000333 03                     864 	.db #0x03	; 3
      000334 7F                     865 	.db #0x7f	; 127
      000335 71                     866 	.db #0x71	; 113	'q'
      000336 A0                     867 	.db #0xa0	; 160
      000337 0A                     868 	.db #0x0a	; 10
      000338 0F                     869 	.db #0x0f	; 15
      000339 61                     870 	.db #0x61	; 97	'a'
      00033A C8                     871 	.db #0xc8	; 200
      00033B 02                     872 	.db #0x02	; 2
      00033C A0                     873 	.db #0xa0	; 160
      00033D 0A                     874 	.db #0x0a	; 10
      00033E 0B                     875 	.db #0x0b	; 11
      00033F 61                     876 	.db #0x61	; 97	'a'
      000340 45                     877 	.db #0x45	; 69	'E'
      000341 0E                     878 	.db #0x0e	; 14
      000342 A0                     879 	.db #0xa0	; 160
      000343 08                     880 	.db #0x08	; 8
      000344 06                     881 	.db #0x06	; 6
      000345 7F                     882 	.db #0x7f	; 127
      000346 73                     883 	.db #0x73	; 115	's'
      000347 A0                     884 	.db #0xa0	; 160
      000348 09                     885 	.db #0x09	; 9
      000349 05                     886 	.db #0x05	; 5
      00034A 61                     887 	.db #0x61	; 97	'a'
      00034B C7                     888 	.db #0xc7	; 199
      00034C 02                     889 	.db #0x02	; 2
      00034D A0                     890 	.db #0xa0	; 160
      00034E 08                     891 	.db #0x08	; 8
      00034F 03                     892 	.db #0x03	; 3
      000350 7E                     893 	.db #0x7e	; 126
      000351 A0                     894 	.db #0xa0	; 160
      000352 09                     895 	.db #0x09	; 9
      000353 03                     896 	.db #0x03	; 3
      000354 61                     897 	.db #0x61	; 97	'a'
      000355 D0                     898 	.db #0xd0	; 208
      000356 02                     899 	.db #0x02	; 2
      000357 A0                     900 	.db #0xa0	; 160
      000358 08                     901 	.db #0x08	; 8
      000359 01                     902 	.db #0x01	; 1
      00035A 7E                     903 	.db #0x7e	; 126
      00035B A0                     904 	.db #0xa0	; 160
      00035C 09                     905 	.db #0x09	; 9
      00035D 01                     906 	.db #0x01	; 1
      00035E 61                     907 	.db #0x61	; 97	'a'
      00035F D0                     908 	.db #0xd0	; 208
      000360 02                     909 	.db #0x02	; 2
      000361 A0                     910 	.db #0xa0	; 160
      000362 08                     911 	.db #0x08	; 8
      000363 00                     912 	.db #0x00	; 0
      000364 7E                     913 	.db #0x7e	; 126
      000365 A0                     914 	.db #0xa0	; 160
      000366 09                     915 	.db #0x09	; 9
      000367 00                     916 	.db #0x00	; 0
      000368 61                     917 	.db #0x61	; 97	'a'
      000369 90                     918 	.db #0x90	; 144
      00036A 08                     919 	.db #0x08	; 8
      00036B A0                     920 	.db #0xa0	; 160
      00036C 00                     921 	.db #0x00	; 0
      00036D 2E                     922 	.db #0x2e	; 46
      00036E 7F                     923 	.db #0x7f	; 127
      00036F 72                     924 	.db #0x72	; 114	'r'
      000370 A0                     925 	.db #0xa0	; 160
      000371 08                     926 	.db #0x08	; 8
      000372 0F                     927 	.db #0x0f	; 15
      000373 7F                     928 	.db #0x7f	; 127
      000374 73                     929 	.db #0x73	; 115	's'
      000375 A0                     930 	.db #0xa0	; 160
      000376 02                     931 	.db #0x02	; 2
      000377 30                     932 	.db #0x30	; 48	'0'
      000378 7F                     933 	.db #0x7f	; 127
      000379 73                     934 	.db #0x73	; 115	's'
      00037A A0                     935 	.db #0xa0	; 160
      00037B 09                     936 	.db #0x09	; 9
      00037C 0E                     937 	.db #0x0e	; 14
      00037D 7F                     938 	.db #0x7f	; 127
      00037E 75                     939 	.db #0x75	; 117	'u'
      00037F A0                     940 	.db #0xa0	; 160
      000380 0A                     941 	.db #0x0a	; 10
      000381 08                     942 	.db #0x08	; 8
      000382 61                     943 	.db #0x61	; 97	'a'
      000383 8C                     944 	.db #0x8c	; 140
      000384 02                     945 	.db #0x02	; 2
      000385 A0                     946 	.db #0xa0	; 160
      000386 08                     947 	.db #0x08	; 8
      000387 0B                     948 	.db #0x0b	; 11
      000388 7F                     949 	.db #0x7f	; 127
      000389 71                     950 	.db #0x71	; 113	'q'
      00038A A0                     951 	.db #0xa0	; 160
      00038B 09                     952 	.db #0x09	; 9
      00038C 0B                     953 	.db #0x0b	; 11
      00038D 7F                     954 	.db #0x7f	; 127
      00038E 71                     955 	.db #0x71	; 113	'q'
      00038F A0                     956 	.db #0xa0	; 160
      000390 0A                     957 	.db #0x0a	; 10
      000391 06                     958 	.db #0x06	; 6
      000392 61                     959 	.db #0x61	; 97	'a'
      000393 D4                     960 	.db #0xd4	; 212
      000394 02                     961 	.db #0x02	; 2
      000395 A0                     962 	.db #0xa0	; 160
      000396 0A                     963 	.db #0x0a	; 10
      000397 03                     964 	.db #0x03	; 3
      000398 62                     965 	.db #0x62	; 98	'b'
      000399 A0                     966 	.db #0xa0	; 160
      00039A 0A                     967 	.db #0x0a	; 10
      00039B 01                     968 	.db #0x01	; 1
      00039C 61                     969 	.db #0x61	; 97	'a'
      00039D D2                     970 	.db #0xd2	; 210
      00039E 02                     971 	.db #0x02	; 2
      00039F A0                     972 	.db #0xa0	; 160
      0003A0 09                     973 	.db #0x09	; 9
      0003A1 0A                     974 	.db #0x0a	; 10
      0003A2 7F                     975 	.db #0x7f	; 127
      0003A3 A0                     976 	.db #0xa0	; 160
      0003A4 0A                     977 	.db #0x0a	; 10
      0003A5 00                     978 	.db #0x00	; 0
      0003A6 61                     979 	.db #0x61	; 97	'a'
      0003A7 0B                     980 	.db #0x0b	; 11
      0003A8 17                     981 	.db #0x17	; 23
      0003A9 A0                     982 	.db #0xa0	; 160
      0003AA 0A                     983 	.db #0x0a	; 10
      0003AB 0F                     984 	.db #0x0f	; 15
      0003AC 61                     985 	.db #0x61	; 97	'a'
      0003AD CA                     986 	.db #0xca	; 202
      0003AE 02                     987 	.db #0x02	; 2
      0003AF A0                     988 	.db #0xa0	; 160
      0003B0 0A                     989 	.db #0x0a	; 10
      0003B1 0B                     990 	.db #0x0b	; 11
      0003B2 61                     991 	.db #0x61	; 97	'a'
      0003B3 83                     992 	.db #0x83	; 131
      0003B4 08                     993 	.db #0x08	; 8
      0003B5 A0                     994 	.db #0xa0	; 160
      0003B6 08                     995 	.db #0x08	; 8
      0003B7 0A                     996 	.db #0x0a	; 10
      0003B8 61                     997 	.db #0x61	; 97	'a'
      0003B9 C2                     998 	.db #0xc2	; 194
      0003BA 05                     999 	.db #0x05	; 5
      0003BB A0                    1000 	.db #0xa0	; 160
      0003BC 08                    1001 	.db #0x08	; 8
      0003BD 08                    1002 	.db #0x08	; 8
      0003BE 7F                    1003 	.db #0x7f	; 127
      0003BF 73                    1004 	.db #0x73	; 115	's'
      0003C0 A0                    1005 	.db #0xa0	; 160
      0003C1 09                    1006 	.db #0x09	; 9
      0003C2 07                    1007 	.db #0x07	; 7
      0003C3 61                    1008 	.db #0x61	; 97	'a'
      0003C4 C7                    1009 	.db #0xc7	; 199
      0003C5 02                    1010 	.db #0x02	; 2
      0003C6 A0                    1011 	.db #0xa0	; 160
      0003C7 08                    1012 	.db #0x08	; 8
      0003C8 05                    1013 	.db #0x05	; 5
      0003C9 7E                    1014 	.db #0x7e	; 126
      0003CA A0                    1015 	.db #0xa0	; 160
      0003CB 09                    1016 	.db #0x09	; 9
      0003CC 05                    1017 	.db #0x05	; 5
      0003CD 61                    1018 	.db #0x61	; 97	'a'
      0003CE D0                    1019 	.db #0xd0	; 208
      0003CF 02                    1020 	.db #0x02	; 2
      0003D0 A0                    1021 	.db #0xa0	; 160
      0003D1 08                    1022 	.db #0x08	; 8
      0003D2 03                    1023 	.db #0x03	; 3
      0003D3 7E                    1024 	.db #0x7e	; 126
      0003D4 A0                    1025 	.db #0xa0	; 160
      0003D5 09                    1026 	.db #0x09	; 9
      0003D6 03                    1027 	.db #0x03	; 3
      0003D7 61                    1028 	.db #0x61	; 97	'a'
      0003D8 D0                    1029 	.db #0xd0	; 208
      0003D9 02                    1030 	.db #0x02	; 2
      0003DA A0                    1031 	.db #0xa0	; 160
      0003DB 08                    1032 	.db #0x08	; 8
      0003DC 00                    1033 	.db #0x00	; 0
      0003DD 7E                    1034 	.db #0x7e	; 126
      0003DE A0                    1035 	.db #0xa0	; 160
      0003DF 09                    1036 	.db #0x09	; 9
      0003E0 00                    1037 	.db #0x00	; 0
      0003E1 61                    1038 	.db #0x61	; 97	'a'
      0003E2 90                    1039 	.db #0x90	; 144
      0003E3 08                    1040 	.db #0x08	; 8
      0003E4 A0                    1041 	.db #0xa0	; 160
      0003E5 00                    1042 	.db #0x00	; 0
      0003E6 67                    1043 	.db #0x67	; 103	'g'
      0003E7 7F                    1044 	.db #0x7f	; 127
      0003E8 72                    1045 	.db #0x72	; 114	'r'
      0003E9 A0                    1046 	.db #0xa0	; 160
      0003EA 08                    1047 	.db #0x08	; 8
      0003EB 0F                    1048 	.db #0x0f	; 15
      0003EC 7F                    1049 	.db #0x7f	; 127
      0003ED 73                    1050 	.db #0x73	; 115	's'
      0003EE A0                    1051 	.db #0xa0	; 160
      0003EF 02                    1052 	.db #0x02	; 2
      0003F0 6A                    1053 	.db #0x6a	; 106	'j'
      0003F1 7F                    1054 	.db #0x7f	; 127
      0003F2 73                    1055 	.db #0x73	; 115	's'
      0003F3 A0                    1056 	.db #0xa0	; 160
      0003F4 09                    1057 	.db #0x09	; 9
      0003F5 0E                    1058 	.db #0x0e	; 14
      0003F6 7F                    1059 	.db #0x7f	; 127
      0003F7 72                    1060 	.db #0x72	; 114	'r'
      0003F8 A0                    1061 	.db #0xa0	; 160
      0003F9 04                    1062 	.db #0x04	; 4
      0003FA C5                    1063 	.db #0xc5	; 197
      0003FB 71                    1064 	.db #0x71	; 113	'q'
      0003FC A0                    1065 	.db #0xa0	; 160
      0003FD 05                    1066 	.db #0x05	; 5
      0003FE 01                    1067 	.db #0x01	; 1
      0003FF 7F                    1068 	.db #0x7f	; 127
      000400 71                    1069 	.db #0x71	; 113	'q'
      000401 A0                    1070 	.db #0xa0	; 160
      000402 0A                    1071 	.db #0x0a	; 10
      000403 0F                    1072 	.db #0x0f	; 15
      000404 61                    1073 	.db #0x61	; 97	'a'
      000405 7B                    1074 	.db #0x7b	; 123
      000406 02                    1075 	.db #0x02	; 2
      000407 A0                    1076 	.db #0xa0	; 160
      000408 08                    1077 	.db #0x08	; 8
      000409 0B                    1078 	.db #0x0b	; 11
      00040A 7F                    1079 	.db #0x7f	; 127
      00040B 71                    1080 	.db #0x71	; 113	'q'
      00040C A0                    1081 	.db #0xa0	; 160
      00040D 09                    1082 	.db #0x09	; 9
      00040E 0B                    1083 	.db #0x0b	; 11
      00040F 7F                    1084 	.db #0x7f	; 127
      000410 71                    1085 	.db #0x71	; 113	'q'
      000411 A0                    1086 	.db #0xa0	; 160
      000412 0A                    1087 	.db #0x0a	; 10
      000413 0B                    1088 	.db #0x0b	; 11
      000414 61                    1089 	.db #0x61	; 97	'a'
      000415 85                    1090 	.db #0x85	; 133
      000416 08                    1091 	.db #0x08	; 8
      000417 A0                    1092 	.db #0xa0	; 160
      000418 09                    1093 	.db #0x09	; 9
      000419 0A                    1094 	.db #0x0a	; 10
      00041A 61                    1095 	.db #0x61	; 97	'a'
      00041B 07                    1096 	.db #0x07	; 7
      00041C 17                    1097 	.db #0x17	; 23
      00041D A0                    1098 	.db #0xa0	; 160
      00041E 04                    1099 	.db #0x04	; 4
      00041F 8A                    1100 	.db #0x8a	; 138
      000420 71                    1101 	.db #0x71	; 113	'q'
      000421 A0                    1102 	.db #0xa0	; 160
      000422 05                    1103 	.db #0x05	; 5
      000423 03                    1104 	.db #0x03	; 3
      000424 7F                    1105 	.db #0x7f	; 127
      000425 71                    1106 	.db #0x71	; 113	'q'
      000426 A0                    1107 	.db #0xa0	; 160
      000427 0A                    1108 	.db #0x0a	; 10
      000428 0F                    1109 	.db #0x0f	; 15
      000429 61                    1110 	.db #0x61	; 97	'a'
      00042A CA                    1111 	.db #0xca	; 202
      00042B 02                    1112 	.db #0x02	; 2
      00042C A0                    1113 	.db #0xa0	; 160
      00042D 0A                    1114 	.db #0x0a	; 10
      00042E 0B                    1115 	.db #0x0b	; 11
      00042F 61                    1116 	.db #0x61	; 97	'a'
      000430 83                    1117 	.db #0x83	; 131
      000431 08                    1118 	.db #0x08	; 8
      000432 A0                    1119 	.db #0xa0	; 160
      000433 08                    1120 	.db #0x08	; 8
      000434 0A                    1121 	.db #0x0a	; 10
      000435 61                    1122 	.db #0x61	; 97	'a'
      000436 C2                    1123 	.db #0xc2	; 194
      000437 05                    1124 	.db #0x05	; 5
      000438 A0                    1125 	.db #0xa0	; 160
      000439 08                    1126 	.db #0x08	; 8
      00043A 08                    1127 	.db #0x08	; 8
      00043B 7F                    1128 	.db #0x7f	; 127
      00043C 73                    1129 	.db #0x73	; 115	's'
      00043D A0                    1130 	.db #0xa0	; 160
      00043E 09                    1131 	.db #0x09	; 9
      00043F 07                    1132 	.db #0x07	; 7
      000440 61                    1133 	.db #0x61	; 97	'a'
      000441 C7                    1134 	.db #0xc7	; 199
      000442 02                    1135 	.db #0x02	; 2
      000443 A0                    1136 	.db #0xa0	; 160
      000444 08                    1137 	.db #0x08	; 8
      000445 05                    1138 	.db #0x05	; 5
      000446 7E                    1139 	.db #0x7e	; 126
      000447 A0                    1140 	.db #0xa0	; 160
      000448 09                    1141 	.db #0x09	; 9
      000449 05                    1142 	.db #0x05	; 5
      00044A 61                    1143 	.db #0x61	; 97	'a'
      00044B D0                    1144 	.db #0xd0	; 208
      00044C 02                    1145 	.db #0x02	; 2
      00044D A0                    1146 	.db #0xa0	; 160
      00044E 08                    1147 	.db #0x08	; 8
      00044F 03                    1148 	.db #0x03	; 3
      000450 7E                    1149 	.db #0x7e	; 126
      000451 A0                    1150 	.db #0xa0	; 160
      000452 09                    1151 	.db #0x09	; 9
      000453 03                    1152 	.db #0x03	; 3
      000454 61                    1153 	.db #0x61	; 97	'a'
      000455 D0                    1154 	.db #0xd0	; 208
      000456 02                    1155 	.db #0x02	; 2
      000457 A0                    1156 	.db #0xa0	; 160
      000458 08                    1157 	.db #0x08	; 8
      000459 00                    1158 	.db #0x00	; 0
      00045A 7E                    1159 	.db #0x7e	; 126
      00045B A0                    1160 	.db #0xa0	; 160
      00045C 09                    1161 	.db #0x09	; 9
      00045D 00                    1162 	.db #0x00	; 0
      00045E 61                    1163 	.db #0x61	; 97	'a'
      00045F 90                    1164 	.db #0x90	; 144
      000460 08                    1165 	.db #0x08	; 8
      000461 A0                    1166 	.db #0xa0	; 160
      000462 00                    1167 	.db #0x00	; 0
      000463 40                    1168 	.db #0x40	; 64
      000464 7F                    1169 	.db #0x7f	; 127
      000465 72                    1170 	.db #0x72	; 114	'r'
      000466 A0                    1171 	.db #0xa0	; 160
      000467 08                    1172 	.db #0x08	; 8
      000468 0F                    1173 	.db #0x0f	; 15
      000469 7F                    1174 	.db #0x7f	; 127
      00046A 73                    1175 	.db #0x73	; 115	's'
      00046B A0                    1176 	.db #0xa0	; 160
      00046C 02                    1177 	.db #0x02	; 2
      00046D 42                    1178 	.db #0x42	; 66	'B'
      00046E 7F                    1179 	.db #0x7f	; 127
      00046F 73                    1180 	.db #0x73	; 115	's'
      000470 A0                    1181 	.db #0xa0	; 160
      000471 09                    1182 	.db #0x09	; 9
      000472 0E                    1183 	.db #0x0e	; 14
      000473 7F                    1184 	.db #0x7f	; 127
      000474 72                    1185 	.db #0x72	; 114	'r'
      000475 A0                    1186 	.db #0xa0	; 160
      000476 04                    1187 	.db #0x04	; 4
      000477 27                    1188 	.db #0x27	; 39
      000478 7F                    1189 	.db #0x7f	; 127
      000479 73                    1190 	.db #0x73	; 115	's'
      00047A A0                    1191 	.db #0xa0	; 160
      00047B 0A                    1192 	.db #0x0a	; 10
      00047C 0F                    1193 	.db #0x0f	; 15
      00047D 61                    1194 	.db #0x61	; 97	'a'
      00047E 7B                    1195 	.db #0x7b	; 123
      00047F 02                    1196 	.db #0x02	; 2
      000480 A0                    1197 	.db #0xa0	; 160
      000481 08                    1198 	.db #0x08	; 8
      000482 0B                    1199 	.db #0x0b	; 11
      000483 7F                    1200 	.db #0x7f	; 127
      000484 71                    1201 	.db #0x71	; 113	'q'
      000485 A0                    1202 	.db #0xa0	; 160
      000486 09                    1203 	.db #0x09	; 9
      000487 0B                    1204 	.db #0x0b	; 11
      000488 7F                    1205 	.db #0x7f	; 127
      000489 71                    1206 	.db #0x71	; 113	'q'
      00048A A0                    1207 	.db #0xa0	; 160
      00048B 0A                    1208 	.db #0x0a	; 10
      00048C 0B                    1209 	.db #0x0b	; 11
      00048D 61                    1210 	.db #0x61	; 97	'a'
      00048E 85                    1211 	.db #0x85	; 133
      00048F 08                    1212 	.db #0x08	; 8
      000490 A0                    1213 	.db #0xa0	; 160
      000491 09                    1214 	.db #0x09	; 9
      000492 0A                    1215 	.db #0x0a	; 10
      000493 61                    1216 	.db #0x61	; 97	'a'
      000494 F0                    1217 	.db #0xf0	; 240
      000495 16                    1218 	.db #0x16	; 22
      000496 A0                    1219 	.db #0xa0	; 160
      000497 08                    1220 	.db #0x08	; 8
      000498 08                    1221 	.db #0x08	; 8
      000499 7F                    1222 	.db #0x7f	; 127
      00049A 73                    1223 	.db #0x73	; 115	's'
      00049B A0                    1224 	.db #0xa0	; 160
      00049C 09                    1225 	.db #0x09	; 9
      00049D 08                    1226 	.db #0x08	; 8
      00049E 61                    1227 	.db #0x61	; 97	'a'
      00049F 26                    1228 	.db #0x26	; 38
      0004A0 00                    1229 	.db #0x00	; 0
      0004A1 A0                    1230 	.db #0xa0	; 160
      0004A2 0A                    1231 	.db #0x0a	; 10
      0004A3 0F                    1232 	.db #0x0f	; 15
      0004A4 61                    1233 	.db #0x61	; 97	'a'
      0004A5 A1                    1234 	.db #0xa1	; 161
      0004A6 02                    1235 	.db #0x02	; 2
      0004A7 A0                    1236 	.db #0xa0	; 160
      0004A8 08                    1237 	.db #0x08	; 8
      0004A9 06                    1238 	.db #0x06	; 6
      0004AA 7E                    1239 	.db #0x7e	; 126
      0004AB A0                    1240 	.db #0xa0	; 160
      0004AC 09                    1241 	.db #0x09	; 9
      0004AD 05                    1242 	.db #0x05	; 5
      0004AE 7F                    1243 	.db #0x7f	; 127
      0004AF A0                    1244 	.db #0xa0	; 160
      0004B0 0A                    1245 	.db #0x0a	; 10
      0004B1 0B                    1246 	.db #0x0b	; 11
      0004B2 61                    1247 	.db #0x61	; 97	'a'
      0004B3 C0                    1248 	.db #0xc0	; 192
      0004B4 02                    1249 	.db #0x02	; 2
      0004B5 A0                    1250 	.db #0xa0	; 160
      0004B6 08                    1251 	.db #0x08	; 8
      0004B7 03                    1252 	.db #0x03	; 3
      0004B8 7E                    1253 	.db #0x7e	; 126
      0004B9 A0                    1254 	.db #0xa0	; 160
      0004BA 09                    1255 	.db #0x09	; 9
      0004BB 03                    1256 	.db #0x03	; 3
      0004BC 61                    1257 	.db #0x61	; 97	'a'
      0004BD D0                    1258 	.db #0xd0	; 208
      0004BE 02                    1259 	.db #0x02	; 2
      0004BF A0                    1260 	.db #0xa0	; 160
      0004C0 08                    1261 	.db #0x08	; 8
      0004C1 01                    1262 	.db #0x01	; 1
      0004C2 7E                    1263 	.db #0x7e	; 126
      0004C3 A0                    1264 	.db #0xa0	; 160
      0004C4 09                    1265 	.db #0x09	; 9
      0004C5 01                    1266 	.db #0x01	; 1
      0004C6 61                    1267 	.db #0x61	; 97	'a'
      0004C7 D0                    1268 	.db #0xd0	; 208
      0004C8 02                    1269 	.db #0x02	; 2
      0004C9 A0                    1270 	.db #0xa0	; 160
      0004CA 08                    1271 	.db #0x08	; 8
      0004CB 00                    1272 	.db #0x00	; 0
      0004CC 7E                    1273 	.db #0x7e	; 126
      0004CD A0                    1274 	.db #0xa0	; 160
      0004CE 09                    1275 	.db #0x09	; 9
      0004CF 00                    1276 	.db #0x00	; 0
      0004D0 61                    1277 	.db #0x61	; 97	'a'
      0004D1 EB                    1278 	.db #0xeb	; 235
      0004D2 16                    1279 	.db #0x16	; 22
      0004D3 A0                    1280 	.db #0xa0	; 160
      0004D4 00                    1281 	.db #0x00	; 0
      0004D5 0D                    1282 	.db #0x0d	; 13
      0004D6 7F                    1283 	.db #0x7f	; 127
      0004D7 72                    1284 	.db #0x72	; 114	'r'
      0004D8 A0                    1285 	.db #0xa0	; 160
      0004D9 08                    1286 	.db #0x08	; 8
      0004DA 0F                    1287 	.db #0x0f	; 15
      0004DB 7F                    1288 	.db #0x7f	; 127
      0004DC 73                    1289 	.db #0x73	; 115	's'
      0004DD A0                    1290 	.db #0xa0	; 160
      0004DE 02                    1291 	.db #0x02	; 2
      0004DF 0F                    1292 	.db #0x0f	; 15
      0004E0 7F                    1293 	.db #0x7f	; 127
      0004E1 73                    1294 	.db #0x73	; 115	's'
      0004E2 A0                    1295 	.db #0xa0	; 160
      0004E3 09                    1296 	.db #0x09	; 9
      0004E4 0E                    1297 	.db #0x0e	; 14
      0004E5 7F                    1298 	.db #0x7f	; 127
      0004E6 72                    1299 	.db #0x72	; 114	'r'
      0004E7 A0                    1300 	.db #0xa0	; 160
      0004E8 04                    1301 	.db #0x04	; 4
      0004E9 93                    1302 	.db #0x93	; 147
      0004EA 71                    1303 	.db #0x71	; 113	'q'
      0004EB A0                    1304 	.db #0xa0	; 160
      0004EC 05                    1305 	.db #0x05	; 5
      0004ED 01                    1306 	.db #0x01	; 1
      0004EE 7F                    1307 	.db #0x7f	; 127
      0004EF 72                    1308 	.db #0x72	; 114	'r'
      0004F0 A0                    1309 	.db #0xa0	; 160
      0004F1 0A                    1310 	.db #0x0a	; 10
      0004F2 0F                    1311 	.db #0x0f	; 15
      0004F3 61                    1312 	.db #0x61	; 97	'a'
      0004F4 7A                    1313 	.db #0x7a	; 122	'z'
      0004F5 02                    1314 	.db #0x02	; 2
      0004F6 A0                    1315 	.db #0xa0	; 160
      0004F7 08                    1316 	.db #0x08	; 8
      0004F8 0B                    1317 	.db #0x0b	; 11
      0004F9 7F                    1318 	.db #0x7f	; 127
      0004FA 71                    1319 	.db #0x71	; 113	'q'
      0004FB A0                    1320 	.db #0xa0	; 160
      0004FC 09                    1321 	.db #0x09	; 9
      0004FD 0B                    1322 	.db #0x0b	; 11
      0004FE 7F                    1323 	.db #0x7f	; 127
      0004FF 71                    1324 	.db #0x71	; 113	'q'
      000500 A0                    1325 	.db #0xa0	; 160
      000501 0A                    1326 	.db #0x0a	; 10
      000502 0B                    1327 	.db #0x0b	; 11
      000503 61                    1328 	.db #0x61	; 97	'a'
      000504 85                    1329 	.db #0x85	; 133
      000505 08                    1330 	.db #0x08	; 8
      000506 A0                    1331 	.db #0xa0	; 160
      000507 09                    1332 	.db #0x09	; 9
      000508 0A                    1333 	.db #0x0a	; 10
      000509 61                    1334 	.db #0x61	; 97	'a'
      00050A F0                    1335 	.db #0xf0	; 240
      00050B 16                    1336 	.db #0x16	; 22
      00050C A0                    1337 	.db #0xa0	; 160
      00050D 08                    1338 	.db #0x08	; 8
      00050E 08                    1339 	.db #0x08	; 8
      00050F 7F                    1340 	.db #0x7f	; 127
      000510 73                    1341 	.db #0x73	; 115	's'
      000511 A0                    1342 	.db #0xa0	; 160
      000512 09                    1343 	.db #0x09	; 9
      000513 08                    1344 	.db #0x08	; 8
      000514 7F                    1345 	.db #0x7f	; 127
      000515 71                    1346 	.db #0x71	; 113	'q'
      000516 A0                    1347 	.db #0xa0	; 160
      000517 04                    1348 	.db #0x04	; 4
      000518 27                    1349 	.db #0x27	; 39
      000519 71                    1350 	.db #0x71	; 113	'q'
      00051A A0                    1351 	.db #0xa0	; 160
      00051B 05                    1352 	.db #0x05	; 5
      00051C 03                    1353 	.db #0x03	; 3
      00051D 7F                    1354 	.db #0x7f	; 127
      00051E 71                    1355 	.db #0x71	; 113	'q'
      00051F A0                    1356 	.db #0xa0	; 160
      000520 0A                    1357 	.db #0x0a	; 10
      000521 0F                    1358 	.db #0x0f	; 15
      000522 61                    1359 	.db #0x61	; 97	'a'
      000523 A1                    1360 	.db #0xa1	; 161
      000524 02                    1361 	.db #0x02	; 2
      000525 A0                    1362 	.db #0xa0	; 160
      000526 08                    1363 	.db #0x08	; 8
      000527 06                    1364 	.db #0x06	; 6
      000528 7E                    1365 	.db #0x7e	; 126
      000529 A0                    1366 	.db #0xa0	; 160
      00052A 09                    1367 	.db #0x09	; 9
      00052B 05                    1368 	.db #0x05	; 5
      00052C 7F                    1369 	.db #0x7f	; 127
      00052D A0                    1370 	.db #0xa0	; 160
      00052E 0A                    1371 	.db #0x0a	; 10
      00052F 0B                    1372 	.db #0x0b	; 11
      000530 61                    1373 	.db #0x61	; 97	'a'
      000531 C0                    1374 	.db #0xc0	; 192
      000532 02                    1375 	.db #0x02	; 2
      000533 A0                    1376 	.db #0xa0	; 160
      000534 08                    1377 	.db #0x08	; 8
      000535 03                    1378 	.db #0x03	; 3
      000536 7E                    1379 	.db #0x7e	; 126
      000537 A0                    1380 	.db #0xa0	; 160
      000538 09                    1381 	.db #0x09	; 9
      000539 03                    1382 	.db #0x03	; 3
      00053A 61                    1383 	.db #0x61	; 97	'a'
      00053B D0                    1384 	.db #0xd0	; 208
      00053C 02                    1385 	.db #0x02	; 2
      00053D A0                    1386 	.db #0xa0	; 160
      00053E 08                    1387 	.db #0x08	; 8
      00053F 01                    1388 	.db #0x01	; 1
      000540 7E                    1389 	.db #0x7e	; 126
      000541 A0                    1390 	.db #0xa0	; 160
      000542 09                    1391 	.db #0x09	; 9
      000543 01                    1392 	.db #0x01	; 1
      000544 61                    1393 	.db #0x61	; 97	'a'
      000545 D0                    1394 	.db #0xd0	; 208
      000546 02                    1395 	.db #0x02	; 2
      000547 A0                    1396 	.db #0xa0	; 160
      000548 08                    1397 	.db #0x08	; 8
      000549 00                    1398 	.db #0x00	; 0
      00054A 7E                    1399 	.db #0x7e	; 126
      00054B A0                    1400 	.db #0xa0	; 160
      00054C 09                    1401 	.db #0x09	; 9
      00054D 00                    1402 	.db #0x00	; 0
      00054E 61                    1403 	.db #0x61	; 97	'a'
      00054F B1                    1404 	.db #0xb1	; 177
      000550 05                    1405 	.db #0x05	; 5
      000551 A0                    1406 	.db #0xa0	; 160
      000552 00                    1407 	.db #0x00	; 0
      000553 C9                    1408 	.db #0xc9	; 201
      000554 71                    1409 	.db #0x71	; 113	'q'
      000555 A0                    1410 	.db #0xa0	; 160
      000556 01                    1411 	.db #0x01	; 1
      000557 00                    1412 	.db #0x00	; 0
      000558 7F                    1413 	.db #0x7f	; 127
      000559 71                    1414 	.db #0x71	; 113	'q'
      00055A A0                    1415 	.db #0xa0	; 160
      00055B 08                    1416 	.db #0x08	; 8
      00055C 0F                    1417 	.db #0x0f	; 15
      00055D 7F                    1418 	.db #0x7f	; 127
      00055E 73                    1419 	.db #0x73	; 115	's'
      00055F A0                    1420 	.db #0xa0	; 160
      000560 02                    1421 	.db #0x02	; 2
      000561 CB                    1422 	.db #0xcb	; 203
      000562 71                    1423 	.db #0x71	; 113	'q'
      000563 A0                    1424 	.db #0xa0	; 160
      000564 03                    1425 	.db #0x03	; 3
      000565 00                    1426 	.db #0x00	; 0
      000566 7F                    1427 	.db #0x7f	; 127
      000567 70                    1428 	.db #0x70	; 112	'p'
      000568 A0                    1429 	.db #0xa0	; 160
      000569 09                    1430 	.db #0x09	; 9
      00056A 0E                    1431 	.db #0x0e	; 14
      00056B 61                    1432 	.db #0x61	; 97	'a'
      00056C A2                    1433 	.db #0xa2	; 162
      00056D 02                    1434 	.db #0x02	; 2
      00056E A0                    1435 	.db #0xa0	; 160
      00056F 08                    1436 	.db #0x08	; 8
      000570 0B                    1437 	.db #0x0b	; 11
      000571 7F                    1438 	.db #0x7f	; 127
      000572 71                    1439 	.db #0x71	; 113	'q'
      000573 A0                    1440 	.db #0xa0	; 160
      000574 09                    1441 	.db #0x09	; 9
      000575 0B                    1442 	.db #0x0b	; 11
      000576 61                    1443 	.db #0x61	; 97	'a'
      000577 97                    1444 	.db #0x97	; 151
      000578 08                    1445 	.db #0x08	; 8
      000579 A0                    1446 	.db #0xa0	; 160
      00057A 09                    1447 	.db #0x09	; 9
      00057B 0A                    1448 	.db #0x0a	; 10
      00057C 61                    1449 	.db #0x61	; 97	'a'
      00057D D0                    1450 	.db #0xd0	; 208
      00057E 05                    1451 	.db #0x05	; 5
      00057F A0                    1452 	.db #0xa0	; 160
      000580 0A                    1453 	.db #0x0a	; 10
      000581 08                    1454 	.db #0x08	; 8
      000582 61                    1455 	.db #0x61	; 97	'a'
      000583 DA                    1456 	.db #0xda	; 218
      000584 02                    1457 	.db #0x02	; 2
      000585 A0                    1458 	.db #0xa0	; 160
      000586 0A                    1459 	.db #0x0a	; 10
      000587 06                    1460 	.db #0x06	; 6
      000588 62                    1461 	.db #0x62	; 98	'b'
      000589 A0                    1462 	.db #0xa0	; 160
      00058A 0A                    1463 	.db #0x0a	; 10
      00058B 03                    1464 	.db #0x03	; 3
      00058C 62                    1465 	.db #0x62	; 98	'b'
      00058D A0                    1466 	.db #0xa0	; 160
      00058E 0A                    1467 	.db #0x0a	; 10
      00058F 01                    1468 	.db #0x01	; 1
      000590 62                    1469 	.db #0x62	; 98	'b'
      000591 A0                    1470 	.db #0xa0	; 160
      000592 0A                    1471 	.db #0x0a	; 10
      000593 00                    1472 	.db #0x00	; 0
      000594 61                    1473 	.db #0x61	; 97	'a'
      000595 A9                    1474 	.db #0xa9	; 169
      000596 05                    1475 	.db #0x05	; 5
      000597 A0                    1476 	.db #0xa0	; 160
      000598 08                    1477 	.db #0x08	; 8
      000599 08                    1478 	.db #0x08	; 8
      00059A 7F                    1479 	.db #0x7f	; 127
      00059B 73                    1480 	.db #0x73	; 115	's'
      00059C A0                    1481 	.db #0xa0	; 160
      00059D 09                    1482 	.db #0x09	; 9
      00059E 08                    1483 	.db #0x08	; 8
      00059F 61                    1484 	.db #0x61	; 97	'a'
      0005A0 C7                    1485 	.db #0xc7	; 199
      0005A1 02                    1486 	.db #0x02	; 2
      0005A2 A0                    1487 	.db #0xa0	; 160
      0005A3 08                    1488 	.db #0x08	; 8
      0005A4 06                    1489 	.db #0x06	; 6
      0005A5 7E                    1490 	.db #0x7e	; 126
      0005A6 A0                    1491 	.db #0xa0	; 160
      0005A7 09                    1492 	.db #0x09	; 9
      0005A8 05                    1493 	.db #0x05	; 5
      0005A9 61                    1494 	.db #0x61	; 97	'a'
      0005AA D0                    1495 	.db #0xd0	; 208
      0005AB 02                    1496 	.db #0x02	; 2
      0005AC A0                    1497 	.db #0xa0	; 160
      0005AD 08                    1498 	.db #0x08	; 8
      0005AE 03                    1499 	.db #0x03	; 3
      0005AF 7E                    1500 	.db #0x7e	; 126
      0005B0 A0                    1501 	.db #0xa0	; 160
      0005B1 09                    1502 	.db #0x09	; 9
      0005B2 03                    1503 	.db #0x03	; 3
      0005B3 61                    1504 	.db #0x61	; 97	'a'
      0005B4 D0                    1505 	.db #0xd0	; 208
      0005B5 02                    1506 	.db #0x02	; 2
      0005B6 A0                    1507 	.db #0xa0	; 160
      0005B7 08                    1508 	.db #0x08	; 8
      0005B8 01                    1509 	.db #0x01	; 1
      0005B9 7E                    1510 	.db #0x7e	; 126
      0005BA A0                    1511 	.db #0xa0	; 160
      0005BB 09                    1512 	.db #0x09	; 9
      0005BC 01                    1513 	.db #0x01	; 1
      0005BD 61                    1514 	.db #0x61	; 97	'a'
      0005BE D0                    1515 	.db #0xd0	; 208
      0005BF 02                    1516 	.db #0x02	; 2
      0005C0 A0                    1517 	.db #0xa0	; 160
      0005C1 08                    1518 	.db #0x08	; 8
      0005C2 00                    1519 	.db #0x00	; 0
      0005C3 7E                    1520 	.db #0x7e	; 126
      0005C4 A0                    1521 	.db #0xa0	; 160
      0005C5 09                    1522 	.db #0x09	; 9
      0005C6 00                    1523 	.db #0x00	; 0
      0005C7 61                    1524 	.db #0x61	; 97	'a'
      0005C8 B1                    1525 	.db #0xb1	; 177
      0005C9 05                    1526 	.db #0x05	; 5
      0005CA A0                    1527 	.db #0xa0	; 160
      0005CB 00                    1528 	.db #0x00	; 0
      0005CC A0                    1529 	.db #0xa0	; 160
      0005CD 7F                    1530 	.db #0x7f	; 127
      0005CE 73                    1531 	.db #0x73	; 115	's'
      0005CF A0                    1532 	.db #0xa0	; 160
      0005D0 08                    1533 	.db #0x08	; 8
      0005D1 0F                    1534 	.db #0x0f	; 15
      0005D2 7F                    1535 	.db #0x7f	; 127
      0005D3 73                    1536 	.db #0x73	; 115	's'
      0005D4 A0                    1537 	.db #0xa0	; 160
      0005D5 02                    1538 	.db #0x02	; 2
      0005D6 A1                    1539 	.db #0xa1	; 161
      0005D7 7F                    1540 	.db #0x7f	; 127
      0005D8 72                    1541 	.db #0x72	; 114	'r'
      0005D9 A0                    1542 	.db #0xa0	; 160
      0005DA 09                    1543 	.db #0x09	; 9
      0005DB 0E                    1544 	.db #0x0e	; 14
      0005DC 61                    1545 	.db #0x61	; 97	'a'
      0005DD 28                    1546 	.db #0x28	; 40
      0005DE 00                    1547 	.db #0x00	; 0
      0005DF A0                    1548 	.db #0xa0	; 160
      0005E0 0A                    1549 	.db #0x0a	; 10
      0005E1 0F                    1550 	.db #0x0f	; 15
      0005E2 61                    1551 	.db #0x61	; 97	'a'
      0005E3 7A                    1552 	.db #0x7a	; 122	'z'
      0005E4 02                    1553 	.db #0x02	; 2
      0005E5 A0                    1554 	.db #0xa0	; 160
      0005E6 08                    1555 	.db #0x08	; 8
      0005E7 0B                    1556 	.db #0x0b	; 11
      0005E8 7F                    1557 	.db #0x7f	; 127
      0005E9 71                    1558 	.db #0x71	; 113	'q'
      0005EA A0                    1559 	.db #0xa0	; 160
      0005EB 09                    1560 	.db #0x09	; 9
      0005EC 0B                    1561 	.db #0x0b	; 11
      0005ED 7F                    1562 	.db #0x7f	; 127
      0005EE 71                    1563 	.db #0x71	; 113	'q'
      0005EF A0                    1564 	.db #0xa0	; 160
      0005F0 0A                    1565 	.db #0x0a	; 10
      0005F1 0B                    1566 	.db #0x0b	; 11
      0005F2 61                    1567 	.db #0x61	; 97	'a'
      0005F3 85                    1568 	.db #0x85	; 133
      0005F4 08                    1569 	.db #0x08	; 8
      0005F5 A0                    1570 	.db #0xa0	; 160
      0005F6 09                    1571 	.db #0x09	; 9
      0005F7 0A                    1572 	.db #0x0a	; 10
      0005F8 61                    1573 	.db #0x61	; 97	'a'
      0005F9 EE                    1574 	.db #0xee	; 238
      0005FA 16                    1575 	.db #0x16	; 22
      0005FB A0                    1576 	.db #0xa0	; 160
      0005FC 00                    1577 	.db #0x00	; 0
      0005FD 97                    1578 	.db #0x97	; 151
      0005FE 7F                    1579 	.db #0x7f	; 127
      0005FF 73                    1580 	.db #0x73	; 115	's'
      000600 A0                    1581 	.db #0xa0	; 160
      000601 08                    1582 	.db #0x08	; 8
      000602 0F                    1583 	.db #0x0f	; 15
      000603 7F                    1584 	.db #0x7f	; 127
      000604 73                    1585 	.db #0x73	; 115	's'
      000605 A0                    1586 	.db #0xa0	; 160
      000606 02                    1587 	.db #0x02	; 2
      000607 98                    1588 	.db #0x98	; 152
      000608 7F                    1589 	.db #0x7f	; 127
      000609 72                    1590 	.db #0x72	; 114	'r'
      00060A A0                    1591 	.db #0xa0	; 160
      00060B 09                    1592 	.db #0x09	; 9
      00060C 0E                    1593 	.db #0x0e	; 14
      00060D 7F                    1594 	.db #0x7f	; 127
      00060E 73                    1595 	.db #0x73	; 115	's'
      00060F A0                    1596 	.db #0xa0	; 160
      000610 04                    1597 	.db #0x04	; 4
      000611 93                    1598 	.db #0x93	; 147
      000612 71                    1599 	.db #0x71	; 113	'q'
      000613 A0                    1600 	.db #0xa0	; 160
      000614 05                    1601 	.db #0x05	; 5
      000615 01                    1602 	.db #0x01	; 1
      000616 7F                    1603 	.db #0x7f	; 127
      000617 71                    1604 	.db #0x71	; 113	'q'
      000618 A0                    1605 	.db #0xa0	; 160
      000619 0A                    1606 	.db #0x0a	; 10
      00061A 0F                    1607 	.db #0x0f	; 15
      00061B 61                    1608 	.db #0x61	; 97	'a'
      00061C 7A                    1609 	.db #0x7a	; 122	'z'
      00061D 02                    1610 	.db #0x02	; 2
      00061E A0                    1611 	.db #0xa0	; 160
      00061F 08                    1612 	.db #0x08	; 8
      000620 0B                    1613 	.db #0x0b	; 11
      000621 7F                    1614 	.db #0x7f	; 127
      000622 71                    1615 	.db #0x71	; 113	'q'
      000623 A0                    1616 	.db #0xa0	; 160
      000624 09                    1617 	.db #0x09	; 9
      000625 0B                    1618 	.db #0x0b	; 11
      000626 7F                    1619 	.db #0x7f	; 127
      000627 71                    1620 	.db #0x71	; 113	'q'
      000628 A0                    1621 	.db #0xa0	; 160
      000629 0A                    1622 	.db #0x0a	; 10
      00062A 0B                    1623 	.db #0x0b	; 11
      00062B 61                    1624 	.db #0x61	; 97	'a'
      00062C 85                    1625 	.db #0x85	; 133
      00062D 08                    1626 	.db #0x08	; 8
      00062E A0                    1627 	.db #0xa0	; 160
      00062F 09                    1628 	.db #0x09	; 9
      000630 0A                    1629 	.db #0x0a	; 10
      000631 61                    1630 	.db #0x61	; 97	'a'
      000632 EE                    1631 	.db #0xee	; 238
      000633 16                    1632 	.db #0x16	; 22
      000634 A0                    1633 	.db #0xa0	; 160
      000635 00                    1634 	.db #0x00	; 0
      000636 86                    1635 	.db #0x86	; 134
      000637 7F                    1636 	.db #0x7f	; 127
      000638 73                    1637 	.db #0x73	; 115	's'
      000639 A0                    1638 	.db #0xa0	; 160
      00063A 08                    1639 	.db #0x08	; 8
      00063B 0F                    1640 	.db #0x0f	; 15
      00063C 7F                    1641 	.db #0x7f	; 127
      00063D 73                    1642 	.db #0x73	; 115	's'
      00063E A0                    1643 	.db #0xa0	; 160
      00063F 02                    1644 	.db #0x02	; 2
      000640 87                    1645 	.db #0x87	; 135
      000641 7F                    1646 	.db #0x7f	; 127
      000642 72                    1647 	.db #0x72	; 114	'r'
      000643 A0                    1648 	.db #0xa0	; 160
      000644 09                    1649 	.db #0x09	; 9
      000645 0E                    1650 	.db #0x0e	; 14
      000646 7F                    1651 	.db #0x7f	; 127
      000647 73                    1652 	.db #0x73	; 115	's'
      000648 A0                    1653 	.db #0xa0	; 160
      000649 04                    1654 	.db #0x04	; 4
      00064A 27                    1655 	.db #0x27	; 39
      00064B 71                    1656 	.db #0x71	; 113	'q'
      00064C A0                    1657 	.db #0xa0	; 160
      00064D 05                    1658 	.db #0x05	; 5
      00064E 03                    1659 	.db #0x03	; 3
      00064F 7F                    1660 	.db #0x7f	; 127
      000650 71                    1661 	.db #0x71	; 113	'q'
      000651 A0                    1662 	.db #0xa0	; 160
      000652 0A                    1663 	.db #0x0a	; 10
      000653 0F                    1664 	.db #0x0f	; 15
      000654 61                    1665 	.db #0x61	; 97	'a'
      000655 7A                    1666 	.db #0x7a	; 122	'z'
      000656 02                    1667 	.db #0x02	; 2
      000657 A0                    1668 	.db #0xa0	; 160
      000658 08                    1669 	.db #0x08	; 8
      000659 0B                    1670 	.db #0x0b	; 11
      00065A 7F                    1671 	.db #0x7f	; 127
      00065B 71                    1672 	.db #0x71	; 113	'q'
      00065C A0                    1673 	.db #0xa0	; 160
      00065D 09                    1674 	.db #0x09	; 9
      00065E 0B                    1675 	.db #0x0b	; 11
      00065F 7F                    1676 	.db #0x7f	; 127
      000660 71                    1677 	.db #0x71	; 113	'q'
      000661 A0                    1678 	.db #0xa0	; 160
      000662 0A                    1679 	.db #0x0a	; 10
      000663 0B                    1680 	.db #0x0b	; 11
      000664 61                    1681 	.db #0x61	; 97	'a'
      000665 85                    1682 	.db #0x85	; 133
      000666 08                    1683 	.db #0x08	; 8
      000667 A0                    1684 	.db #0xa0	; 160
      000668 09                    1685 	.db #0x09	; 9
      000669 0A                    1686 	.db #0x0a	; 10
      00066A 61                    1687 	.db #0x61	; 97	'a'
      00066B 07                    1688 	.db #0x07	; 7
      00066C 17                    1689 	.db #0x17	; 23
      00066D A0                    1690 	.db #0xa0	; 160
      00066E 04                    1691 	.db #0x04	; 4
      00066F F9                    1692 	.db #0xf9	; 249
      000670 7F                    1693 	.db #0x7f	; 127
      000671 73                    1694 	.db #0x73	; 115	's'
      000672 A0                    1695 	.db #0xa0	; 160
      000673 0A                    1696 	.db #0x0a	; 10
      000674 0F                    1697 	.db #0x0f	; 15
      000675 61                    1698 	.db #0x61	; 97	'a'
      000676 CA                    1699 	.db #0xca	; 202
      000677 02                    1700 	.db #0x02	; 2
      000678 A0                    1701 	.db #0xa0	; 160
      000679 0A                    1702 	.db #0x0a	; 10
      00067A 0B                    1703 	.db #0x0b	; 11
      00067B 61                    1704 	.db #0x61	; 97	'a'
      00067C 83                    1705 	.db #0x83	; 131
      00067D 08                    1706 	.db #0x08	; 8
      00067E A0                    1707 	.db #0xa0	; 160
      00067F 08                    1708 	.db #0x08	; 8
      000680 0A                    1709 	.db #0x0a	; 10
      000681 61                    1710 	.db #0x61	; 97	'a'
      000682 67                    1711 	.db #0x67	; 103	'g'
      000683 0E                    1712 	.db #0x0e	; 14
      000684 A0                    1713 	.db #0xa0	; 160
      000685 09                    1714 	.db #0x09	; 9
      000686 09                    1715 	.db #0x09	; 9
      000687 61                    1716 	.db #0x61	; 97	'a'
      000688 C0                    1717 	.db #0xc0	; 192
      000689 08                    1718 	.db #0x08	; 8
      00068A A0                    1719 	.db #0xa0	; 160
      00068B 0A                    1720 	.db #0x0a	; 10
      00068C 0F                    1721 	.db #0x0f	; 15
      00068D 61                    1722 	.db #0x61	; 97	'a'
      00068E CA                    1723 	.db #0xca	; 202
      00068F 02                    1724 	.db #0x02	; 2
      000690 A0                    1725 	.db #0xa0	; 160
      000691 0A                    1726 	.db #0x0a	; 10
      000692 0B                    1727 	.db #0x0b	; 11
      000693 61                    1728 	.db #0x61	; 97	'a'
      000694 FF                    1729 	.db #0xff	; 255
      000695 13                    1730 	.db #0x13	; 19
      000696 A0                    1731 	.db #0xa0	; 160
      000697 08                    1732 	.db #0x08	; 8
      000698 09                    1733 	.db #0x09	; 9
      000699 61                    1734 	.db #0x61	; 97	'a'
      00069A 97                    1735 	.db #0x97	; 151
      00069B 0B                    1736 	.db #0x0b	; 11
      00069C A0                    1737 	.db #0xa0	; 160
      00069D 04                    1738 	.db #0x04	; 4
      00069E FC                    1739 	.db #0xfc	; 252
      00069F 71                    1740 	.db #0x71	; 113	'q'
      0006A0 A0                    1741 	.db #0xa0	; 160
      0006A1 05                    1742 	.db #0x05	; 5
      0006A2 01                    1743 	.db #0x01	; 1
      0006A3 7F                    1744 	.db #0x7f	; 127
      0006A4 71                    1745 	.db #0x71	; 113	'q'
      0006A5 A0                    1746 	.db #0xa0	; 160
      0006A6 0A                    1747 	.db #0x0a	; 10
      0006A7 0F                    1748 	.db #0x0f	; 15
      0006A8 61                    1749 	.db #0x61	; 97	'a'
      0006A9 CA                    1750 	.db #0xca	; 202
      0006AA 02                    1751 	.db #0x02	; 2
      0006AB A0                    1752 	.db #0xa0	; 160
      0006AC 0A                    1753 	.db #0x0a	; 10
      0006AD 0B                    1754 	.db #0x0b	; 11
      0006AE 61                    1755 	.db #0x61	; 97	'a'
      0006AF D1                    1756 	.db #0xd1	; 209
      0006B0 02                    1757 	.db #0x02	; 2
      0006B1 A0                    1758 	.db #0xa0	; 160
      0006B2 09                    1759 	.db #0x09	; 9
      0006B3 08                    1760 	.db #0x08	; 8
      0006B4 61                    1761 	.db #0x61	; 97	'a'
      0006B5 AA                    1762 	.db #0xaa	; 170
      0006B6 1C                    1763 	.db #0x1c	; 28
      0006B7 A0                    1764 	.db #0xa0	; 160
      0006B8 08                    1765 	.db #0x08	; 8
      0006B9 08                    1766 	.db #0x08	; 8
      0006BA 7F                    1767 	.db #0x7f	; 127
      0006BB 7C                    1768 	.db #0x7c	; 124
      0006BC A0                    1769 	.db #0xa0	; 160
      0006BD 04                    1770 	.db #0x04	; 4
      0006BE F9                    1771 	.db #0xf9	; 249
      0006BF 71                    1772 	.db #0x71	; 113	'q'
      0006C0 A0                    1773 	.db #0xa0	; 160
      0006C1 05                    1774 	.db #0x05	; 5
      0006C2 03                    1775 	.db #0x03	; 3
      0006C3 7F                    1776 	.db #0x7f	; 127
      0006C4 71                    1777 	.db #0x71	; 113	'q'
      0006C5 A0                    1778 	.db #0xa0	; 160
      0006C6 0A                    1779 	.db #0x0a	; 10
      0006C7 0F                    1780 	.db #0x0f	; 15
      0006C8 61                    1781 	.db #0x61	; 97	'a'
      0006C9 C8                    1782 	.db #0xc8	; 200
      0006CA 02                    1783 	.db #0x02	; 2
      0006CB A0                    1784 	.db #0xa0	; 160
      0006CC 0A                    1785 	.db #0x0a	; 10
      0006CD 0B                    1786 	.db #0x0b	; 11
      0006CE 61                    1787 	.db #0x61	; 97	'a'
      0006CF 45                    1788 	.db #0x45	; 69	'E'
      0006D0 0E                    1789 	.db #0x0e	; 14
      0006D1 A0                    1790 	.db #0xa0	; 160
      0006D2 08                    1791 	.db #0x08	; 8
      0006D3 06                    1792 	.db #0x06	; 6
      0006D4 7F                    1793 	.db #0x7f	; 127
      0006D5 73                    1794 	.db #0x73	; 115	's'
      0006D6 A0                    1795 	.db #0xa0	; 160
      0006D7 09                    1796 	.db #0x09	; 9
      0006D8 05                    1797 	.db #0x05	; 5
      0006D9 61                    1798 	.db #0x61	; 97	'a'
      0006DA C7                    1799 	.db #0xc7	; 199
      0006DB 02                    1800 	.db #0x02	; 2
      0006DC A0                    1801 	.db #0xa0	; 160
      0006DD 08                    1802 	.db #0x08	; 8
      0006DE 03                    1803 	.db #0x03	; 3
      0006DF 7E                    1804 	.db #0x7e	; 126
      0006E0 A0                    1805 	.db #0xa0	; 160
      0006E1 09                    1806 	.db #0x09	; 9
      0006E2 03                    1807 	.db #0x03	; 3
      0006E3 61                    1808 	.db #0x61	; 97	'a'
      0006E4 D0                    1809 	.db #0xd0	; 208
      0006E5 02                    1810 	.db #0x02	; 2
      0006E6 A0                    1811 	.db #0xa0	; 160
      0006E7 08                    1812 	.db #0x08	; 8
      0006E8 01                    1813 	.db #0x01	; 1
      0006E9 7E                    1814 	.db #0x7e	; 126
      0006EA A0                    1815 	.db #0xa0	; 160
      0006EB 09                    1816 	.db #0x09	; 9
      0006EC 01                    1817 	.db #0x01	; 1
      0006ED 61                    1818 	.db #0x61	; 97	'a'
      0006EE D0                    1819 	.db #0xd0	; 208
      0006EF 02                    1820 	.db #0x02	; 2
      0006F0 A0                    1821 	.db #0xa0	; 160
      0006F1 08                    1822 	.db #0x08	; 8
      0006F2 00                    1823 	.db #0x00	; 0
      0006F3 7E                    1824 	.db #0x7e	; 126
      0006F4 A0                    1825 	.db #0xa0	; 160
      0006F5 09                    1826 	.db #0x09	; 9
      0006F6 00                    1827 	.db #0x00	; 0
      0006F7 61                    1828 	.db #0x61	; 97	'a'
      0006F8 90                    1829 	.db #0x90	; 144
      0006F9 08                    1830 	.db #0x08	; 8
      0006FA A0                    1831 	.db #0xa0	; 160
      0006FB 00                    1832 	.db #0x00	; 0
      0006FC 97                    1833 	.db #0x97	; 151
      0006FD 7F                    1834 	.db #0x7f	; 127
      0006FE 73                    1835 	.db #0x73	; 115	's'
      0006FF A0                    1836 	.db #0xa0	; 160
      000700 08                    1837 	.db #0x08	; 8
      000701 0F                    1838 	.db #0x0f	; 15
      000702 7F                    1839 	.db #0x7f	; 127
      000703 73                    1840 	.db #0x73	; 115	's'
      000704 A0                    1841 	.db #0xa0	; 160
      000705 02                    1842 	.db #0x02	; 2
      000706 98                    1843 	.db #0x98	; 152
      000707 7F                    1844 	.db #0x7f	; 127
      000708 72                    1845 	.db #0x72	; 114	'r'
      000709 A0                    1846 	.db #0xa0	; 160
      00070A 09                    1847 	.db #0x09	; 9
      00070B 0E                    1848 	.db #0x0e	; 14
      00070C 7F                    1849 	.db #0x7f	; 127
      00070D 76                    1850 	.db #0x76	; 118	'v'
      00070E A0                    1851 	.db #0xa0	; 160
      00070F 0A                    1852 	.db #0x0a	; 10
      000710 08                    1853 	.db #0x08	; 8
      000711 61                    1854 	.db #0x61	; 97	'a'
      000712 8B                    1855 	.db #0x8b	; 139
      000713 02                    1856 	.db #0x02	; 2
      000714 A0                    1857 	.db #0xa0	; 160
      000715 08                    1858 	.db #0x08	; 8
      000716 0B                    1859 	.db #0x0b	; 11
      000717 7F                    1860 	.db #0x7f	; 127
      000718 71                    1861 	.db #0x71	; 113	'q'
      000719 A0                    1862 	.db #0xa0	; 160
      00071A 09                    1863 	.db #0x09	; 9
      00071B 0B                    1864 	.db #0x0b	; 11
      00071C 7F                    1865 	.db #0x7f	; 127
      00071D 71                    1866 	.db #0x71	; 113	'q'
      00071E A0                    1867 	.db #0xa0	; 160
      00071F 0A                    1868 	.db #0x0a	; 10
      000720 06                    1869 	.db #0x06	; 6
      000721 61                    1870 	.db #0x61	; 97	'a'
      000722 D4                    1871 	.db #0xd4	; 212
      000723 02                    1872 	.db #0x02	; 2
      000724 A0                    1873 	.db #0xa0	; 160
      000725 0A                    1874 	.db #0x0a	; 10
      000726 03                    1875 	.db #0x03	; 3
      000727 62                    1876 	.db #0x62	; 98	'b'
      000728 A0                    1877 	.db #0xa0	; 160
      000729 0A                    1878 	.db #0x0a	; 10
      00072A 01                    1879 	.db #0x01	; 1
      00072B 61                    1880 	.db #0x61	; 97	'a'
      00072C D2                    1881 	.db #0xd2	; 210
      00072D 02                    1882 	.db #0x02	; 2
      00072E A0                    1883 	.db #0xa0	; 160
      00072F 09                    1884 	.db #0x09	; 9
      000730 0A                    1885 	.db #0x0a	; 10
      000731 7F                    1886 	.db #0x7f	; 127
      000732 A0                    1887 	.db #0xa0	; 160
      000733 0A                    1888 	.db #0x0a	; 10
      000734 00                    1889 	.db #0x00	; 0
      000735 61                    1890 	.db #0x61	; 97	'a'
      000736 F6                    1891 	.db #0xf6	; 246
      000737 16                    1892 	.db #0x16	; 22
      000738 A0                    1893 	.db #0xa0	; 160
      000739 04                    1894 	.db #0x04	; 4
      00073A 8A                    1895 	.db #0x8a	; 138
      00073B 7F                    1896 	.db #0x7f	; 127
      00073C 74                    1897 	.db #0x74	; 116	't'
      00073D A0                    1898 	.db #0xa0	; 160
      00073E 0A                    1899 	.db #0x0a	; 10
      00073F 0F                    1900 	.db #0x0f	; 15
      000740 61                    1901 	.db #0x61	; 97	'a'
      000741 CA                    1902 	.db #0xca	; 202
      000742 02                    1903 	.db #0x02	; 2
      000743 A0                    1904 	.db #0xa0	; 160
      000744 0A                    1905 	.db #0x0a	; 10
      000745 0B                    1906 	.db #0x0b	; 11
      000746 61                    1907 	.db #0x61	; 97	'a'
      000747 83                    1908 	.db #0x83	; 131
      000748 08                    1909 	.db #0x08	; 8
      000749 A0                    1910 	.db #0xa0	; 160
      00074A 08                    1911 	.db #0x08	; 8
      00074B 0A                    1912 	.db #0x0a	; 10
      00074C 61                    1913 	.db #0x61	; 97	'a'
      00074D C2                    1914 	.db #0xc2	; 194
      00074E 05                    1915 	.db #0x05	; 5
      00074F A0                    1916 	.db #0xa0	; 160
      000750 08                    1917 	.db #0x08	; 8
      000751 08                    1918 	.db #0x08	; 8
      000752 7F                    1919 	.db #0x7f	; 127
      000753 73                    1920 	.db #0x73	; 115	's'
      000754 A0                    1921 	.db #0xa0	; 160
      000755 09                    1922 	.db #0x09	; 9
      000756 07                    1923 	.db #0x07	; 7
      000757 61                    1924 	.db #0x61	; 97	'a'
      000758 C7                    1925 	.db #0xc7	; 199
      000759 02                    1926 	.db #0x02	; 2
      00075A A0                    1927 	.db #0xa0	; 160
      00075B 08                    1928 	.db #0x08	; 8
      00075C 05                    1929 	.db #0x05	; 5
      00075D 7E                    1930 	.db #0x7e	; 126
      00075E A0                    1931 	.db #0xa0	; 160
      00075F 09                    1932 	.db #0x09	; 9
      000760 05                    1933 	.db #0x05	; 5
      000761 61                    1934 	.db #0x61	; 97	'a'
      000762 D0                    1935 	.db #0xd0	; 208
      000763 02                    1936 	.db #0x02	; 2
      000764 A0                    1937 	.db #0xa0	; 160
      000765 08                    1938 	.db #0x08	; 8
      000766 03                    1939 	.db #0x03	; 3
      000767 7E                    1940 	.db #0x7e	; 126
      000768 A0                    1941 	.db #0xa0	; 160
      000769 09                    1942 	.db #0x09	; 9
      00076A 03                    1943 	.db #0x03	; 3
      00076B 61                    1944 	.db #0x61	; 97	'a'
      00076C D0                    1945 	.db #0xd0	; 208
      00076D 02                    1946 	.db #0x02	; 2
      00076E A0                    1947 	.db #0xa0	; 160
      00076F 08                    1948 	.db #0x08	; 8
      000770 00                    1949 	.db #0x00	; 0
      000771 7E                    1950 	.db #0x7e	; 126
      000772 A0                    1951 	.db #0xa0	; 160
      000773 09                    1952 	.db #0x09	; 9
      000774 00                    1953 	.db #0x00	; 0
      000775 61                    1954 	.db #0x61	; 97	'a'
      000776 90                    1955 	.db #0x90	; 144
      000777 08                    1956 	.db #0x08	; 8
      000778 A0                    1957 	.db #0xa0	; 160
      000779 00                    1958 	.db #0x00	; 0
      00077A B3                    1959 	.db #0xb3	; 179
      00077B 7F                    1960 	.db #0x7f	; 127
      00077C 73                    1961 	.db #0x73	; 115	's'
      00077D A0                    1962 	.db #0xa0	; 160
      00077E 08                    1963 	.db #0x08	; 8
      00077F 0F                    1964 	.db #0x0f	; 15
      000780 7F                    1965 	.db #0x7f	; 127
      000781 73                    1966 	.db #0x73	; 115	's'
      000782 A0                    1967 	.db #0xa0	; 160
      000783 02                    1968 	.db #0x02	; 2
      000784 B5                    1969 	.db #0xb5	; 181
      000785 7F                    1970 	.db #0x7f	; 127
      000786 72                    1971 	.db #0x72	; 114	'r'
      000787 A0                    1972 	.db #0xa0	; 160
      000788 09                    1973 	.db #0x09	; 9
      000789 0E                    1974 	.db #0x0e	; 14
      00078A 7F                    1975 	.db #0x7f	; 127
      00078B 73                    1976 	.db #0x73	; 115	's'
      00078C A0                    1977 	.db #0xa0	; 160
      00078D 04                    1978 	.db #0x04	; 4
      00078E C5                    1979 	.db #0xc5	; 197
      00078F 71                    1980 	.db #0x71	; 113	'q'
      000790 A0                    1981 	.db #0xa0	; 160
      000791 05                    1982 	.db #0x05	; 5
      000792 01                    1983 	.db #0x01	; 1
      000793 7F                    1984 	.db #0x7f	; 127
      000794 71                    1985 	.db #0x71	; 113	'q'
      000795 A0                    1986 	.db #0xa0	; 160
      000796 0A                    1987 	.db #0x0a	; 10
      000797 0F                    1988 	.db #0x0f	; 15
      000798 61                    1989 	.db #0x61	; 97	'a'
      000799 7A                    1990 	.db #0x7a	; 122	'z'
      00079A 02                    1991 	.db #0x02	; 2
      00079B A0                    1992 	.db #0xa0	; 160
      00079C 08                    1993 	.db #0x08	; 8
      00079D 0B                    1994 	.db #0x0b	; 11
      00079E 7F                    1995 	.db #0x7f	; 127
      00079F 71                    1996 	.db #0x71	; 113	'q'
      0007A0 A0                    1997 	.db #0xa0	; 160
      0007A1 09                    1998 	.db #0x09	; 9
      0007A2 0B                    1999 	.db #0x0b	; 11
      0007A3 7F                    2000 	.db #0x7f	; 127
      0007A4 71                    2001 	.db #0x71	; 113	'q'
      0007A5 A0                    2002 	.db #0xa0	; 160
      0007A6 0A                    2003 	.db #0x0a	; 10
      0007A7 0B                    2004 	.db #0x0b	; 11
      0007A8 61                    2005 	.db #0x61	; 97	'a'
      0007A9 85                    2006 	.db #0x85	; 133
      0007AA 08                    2007 	.db #0x08	; 8
      0007AB A0                    2008 	.db #0xa0	; 160
      0007AC 09                    2009 	.db #0x09	; 9
      0007AD 0A                    2010 	.db #0x0a	; 10
      0007AE 61                    2011 	.db #0x61	; 97	'a'
      0007AF 07                    2012 	.db #0x07	; 7
      0007B0 17                    2013 	.db #0x17	; 23
      0007B1 A0                    2014 	.db #0xa0	; 160
      0007B2 04                    2015 	.db #0x04	; 4
      0007B3 8A                    2016 	.db #0x8a	; 138
      0007B4 71                    2017 	.db #0x71	; 113	'q'
      0007B5 A0                    2018 	.db #0xa0	; 160
      0007B6 05                    2019 	.db #0x05	; 5
      0007B7 03                    2020 	.db #0x03	; 3
      0007B8 7F                    2021 	.db #0x7f	; 127
      0007B9 71                    2022 	.db #0x71	; 113	'q'
      0007BA A0                    2023 	.db #0xa0	; 160
      0007BB 0A                    2024 	.db #0x0a	; 10
      0007BC 0F                    2025 	.db #0x0f	; 15
      0007BD 61                    2026 	.db #0x61	; 97	'a'
      0007BE CA                    2027 	.db #0xca	; 202
      0007BF 02                    2028 	.db #0x02	; 2
      0007C0 A0                    2029 	.db #0xa0	; 160
      0007C1 0A                    2030 	.db #0x0a	; 10
      0007C2 0B                    2031 	.db #0x0b	; 11
      0007C3 61                    2032 	.db #0x61	; 97	'a'
      0007C4 83                    2033 	.db #0x83	; 131
      0007C5 08                    2034 	.db #0x08	; 8
      0007C6 A0                    2035 	.db #0xa0	; 160
      0007C7 08                    2036 	.db #0x08	; 8
      0007C8 0A                    2037 	.db #0x0a	; 10
      0007C9 61                    2038 	.db #0x61	; 97	'a'
      0007CA C2                    2039 	.db #0xc2	; 194
      0007CB 05                    2040 	.db #0x05	; 5
      0007CC A0                    2041 	.db #0xa0	; 160
      0007CD 08                    2042 	.db #0x08	; 8
      0007CE 08                    2043 	.db #0x08	; 8
      0007CF 7F                    2044 	.db #0x7f	; 127
      0007D0 73                    2045 	.db #0x73	; 115	's'
      0007D1 A0                    2046 	.db #0xa0	; 160
      0007D2 09                    2047 	.db #0x09	; 9
      0007D3 07                    2048 	.db #0x07	; 7
      0007D4 61                    2049 	.db #0x61	; 97	'a'
      0007D5 C7                    2050 	.db #0xc7	; 199
      0007D6 02                    2051 	.db #0x02	; 2
      0007D7 A0                    2052 	.db #0xa0	; 160
      0007D8 08                    2053 	.db #0x08	; 8
      0007D9 05                    2054 	.db #0x05	; 5
      0007DA 7E                    2055 	.db #0x7e	; 126
      0007DB A0                    2056 	.db #0xa0	; 160
      0007DC 09                    2057 	.db #0x09	; 9
      0007DD 05                    2058 	.db #0x05	; 5
      0007DE 61                    2059 	.db #0x61	; 97	'a'
      0007DF D0                    2060 	.db #0xd0	; 208
      0007E0 02                    2061 	.db #0x02	; 2
      0007E1 A0                    2062 	.db #0xa0	; 160
      0007E2 08                    2063 	.db #0x08	; 8
      0007E3 03                    2064 	.db #0x03	; 3
      0007E4 7E                    2065 	.db #0x7e	; 126
      0007E5 A0                    2066 	.db #0xa0	; 160
      0007E6 09                    2067 	.db #0x09	; 9
      0007E7 03                    2068 	.db #0x03	; 3
      0007E8 61                    2069 	.db #0x61	; 97	'a'
      0007E9 D0                    2070 	.db #0xd0	; 208
      0007EA 02                    2071 	.db #0x02	; 2
      0007EB A0                    2072 	.db #0xa0	; 160
      0007EC 08                    2073 	.db #0x08	; 8
      0007ED 00                    2074 	.db #0x00	; 0
      0007EE 7E                    2075 	.db #0x7e	; 126
      0007EF A0                    2076 	.db #0xa0	; 160
      0007F0 09                    2077 	.db #0x09	; 9
      0007F1 00                    2078 	.db #0x00	; 0
      0007F2 61                    2079 	.db #0x61	; 97	'a'
      0007F3 90                    2080 	.db #0x90	; 144
      0007F4 08                    2081 	.db #0x08	; 8
      0007F5 A0                    2082 	.db #0xa0	; 160
      0007F6 00                    2083 	.db #0x00	; 0
      0007F7 40                    2084 	.db #0x40	; 64
      0007F8 71                    2085 	.db #0x71	; 113	'q'
      0007F9 A0                    2086 	.db #0xa0	; 160
      0007FA 01                    2087 	.db #0x01	; 1
      0007FB 01                    2088 	.db #0x01	; 1
      0007FC 7F                    2089 	.db #0x7f	; 127
      0007FD 70                    2090 	.db #0x70	; 112	'p'
      0007FE A0                    2091 	.db #0xa0	; 160
      0007FF 08                    2092 	.db #0x08	; 8
      000800 0F                    2093 	.db #0x0f	; 15
      000801 7F                    2094 	.db #0x7f	; 127
      000802 73                    2095 	.db #0x73	; 115	's'
      000803 A0                    2096 	.db #0xa0	; 160
      000804 02                    2097 	.db #0x02	; 2
      000805 42                    2098 	.db #0x42	; 66	'B'
      000806 71                    2099 	.db #0x71	; 113	'q'
      000807 A0                    2100 	.db #0xa0	; 160
      000808 03                    2101 	.db #0x03	; 3
      000809 01                    2102 	.db #0x01	; 1
      00080A 7F                    2103 	.db #0x7f	; 127
      00080B 71                    2104 	.db #0x71	; 113	'q'
      00080C A0                    2105 	.db #0xa0	; 160
      00080D 09                    2106 	.db #0x09	; 9
      00080E 0E                    2107 	.db #0x0e	; 14
      00080F 7F                    2108 	.db #0x7f	; 127
      000810 72                    2109 	.db #0x72	; 114	'r'
      000811 A0                    2110 	.db #0xa0	; 160
      000812 04                    2111 	.db #0x04	; 4
      000813 27                    2112 	.db #0x27	; 39
      000814 7F                    2113 	.db #0x7f	; 127
      000815 73                    2114 	.db #0x73	; 115	's'
      000816 A0                    2115 	.db #0xa0	; 160
      000817 0A                    2116 	.db #0x0a	; 10
      000818 0F                    2117 	.db #0x0f	; 15
      000819 61                    2118 	.db #0x61	; 97	'a'
      00081A 7B                    2119 	.db #0x7b	; 123
      00081B 02                    2120 	.db #0x02	; 2
      00081C A0                    2121 	.db #0xa0	; 160
      00081D 08                    2122 	.db #0x08	; 8
      00081E 0B                    2123 	.db #0x0b	; 11
      00081F 7F                    2124 	.db #0x7f	; 127
      000820 71                    2125 	.db #0x71	; 113	'q'
      000821 A0                    2126 	.db #0xa0	; 160
      000822 09                    2127 	.db #0x09	; 9
      000823 0B                    2128 	.db #0x0b	; 11
      000824 7F                    2129 	.db #0x7f	; 127
      000825 71                    2130 	.db #0x71	; 113	'q'
      000826 A0                    2131 	.db #0xa0	; 160
      000827 0A                    2132 	.db #0x0a	; 10
      000828 0B                    2133 	.db #0x0b	; 11
      000829 61                    2134 	.db #0x61	; 97	'a'
      00082A 85                    2135 	.db #0x85	; 133
      00082B 08                    2136 	.db #0x08	; 8
      00082C A0                    2137 	.db #0xa0	; 160
      00082D 09                    2138 	.db #0x09	; 9
      00082E 0A                    2139 	.db #0x0a	; 10
      00082F 61                    2140 	.db #0x61	; 97	'a'
      000830 F0                    2141 	.db #0xf0	; 240
      000831 16                    2142 	.db #0x16	; 22
      000832 A0                    2143 	.db #0xa0	; 160
      000833 08                    2144 	.db #0x08	; 8
      000834 08                    2145 	.db #0x08	; 8
      000835 7F                    2146 	.db #0x7f	; 127
      000836 73                    2147 	.db #0x73	; 115	's'
      000837 A0                    2148 	.db #0xa0	; 160
      000838 09                    2149 	.db #0x09	; 9
      000839 08                    2150 	.db #0x08	; 8
      00083A 61                    2151 	.db #0x61	; 97	'a'
      00083B 26                    2152 	.db #0x26	; 38
      00083C 00                    2153 	.db #0x00	; 0
      00083D A0                    2154 	.db #0xa0	; 160
      00083E 0A                    2155 	.db #0x0a	; 10
      00083F 0F                    2156 	.db #0x0f	; 15
      000840 61                    2157 	.db #0x61	; 97	'a'
      000841 A1                    2158 	.db #0xa1	; 161
      000842 02                    2159 	.db #0x02	; 2
      000843 A0                    2160 	.db #0xa0	; 160
      000844 08                    2161 	.db #0x08	; 8
      000845 06                    2162 	.db #0x06	; 6
      000846 7E                    2163 	.db #0x7e	; 126
      000847 A0                    2164 	.db #0xa0	; 160
      000848 09                    2165 	.db #0x09	; 9
      000849 05                    2166 	.db #0x05	; 5
      00084A 7F                    2167 	.db #0x7f	; 127
      00084B A0                    2168 	.db #0xa0	; 160
      00084C 0A                    2169 	.db #0x0a	; 10
      00084D 0B                    2170 	.db #0x0b	; 11
      00084E 61                    2171 	.db #0x61	; 97	'a'
      00084F C0                    2172 	.db #0xc0	; 192
      000850 02                    2173 	.db #0x02	; 2
      000851 A0                    2174 	.db #0xa0	; 160
      000852 08                    2175 	.db #0x08	; 8
      000853 03                    2176 	.db #0x03	; 3
      000854 7E                    2177 	.db #0x7e	; 126
      000855 A0                    2178 	.db #0xa0	; 160
      000856 09                    2179 	.db #0x09	; 9
      000857 03                    2180 	.db #0x03	; 3
      000858 61                    2181 	.db #0x61	; 97	'a'
      000859 D0                    2182 	.db #0xd0	; 208
      00085A 02                    2183 	.db #0x02	; 2
      00085B A0                    2184 	.db #0xa0	; 160
      00085C 08                    2185 	.db #0x08	; 8
      00085D 01                    2186 	.db #0x01	; 1
      00085E 7E                    2187 	.db #0x7e	; 126
      00085F A0                    2188 	.db #0xa0	; 160
      000860 09                    2189 	.db #0x09	; 9
      000861 01                    2190 	.db #0x01	; 1
      000862 61                    2191 	.db #0x61	; 97	'a'
      000863 D0                    2192 	.db #0xd0	; 208
      000864 02                    2193 	.db #0x02	; 2
      000865 A0                    2194 	.db #0xa0	; 160
      000866 08                    2195 	.db #0x08	; 8
      000867 00                    2196 	.db #0x00	; 0
      000868 7E                    2197 	.db #0x7e	; 126
      000869 A0                    2198 	.db #0xa0	; 160
      00086A 09                    2199 	.db #0x09	; 9
      00086B 00                    2200 	.db #0x00	; 0
      00086C 61                    2201 	.db #0x61	; 97	'a'
      00086D EB                    2202 	.db #0xeb	; 235
      00086E 16                    2203 	.db #0x16	; 22
      00086F A0                    2204 	.db #0xa0	; 160
      000870 00                    2205 	.db #0x00	; 0
      000871 0D                    2206 	.db #0x0d	; 13
      000872 7F                    2207 	.db #0x7f	; 127
      000873 72                    2208 	.db #0x72	; 114	'r'
      000874 A0                    2209 	.db #0xa0	; 160
      000875 08                    2210 	.db #0x08	; 8
      000876 0F                    2211 	.db #0x0f	; 15
      000877 7F                    2212 	.db #0x7f	; 127
      000878 73                    2213 	.db #0x73	; 115	's'
      000879 A0                    2214 	.db #0xa0	; 160
      00087A 02                    2215 	.db #0x02	; 2
      00087B 0F                    2216 	.db #0x0f	; 15
      00087C 7F                    2217 	.db #0x7f	; 127
      00087D 73                    2218 	.db #0x73	; 115	's'
      00087E A0                    2219 	.db #0xa0	; 160
      00087F 09                    2220 	.db #0x09	; 9
      000880 0E                    2221 	.db #0x0e	; 14
      000881 7F                    2222 	.db #0x7f	; 127
      000882 72                    2223 	.db #0x72	; 114	'r'
      000883 A0                    2224 	.db #0xa0	; 160
      000884 04                    2225 	.db #0x04	; 4
      000885 93                    2226 	.db #0x93	; 147
      000886 71                    2227 	.db #0x71	; 113	'q'
      000887 A0                    2228 	.db #0xa0	; 160
      000888 05                    2229 	.db #0x05	; 5
      000889 01                    2230 	.db #0x01	; 1
      00088A 7F                    2231 	.db #0x7f	; 127
      00088B 72                    2232 	.db #0x72	; 114	'r'
      00088C A0                    2233 	.db #0xa0	; 160
      00088D 0A                    2234 	.db #0x0a	; 10
      00088E 0F                    2235 	.db #0x0f	; 15
      00088F 61                    2236 	.db #0x61	; 97	'a'
      000890 7A                    2237 	.db #0x7a	; 122	'z'
      000891 02                    2238 	.db #0x02	; 2
      000892 A0                    2239 	.db #0xa0	; 160
      000893 08                    2240 	.db #0x08	; 8
      000894 0B                    2241 	.db #0x0b	; 11
      000895 7F                    2242 	.db #0x7f	; 127
      000896 71                    2243 	.db #0x71	; 113	'q'
      000897 A0                    2244 	.db #0xa0	; 160
      000898 09                    2245 	.db #0x09	; 9
      000899 0B                    2246 	.db #0x0b	; 11
      00089A 7F                    2247 	.db #0x7f	; 127
      00089B 71                    2248 	.db #0x71	; 113	'q'
      00089C A0                    2249 	.db #0xa0	; 160
      00089D 0A                    2250 	.db #0x0a	; 10
      00089E 0B                    2251 	.db #0x0b	; 11
      00089F 61                    2252 	.db #0x61	; 97	'a'
      0008A0 85                    2253 	.db #0x85	; 133
      0008A1 08                    2254 	.db #0x08	; 8
      0008A2 A0                    2255 	.db #0xa0	; 160
      0008A3 09                    2256 	.db #0x09	; 9
      0008A4 0A                    2257 	.db #0x0a	; 10
      0008A5 61                    2258 	.db #0x61	; 97	'a'
      0008A6 F0                    2259 	.db #0xf0	; 240
      0008A7 16                    2260 	.db #0x16	; 22
      0008A8 A0                    2261 	.db #0xa0	; 160
      0008A9 08                    2262 	.db #0x08	; 8
      0008AA 08                    2263 	.db #0x08	; 8
      0008AB 7F                    2264 	.db #0x7f	; 127
      0008AC 73                    2265 	.db #0x73	; 115	's'
      0008AD A0                    2266 	.db #0xa0	; 160
      0008AE 09                    2267 	.db #0x09	; 9
      0008AF 08                    2268 	.db #0x08	; 8
      0008B0 7F                    2269 	.db #0x7f	; 127
      0008B1 71                    2270 	.db #0x71	; 113	'q'
      0008B2 A0                    2271 	.db #0xa0	; 160
      0008B3 04                    2272 	.db #0x04	; 4
      0008B4 27                    2273 	.db #0x27	; 39
      0008B5 71                    2274 	.db #0x71	; 113	'q'
      0008B6 A0                    2275 	.db #0xa0	; 160
      0008B7 05                    2276 	.db #0x05	; 5
      0008B8 03                    2277 	.db #0x03	; 3
      0008B9 7F                    2278 	.db #0x7f	; 127
      0008BA 71                    2279 	.db #0x71	; 113	'q'
      0008BB A0                    2280 	.db #0xa0	; 160
      0008BC 0A                    2281 	.db #0x0a	; 10
      0008BD 0F                    2282 	.db #0x0f	; 15
      0008BE 61                    2283 	.db #0x61	; 97	'a'
      0008BF A1                    2284 	.db #0xa1	; 161
      0008C0 02                    2285 	.db #0x02	; 2
      0008C1 A0                    2286 	.db #0xa0	; 160
      0008C2 08                    2287 	.db #0x08	; 8
      0008C3 06                    2288 	.db #0x06	; 6
      0008C4 7E                    2289 	.db #0x7e	; 126
      0008C5 A0                    2290 	.db #0xa0	; 160
      0008C6 09                    2291 	.db #0x09	; 9
      0008C7 05                    2292 	.db #0x05	; 5
      0008C8 7F                    2293 	.db #0x7f	; 127
      0008C9 A0                    2294 	.db #0xa0	; 160
      0008CA 0A                    2295 	.db #0x0a	; 10
      0008CB 0B                    2296 	.db #0x0b	; 11
      0008CC 61                    2297 	.db #0x61	; 97	'a'
      0008CD C0                    2298 	.db #0xc0	; 192
      0008CE 02                    2299 	.db #0x02	; 2
      0008CF A0                    2300 	.db #0xa0	; 160
      0008D0 08                    2301 	.db #0x08	; 8
      0008D1 03                    2302 	.db #0x03	; 3
      0008D2 7E                    2303 	.db #0x7e	; 126
      0008D3 A0                    2304 	.db #0xa0	; 160
      0008D4 09                    2305 	.db #0x09	; 9
      0008D5 03                    2306 	.db #0x03	; 3
      0008D6 61                    2307 	.db #0x61	; 97	'a'
      0008D7 D0                    2308 	.db #0xd0	; 208
      0008D8 02                    2309 	.db #0x02	; 2
      0008D9 A0                    2310 	.db #0xa0	; 160
      0008DA 08                    2311 	.db #0x08	; 8
      0008DB 01                    2312 	.db #0x01	; 1
      0008DC 7E                    2313 	.db #0x7e	; 126
      0008DD A0                    2314 	.db #0xa0	; 160
      0008DE 09                    2315 	.db #0x09	; 9
      0008DF 01                    2316 	.db #0x01	; 1
      0008E0 61                    2317 	.db #0x61	; 97	'a'
      0008E1 D0                    2318 	.db #0xd0	; 208
      0008E2 02                    2319 	.db #0x02	; 2
      0008E3 A0                    2320 	.db #0xa0	; 160
      0008E4 08                    2321 	.db #0x08	; 8
      0008E5 00                    2322 	.db #0x00	; 0
      0008E6 7E                    2323 	.db #0x7e	; 126
      0008E7 A0                    2324 	.db #0xa0	; 160
      0008E8 09                    2325 	.db #0x09	; 9
      0008E9 00                    2326 	.db #0x00	; 0
      0008EA 61                    2327 	.db #0x61	; 97	'a'
      0008EB B1                    2328 	.db #0xb1	; 177
      0008EC 05                    2329 	.db #0x05	; 5
      0008ED A0                    2330 	.db #0xa0	; 160
      0008EE 00                    2331 	.db #0x00	; 0
      0008EF C9                    2332 	.db #0xc9	; 201
      0008F0 71                    2333 	.db #0x71	; 113	'q'
      0008F1 A0                    2334 	.db #0xa0	; 160
      0008F2 01                    2335 	.db #0x01	; 1
      0008F3 00                    2336 	.db #0x00	; 0
      0008F4 7F                    2337 	.db #0x7f	; 127
      0008F5 71                    2338 	.db #0x71	; 113	'q'
      0008F6 A0                    2339 	.db #0xa0	; 160
      0008F7 08                    2340 	.db #0x08	; 8
      0008F8 0F                    2341 	.db #0x0f	; 15
      0008F9 7F                    2342 	.db #0x7f	; 127
      0008FA 73                    2343 	.db #0x73	; 115	's'
      0008FB A0                    2344 	.db #0xa0	; 160
      0008FC 02                    2345 	.db #0x02	; 2
      0008FD CB                    2346 	.db #0xcb	; 203
      0008FE 71                    2347 	.db #0x71	; 113	'q'
      0008FF A0                    2348 	.db #0xa0	; 160
      000900 03                    2349 	.db #0x03	; 3
      000901 00                    2350 	.db #0x00	; 0
      000902 7F                    2351 	.db #0x7f	; 127
      000903 70                    2352 	.db #0x70	; 112	'p'
      000904 A0                    2353 	.db #0xa0	; 160
      000905 09                    2354 	.db #0x09	; 9
      000906 0E                    2355 	.db #0x0e	; 14
      000907 61                    2356 	.db #0x61	; 97	'a'
      000908 A2                    2357 	.db #0xa2	; 162
      000909 02                    2358 	.db #0x02	; 2
      00090A A0                    2359 	.db #0xa0	; 160
      00090B 08                    2360 	.db #0x08	; 8
      00090C 0B                    2361 	.db #0x0b	; 11
      00090D 7F                    2362 	.db #0x7f	; 127
      00090E 71                    2363 	.db #0x71	; 113	'q'
      00090F A0                    2364 	.db #0xa0	; 160
      000910 09                    2365 	.db #0x09	; 9
      000911 0B                    2366 	.db #0x0b	; 11
      000912 61                    2367 	.db #0x61	; 97	'a'
      000913 97                    2368 	.db #0x97	; 151
      000914 08                    2369 	.db #0x08	; 8
      000915 A0                    2370 	.db #0xa0	; 160
      000916 09                    2371 	.db #0x09	; 9
      000917 0A                    2372 	.db #0x0a	; 10
      000918 61                    2373 	.db #0x61	; 97	'a'
      000919 D0                    2374 	.db #0xd0	; 208
      00091A 05                    2375 	.db #0x05	; 5
      00091B A0                    2376 	.db #0xa0	; 160
      00091C 0A                    2377 	.db #0x0a	; 10
      00091D 08                    2378 	.db #0x08	; 8
      00091E 61                    2379 	.db #0x61	; 97	'a'
      00091F DA                    2380 	.db #0xda	; 218
      000920 02                    2381 	.db #0x02	; 2
      000921 A0                    2382 	.db #0xa0	; 160
      000922 0A                    2383 	.db #0x0a	; 10
      000923 06                    2384 	.db #0x06	; 6
      000924 62                    2385 	.db #0x62	; 98	'b'
      000925 A0                    2386 	.db #0xa0	; 160
      000926 0A                    2387 	.db #0x0a	; 10
      000927 03                    2388 	.db #0x03	; 3
      000928 62                    2389 	.db #0x62	; 98	'b'
      000929 A0                    2390 	.db #0xa0	; 160
      00092A 0A                    2391 	.db #0x0a	; 10
      00092B 01                    2392 	.db #0x01	; 1
      00092C 62                    2393 	.db #0x62	; 98	'b'
      00092D A0                    2394 	.db #0xa0	; 160
      00092E 0A                    2395 	.db #0x0a	; 10
      00092F 00                    2396 	.db #0x00	; 0
      000930 61                    2397 	.db #0x61	; 97	'a'
      000931 A9                    2398 	.db #0xa9	; 169
      000932 05                    2399 	.db #0x05	; 5
      000933 A0                    2400 	.db #0xa0	; 160
      000934 08                    2401 	.db #0x08	; 8
      000935 08                    2402 	.db #0x08	; 8
      000936 7F                    2403 	.db #0x7f	; 127
      000937 73                    2404 	.db #0x73	; 115	's'
      000938 A0                    2405 	.db #0xa0	; 160
      000939 09                    2406 	.db #0x09	; 9
      00093A 08                    2407 	.db #0x08	; 8
      00093B 61                    2408 	.db #0x61	; 97	'a'
      00093C C7                    2409 	.db #0xc7	; 199
      00093D 02                    2410 	.db #0x02	; 2
      00093E A0                    2411 	.db #0xa0	; 160
      00093F 08                    2412 	.db #0x08	; 8
      000940 06                    2413 	.db #0x06	; 6
      000941 7E                    2414 	.db #0x7e	; 126
      000942 A0                    2415 	.db #0xa0	; 160
      000943 09                    2416 	.db #0x09	; 9
      000944 05                    2417 	.db #0x05	; 5
      000945 61                    2418 	.db #0x61	; 97	'a'
      000946 D0                    2419 	.db #0xd0	; 208
      000947 02                    2420 	.db #0x02	; 2
      000948 A0                    2421 	.db #0xa0	; 160
      000949 08                    2422 	.db #0x08	; 8
      00094A 03                    2423 	.db #0x03	; 3
      00094B 7E                    2424 	.db #0x7e	; 126
      00094C A0                    2425 	.db #0xa0	; 160
      00094D 09                    2426 	.db #0x09	; 9
      00094E 03                    2427 	.db #0x03	; 3
      00094F 61                    2428 	.db #0x61	; 97	'a'
      000950 D0                    2429 	.db #0xd0	; 208
      000951 02                    2430 	.db #0x02	; 2
      000952 A0                    2431 	.db #0xa0	; 160
      000953 08                    2432 	.db #0x08	; 8
      000954 01                    2433 	.db #0x01	; 1
      000955 7E                    2434 	.db #0x7e	; 126
      000956 A0                    2435 	.db #0xa0	; 160
      000957 09                    2436 	.db #0x09	; 9
      000958 01                    2437 	.db #0x01	; 1
      000959 61                    2438 	.db #0x61	; 97	'a'
      00095A D0                    2439 	.db #0xd0	; 208
      00095B 02                    2440 	.db #0x02	; 2
      00095C A0                    2441 	.db #0xa0	; 160
      00095D 08                    2442 	.db #0x08	; 8
      00095E 00                    2443 	.db #0x00	; 0
      00095F 7E                    2444 	.db #0x7e	; 126
      000960 A0                    2445 	.db #0xa0	; 160
      000961 09                    2446 	.db #0x09	; 9
      000962 00                    2447 	.db #0x00	; 0
      000963 61                    2448 	.db #0x61	; 97	'a'
      000964 B1                    2449 	.db #0xb1	; 177
      000965 05                    2450 	.db #0x05	; 5
      000966 A0                    2451 	.db #0xa0	; 160
      000967 00                    2452 	.db #0x00	; 0
      000968 E2                    2453 	.db #0xe2	; 226
      000969 7F                    2454 	.db #0x7f	; 127
      00096A 72                    2455 	.db #0x72	; 114	'r'
      00096B A0                    2456 	.db #0xa0	; 160
      00096C 08                    2457 	.db #0x08	; 8
      00096D 0F                    2458 	.db #0x0f	; 15
      00096E 7F                    2459 	.db #0x7f	; 127
      00096F 73                    2460 	.db #0x73	; 115	's'
      000970 A0                    2461 	.db #0xa0	; 160
      000971 02                    2462 	.db #0x02	; 2
      000972 E5                    2463 	.db #0xe5	; 229
      000973 7F                    2464 	.db #0x7f	; 127
      000974 73                    2465 	.db #0x73	; 115	's'
      000975 A0                    2466 	.db #0xa0	; 160
      000976 09                    2467 	.db #0x09	; 9
      000977 0E                    2468 	.db #0x0e	; 14
      000978 61                    2469 	.db #0x61	; 97	'a'
      000979 27                    2470 	.db #0x27	; 39
      00097A 00                    2471 	.db #0x00	; 0
      00097B A0                    2472 	.db #0xa0	; 160
      00097C 0A                    2473 	.db #0x0a	; 10
      00097D 0F                    2474 	.db #0x0f	; 15
      00097E 61                    2475 	.db #0x61	; 97	'a'
      00097F 7B                    2476 	.db #0x7b	; 123
      000980 02                    2477 	.db #0x02	; 2
      000981 A0                    2478 	.db #0xa0	; 160
      000982 08                    2479 	.db #0x08	; 8
      000983 0B                    2480 	.db #0x0b	; 11
      000984 7F                    2481 	.db #0x7f	; 127
      000985 71                    2482 	.db #0x71	; 113	'q'
      000986 A0                    2483 	.db #0xa0	; 160
      000987 09                    2484 	.db #0x09	; 9
      000988 0B                    2485 	.db #0x0b	; 11
      000989 7F                    2486 	.db #0x7f	; 127
      00098A 71                    2487 	.db #0x71	; 113	'q'
      00098B A0                    2488 	.db #0xa0	; 160
      00098C 0A                    2489 	.db #0x0a	; 10
      00098D 0B                    2490 	.db #0x0b	; 11
      00098E 61                    2491 	.db #0x61	; 97	'a'
      00098F 85                    2492 	.db #0x85	; 133
      000990 08                    2493 	.db #0x08	; 8
      000991 A0                    2494 	.db #0xa0	; 160
      000992 09                    2495 	.db #0x09	; 9
      000993 0A                    2496 	.db #0x0a	; 10
      000994 61                    2497 	.db #0x61	; 97	'a'
      000995 EE                    2498 	.db #0xee	; 238
      000996 16                    2499 	.db #0x16	; 22
      000997 A0                    2500 	.db #0xa0	; 160
      000998 00                    2501 	.db #0x00	; 0
      000999 2E                    2502 	.db #0x2e	; 46
      00099A 71                    2503 	.db #0x71	; 113	'q'
      00099B A0                    2504 	.db #0xa0	; 160
      00099C 01                    2505 	.db #0x01	; 1
      00099D 01                    2506 	.db #0x01	; 1
      00099E 7F                    2507 	.db #0x7f	; 127
      00099F 70                    2508 	.db #0x70	; 112	'p'
      0009A0 A0                    2509 	.db #0xa0	; 160
      0009A1 08                    2510 	.db #0x08	; 8
      0009A2 0F                    2511 	.db #0x0f	; 15
      0009A3 7F                    2512 	.db #0x7f	; 127
      0009A4 73                    2513 	.db #0x73	; 115	's'
      0009A5 A0                    2514 	.db #0xa0	; 160
      0009A6 02                    2515 	.db #0x02	; 2
      0009A7 30                    2516 	.db #0x30	; 48	'0'
      0009A8 71                    2517 	.db #0x71	; 113	'q'
      0009A9 A0                    2518 	.db #0xa0	; 160
      0009AA 03                    2519 	.db #0x03	; 3
      0009AB 01                    2520 	.db #0x01	; 1
      0009AC 7F                    2521 	.db #0x7f	; 127
      0009AD 71                    2522 	.db #0x71	; 113	'q'
      0009AE A0                    2523 	.db #0xa0	; 160
      0009AF 09                    2524 	.db #0x09	; 9
      0009B0 0E                    2525 	.db #0x0e	; 14
      0009B1 7F                    2526 	.db #0x7f	; 127
      0009B2 72                    2527 	.db #0x72	; 114	'r'
      0009B3 A0                    2528 	.db #0xa0	; 160
      0009B4 04                    2529 	.db #0x04	; 4
      0009B5 93                    2530 	.db #0x93	; 147
      0009B6 71                    2531 	.db #0x71	; 113	'q'
      0009B7 A0                    2532 	.db #0xa0	; 160
      0009B8 05                    2533 	.db #0x05	; 5
      0009B9 01                    2534 	.db #0x01	; 1
      0009BA 7F                    2535 	.db #0x7f	; 127
      0009BB 72                    2536 	.db #0x72	; 114	'r'
      0009BC A0                    2537 	.db #0xa0	; 160
      0009BD 0A                    2538 	.db #0x0a	; 10
      0009BE 0F                    2539 	.db #0x0f	; 15
      0009BF 61                    2540 	.db #0x61	; 97	'a'
      0009C0 7A                    2541 	.db #0x7a	; 122	'z'
      0009C1 02                    2542 	.db #0x02	; 2
      0009C2 A0                    2543 	.db #0xa0	; 160
      0009C3 08                    2544 	.db #0x08	; 8
      0009C4 0B                    2545 	.db #0x0b	; 11
      0009C5 7F                    2546 	.db #0x7f	; 127
      0009C6 71                    2547 	.db #0x71	; 113	'q'
      0009C7 A0                    2548 	.db #0xa0	; 160
      0009C8 09                    2549 	.db #0x09	; 9
      0009C9 0B                    2550 	.db #0x0b	; 11
      0009CA 7F                    2551 	.db #0x7f	; 127
      0009CB 71                    2552 	.db #0x71	; 113	'q'
      0009CC A0                    2553 	.db #0xa0	; 160
      0009CD 0A                    2554 	.db #0x0a	; 10
      0009CE 0B                    2555 	.db #0x0b	; 11
      0009CF 61                    2556 	.db #0x61	; 97	'a'
      0009D0 85                    2557 	.db #0x85	; 133
      0009D1 08                    2558 	.db #0x08	; 8
      0009D2 A0                    2559 	.db #0xa0	; 160
      0009D3 09                    2560 	.db #0x09	; 9
      0009D4 0A                    2561 	.db #0x0a	; 10
      0009D5 61                    2562 	.db #0x61	; 97	'a'
      0009D6 EE                    2563 	.db #0xee	; 238
      0009D7 16                    2564 	.db #0x16	; 22
      0009D8 A0                    2565 	.db #0xa0	; 160
      0009D9 00                    2566 	.db #0x00	; 0
      0009DA 0D                    2567 	.db #0x0d	; 13
      0009DB 7F                    2568 	.db #0x7f	; 127
      0009DC 72                    2569 	.db #0x72	; 114	'r'
      0009DD A0                    2570 	.db #0xa0	; 160
      0009DE 08                    2571 	.db #0x08	; 8
      0009DF 0F                    2572 	.db #0x0f	; 15
      0009E0 7F                    2573 	.db #0x7f	; 127
      0009E1 73                    2574 	.db #0x73	; 115	's'
      0009E2 A0                    2575 	.db #0xa0	; 160
      0009E3 02                    2576 	.db #0x02	; 2
      0009E4 0F                    2577 	.db #0x0f	; 15
      0009E5 7F                    2578 	.db #0x7f	; 127
      0009E6 73                    2579 	.db #0x73	; 115	's'
      0009E7 A0                    2580 	.db #0xa0	; 160
      0009E8 09                    2581 	.db #0x09	; 9
      0009E9 0E                    2582 	.db #0x0e	; 14
      0009EA 7F                    2583 	.db #0x7f	; 127
      0009EB 72                    2584 	.db #0x72	; 114	'r'
      0009EC A0                    2585 	.db #0xa0	; 160
      0009ED 04                    2586 	.db #0x04	; 4
      0009EE 27                    2587 	.db #0x27	; 39
      0009EF 71                    2588 	.db #0x71	; 113	'q'
      0009F0 A0                    2589 	.db #0xa0	; 160
      0009F1 05                    2590 	.db #0x05	; 5
      0009F2 03                    2591 	.db #0x03	; 3
      0009F3 7F                    2592 	.db #0x7f	; 127
      0009F4 71                    2593 	.db #0x71	; 113	'q'
      0009F5 A0                    2594 	.db #0xa0	; 160
      0009F6 0A                    2595 	.db #0x0a	; 10
      0009F7 0F                    2596 	.db #0x0f	; 15
      0009F8 61                    2597 	.db #0x61	; 97	'a'
      0009F9 7B                    2598 	.db #0x7b	; 123
      0009FA 02                    2599 	.db #0x02	; 2
      0009FB A0                    2600 	.db #0xa0	; 160
      0009FC 08                    2601 	.db #0x08	; 8
      0009FD 0B                    2602 	.db #0x0b	; 11
      0009FE 7F                    2603 	.db #0x7f	; 127
      0009FF 71                    2604 	.db #0x71	; 113	'q'
      000A00 A0                    2605 	.db #0xa0	; 160
      000A01 09                    2606 	.db #0x09	; 9
      000A02 0B                    2607 	.db #0x0b	; 11
      000A03 7F                    2608 	.db #0x7f	; 127
      000A04 71                    2609 	.db #0x71	; 113	'q'
      000A05 A0                    2610 	.db #0xa0	; 160
      000A06 0A                    2611 	.db #0x0a	; 10
      000A07 0B                    2612 	.db #0x0b	; 11
      000A08 61                    2613 	.db #0x61	; 97	'a'
      000A09 85                    2614 	.db #0x85	; 133
      000A0A 08                    2615 	.db #0x08	; 8
      000A0B A0                    2616 	.db #0xa0	; 160
      000A0C 09                    2617 	.db #0x09	; 9
      000A0D 0A                    2618 	.db #0x0a	; 10
      000A0E 61                    2619 	.db #0x61	; 97	'a'
      000A0F 07                    2620 	.db #0x07	; 7
      000A10 17                    2621 	.db #0x17	; 23
      000A11 A0                    2622 	.db #0xa0	; 160
      000A12 04                    2623 	.db #0x04	; 4
      000A13 8A                    2624 	.db #0x8a	; 138
      000A14 7F                    2625 	.db #0x7f	; 127
      000A15 73                    2626 	.db #0x73	; 115	's'
      000A16 A0                    2627 	.db #0xa0	; 160
      000A17 0A                    2628 	.db #0x0a	; 10
      000A18 0F                    2629 	.db #0x0f	; 15
      000A19 61                    2630 	.db #0x61	; 97	'a'
      000A1A CA                    2631 	.db #0xca	; 202
      000A1B 02                    2632 	.db #0x02	; 2
      000A1C A0                    2633 	.db #0xa0	; 160
      000A1D 0A                    2634 	.db #0x0a	; 10
      000A1E 0B                    2635 	.db #0x0b	; 11
      000A1F 61                    2636 	.db #0x61	; 97	'a'
      000A20 83                    2637 	.db #0x83	; 131
      000A21 08                    2638 	.db #0x08	; 8
      000A22 A0                    2639 	.db #0xa0	; 160
      000A23 08                    2640 	.db #0x08	; 8
      000A24 0A                    2641 	.db #0x0a	; 10
      000A25 61                    2642 	.db #0x61	; 97	'a'
      000A26 67                    2643 	.db #0x67	; 103	'g'
      000A27 0E                    2644 	.db #0x0e	; 14
      000A28 A0                    2645 	.db #0xa0	; 160
      000A29 09                    2646 	.db #0x09	; 9
      000A2A 09                    2647 	.db #0x09	; 9
      000A2B 61                    2648 	.db #0x61	; 97	'a'
      000A2C C0                    2649 	.db #0xc0	; 192
      000A2D 08                    2650 	.db #0x08	; 8
      000A2E A0                    2651 	.db #0xa0	; 160
      000A2F 0A                    2652 	.db #0x0a	; 10
      000A30 0F                    2653 	.db #0x0f	; 15
      000A31 61                    2654 	.db #0x61	; 97	'a'
      000A32 CA                    2655 	.db #0xca	; 202
      000A33 02                    2656 	.db #0x02	; 2
      000A34 A0                    2657 	.db #0xa0	; 160
      000A35 0A                    2658 	.db #0x0a	; 10
      000A36 0B                    2659 	.db #0x0b	; 11
      000A37 61                    2660 	.db #0x61	; 97	'a'
      000A38 FF                    2661 	.db #0xff	; 255
      000A39 13                    2662 	.db #0x13	; 19
      000A3A A0                    2663 	.db #0xa0	; 160
      000A3B 08                    2664 	.db #0x08	; 8
      000A3C 09                    2665 	.db #0x09	; 9
      000A3D 61                    2666 	.db #0x61	; 97	'a'
      000A3E 97                    2667 	.db #0x97	; 151
      000A3F 0B                    2668 	.db #0x0b	; 11
      000A40 A0                    2669 	.db #0xa0	; 160
      000A41 04                    2670 	.db #0x04	; 4
      000A42 C5                    2671 	.db #0xc5	; 197
      000A43 71                    2672 	.db #0x71	; 113	'q'
      000A44 A0                    2673 	.db #0xa0	; 160
      000A45 05                    2674 	.db #0x05	; 5
      000A46 01                    2675 	.db #0x01	; 1
      000A47 7F                    2676 	.db #0x7f	; 127
      000A48 71                    2677 	.db #0x71	; 113	'q'
      000A49 A0                    2678 	.db #0xa0	; 160
      000A4A 0A                    2679 	.db #0x0a	; 10
      000A4B 0F                    2680 	.db #0x0f	; 15
      000A4C 61                    2681 	.db #0x61	; 97	'a'
      000A4D CA                    2682 	.db #0xca	; 202
      000A4E 02                    2683 	.db #0x02	; 2
      000A4F A0                    2684 	.db #0xa0	; 160
      000A50 0A                    2685 	.db #0x0a	; 10
      000A51 0B                    2686 	.db #0x0b	; 11
      000A52 61                    2687 	.db #0x61	; 97	'a'
      000A53 D1                    2688 	.db #0xd1	; 209
      000A54 02                    2689 	.db #0x02	; 2
      000A55 A0                    2690 	.db #0xa0	; 160
      000A56 09                    2691 	.db #0x09	; 9
      000A57 08                    2692 	.db #0x08	; 8
      000A58 61                    2693 	.db #0x61	; 97	'a'
      000A59 AA                    2694 	.db #0xaa	; 170
      000A5A 1C                    2695 	.db #0x1c	; 28
      000A5B A0                    2696 	.db #0xa0	; 160
      000A5C 08                    2697 	.db #0x08	; 8
      000A5D 08                    2698 	.db #0x08	; 8
      000A5E 7F                    2699 	.db #0x7f	; 127
      000A5F 7C                    2700 	.db #0x7c	; 124
      000A60 A0                    2701 	.db #0xa0	; 160
      000A61 04                    2702 	.db #0x04	; 4
      000A62 8A                    2703 	.db #0x8a	; 138
      000A63 71                    2704 	.db #0x71	; 113	'q'
      000A64 A0                    2705 	.db #0xa0	; 160
      000A65 05                    2706 	.db #0x05	; 5
      000A66 03                    2707 	.db #0x03	; 3
      000A67 7F                    2708 	.db #0x7f	; 127
      000A68 71                    2709 	.db #0x71	; 113	'q'
      000A69 A0                    2710 	.db #0xa0	; 160
      000A6A 0A                    2711 	.db #0x0a	; 10
      000A6B 0F                    2712 	.db #0x0f	; 15
      000A6C 61                    2713 	.db #0x61	; 97	'a'
      000A6D C8                    2714 	.db #0xc8	; 200
      000A6E 02                    2715 	.db #0x02	; 2
      000A6F A0                    2716 	.db #0xa0	; 160
      000A70 0A                    2717 	.db #0x0a	; 10
      000A71 0B                    2718 	.db #0x0b	; 11
      000A72 61                    2719 	.db #0x61	; 97	'a'
      000A73 45                    2720 	.db #0x45	; 69	'E'
      000A74 0E                    2721 	.db #0x0e	; 14
      000A75 A0                    2722 	.db #0xa0	; 160
      000A76 08                    2723 	.db #0x08	; 8
      000A77 06                    2724 	.db #0x06	; 6
      000A78 7F                    2725 	.db #0x7f	; 127
      000A79 73                    2726 	.db #0x73	; 115	's'
      000A7A A0                    2727 	.db #0xa0	; 160
      000A7B 09                    2728 	.db #0x09	; 9
      000A7C 05                    2729 	.db #0x05	; 5
      000A7D 61                    2730 	.db #0x61	; 97	'a'
      000A7E C7                    2731 	.db #0xc7	; 199
      000A7F 02                    2732 	.db #0x02	; 2
      000A80 A0                    2733 	.db #0xa0	; 160
      000A81 08                    2734 	.db #0x08	; 8
      000A82 03                    2735 	.db #0x03	; 3
      000A83 7E                    2736 	.db #0x7e	; 126
      000A84 A0                    2737 	.db #0xa0	; 160
      000A85 09                    2738 	.db #0x09	; 9
      000A86 03                    2739 	.db #0x03	; 3
      000A87 61                    2740 	.db #0x61	; 97	'a'
      000A88 D0                    2741 	.db #0xd0	; 208
      000A89 02                    2742 	.db #0x02	; 2
      000A8A A0                    2743 	.db #0xa0	; 160
      000A8B 08                    2744 	.db #0x08	; 8
      000A8C 01                    2745 	.db #0x01	; 1
      000A8D 7E                    2746 	.db #0x7e	; 126
      000A8E A0                    2747 	.db #0xa0	; 160
      000A8F 09                    2748 	.db #0x09	; 9
      000A90 01                    2749 	.db #0x01	; 1
      000A91 61                    2750 	.db #0x61	; 97	'a'
      000A92 D0                    2751 	.db #0xd0	; 208
      000A93 02                    2752 	.db #0x02	; 2
      000A94 A0                    2753 	.db #0xa0	; 160
      000A95 08                    2754 	.db #0x08	; 8
      000A96 00                    2755 	.db #0x00	; 0
      000A97 7E                    2756 	.db #0x7e	; 126
      000A98 A0                    2757 	.db #0xa0	; 160
      000A99 09                    2758 	.db #0x09	; 9
      000A9A 00                    2759 	.db #0x00	; 0
      000A9B 61                    2760 	.db #0x61	; 97	'a'
      000A9C 90                    2761 	.db #0x90	; 144
      000A9D 08                    2762 	.db #0x08	; 8
      000A9E A0                    2763 	.db #0xa0	; 160
      000A9F 00                    2764 	.db #0x00	; 0
      000AA0 2E                    2765 	.db #0x2e	; 46
      000AA1 7F                    2766 	.db #0x7f	; 127
      000AA2 72                    2767 	.db #0x72	; 114	'r'
      000AA3 A0                    2768 	.db #0xa0	; 160
      000AA4 08                    2769 	.db #0x08	; 8
      000AA5 0F                    2770 	.db #0x0f	; 15
      000AA6 7F                    2771 	.db #0x7f	; 127
      000AA7 73                    2772 	.db #0x73	; 115	's'
      000AA8 A0                    2773 	.db #0xa0	; 160
      000AA9 02                    2774 	.db #0x02	; 2
      000AAA 30                    2775 	.db #0x30	; 48	'0'
      000AAB 7F                    2776 	.db #0x7f	; 127
      000AAC 73                    2777 	.db #0x73	; 115	's'
      000AAD A0                    2778 	.db #0xa0	; 160
      000AAE 09                    2779 	.db #0x09	; 9
      000AAF 0E                    2780 	.db #0x0e	; 14
      000AB0 7F                    2781 	.db #0x7f	; 127
      000AB1 75                    2782 	.db #0x75	; 117	'u'
      000AB2 A0                    2783 	.db #0xa0	; 160
      000AB3 0A                    2784 	.db #0x0a	; 10
      000AB4 08                    2785 	.db #0x08	; 8
      000AB5 61                    2786 	.db #0x61	; 97	'a'
      000AB6 8C                    2787 	.db #0x8c	; 140
      000AB7 02                    2788 	.db #0x02	; 2
      000AB8 A0                    2789 	.db #0xa0	; 160
      000AB9 08                    2790 	.db #0x08	; 8
      000ABA 0B                    2791 	.db #0x0b	; 11
      000ABB 7F                    2792 	.db #0x7f	; 127
      000ABC 71                    2793 	.db #0x71	; 113	'q'
      000ABD A0                    2794 	.db #0xa0	; 160
      000ABE 09                    2795 	.db #0x09	; 9
      000ABF 0B                    2796 	.db #0x0b	; 11
      000AC0 7F                    2797 	.db #0x7f	; 127
      000AC1 71                    2798 	.db #0x71	; 113	'q'
      000AC2 A0                    2799 	.db #0xa0	; 160
      000AC3 0A                    2800 	.db #0x0a	; 10
      000AC4 06                    2801 	.db #0x06	; 6
      000AC5 61                    2802 	.db #0x61	; 97	'a'
      000AC6 D4                    2803 	.db #0xd4	; 212
      000AC7 02                    2804 	.db #0x02	; 2
      000AC8 A0                    2805 	.db #0xa0	; 160
      000AC9 0A                    2806 	.db #0x0a	; 10
      000ACA 03                    2807 	.db #0x03	; 3
      000ACB 62                    2808 	.db #0x62	; 98	'b'
      000ACC A0                    2809 	.db #0xa0	; 160
      000ACD 0A                    2810 	.db #0x0a	; 10
      000ACE 01                    2811 	.db #0x01	; 1
      000ACF 61                    2812 	.db #0x61	; 97	'a'
      000AD0 D2                    2813 	.db #0xd2	; 210
      000AD1 02                    2814 	.db #0x02	; 2
      000AD2 A0                    2815 	.db #0xa0	; 160
      000AD3 09                    2816 	.db #0x09	; 9
      000AD4 0A                    2817 	.db #0x0a	; 10
      000AD5 7F                    2818 	.db #0x7f	; 127
      000AD6 A0                    2819 	.db #0xa0	; 160
      000AD7 0A                    2820 	.db #0x0a	; 10
      000AD8 00                    2821 	.db #0x00	; 0
      000AD9 61                    2822 	.db #0x61	; 97	'a'
      000ADA 0B                    2823 	.db #0x0b	; 11
      000ADB 17                    2824 	.db #0x17	; 23
      000ADC A0                    2825 	.db #0xa0	; 160
      000ADD 0A                    2826 	.db #0x0a	; 10
      000ADE 0F                    2827 	.db #0x0f	; 15
      000ADF 61                    2828 	.db #0x61	; 97	'a'
      000AE0 CA                    2829 	.db #0xca	; 202
      000AE1 02                    2830 	.db #0x02	; 2
      000AE2 A0                    2831 	.db #0xa0	; 160
      000AE3 0A                    2832 	.db #0x0a	; 10
      000AE4 0B                    2833 	.db #0x0b	; 11
      000AE5 61                    2834 	.db #0x61	; 97	'a'
      000AE6 83                    2835 	.db #0x83	; 131
      000AE7 08                    2836 	.db #0x08	; 8
      000AE8 A0                    2837 	.db #0xa0	; 160
      000AE9 08                    2838 	.db #0x08	; 8
      000AEA 0A                    2839 	.db #0x0a	; 10
      000AEB 61                    2840 	.db #0x61	; 97	'a'
      000AEC C2                    2841 	.db #0xc2	; 194
      000AED 05                    2842 	.db #0x05	; 5
      000AEE A0                    2843 	.db #0xa0	; 160
      000AEF 08                    2844 	.db #0x08	; 8
      000AF0 08                    2845 	.db #0x08	; 8
      000AF1 7F                    2846 	.db #0x7f	; 127
      000AF2 73                    2847 	.db #0x73	; 115	's'
      000AF3 A0                    2848 	.db #0xa0	; 160
      000AF4 09                    2849 	.db #0x09	; 9
      000AF5 07                    2850 	.db #0x07	; 7
      000AF6 61                    2851 	.db #0x61	; 97	'a'
      000AF7 C7                    2852 	.db #0xc7	; 199
      000AF8 02                    2853 	.db #0x02	; 2
      000AF9 A0                    2854 	.db #0xa0	; 160
      000AFA 08                    2855 	.db #0x08	; 8
      000AFB 05                    2856 	.db #0x05	; 5
      000AFC 7E                    2857 	.db #0x7e	; 126
      000AFD A0                    2858 	.db #0xa0	; 160
      000AFE 09                    2859 	.db #0x09	; 9
      000AFF 05                    2860 	.db #0x05	; 5
      000B00 61                    2861 	.db #0x61	; 97	'a'
      000B01 D0                    2862 	.db #0xd0	; 208
      000B02 02                    2863 	.db #0x02	; 2
      000B03 A0                    2864 	.db #0xa0	; 160
      000B04 08                    2865 	.db #0x08	; 8
      000B05 03                    2866 	.db #0x03	; 3
      000B06 7E                    2867 	.db #0x7e	; 126
      000B07 A0                    2868 	.db #0xa0	; 160
      000B08 09                    2869 	.db #0x09	; 9
      000B09 03                    2870 	.db #0x03	; 3
      000B0A 61                    2871 	.db #0x61	; 97	'a'
      000B0B D0                    2872 	.db #0xd0	; 208
      000B0C 02                    2873 	.db #0x02	; 2
      000B0D A0                    2874 	.db #0xa0	; 160
      000B0E 08                    2875 	.db #0x08	; 8
      000B0F 00                    2876 	.db #0x00	; 0
      000B10 7E                    2877 	.db #0x7e	; 126
      000B11 A0                    2878 	.db #0xa0	; 160
      000B12 09                    2879 	.db #0x09	; 9
      000B13 00                    2880 	.db #0x00	; 0
      000B14 61                    2881 	.db #0x61	; 97	'a'
      000B15 90                    2882 	.db #0x90	; 144
      000B16 08                    2883 	.db #0x08	; 8
      000B17 A0                    2884 	.db #0xa0	; 160
      000B18 00                    2885 	.db #0x00	; 0
      000B19 67                    2886 	.db #0x67	; 103	'g'
      000B1A 7F                    2887 	.db #0x7f	; 127
      000B1B 72                    2888 	.db #0x72	; 114	'r'
      000B1C A0                    2889 	.db #0xa0	; 160
      000B1D 08                    2890 	.db #0x08	; 8
      000B1E 0F                    2891 	.db #0x0f	; 15
      000B1F 7F                    2892 	.db #0x7f	; 127
      000B20 73                    2893 	.db #0x73	; 115	's'
      000B21 A0                    2894 	.db #0xa0	; 160
      000B22 02                    2895 	.db #0x02	; 2
      000B23 6A                    2896 	.db #0x6a	; 106	'j'
      000B24 7F                    2897 	.db #0x7f	; 127
      000B25 73                    2898 	.db #0x73	; 115	's'
      000B26 A0                    2899 	.db #0xa0	; 160
      000B27 09                    2900 	.db #0x09	; 9
      000B28 0E                    2901 	.db #0x0e	; 14
      000B29 7F                    2902 	.db #0x7f	; 127
      000B2A 72                    2903 	.db #0x72	; 114	'r'
      000B2B A0                    2904 	.db #0xa0	; 160
      000B2C 04                    2905 	.db #0x04	; 4
      000B2D C5                    2906 	.db #0xc5	; 197
      000B2E 71                    2907 	.db #0x71	; 113	'q'
      000B2F A0                    2908 	.db #0xa0	; 160
      000B30 05                    2909 	.db #0x05	; 5
      000B31 01                    2910 	.db #0x01	; 1
      000B32 7F                    2911 	.db #0x7f	; 127
      000B33 71                    2912 	.db #0x71	; 113	'q'
      000B34 A0                    2913 	.db #0xa0	; 160
      000B35 0A                    2914 	.db #0x0a	; 10
      000B36 0F                    2915 	.db #0x0f	; 15
      000B37 61                    2916 	.db #0x61	; 97	'a'
      000B38 7B                    2917 	.db #0x7b	; 123
      000B39 02                    2918 	.db #0x02	; 2
      000B3A A0                    2919 	.db #0xa0	; 160
      000B3B 08                    2920 	.db #0x08	; 8
      000B3C 0B                    2921 	.db #0x0b	; 11
      000B3D 7F                    2922 	.db #0x7f	; 127
      000B3E 71                    2923 	.db #0x71	; 113	'q'
      000B3F A0                    2924 	.db #0xa0	; 160
      000B40 09                    2925 	.db #0x09	; 9
      000B41 0B                    2926 	.db #0x0b	; 11
      000B42 7F                    2927 	.db #0x7f	; 127
      000B43 71                    2928 	.db #0x71	; 113	'q'
      000B44 A0                    2929 	.db #0xa0	; 160
      000B45 0A                    2930 	.db #0x0a	; 10
      000B46 0B                    2931 	.db #0x0b	; 11
      000B47 61                    2932 	.db #0x61	; 97	'a'
      000B48 85                    2933 	.db #0x85	; 133
      000B49 08                    2934 	.db #0x08	; 8
      000B4A A0                    2935 	.db #0xa0	; 160
      000B4B 09                    2936 	.db #0x09	; 9
      000B4C 0A                    2937 	.db #0x0a	; 10
      000B4D 61                    2938 	.db #0x61	; 97	'a'
      000B4E 07                    2939 	.db #0x07	; 7
      000B4F 17                    2940 	.db #0x17	; 23
      000B50 A0                    2941 	.db #0xa0	; 160
      000B51 04                    2942 	.db #0x04	; 4
      000B52 8A                    2943 	.db #0x8a	; 138
      000B53 71                    2944 	.db #0x71	; 113	'q'
      000B54 A0                    2945 	.db #0xa0	; 160
      000B55 05                    2946 	.db #0x05	; 5
      000B56 03                    2947 	.db #0x03	; 3
      000B57 7F                    2948 	.db #0x7f	; 127
      000B58 71                    2949 	.db #0x71	; 113	'q'
      000B59 A0                    2950 	.db #0xa0	; 160
      000B5A 0A                    2951 	.db #0x0a	; 10
      000B5B 0F                    2952 	.db #0x0f	; 15
      000B5C 61                    2953 	.db #0x61	; 97	'a'
      000B5D CA                    2954 	.db #0xca	; 202
      000B5E 02                    2955 	.db #0x02	; 2
      000B5F A0                    2956 	.db #0xa0	; 160
      000B60 0A                    2957 	.db #0x0a	; 10
      000B61 0B                    2958 	.db #0x0b	; 11
      000B62 61                    2959 	.db #0x61	; 97	'a'
      000B63 83                    2960 	.db #0x83	; 131
      000B64 08                    2961 	.db #0x08	; 8
      000B65 A0                    2962 	.db #0xa0	; 160
      000B66 08                    2963 	.db #0x08	; 8
      000B67 0A                    2964 	.db #0x0a	; 10
      000B68 61                    2965 	.db #0x61	; 97	'a'
      000B69 C2                    2966 	.db #0xc2	; 194
      000B6A 05                    2967 	.db #0x05	; 5
      000B6B A0                    2968 	.db #0xa0	; 160
      000B6C 08                    2969 	.db #0x08	; 8
      000B6D 08                    2970 	.db #0x08	; 8
      000B6E 7F                    2971 	.db #0x7f	; 127
      000B6F 73                    2972 	.db #0x73	; 115	's'
      000B70 A0                    2973 	.db #0xa0	; 160
      000B71 09                    2974 	.db #0x09	; 9
      000B72 07                    2975 	.db #0x07	; 7
      000B73 61                    2976 	.db #0x61	; 97	'a'
      000B74 C7                    2977 	.db #0xc7	; 199
      000B75 02                    2978 	.db #0x02	; 2
      000B76 A0                    2979 	.db #0xa0	; 160
      000B77 08                    2980 	.db #0x08	; 8
      000B78 05                    2981 	.db #0x05	; 5
      000B79 7E                    2982 	.db #0x7e	; 126
      000B7A A0                    2983 	.db #0xa0	; 160
      000B7B 09                    2984 	.db #0x09	; 9
      000B7C 05                    2985 	.db #0x05	; 5
      000B7D 61                    2986 	.db #0x61	; 97	'a'
      000B7E D0                    2987 	.db #0xd0	; 208
      000B7F 02                    2988 	.db #0x02	; 2
      000B80 A0                    2989 	.db #0xa0	; 160
      000B81 08                    2990 	.db #0x08	; 8
      000B82 03                    2991 	.db #0x03	; 3
      000B83 7E                    2992 	.db #0x7e	; 126
      000B84 A0                    2993 	.db #0xa0	; 160
      000B85 09                    2994 	.db #0x09	; 9
      000B86 03                    2995 	.db #0x03	; 3
      000B87 61                    2996 	.db #0x61	; 97	'a'
      000B88 D0                    2997 	.db #0xd0	; 208
      000B89 02                    2998 	.db #0x02	; 2
      000B8A A0                    2999 	.db #0xa0	; 160
      000B8B 08                    3000 	.db #0x08	; 8
      000B8C 00                    3001 	.db #0x00	; 0
      000B8D 7E                    3002 	.db #0x7e	; 126
      000B8E A0                    3003 	.db #0xa0	; 160
      000B8F 09                    3004 	.db #0x09	; 9
      000B90 00                    3005 	.db #0x00	; 0
      000B91 61                    3006 	.db #0x61	; 97	'a'
      000B92 90                    3007 	.db #0x90	; 144
      000B93 08                    3008 	.db #0x08	; 8
      000B94 A0                    3009 	.db #0xa0	; 160
      000B95 00                    3010 	.db #0x00	; 0
      000B96 40                    3011 	.db #0x40	; 64
      000B97 7F                    3012 	.db #0x7f	; 127
      000B98 72                    3013 	.db #0x72	; 114	'r'
      000B99 A0                    3014 	.db #0xa0	; 160
      000B9A 08                    3015 	.db #0x08	; 8
      000B9B 0F                    3016 	.db #0x0f	; 15
      000B9C 7F                    3017 	.db #0x7f	; 127
      000B9D 73                    3018 	.db #0x73	; 115	's'
      000B9E A0                    3019 	.db #0xa0	; 160
      000B9F 02                    3020 	.db #0x02	; 2
      000BA0 42                    3021 	.db #0x42	; 66	'B'
      000BA1 7F                    3022 	.db #0x7f	; 127
      000BA2 73                    3023 	.db #0x73	; 115	's'
      000BA3 A0                    3024 	.db #0xa0	; 160
      000BA4 09                    3025 	.db #0x09	; 9
      000BA5 0E                    3026 	.db #0x0e	; 14
      000BA6 7F                    3027 	.db #0x7f	; 127
      000BA7 72                    3028 	.db #0x72	; 114	'r'
      000BA8 A0                    3029 	.db #0xa0	; 160
      000BA9 04                    3030 	.db #0x04	; 4
      000BAA 27                    3031 	.db #0x27	; 39
      000BAB 7F                    3032 	.db #0x7f	; 127
      000BAC 73                    3033 	.db #0x73	; 115	's'
      000BAD A0                    3034 	.db #0xa0	; 160
      000BAE 0A                    3035 	.db #0x0a	; 10
      000BAF 0F                    3036 	.db #0x0f	; 15
      000BB0 61                    3037 	.db #0x61	; 97	'a'
      000BB1 7B                    3038 	.db #0x7b	; 123
      000BB2 02                    3039 	.db #0x02	; 2
      000BB3 A0                    3040 	.db #0xa0	; 160
      000BB4 08                    3041 	.db #0x08	; 8
      000BB5 0B                    3042 	.db #0x0b	; 11
      000BB6 7F                    3043 	.db #0x7f	; 127
      000BB7 71                    3044 	.db #0x71	; 113	'q'
      000BB8 A0                    3045 	.db #0xa0	; 160
      000BB9 09                    3046 	.db #0x09	; 9
      000BBA 0B                    3047 	.db #0x0b	; 11
      000BBB 7F                    3048 	.db #0x7f	; 127
      000BBC 71                    3049 	.db #0x71	; 113	'q'
      000BBD A0                    3050 	.db #0xa0	; 160
      000BBE 0A                    3051 	.db #0x0a	; 10
      000BBF 0B                    3052 	.db #0x0b	; 11
      000BC0 61                    3053 	.db #0x61	; 97	'a'
      000BC1 85                    3054 	.db #0x85	; 133
      000BC2 08                    3055 	.db #0x08	; 8
      000BC3 A0                    3056 	.db #0xa0	; 160
      000BC4 09                    3057 	.db #0x09	; 9
      000BC5 0A                    3058 	.db #0x0a	; 10
      000BC6 61                    3059 	.db #0x61	; 97	'a'
      000BC7 F0                    3060 	.db #0xf0	; 240
      000BC8 16                    3061 	.db #0x16	; 22
      000BC9 A0                    3062 	.db #0xa0	; 160
      000BCA 08                    3063 	.db #0x08	; 8
      000BCB 08                    3064 	.db #0x08	; 8
      000BCC 7F                    3065 	.db #0x7f	; 127
      000BCD 73                    3066 	.db #0x73	; 115	's'
      000BCE A0                    3067 	.db #0xa0	; 160
      000BCF 09                    3068 	.db #0x09	; 9
      000BD0 08                    3069 	.db #0x08	; 8
      000BD1 61                    3070 	.db #0x61	; 97	'a'
      000BD2 26                    3071 	.db #0x26	; 38
      000BD3 00                    3072 	.db #0x00	; 0
      000BD4 A0                    3073 	.db #0xa0	; 160
      000BD5 0A                    3074 	.db #0x0a	; 10
      000BD6 0F                    3075 	.db #0x0f	; 15
      000BD7 61                    3076 	.db #0x61	; 97	'a'
      000BD8 A1                    3077 	.db #0xa1	; 161
      000BD9 02                    3078 	.db #0x02	; 2
      000BDA A0                    3079 	.db #0xa0	; 160
      000BDB 08                    3080 	.db #0x08	; 8
      000BDC 06                    3081 	.db #0x06	; 6
      000BDD 7E                    3082 	.db #0x7e	; 126
      000BDE A0                    3083 	.db #0xa0	; 160
      000BDF 09                    3084 	.db #0x09	; 9
      000BE0 05                    3085 	.db #0x05	; 5
      000BE1 7F                    3086 	.db #0x7f	; 127
      000BE2 A0                    3087 	.db #0xa0	; 160
      000BE3 0A                    3088 	.db #0x0a	; 10
      000BE4 0B                    3089 	.db #0x0b	; 11
      000BE5 61                    3090 	.db #0x61	; 97	'a'
      000BE6 C0                    3091 	.db #0xc0	; 192
      000BE7 02                    3092 	.db #0x02	; 2
      000BE8 A0                    3093 	.db #0xa0	; 160
      000BE9 08                    3094 	.db #0x08	; 8
      000BEA 03                    3095 	.db #0x03	; 3
      000BEB 7E                    3096 	.db #0x7e	; 126
      000BEC A0                    3097 	.db #0xa0	; 160
      000BED 09                    3098 	.db #0x09	; 9
      000BEE 03                    3099 	.db #0x03	; 3
      000BEF 61                    3100 	.db #0x61	; 97	'a'
      000BF0 D0                    3101 	.db #0xd0	; 208
      000BF1 02                    3102 	.db #0x02	; 2
      000BF2 A0                    3103 	.db #0xa0	; 160
      000BF3 08                    3104 	.db #0x08	; 8
      000BF4 01                    3105 	.db #0x01	; 1
      000BF5 7E                    3106 	.db #0x7e	; 126
      000BF6 A0                    3107 	.db #0xa0	; 160
      000BF7 09                    3108 	.db #0x09	; 9
      000BF8 01                    3109 	.db #0x01	; 1
      000BF9 61                    3110 	.db #0x61	; 97	'a'
      000BFA D0                    3111 	.db #0xd0	; 208
      000BFB 02                    3112 	.db #0x02	; 2
      000BFC A0                    3113 	.db #0xa0	; 160
      000BFD 08                    3114 	.db #0x08	; 8
      000BFE 00                    3115 	.db #0x00	; 0
      000BFF 7E                    3116 	.db #0x7e	; 126
      000C00 A0                    3117 	.db #0xa0	; 160
      000C01 09                    3118 	.db #0x09	; 9
      000C02 00                    3119 	.db #0x00	; 0
      000C03 61                    3120 	.db #0x61	; 97	'a'
      000C04 EB                    3121 	.db #0xeb	; 235
      000C05 16                    3122 	.db #0x16	; 22
      000C06 A0                    3123 	.db #0xa0	; 160
      000C07 00                    3124 	.db #0x00	; 0
      000C08 0D                    3125 	.db #0x0d	; 13
      000C09 7F                    3126 	.db #0x7f	; 127
      000C0A 72                    3127 	.db #0x72	; 114	'r'
      000C0B A0                    3128 	.db #0xa0	; 160
      000C0C 08                    3129 	.db #0x08	; 8
      000C0D 0F                    3130 	.db #0x0f	; 15
      000C0E 7F                    3131 	.db #0x7f	; 127
      000C0F 73                    3132 	.db #0x73	; 115	's'
      000C10 A0                    3133 	.db #0xa0	; 160
      000C11 02                    3134 	.db #0x02	; 2
      000C12 0F                    3135 	.db #0x0f	; 15
      000C13 7F                    3136 	.db #0x7f	; 127
      000C14 73                    3137 	.db #0x73	; 115	's'
      000C15 A0                    3138 	.db #0xa0	; 160
      000C16 09                    3139 	.db #0x09	; 9
      000C17 0E                    3140 	.db #0x0e	; 14
      000C18 7F                    3141 	.db #0x7f	; 127
      000C19 72                    3142 	.db #0x72	; 114	'r'
      000C1A A0                    3143 	.db #0xa0	; 160
      000C1B 04                    3144 	.db #0x04	; 4
      000C1C 93                    3145 	.db #0x93	; 147
      000C1D 71                    3146 	.db #0x71	; 113	'q'
      000C1E A0                    3147 	.db #0xa0	; 160
      000C1F 05                    3148 	.db #0x05	; 5
      000C20 01                    3149 	.db #0x01	; 1
      000C21 7F                    3150 	.db #0x7f	; 127
      000C22 72                    3151 	.db #0x72	; 114	'r'
      000C23 A0                    3152 	.db #0xa0	; 160
      000C24 0A                    3153 	.db #0x0a	; 10
      000C25 0F                    3154 	.db #0x0f	; 15
      000C26 61                    3155 	.db #0x61	; 97	'a'
      000C27 7A                    3156 	.db #0x7a	; 122	'z'
      000C28 02                    3157 	.db #0x02	; 2
      000C29 A0                    3158 	.db #0xa0	; 160
      000C2A 08                    3159 	.db #0x08	; 8
      000C2B 0B                    3160 	.db #0x0b	; 11
      000C2C 7F                    3161 	.db #0x7f	; 127
      000C2D 71                    3162 	.db #0x71	; 113	'q'
      000C2E A0                    3163 	.db #0xa0	; 160
      000C2F 09                    3164 	.db #0x09	; 9
      000C30 0B                    3165 	.db #0x0b	; 11
      000C31 7F                    3166 	.db #0x7f	; 127
      000C32 71                    3167 	.db #0x71	; 113	'q'
      000C33 A0                    3168 	.db #0xa0	; 160
      000C34 0A                    3169 	.db #0x0a	; 10
      000C35 0B                    3170 	.db #0x0b	; 11
      000C36 61                    3171 	.db #0x61	; 97	'a'
      000C37 85                    3172 	.db #0x85	; 133
      000C38 08                    3173 	.db #0x08	; 8
      000C39 A0                    3174 	.db #0xa0	; 160
      000C3A 09                    3175 	.db #0x09	; 9
      000C3B 0A                    3176 	.db #0x0a	; 10
      000C3C 61                    3177 	.db #0x61	; 97	'a'
      000C3D F0                    3178 	.db #0xf0	; 240
      000C3E 16                    3179 	.db #0x16	; 22
      000C3F A0                    3180 	.db #0xa0	; 160
      000C40 08                    3181 	.db #0x08	; 8
      000C41 08                    3182 	.db #0x08	; 8
      000C42 7F                    3183 	.db #0x7f	; 127
      000C43 73                    3184 	.db #0x73	; 115	's'
      000C44 A0                    3185 	.db #0xa0	; 160
      000C45 09                    3186 	.db #0x09	; 9
      000C46 08                    3187 	.db #0x08	; 8
      000C47 7F                    3188 	.db #0x7f	; 127
      000C48 71                    3189 	.db #0x71	; 113	'q'
      000C49 A0                    3190 	.db #0xa0	; 160
      000C4A 04                    3191 	.db #0x04	; 4
      000C4B 27                    3192 	.db #0x27	; 39
      000C4C 71                    3193 	.db #0x71	; 113	'q'
      000C4D A0                    3194 	.db #0xa0	; 160
      000C4E 05                    3195 	.db #0x05	; 5
      000C4F 03                    3196 	.db #0x03	; 3
      000C50 7F                    3197 	.db #0x7f	; 127
      000C51 71                    3198 	.db #0x71	; 113	'q'
      000C52 A0                    3199 	.db #0xa0	; 160
      000C53 0A                    3200 	.db #0x0a	; 10
      000C54 0F                    3201 	.db #0x0f	; 15
      000C55 61                    3202 	.db #0x61	; 97	'a'
      000C56 A1                    3203 	.db #0xa1	; 161
      000C57 02                    3204 	.db #0x02	; 2
      000C58 A0                    3205 	.db #0xa0	; 160
      000C59 08                    3206 	.db #0x08	; 8
      000C5A 06                    3207 	.db #0x06	; 6
      000C5B 7E                    3208 	.db #0x7e	; 126
      000C5C A0                    3209 	.db #0xa0	; 160
      000C5D 09                    3210 	.db #0x09	; 9
      000C5E 05                    3211 	.db #0x05	; 5
      000C5F 7F                    3212 	.db #0x7f	; 127
      000C60 A0                    3213 	.db #0xa0	; 160
      000C61 0A                    3214 	.db #0x0a	; 10
      000C62 0B                    3215 	.db #0x0b	; 11
      000C63 61                    3216 	.db #0x61	; 97	'a'
      000C64 C0                    3217 	.db #0xc0	; 192
      000C65 02                    3218 	.db #0x02	; 2
      000C66 A0                    3219 	.db #0xa0	; 160
      000C67 08                    3220 	.db #0x08	; 8
      000C68 03                    3221 	.db #0x03	; 3
      000C69 7E                    3222 	.db #0x7e	; 126
      000C6A A0                    3223 	.db #0xa0	; 160
      000C6B 09                    3224 	.db #0x09	; 9
      000C6C 03                    3225 	.db #0x03	; 3
      000C6D 61                    3226 	.db #0x61	; 97	'a'
      000C6E D0                    3227 	.db #0xd0	; 208
      000C6F 02                    3228 	.db #0x02	; 2
      000C70 A0                    3229 	.db #0xa0	; 160
      000C71 08                    3230 	.db #0x08	; 8
      000C72 01                    3231 	.db #0x01	; 1
      000C73 7E                    3232 	.db #0x7e	; 126
      000C74 A0                    3233 	.db #0xa0	; 160
      000C75 09                    3234 	.db #0x09	; 9
      000C76 01                    3235 	.db #0x01	; 1
      000C77 61                    3236 	.db #0x61	; 97	'a'
      000C78 D0                    3237 	.db #0xd0	; 208
      000C79 02                    3238 	.db #0x02	; 2
      000C7A A0                    3239 	.db #0xa0	; 160
      000C7B 08                    3240 	.db #0x08	; 8
      000C7C 00                    3241 	.db #0x00	; 0
      000C7D 7E                    3242 	.db #0x7e	; 126
      000C7E A0                    3243 	.db #0xa0	; 160
      000C7F 09                    3244 	.db #0x09	; 9
      000C80 00                    3245 	.db #0x00	; 0
      000C81 61                    3246 	.db #0x61	; 97	'a'
      000C82 B1                    3247 	.db #0xb1	; 177
      000C83 05                    3248 	.db #0x05	; 5
      000C84 A0                    3249 	.db #0xa0	; 160
      000C85 00                    3250 	.db #0x00	; 0
      000C86 C9                    3251 	.db #0xc9	; 201
      000C87 71                    3252 	.db #0x71	; 113	'q'
      000C88 A0                    3253 	.db #0xa0	; 160
      000C89 01                    3254 	.db #0x01	; 1
      000C8A 00                    3255 	.db #0x00	; 0
      000C8B 7F                    3256 	.db #0x7f	; 127
      000C8C 71                    3257 	.db #0x71	; 113	'q'
      000C8D A0                    3258 	.db #0xa0	; 160
      000C8E 08                    3259 	.db #0x08	; 8
      000C8F 0F                    3260 	.db #0x0f	; 15
      000C90 7F                    3261 	.db #0x7f	; 127
      000C91 73                    3262 	.db #0x73	; 115	's'
      000C92 A0                    3263 	.db #0xa0	; 160
      000C93 02                    3264 	.db #0x02	; 2
      000C94 CB                    3265 	.db #0xcb	; 203
      000C95 71                    3266 	.db #0x71	; 113	'q'
      000C96 A0                    3267 	.db #0xa0	; 160
      000C97 03                    3268 	.db #0x03	; 3
      000C98 00                    3269 	.db #0x00	; 0
      000C99 7F                    3270 	.db #0x7f	; 127
      000C9A 70                    3271 	.db #0x70	; 112	'p'
      000C9B A0                    3272 	.db #0xa0	; 160
      000C9C 09                    3273 	.db #0x09	; 9
      000C9D 0E                    3274 	.db #0x0e	; 14
      000C9E 61                    3275 	.db #0x61	; 97	'a'
      000C9F A2                    3276 	.db #0xa2	; 162
      000CA0 02                    3277 	.db #0x02	; 2
      000CA1 A0                    3278 	.db #0xa0	; 160
      000CA2 08                    3279 	.db #0x08	; 8
      000CA3 0B                    3280 	.db #0x0b	; 11
      000CA4 7F                    3281 	.db #0x7f	; 127
      000CA5 71                    3282 	.db #0x71	; 113	'q'
      000CA6 A0                    3283 	.db #0xa0	; 160
      000CA7 09                    3284 	.db #0x09	; 9
      000CA8 0B                    3285 	.db #0x0b	; 11
      000CA9 61                    3286 	.db #0x61	; 97	'a'
      000CAA 97                    3287 	.db #0x97	; 151
      000CAB 08                    3288 	.db #0x08	; 8
      000CAC A0                    3289 	.db #0xa0	; 160
      000CAD 09                    3290 	.db #0x09	; 9
      000CAE 0A                    3291 	.db #0x0a	; 10
      000CAF 61                    3292 	.db #0x61	; 97	'a'
      000CB0 D0                    3293 	.db #0xd0	; 208
      000CB1 05                    3294 	.db #0x05	; 5
      000CB2 A0                    3295 	.db #0xa0	; 160
      000CB3 0A                    3296 	.db #0x0a	; 10
      000CB4 08                    3297 	.db #0x08	; 8
      000CB5 61                    3298 	.db #0x61	; 97	'a'
      000CB6 DA                    3299 	.db #0xda	; 218
      000CB7 02                    3300 	.db #0x02	; 2
      000CB8 A0                    3301 	.db #0xa0	; 160
      000CB9 0A                    3302 	.db #0x0a	; 10
      000CBA 06                    3303 	.db #0x06	; 6
      000CBB 62                    3304 	.db #0x62	; 98	'b'
      000CBC A0                    3305 	.db #0xa0	; 160
      000CBD 0A                    3306 	.db #0x0a	; 10
      000CBE 03                    3307 	.db #0x03	; 3
      000CBF 62                    3308 	.db #0x62	; 98	'b'
      000CC0 A0                    3309 	.db #0xa0	; 160
      000CC1 0A                    3310 	.db #0x0a	; 10
      000CC2 01                    3311 	.db #0x01	; 1
      000CC3 62                    3312 	.db #0x62	; 98	'b'
      000CC4 A0                    3313 	.db #0xa0	; 160
      000CC5 0A                    3314 	.db #0x0a	; 10
      000CC6 00                    3315 	.db #0x00	; 0
      000CC7 61                    3316 	.db #0x61	; 97	'a'
      000CC8 A9                    3317 	.db #0xa9	; 169
      000CC9 05                    3318 	.db #0x05	; 5
      000CCA A0                    3319 	.db #0xa0	; 160
      000CCB 08                    3320 	.db #0x08	; 8
      000CCC 08                    3321 	.db #0x08	; 8
      000CCD 7F                    3322 	.db #0x7f	; 127
      000CCE 73                    3323 	.db #0x73	; 115	's'
      000CCF A0                    3324 	.db #0xa0	; 160
      000CD0 09                    3325 	.db #0x09	; 9
      000CD1 08                    3326 	.db #0x08	; 8
      000CD2 61                    3327 	.db #0x61	; 97	'a'
      000CD3 C7                    3328 	.db #0xc7	; 199
      000CD4 02                    3329 	.db #0x02	; 2
      000CD5 A0                    3330 	.db #0xa0	; 160
      000CD6 08                    3331 	.db #0x08	; 8
      000CD7 06                    3332 	.db #0x06	; 6
      000CD8 7E                    3333 	.db #0x7e	; 126
      000CD9 A0                    3334 	.db #0xa0	; 160
      000CDA 09                    3335 	.db #0x09	; 9
      000CDB 05                    3336 	.db #0x05	; 5
      000CDC 61                    3337 	.db #0x61	; 97	'a'
      000CDD D0                    3338 	.db #0xd0	; 208
      000CDE 02                    3339 	.db #0x02	; 2
      000CDF A0                    3340 	.db #0xa0	; 160
      000CE0 08                    3341 	.db #0x08	; 8
      000CE1 03                    3342 	.db #0x03	; 3
      000CE2 7E                    3343 	.db #0x7e	; 126
      000CE3 A0                    3344 	.db #0xa0	; 160
      000CE4 09                    3345 	.db #0x09	; 9
      000CE5 03                    3346 	.db #0x03	; 3
      000CE6 61                    3347 	.db #0x61	; 97	'a'
      000CE7 D0                    3348 	.db #0xd0	; 208
      000CE8 02                    3349 	.db #0x02	; 2
      000CE9 A0                    3350 	.db #0xa0	; 160
      000CEA 08                    3351 	.db #0x08	; 8
      000CEB 01                    3352 	.db #0x01	; 1
      000CEC 7E                    3353 	.db #0x7e	; 126
      000CED A0                    3354 	.db #0xa0	; 160
      000CEE 09                    3355 	.db #0x09	; 9
      000CEF 01                    3356 	.db #0x01	; 1
      000CF0 61                    3357 	.db #0x61	; 97	'a'
      000CF1 D0                    3358 	.db #0xd0	; 208
      000CF2 02                    3359 	.db #0x02	; 2
      000CF3 A0                    3360 	.db #0xa0	; 160
      000CF4 08                    3361 	.db #0x08	; 8
      000CF5 00                    3362 	.db #0x00	; 0
      000CF6 7E                    3363 	.db #0x7e	; 126
      000CF7 A0                    3364 	.db #0xa0	; 160
      000CF8 09                    3365 	.db #0x09	; 9
      000CF9 00                    3366 	.db #0x00	; 0
      000CFA 61                    3367 	.db #0x61	; 97	'a'
      000CFB B1                    3368 	.db #0xb1	; 177
      000CFC 05                    3369 	.db #0x05	; 5
      000CFD A0                    3370 	.db #0xa0	; 160
      000CFE 00                    3371 	.db #0x00	; 0
      000CFF A0                    3372 	.db #0xa0	; 160
      000D00 7F                    3373 	.db #0x7f	; 127
      000D01 73                    3374 	.db #0x73	; 115	's'
      000D02 A0                    3375 	.db #0xa0	; 160
      000D03 08                    3376 	.db #0x08	; 8
      000D04 0F                    3377 	.db #0x0f	; 15
      000D05 7F                    3378 	.db #0x7f	; 127
      000D06 73                    3379 	.db #0x73	; 115	's'
      000D07 A0                    3380 	.db #0xa0	; 160
      000D08 02                    3381 	.db #0x02	; 2
      000D09 A1                    3382 	.db #0xa1	; 161
      000D0A 7F                    3383 	.db #0x7f	; 127
      000D0B 72                    3384 	.db #0x72	; 114	'r'
      000D0C A0                    3385 	.db #0xa0	; 160
      000D0D 09                    3386 	.db #0x09	; 9
      000D0E 0E                    3387 	.db #0x0e	; 14
      000D0F 61                    3388 	.db #0x61	; 97	'a'
      000D10 28                    3389 	.db #0x28	; 40
      000D11 00                    3390 	.db #0x00	; 0
      000D12 A0                    3391 	.db #0xa0	; 160
      000D13 0A                    3392 	.db #0x0a	; 10
      000D14 0F                    3393 	.db #0x0f	; 15
      000D15 61                    3394 	.db #0x61	; 97	'a'
      000D16 7A                    3395 	.db #0x7a	; 122	'z'
      000D17 02                    3396 	.db #0x02	; 2
      000D18 A0                    3397 	.db #0xa0	; 160
      000D19 08                    3398 	.db #0x08	; 8
      000D1A 0B                    3399 	.db #0x0b	; 11
      000D1B 7F                    3400 	.db #0x7f	; 127
      000D1C 71                    3401 	.db #0x71	; 113	'q'
      000D1D A0                    3402 	.db #0xa0	; 160
      000D1E 09                    3403 	.db #0x09	; 9
      000D1F 0B                    3404 	.db #0x0b	; 11
      000D20 7F                    3405 	.db #0x7f	; 127
      000D21 71                    3406 	.db #0x71	; 113	'q'
      000D22 A0                    3407 	.db #0xa0	; 160
      000D23 0A                    3408 	.db #0x0a	; 10
      000D24 0B                    3409 	.db #0x0b	; 11
      000D25 61                    3410 	.db #0x61	; 97	'a'
      000D26 85                    3411 	.db #0x85	; 133
      000D27 08                    3412 	.db #0x08	; 8
      000D28 A0                    3413 	.db #0xa0	; 160
      000D29 09                    3414 	.db #0x09	; 9
      000D2A 0A                    3415 	.db #0x0a	; 10
      000D2B 61                    3416 	.db #0x61	; 97	'a'
      000D2C EE                    3417 	.db #0xee	; 238
      000D2D 16                    3418 	.db #0x16	; 22
      000D2E A0                    3419 	.db #0xa0	; 160
      000D2F 00                    3420 	.db #0x00	; 0
      000D30 97                    3421 	.db #0x97	; 151
      000D31 7F                    3422 	.db #0x7f	; 127
      000D32 73                    3423 	.db #0x73	; 115	's'
      000D33 A0                    3424 	.db #0xa0	; 160
      000D34 08                    3425 	.db #0x08	; 8
      000D35 0F                    3426 	.db #0x0f	; 15
      000D36 7F                    3427 	.db #0x7f	; 127
      000D37 73                    3428 	.db #0x73	; 115	's'
      000D38 A0                    3429 	.db #0xa0	; 160
      000D39 02                    3430 	.db #0x02	; 2
      000D3A 98                    3431 	.db #0x98	; 152
      000D3B 7F                    3432 	.db #0x7f	; 127
      000D3C 72                    3433 	.db #0x72	; 114	'r'
      000D3D A0                    3434 	.db #0xa0	; 160
      000D3E 09                    3435 	.db #0x09	; 9
      000D3F 0E                    3436 	.db #0x0e	; 14
      000D40 7F                    3437 	.db #0x7f	; 127
      000D41 73                    3438 	.db #0x73	; 115	's'
      000D42 A0                    3439 	.db #0xa0	; 160
      000D43 04                    3440 	.db #0x04	; 4
      000D44 93                    3441 	.db #0x93	; 147
      000D45 71                    3442 	.db #0x71	; 113	'q'
      000D46 A0                    3443 	.db #0xa0	; 160
      000D47 05                    3444 	.db #0x05	; 5
      000D48 01                    3445 	.db #0x01	; 1
      000D49 7F                    3446 	.db #0x7f	; 127
      000D4A 71                    3447 	.db #0x71	; 113	'q'
      000D4B A0                    3448 	.db #0xa0	; 160
      000D4C 0A                    3449 	.db #0x0a	; 10
      000D4D 0F                    3450 	.db #0x0f	; 15
      000D4E 61                    3451 	.db #0x61	; 97	'a'
      000D4F 7A                    3452 	.db #0x7a	; 122	'z'
      000D50 02                    3453 	.db #0x02	; 2
      000D51 A0                    3454 	.db #0xa0	; 160
      000D52 08                    3455 	.db #0x08	; 8
      000D53 0B                    3456 	.db #0x0b	; 11
      000D54 7F                    3457 	.db #0x7f	; 127
      000D55 71                    3458 	.db #0x71	; 113	'q'
      000D56 A0                    3459 	.db #0xa0	; 160
      000D57 09                    3460 	.db #0x09	; 9
      000D58 0B                    3461 	.db #0x0b	; 11
      000D59 7F                    3462 	.db #0x7f	; 127
      000D5A 71                    3463 	.db #0x71	; 113	'q'
      000D5B A0                    3464 	.db #0xa0	; 160
      000D5C 0A                    3465 	.db #0x0a	; 10
      000D5D 0B                    3466 	.db #0x0b	; 11
      000D5E 61                    3467 	.db #0x61	; 97	'a'
      000D5F 85                    3468 	.db #0x85	; 133
      000D60 08                    3469 	.db #0x08	; 8
      000D61 A0                    3470 	.db #0xa0	; 160
      000D62 09                    3471 	.db #0x09	; 9
      000D63 0A                    3472 	.db #0x0a	; 10
      000D64 61                    3473 	.db #0x61	; 97	'a'
      000D65 EE                    3474 	.db #0xee	; 238
      000D66 16                    3475 	.db #0x16	; 22
      000D67 A0                    3476 	.db #0xa0	; 160
      000D68 00                    3477 	.db #0x00	; 0
      000D69 86                    3478 	.db #0x86	; 134
      000D6A 7F                    3479 	.db #0x7f	; 127
      000D6B 73                    3480 	.db #0x73	; 115	's'
      000D6C A0                    3481 	.db #0xa0	; 160
      000D6D 08                    3482 	.db #0x08	; 8
      000D6E 0F                    3483 	.db #0x0f	; 15
      000D6F 7F                    3484 	.db #0x7f	; 127
      000D70 73                    3485 	.db #0x73	; 115	's'
      000D71 A0                    3486 	.db #0xa0	; 160
      000D72 02                    3487 	.db #0x02	; 2
      000D73 87                    3488 	.db #0x87	; 135
      000D74 7F                    3489 	.db #0x7f	; 127
      000D75 72                    3490 	.db #0x72	; 114	'r'
      000D76 A0                    3491 	.db #0xa0	; 160
      000D77 09                    3492 	.db #0x09	; 9
      000D78 0E                    3493 	.db #0x0e	; 14
      000D79 7F                    3494 	.db #0x7f	; 127
      000D7A 73                    3495 	.db #0x73	; 115	's'
      000D7B A0                    3496 	.db #0xa0	; 160
      000D7C 04                    3497 	.db #0x04	; 4
      000D7D 27                    3498 	.db #0x27	; 39
      000D7E 71                    3499 	.db #0x71	; 113	'q'
      000D7F A0                    3500 	.db #0xa0	; 160
      000D80 05                    3501 	.db #0x05	; 5
      000D81 03                    3502 	.db #0x03	; 3
      000D82 7F                    3503 	.db #0x7f	; 127
      000D83 71                    3504 	.db #0x71	; 113	'q'
      000D84 A0                    3505 	.db #0xa0	; 160
      000D85 0A                    3506 	.db #0x0a	; 10
      000D86 0F                    3507 	.db #0x0f	; 15
      000D87 61                    3508 	.db #0x61	; 97	'a'
      000D88 7A                    3509 	.db #0x7a	; 122	'z'
      000D89 02                    3510 	.db #0x02	; 2
      000D8A A0                    3511 	.db #0xa0	; 160
      000D8B 08                    3512 	.db #0x08	; 8
      000D8C 0B                    3513 	.db #0x0b	; 11
      000D8D 7F                    3514 	.db #0x7f	; 127
      000D8E 71                    3515 	.db #0x71	; 113	'q'
      000D8F A0                    3516 	.db #0xa0	; 160
      000D90 09                    3517 	.db #0x09	; 9
      000D91 0B                    3518 	.db #0x0b	; 11
      000D92 7F                    3519 	.db #0x7f	; 127
      000D93 71                    3520 	.db #0x71	; 113	'q'
      000D94 A0                    3521 	.db #0xa0	; 160
      000D95 0A                    3522 	.db #0x0a	; 10
      000D96 0B                    3523 	.db #0x0b	; 11
      000D97 61                    3524 	.db #0x61	; 97	'a'
      000D98 85                    3525 	.db #0x85	; 133
      000D99 08                    3526 	.db #0x08	; 8
      000D9A A0                    3527 	.db #0xa0	; 160
      000D9B 09                    3528 	.db #0x09	; 9
      000D9C 0A                    3529 	.db #0x0a	; 10
      000D9D 61                    3530 	.db #0x61	; 97	'a'
      000D9E 06                    3531 	.db #0x06	; 6
      000D9F 17                    3532 	.db #0x17	; 23
      000DA0 A0                    3533 	.db #0xa0	; 160
      000DA1 04                    3534 	.db #0x04	; 4
      000DA2 F9                    3535 	.db #0xf9	; 249
      000DA3 7F                    3536 	.db #0x7f	; 127
      000DA4 74                    3537 	.db #0x74	; 116	't'
      000DA5 A0                    3538 	.db #0xa0	; 160
      000DA6 0A                    3539 	.db #0x0a	; 10
      000DA7 0F                    3540 	.db #0x0f	; 15
      000DA8 61                    3541 	.db #0x61	; 97	'a'
      000DA9 CA                    3542 	.db #0xca	; 202
      000DAA 02                    3543 	.db #0x02	; 2
      000DAB A0                    3544 	.db #0xa0	; 160
      000DAC 0A                    3545 	.db #0x0a	; 10
      000DAD 0B                    3546 	.db #0x0b	; 11
      000DAE 61                    3547 	.db #0x61	; 97	'a'
      000DAF 83                    3548 	.db #0x83	; 131
      000DB0 08                    3549 	.db #0x08	; 8
      000DB1 A0                    3550 	.db #0xa0	; 160
      000DB2 08                    3551 	.db #0x08	; 8
      000DB3 0A                    3552 	.db #0x0a	; 10
      000DB4 61                    3553 	.db #0x61	; 97	'a'
      000DB5 67                    3554 	.db #0x67	; 103	'g'
      000DB6 0E                    3555 	.db #0x0e	; 14
      000DB7 A0                    3556 	.db #0xa0	; 160
      000DB8 09                    3557 	.db #0x09	; 9
      000DB9 09                    3558 	.db #0x09	; 9
      000DBA 61                    3559 	.db #0x61	; 97	'a'
      000DBB C0                    3560 	.db #0xc0	; 192
      000DBC 08                    3561 	.db #0x08	; 8
      000DBD A0                    3562 	.db #0xa0	; 160
      000DBE 0A                    3563 	.db #0x0a	; 10
      000DBF 0F                    3564 	.db #0x0f	; 15
      000DC0 61                    3565 	.db #0x61	; 97	'a'
      000DC1 CA                    3566 	.db #0xca	; 202
      000DC2 02                    3567 	.db #0x02	; 2
      000DC3 A0                    3568 	.db #0xa0	; 160
      000DC4 0A                    3569 	.db #0x0a	; 10
      000DC5 0B                    3570 	.db #0x0b	; 11
      000DC6 61                    3571 	.db #0x61	; 97	'a'
      000DC7 FF                    3572 	.db #0xff	; 255
      000DC8 13                    3573 	.db #0x13	; 19
      000DC9 A0                    3574 	.db #0xa0	; 160
      000DCA 08                    3575 	.db #0x08	; 8
      000DCB 09                    3576 	.db #0x09	; 9
      000DCC 61                    3577 	.db #0x61	; 97	'a'
      000DCD 97                    3578 	.db #0x97	; 151
      000DCE 0B                    3579 	.db #0x0b	; 11
      000DCF A0                    3580 	.db #0xa0	; 160
      000DD0 04                    3581 	.db #0x04	; 4
      000DD1 FC                    3582 	.db #0xfc	; 252
      000DD2 71                    3583 	.db #0x71	; 113	'q'
      000DD3 A0                    3584 	.db #0xa0	; 160
      000DD4 05                    3585 	.db #0x05	; 5
      000DD5 01                    3586 	.db #0x01	; 1
      000DD6 7F                    3587 	.db #0x7f	; 127
      000DD7 71                    3588 	.db #0x71	; 113	'q'
      000DD8 A0                    3589 	.db #0xa0	; 160
      000DD9 0A                    3590 	.db #0x0a	; 10
      000DDA 0F                    3591 	.db #0x0f	; 15
      000DDB 61                    3592 	.db #0x61	; 97	'a'
      000DDC CA                    3593 	.db #0xca	; 202
      000DDD 02                    3594 	.db #0x02	; 2
      000DDE A0                    3595 	.db #0xa0	; 160
      000DDF 0A                    3596 	.db #0x0a	; 10
      000DE0 0B                    3597 	.db #0x0b	; 11
      000DE1 61                    3598 	.db #0x61	; 97	'a'
      000DE2 D1                    3599 	.db #0xd1	; 209
      000DE3 02                    3600 	.db #0x02	; 2
      000DE4 A0                    3601 	.db #0xa0	; 160
      000DE5 09                    3602 	.db #0x09	; 9
      000DE6 08                    3603 	.db #0x08	; 8
      000DE7 61                    3604 	.db #0x61	; 97	'a'
      000DE8 AA                    3605 	.db #0xaa	; 170
      000DE9 1C                    3606 	.db #0x1c	; 28
      000DEA A0                    3607 	.db #0xa0	; 160
      000DEB 08                    3608 	.db #0x08	; 8
      000DEC 08                    3609 	.db #0x08	; 8
      000DED 7F                    3610 	.db #0x7f	; 127
      000DEE 7C                    3611 	.db #0x7c	; 124
      000DEF A0                    3612 	.db #0xa0	; 160
      000DF0 04                    3613 	.db #0x04	; 4
      000DF1 F9                    3614 	.db #0xf9	; 249
      000DF2 71                    3615 	.db #0x71	; 113	'q'
      000DF3 A0                    3616 	.db #0xa0	; 160
      000DF4 05                    3617 	.db #0x05	; 5
      000DF5 03                    3618 	.db #0x03	; 3
      000DF6 7F                    3619 	.db #0x7f	; 127
      000DF7 71                    3620 	.db #0x71	; 113	'q'
      000DF8 A0                    3621 	.db #0xa0	; 160
      000DF9 0A                    3622 	.db #0x0a	; 10
      000DFA 0F                    3623 	.db #0x0f	; 15
      000DFB 61                    3624 	.db #0x61	; 97	'a'
      000DFC C8                    3625 	.db #0xc8	; 200
      000DFD 02                    3626 	.db #0x02	; 2
      000DFE A0                    3627 	.db #0xa0	; 160
      000DFF 0A                    3628 	.db #0x0a	; 10
      000E00 0B                    3629 	.db #0x0b	; 11
      000E01 61                    3630 	.db #0x61	; 97	'a'
      000E02 45                    3631 	.db #0x45	; 69	'E'
      000E03 0E                    3632 	.db #0x0e	; 14
      000E04 A0                    3633 	.db #0xa0	; 160
      000E05 08                    3634 	.db #0x08	; 8
      000E06 06                    3635 	.db #0x06	; 6
      000E07 7F                    3636 	.db #0x7f	; 127
      000E08 73                    3637 	.db #0x73	; 115	's'
      000E09 A0                    3638 	.db #0xa0	; 160
      000E0A 09                    3639 	.db #0x09	; 9
      000E0B 05                    3640 	.db #0x05	; 5
      000E0C 61                    3641 	.db #0x61	; 97	'a'
      000E0D C7                    3642 	.db #0xc7	; 199
      000E0E 02                    3643 	.db #0x02	; 2
      000E0F A0                    3644 	.db #0xa0	; 160
      000E10 08                    3645 	.db #0x08	; 8
      000E11 03                    3646 	.db #0x03	; 3
      000E12 7E                    3647 	.db #0x7e	; 126
      000E13 A0                    3648 	.db #0xa0	; 160
      000E14 09                    3649 	.db #0x09	; 9
      000E15 03                    3650 	.db #0x03	; 3
      000E16 61                    3651 	.db #0x61	; 97	'a'
      000E17 D0                    3652 	.db #0xd0	; 208
      000E18 02                    3653 	.db #0x02	; 2
      000E19 A0                    3654 	.db #0xa0	; 160
      000E1A 08                    3655 	.db #0x08	; 8
      000E1B 01                    3656 	.db #0x01	; 1
      000E1C 7E                    3657 	.db #0x7e	; 126
      000E1D A0                    3658 	.db #0xa0	; 160
      000E1E 09                    3659 	.db #0x09	; 9
      000E1F 01                    3660 	.db #0x01	; 1
      000E20 61                    3661 	.db #0x61	; 97	'a'
      000E21 D0                    3662 	.db #0xd0	; 208
      000E22 02                    3663 	.db #0x02	; 2
      000E23 A0                    3664 	.db #0xa0	; 160
      000E24 08                    3665 	.db #0x08	; 8
      000E25 00                    3666 	.db #0x00	; 0
      000E26 7E                    3667 	.db #0x7e	; 126
      000E27 A0                    3668 	.db #0xa0	; 160
      000E28 09                    3669 	.db #0x09	; 9
      000E29 00                    3670 	.db #0x00	; 0
      000E2A 61                    3671 	.db #0x61	; 97	'a'
      000E2B 90                    3672 	.db #0x90	; 144
      000E2C 08                    3673 	.db #0x08	; 8
      000E2D A0                    3674 	.db #0xa0	; 160
      000E2E 00                    3675 	.db #0x00	; 0
      000E2F C9                    3676 	.db #0xc9	; 201
      000E30 7F                    3677 	.db #0x7f	; 127
      000E31 73                    3678 	.db #0x73	; 115	's'
      000E32 A0                    3679 	.db #0xa0	; 160
      000E33 08                    3680 	.db #0x08	; 8
      000E34 0F                    3681 	.db #0x0f	; 15
      000E35 7F                    3682 	.db #0x7f	; 127
      000E36 73                    3683 	.db #0x73	; 115	's'
      000E37 A0                    3684 	.db #0xa0	; 160
      000E38 02                    3685 	.db #0x02	; 2
      000E39 CB                    3686 	.db #0xcb	; 203
      000E3A 7F                    3687 	.db #0x7f	; 127
      000E3B 72                    3688 	.db #0x72	; 114	'r'
      000E3C A0                    3689 	.db #0xa0	; 160
      000E3D 09                    3690 	.db #0x09	; 9
      000E3E 0E                    3691 	.db #0x0e	; 14
      000E3F 7F                    3692 	.db #0x7f	; 127
      000E40 76                    3693 	.db #0x76	; 118	'v'
      000E41 A0                    3694 	.db #0xa0	; 160
      000E42 0A                    3695 	.db #0x0a	; 10
      000E43 08                    3696 	.db #0x08	; 8
      000E44 61                    3697 	.db #0x61	; 97	'a'
      000E45 8B                    3698 	.db #0x8b	; 139
      000E46 02                    3699 	.db #0x02	; 2
      000E47 A0                    3700 	.db #0xa0	; 160
      000E48 08                    3701 	.db #0x08	; 8
      000E49 0B                    3702 	.db #0x0b	; 11
      000E4A 7F                    3703 	.db #0x7f	; 127
      000E4B 71                    3704 	.db #0x71	; 113	'q'
      000E4C A0                    3705 	.db #0xa0	; 160
      000E4D 09                    3706 	.db #0x09	; 9
      000E4E 0B                    3707 	.db #0x0b	; 11
      000E4F 7F                    3708 	.db #0x7f	; 127
      000E50 71                    3709 	.db #0x71	; 113	'q'
      000E51 A0                    3710 	.db #0xa0	; 160
      000E52 0A                    3711 	.db #0x0a	; 10
      000E53 06                    3712 	.db #0x06	; 6
      000E54 61                    3713 	.db #0x61	; 97	'a'
      000E55 D4                    3714 	.db #0xd4	; 212
      000E56 02                    3715 	.db #0x02	; 2
      000E57 A0                    3716 	.db #0xa0	; 160
      000E58 0A                    3717 	.db #0x0a	; 10
      000E59 03                    3718 	.db #0x03	; 3
      000E5A 62                    3719 	.db #0x62	; 98	'b'
      000E5B A0                    3720 	.db #0xa0	; 160
      000E5C 0A                    3721 	.db #0x0a	; 10
      000E5D 01                    3722 	.db #0x01	; 1
      000E5E 61                    3723 	.db #0x61	; 97	'a'
      000E5F D2                    3724 	.db #0xd2	; 210
      000E60 02                    3725 	.db #0x02	; 2
      000E61 A0                    3726 	.db #0xa0	; 160
      000E62 09                    3727 	.db #0x09	; 9
      000E63 0A                    3728 	.db #0x0a	; 10
      000E64 7F                    3729 	.db #0x7f	; 127
      000E65 A0                    3730 	.db #0xa0	; 160
      000E66 0A                    3731 	.db #0x0a	; 10
      000E67 00                    3732 	.db #0x00	; 0
      000E68 61                    3733 	.db #0x61	; 97	'a'
      000E69 F7                    3734 	.db #0xf7	; 247
      000E6A 16                    3735 	.db #0x16	; 22
      000E6B A0                    3736 	.db #0xa0	; 160
      000E6C 04                    3737 	.db #0x04	; 4
      000E6D 8A                    3738 	.db #0x8a	; 138
      000E6E 7F                    3739 	.db #0x7f	; 127
      000E6F 73                    3740 	.db #0x73	; 115	's'
      000E70 A0                    3741 	.db #0xa0	; 160
      000E71 0A                    3742 	.db #0x0a	; 10
      000E72 0F                    3743 	.db #0x0f	; 15
      000E73 61                    3744 	.db #0x61	; 97	'a'
      000E74 CA                    3745 	.db #0xca	; 202
      000E75 02                    3746 	.db #0x02	; 2
      000E76 A0                    3747 	.db #0xa0	; 160
      000E77 0A                    3748 	.db #0x0a	; 10
      000E78 0B                    3749 	.db #0x0b	; 11
      000E79 61                    3750 	.db #0x61	; 97	'a'
      000E7A 83                    3751 	.db #0x83	; 131
      000E7B 08                    3752 	.db #0x08	; 8
      000E7C A0                    3753 	.db #0xa0	; 160
      000E7D 08                    3754 	.db #0x08	; 8
      000E7E 0A                    3755 	.db #0x0a	; 10
      000E7F 61                    3756 	.db #0x61	; 97	'a'
      000E80 C2                    3757 	.db #0xc2	; 194
      000E81 05                    3758 	.db #0x05	; 5
      000E82 A0                    3759 	.db #0xa0	; 160
      000E83 08                    3760 	.db #0x08	; 8
      000E84 08                    3761 	.db #0x08	; 8
      000E85 7F                    3762 	.db #0x7f	; 127
      000E86 73                    3763 	.db #0x73	; 115	's'
      000E87 A0                    3764 	.db #0xa0	; 160
      000E88 09                    3765 	.db #0x09	; 9
      000E89 07                    3766 	.db #0x07	; 7
      000E8A 61                    3767 	.db #0x61	; 97	'a'
      000E8B C7                    3768 	.db #0xc7	; 199
      000E8C 02                    3769 	.db #0x02	; 2
      000E8D A0                    3770 	.db #0xa0	; 160
      000E8E 08                    3771 	.db #0x08	; 8
      000E8F 05                    3772 	.db #0x05	; 5
      000E90 7E                    3773 	.db #0x7e	; 126
      000E91 A0                    3774 	.db #0xa0	; 160
      000E92 09                    3775 	.db #0x09	; 9
      000E93 05                    3776 	.db #0x05	; 5
      000E94 61                    3777 	.db #0x61	; 97	'a'
      000E95 D0                    3778 	.db #0xd0	; 208
      000E96 02                    3779 	.db #0x02	; 2
      000E97 A0                    3780 	.db #0xa0	; 160
      000E98 08                    3781 	.db #0x08	; 8
      000E99 03                    3782 	.db #0x03	; 3
      000E9A 7E                    3783 	.db #0x7e	; 126
      000E9B A0                    3784 	.db #0xa0	; 160
      000E9C 09                    3785 	.db #0x09	; 9
      000E9D 03                    3786 	.db #0x03	; 3
      000E9E 61                    3787 	.db #0x61	; 97	'a'
      000E9F D0                    3788 	.db #0xd0	; 208
      000EA0 02                    3789 	.db #0x02	; 2
      000EA1 A0                    3790 	.db #0xa0	; 160
      000EA2 08                    3791 	.db #0x08	; 8
      000EA3 00                    3792 	.db #0x00	; 0
      000EA4 7E                    3793 	.db #0x7e	; 126
      000EA5 A0                    3794 	.db #0xa0	; 160
      000EA6 09                    3795 	.db #0x09	; 9
      000EA7 00                    3796 	.db #0x00	; 0
      000EA8 61                    3797 	.db #0x61	; 97	'a'
      000EA9 90                    3798 	.db #0x90	; 144
      000EAA 08                    3799 	.db #0x08	; 8
      000EAB A0                    3800 	.db #0xa0	; 160
      000EAC 00                    3801 	.db #0x00	; 0
      000EAD B3                    3802 	.db #0xb3	; 179
      000EAE 7F                    3803 	.db #0x7f	; 127
      000EAF 73                    3804 	.db #0x73	; 115	's'
      000EB0 A0                    3805 	.db #0xa0	; 160
      000EB1 08                    3806 	.db #0x08	; 8
      000EB2 0F                    3807 	.db #0x0f	; 15
      000EB3 7F                    3808 	.db #0x7f	; 127
      000EB4 73                    3809 	.db #0x73	; 115	's'
      000EB5 A0                    3810 	.db #0xa0	; 160
      000EB6 02                    3811 	.db #0x02	; 2
      000EB7 B5                    3812 	.db #0xb5	; 181
      000EB8 7F                    3813 	.db #0x7f	; 127
      000EB9 72                    3814 	.db #0x72	; 114	'r'
      000EBA A0                    3815 	.db #0xa0	; 160
      000EBB 09                    3816 	.db #0x09	; 9
      000EBC 0E                    3817 	.db #0x0e	; 14
      000EBD 7F                    3818 	.db #0x7f	; 127
      000EBE 73                    3819 	.db #0x73	; 115	's'
      000EBF A0                    3820 	.db #0xa0	; 160
      000EC0 04                    3821 	.db #0x04	; 4
      000EC1 C5                    3822 	.db #0xc5	; 197
      000EC2 71                    3823 	.db #0x71	; 113	'q'
      000EC3 A0                    3824 	.db #0xa0	; 160
      000EC4 05                    3825 	.db #0x05	; 5
      000EC5 01                    3826 	.db #0x01	; 1
      000EC6 7F                    3827 	.db #0x7f	; 127
      000EC7 71                    3828 	.db #0x71	; 113	'q'
      000EC8 A0                    3829 	.db #0xa0	; 160
      000EC9 0A                    3830 	.db #0x0a	; 10
      000ECA 0F                    3831 	.db #0x0f	; 15
      000ECB 61                    3832 	.db #0x61	; 97	'a'
      000ECC 7A                    3833 	.db #0x7a	; 122	'z'
      000ECD 02                    3834 	.db #0x02	; 2
      000ECE A0                    3835 	.db #0xa0	; 160
      000ECF 08                    3836 	.db #0x08	; 8
      000ED0 0B                    3837 	.db #0x0b	; 11
      000ED1 7F                    3838 	.db #0x7f	; 127
      000ED2 71                    3839 	.db #0x71	; 113	'q'
      000ED3 A0                    3840 	.db #0xa0	; 160
      000ED4 09                    3841 	.db #0x09	; 9
      000ED5 0B                    3842 	.db #0x0b	; 11
      000ED6 7F                    3843 	.db #0x7f	; 127
      000ED7 71                    3844 	.db #0x71	; 113	'q'
      000ED8 A0                    3845 	.db #0xa0	; 160
      000ED9 0A                    3846 	.db #0x0a	; 10
      000EDA 0B                    3847 	.db #0x0b	; 11
      000EDB 61                    3848 	.db #0x61	; 97	'a'
      000EDC 85                    3849 	.db #0x85	; 133
      000EDD 08                    3850 	.db #0x08	; 8
      000EDE A0                    3851 	.db #0xa0	; 160
      000EDF 09                    3852 	.db #0x09	; 9
      000EE0 0A                    3853 	.db #0x0a	; 10
      000EE1 61                    3854 	.db #0x61	; 97	'a'
      000EE2 07                    3855 	.db #0x07	; 7
      000EE3 17                    3856 	.db #0x17	; 23
      000EE4 A0                    3857 	.db #0xa0	; 160
      000EE5 04                    3858 	.db #0x04	; 4
      000EE6 8A                    3859 	.db #0x8a	; 138
      000EE7 71                    3860 	.db #0x71	; 113	'q'
      000EE8 A0                    3861 	.db #0xa0	; 160
      000EE9 05                    3862 	.db #0x05	; 5
      000EEA 03                    3863 	.db #0x03	; 3
      000EEB 7F                    3864 	.db #0x7f	; 127
      000EEC 71                    3865 	.db #0x71	; 113	'q'
      000EED A0                    3866 	.db #0xa0	; 160
      000EEE 0A                    3867 	.db #0x0a	; 10
      000EEF 0F                    3868 	.db #0x0f	; 15
      000EF0 61                    3869 	.db #0x61	; 97	'a'
      000EF1 CA                    3870 	.db #0xca	; 202
      000EF2 02                    3871 	.db #0x02	; 2
      000EF3 A0                    3872 	.db #0xa0	; 160
      000EF4 0A                    3873 	.db #0x0a	; 10
      000EF5 0B                    3874 	.db #0x0b	; 11
      000EF6 61                    3875 	.db #0x61	; 97	'a'
      000EF7 83                    3876 	.db #0x83	; 131
      000EF8 08                    3877 	.db #0x08	; 8
      000EF9 A0                    3878 	.db #0xa0	; 160
      000EFA 08                    3879 	.db #0x08	; 8
      000EFB 0A                    3880 	.db #0x0a	; 10
      000EFC 61                    3881 	.db #0x61	; 97	'a'
      000EFD C2                    3882 	.db #0xc2	; 194
      000EFE 05                    3883 	.db #0x05	; 5
      000EFF A0                    3884 	.db #0xa0	; 160
      000F00 08                    3885 	.db #0x08	; 8
      000F01 08                    3886 	.db #0x08	; 8
      000F02 7F                    3887 	.db #0x7f	; 127
      000F03 73                    3888 	.db #0x73	; 115	's'
      000F04 A0                    3889 	.db #0xa0	; 160
      000F05 09                    3890 	.db #0x09	; 9
      000F06 07                    3891 	.db #0x07	; 7
      000F07 61                    3892 	.db #0x61	; 97	'a'
      000F08 C7                    3893 	.db #0xc7	; 199
      000F09 02                    3894 	.db #0x02	; 2
      000F0A A0                    3895 	.db #0xa0	; 160
      000F0B 08                    3896 	.db #0x08	; 8
      000F0C 05                    3897 	.db #0x05	; 5
      000F0D 7E                    3898 	.db #0x7e	; 126
      000F0E A0                    3899 	.db #0xa0	; 160
      000F0F 09                    3900 	.db #0x09	; 9
      000F10 05                    3901 	.db #0x05	; 5
      000F11 61                    3902 	.db #0x61	; 97	'a'
      000F12 D0                    3903 	.db #0xd0	; 208
      000F13 02                    3904 	.db #0x02	; 2
      000F14 A0                    3905 	.db #0xa0	; 160
      000F15 08                    3906 	.db #0x08	; 8
      000F16 03                    3907 	.db #0x03	; 3
      000F17 7E                    3908 	.db #0x7e	; 126
      000F18 A0                    3909 	.db #0xa0	; 160
      000F19 09                    3910 	.db #0x09	; 9
      000F1A 03                    3911 	.db #0x03	; 3
      000F1B 61                    3912 	.db #0x61	; 97	'a'
      000F1C D0                    3913 	.db #0xd0	; 208
      000F1D 02                    3914 	.db #0x02	; 2
      000F1E A0                    3915 	.db #0xa0	; 160
      000F1F 08                    3916 	.db #0x08	; 8
      000F20 00                    3917 	.db #0x00	; 0
      000F21 7E                    3918 	.db #0x7e	; 126
      000F22 A0                    3919 	.db #0xa0	; 160
      000F23 09                    3920 	.db #0x09	; 9
      000F24 00                    3921 	.db #0x00	; 0
      000F25 61                    3922 	.db #0x61	; 97	'a'
      000F26 90                    3923 	.db #0x90	; 144
      000F27 08                    3924 	.db #0x08	; 8
      000F28 A0                    3925 	.db #0xa0	; 160
      000F29 00                    3926 	.db #0x00	; 0
      000F2A A9                    3927 	.db #0xa9	; 169
      000F2B 7F                    3928 	.db #0x7f	; 127
      000F2C 73                    3929 	.db #0x73	; 115	's'
      000F2D A0                    3930 	.db #0xa0	; 160
      000F2E 08                    3931 	.db #0x08	; 8
      000F2F 0F                    3932 	.db #0x0f	; 15
      000F30 7F                    3933 	.db #0x7f	; 127
      000F31 73                    3934 	.db #0x73	; 115	's'
      000F32 A0                    3935 	.db #0xa0	; 160
      000F33 02                    3936 	.db #0x02	; 2
      000F34 AA                    3937 	.db #0xaa	; 170
      000F35 7F                    3938 	.db #0x7f	; 127
      000F36 72                    3939 	.db #0x72	; 114	'r'
      000F37 A0                    3940 	.db #0xa0	; 160
      000F38 09                    3941 	.db #0x09	; 9
      000F39 0E                    3942 	.db #0x0e	; 14
      000F3A 7F                    3943 	.db #0x7f	; 127
      000F3B 72                    3944 	.db #0x72	; 114	'r'
      000F3C A0                    3945 	.db #0xa0	; 160
      000F3D 04                    3946 	.db #0x04	; 4
      000F3E F9                    3947 	.db #0xf9	; 249
      000F3F 7F                    3948 	.db #0x7f	; 127
      000F40 74                    3949 	.db #0x74	; 116	't'
      000F41 A0                    3950 	.db #0xa0	; 160
      000F42 0A                    3951 	.db #0x0a	; 10
      000F43 0F                    3952 	.db #0x0f	; 15
      000F44 61                    3953 	.db #0x61	; 97	'a'
      000F45 7A                    3954 	.db #0x7a	; 122	'z'
      000F46 02                    3955 	.db #0x02	; 2
      000F47 A0                    3956 	.db #0xa0	; 160
      000F48 08                    3957 	.db #0x08	; 8
      000F49 0B                    3958 	.db #0x0b	; 11
      000F4A 7F                    3959 	.db #0x7f	; 127
      000F4B 71                    3960 	.db #0x71	; 113	'q'
      000F4C A0                    3961 	.db #0xa0	; 160
      000F4D 09                    3962 	.db #0x09	; 9
      000F4E 0B                    3963 	.db #0x0b	; 11
      000F4F 7F                    3964 	.db #0x7f	; 127
      000F50 71                    3965 	.db #0x71	; 113	'q'
      000F51 A0                    3966 	.db #0xa0	; 160
      000F52 0A                    3967 	.db #0x0a	; 10
      000F53 0B                    3968 	.db #0x0b	; 11
      000F54 61                    3969 	.db #0x61	; 97	'a'
      000F55 85                    3970 	.db #0x85	; 133
      000F56 08                    3971 	.db #0x08	; 8
      000F57 A0                    3972 	.db #0xa0	; 160
      000F58 09                    3973 	.db #0x09	; 9
      000F59 0A                    3974 	.db #0x0a	; 10
      000F5A 61                    3975 	.db #0x61	; 97	'a'
      000F5B 1B                    3976 	.db #0x1b	; 27
      000F5C 17                    3977 	.db #0x17	; 23
      000F5D A0                    3978 	.db #0xa0	; 160
      000F5E 0A                    3979 	.db #0x0a	; 10
      000F5F 0F                    3980 	.db #0x0f	; 15
      000F60 61                    3981 	.db #0x61	; 97	'a'
      000F61 CA                    3982 	.db #0xca	; 202
      000F62 02                    3983 	.db #0x02	; 2
      000F63 A0                    3984 	.db #0xa0	; 160
      000F64 0A                    3985 	.db #0x0a	; 10
      000F65 0B                    3986 	.db #0x0b	; 11
      000F66 61                    3987 	.db #0x61	; 97	'a'
      000F67 83                    3988 	.db #0x83	; 131
      000F68 08                    3989 	.db #0x08	; 8
      000F69 A0                    3990 	.db #0xa0	; 160
      000F6A 08                    3991 	.db #0x08	; 8
      000F6B 0A                    3992 	.db #0x0a	; 10
      000F6C 61                    3993 	.db #0x61	; 97	'a'
      000F6D 67                    3994 	.db #0x67	; 103	'g'
      000F6E 0E                    3995 	.db #0x0e	; 14
      000F6F A0                    3996 	.db #0xa0	; 160
      000F70 09                    3997 	.db #0x09	; 9
      000F71 09                    3998 	.db #0x09	; 9
      000F72 61                    3999 	.db #0x61	; 97	'a'
      000F73 AC                    4000 	.db #0xac	; 172
      000F74 08                    4001 	.db #0x08	; 8
      000F75 A0                    4002 	.db #0xa0	; 160
      000F76 04                    4003 	.db #0x04	; 4
      000F77 FC                    4004 	.db #0xfc	; 252
      000F78 71                    4005 	.db #0x71	; 113	'q'
      000F79 A0                    4006 	.db #0xa0	; 160
      000F7A 05                    4007 	.db #0x05	; 5
      000F7B 01                    4008 	.db #0x01	; 1
      000F7C 7F                    4009 	.db #0x7f	; 127
      000F7D 71                    4010 	.db #0x71	; 113	'q'
      000F7E A0                    4011 	.db #0xa0	; 160
      000F7F 0A                    4012 	.db #0x0a	; 10
      000F80 0F                    4013 	.db #0x0f	; 15
      000F81 61                    4014 	.db #0x61	; 97	'a'
      000F82 CA                    4015 	.db #0xca	; 202
      000F83 02                    4016 	.db #0x02	; 2
      000F84 A0                    4017 	.db #0xa0	; 160
      000F85 0A                    4018 	.db #0x0a	; 10
      000F86 0B                    4019 	.db #0x0b	; 11
      000F87 61                    4020 	.db #0x61	; 97	'a'
      000F88 FF                    4021 	.db #0xff	; 255
      000F89 13                    4022 	.db #0x13	; 19
      000F8A A0                    4023 	.db #0xa0	; 160
      000F8B 08                    4024 	.db #0x08	; 8
      000F8C 09                    4025 	.db #0x09	; 9
      000F8D 61                    4026 	.db #0x61	; 97	'a'
      000F8E 97                    4027 	.db #0x97	; 151
      000F8F 0B                    4028 	.db #0x0b	; 11
      000F90 A0                    4029 	.db #0xa0	; 160
      000F91 04                    4030 	.db #0x04	; 4
      000F92 F9                    4031 	.db #0xf9	; 249
      000F93 71                    4032 	.db #0x71	; 113	'q'
      000F94 A0                    4033 	.db #0xa0	; 160
      000F95 05                    4034 	.db #0x05	; 5
      000F96 03                    4035 	.db #0x03	; 3
      000F97 7F                    4036 	.db #0x7f	; 127
      000F98 71                    4037 	.db #0x71	; 113	'q'
      000F99 A0                    4038 	.db #0xa0	; 160
      000F9A 0A                    4039 	.db #0x0a	; 10
      000F9B 0F                    4040 	.db #0x0f	; 15
      000F9C 61                    4041 	.db #0x61	; 97	'a'
      000F9D CA                    4042 	.db #0xca	; 202
      000F9E 02                    4043 	.db #0x02	; 2
      000F9F A0                    4044 	.db #0xa0	; 160
      000FA0 0A                    4045 	.db #0x0a	; 10
      000FA1 0B                    4046 	.db #0x0b	; 11
      000FA2 61                    4047 	.db #0x61	; 97	'a'
      000FA3 D1                    4048 	.db #0xd1	; 209
      000FA4 02                    4049 	.db #0x02	; 2
      000FA5 A0                    4050 	.db #0xa0	; 160
      000FA6 09                    4051 	.db #0x09	; 9
      000FA7 08                    4052 	.db #0x08	; 8
      000FA8 61                    4053 	.db #0x61	; 97	'a'
      000FA9 AA                    4054 	.db #0xaa	; 170
      000FAA 1C                    4055 	.db #0x1c	; 28
      000FAB A0                    4056 	.db #0xa0	; 160
      000FAC 08                    4057 	.db #0x08	; 8
      000FAD 08                    4058 	.db #0x08	; 8
      000FAE 61                    4059 	.db #0x61	; 97	'a'
      000FAF 21                    4060 	.db #0x21	; 33
      000FB0 00                    4061 	.db #0x00	; 0
      000FB1 A0                    4062 	.db #0xa0	; 160
      000FB2 0A                    4063 	.db #0x0a	; 10
      000FB3 08                    4064 	.db #0x08	; 8
      000FB4 61                    4065 	.db #0x61	; 97	'a'
      000FB5 D7                    4066 	.db #0xd7	; 215
      000FB6 02                    4067 	.db #0x02	; 2
      000FB7 A0                    4068 	.db #0xa0	; 160
      000FB8 0A                    4069 	.db #0x0a	; 10
      000FB9 06                    4070 	.db #0x06	; 6
      000FBA 62                    4071 	.db #0x62	; 98	'b'
      000FBB A0                    4072 	.db #0xa0	; 160
      000FBC 0A                    4073 	.db #0x0a	; 10
      000FBD 03                    4074 	.db #0x03	; 3
      000FBE 62                    4075 	.db #0x62	; 98	'b'
      000FBF A0                    4076 	.db #0xa0	; 160
      000FC0 0A                    4077 	.db #0x0a	; 10
      000FC1 01                    4078 	.db #0x01	; 1
      000FC2 62                    4079 	.db #0x62	; 98	'b'
      000FC3 A0                    4080 	.db #0xa0	; 160
      000FC4 0A                    4081 	.db #0x0a	; 10
      000FC5 00                    4082 	.db #0x00	; 0
      000FC6 61                    4083 	.db #0x61	; 97	'a'
      000FC7 90                    4084 	.db #0x90	; 144
      000FC8 08                    4085 	.db #0x08	; 8
      000FC9 A0                    4086 	.db #0xa0	; 160
      000FCA 09                    4087 	.db #0x09	; 9
      000FCB 07                    4088 	.db #0x07	; 7
      000FCC 61                    4089 	.db #0x61	; 97	'a'
      000FCD 7E                    4090 	.db #0x7e	; 126
      000FCE 0E                    4091 	.db #0x0e	; 14
      000FCF A0                    4092 	.db #0xa0	; 160
      000FD0 0A                    4093 	.db #0x0a	; 10
      000FD1 0F                    4094 	.db #0x0f	; 15
      000FD2 61                    4095 	.db #0x61	; 97	'a'
      000FD3 CA                    4096 	.db #0xca	; 202
      000FD4 02                    4097 	.db #0x02	; 2
      000FD5 A0                    4098 	.db #0xa0	; 160
      000FD6 0A                    4099 	.db #0x0a	; 10
      000FD7 0B                    4100 	.db #0x0b	; 11
      000FD8 61                    4101 	.db #0x61	; 97	'a'
      000FD9 83                    4102 	.db #0x83	; 131
      000FDA 08                    4103 	.db #0x08	; 8
      000FDB A0                    4104 	.db #0xa0	; 160
      000FDC 08                    4105 	.db #0x08	; 8
      000FDD 07                    4106 	.db #0x07	; 7
      000FDE 61                    4107 	.db #0x61	; 97	'a'
      000FDF 04                    4108 	.db #0x04	; 4
      000FE0 17                    4109 	.db #0x17	; 23
      000FE1 A0                    4110 	.db #0xa0	; 160
      000FE2 09                    4111 	.db #0x09	; 9
      000FE3 06                    4112 	.db #0x06	; 6
      000FE4 7F                    4113 	.db #0x7f	; 127
      000FE5 70                    4114 	.db #0x70	; 112	'p'
      000FE6 A0                    4115 	.db #0xa0	; 160
      000FE7 04                    4116 	.db #0x04	; 4
      000FE8 FC                    4117 	.db #0xfc	; 252
      000FE9 71                    4118 	.db #0x71	; 113	'q'
      000FEA A0                    4119 	.db #0xa0	; 160
      000FEB 05                    4120 	.db #0x05	; 5
      000FEC 01                    4121 	.db #0x01	; 1
      000FED 7F                    4122 	.db #0x7f	; 127
      000FEE 72                    4123 	.db #0x72	; 114	'r'
      000FEF A0                    4124 	.db #0xa0	; 160
      000FF0 0A                    4125 	.db #0x0a	; 10
      000FF1 0F                    4126 	.db #0x0f	; 15
      000FF2 61                    4127 	.db #0x61	; 97	'a'
      000FF3 C7                    4128 	.db #0xc7	; 199
      000FF4 02                    4129 	.db #0x02	; 2
      000FF5 A0                    4130 	.db #0xa0	; 160
      000FF6 0A                    4131 	.db #0x0a	; 10
      000FF7 0B                    4132 	.db #0x0b	; 11
      000FF8 61                    4133 	.db #0x61	; 97	'a'
      000FF9 FF                    4134 	.db #0xff	; 255
      000FFA 13                    4135 	.db #0x13	; 19
      000FFB A0                    4136 	.db #0xa0	; 160
      000FFC 08                    4137 	.db #0x08	; 8
      000FFD 06                    4138 	.db #0x06	; 6
      000FFE 61                    4139 	.db #0x61	; 97	'a'
      000FFF 96                    4140 	.db #0x96	; 150
      001000 0B                    4141 	.db #0x0b	; 11
      001001 A0                    4142 	.db #0xa0	; 160
      001002 04                    4143 	.db #0x04	; 4
      001003 F9                    4144 	.db #0xf9	; 249
      001004 71                    4145 	.db #0x71	; 113	'q'
      001005 A0                    4146 	.db #0xa0	; 160
      001006 05                    4147 	.db #0x05	; 5
      001007 03                    4148 	.db #0x03	; 3
      001008 7F                    4149 	.db #0x7f	; 127
      001009 72                    4150 	.db #0x72	; 114	'r'
      00100A A0                    4151 	.db #0xa0	; 160
      00100B 0A                    4152 	.db #0x0a	; 10
      00100C 0F                    4153 	.db #0x0f	; 15
      00100D 61                    4154 	.db #0x61	; 97	'a'
      00100E CA                    4155 	.db #0xca	; 202
      00100F 02                    4156 	.db #0x02	; 2
      001010 A0                    4157 	.db #0xa0	; 160
      001011 0A                    4158 	.db #0x0a	; 10
      001012 0B                    4159 	.db #0x0b	; 11
      001013 61                    4160 	.db #0x61	; 97	'a'
      001014 6E                    4161 	.db #0x6e	; 110	'n'
      001015 0B                    4162 	.db #0x0b	; 11
      001016 A0                    4163 	.db #0xa0	; 160
      001017 09                    4164 	.db #0x09	; 9
      001018 05                    4165 	.db #0x05	; 5
      001019 61                    4166 	.db #0x61	; 97	'a'
      00101A 0F                    4167 	.db #0x0f	; 15
      00101B 14                    4168 	.db #0x14	; 20
      00101C A0                    4169 	.db #0xa0	; 160
      00101D 00                    4170 	.db #0x00	; 0
      00101E B3                    4171 	.db #0xb3	; 179
      00101F 7F                    4172 	.db #0x7f	; 127
      001020 73                    4173 	.db #0x73	; 115	's'
      001021 A0                    4174 	.db #0xa0	; 160
      001022 08                    4175 	.db #0x08	; 8
      001023 0F                    4176 	.db #0x0f	; 15
      001024 7F                    4177 	.db #0x7f	; 127
      001025 73                    4178 	.db #0x73	; 115	's'
      001026 A0                    4179 	.db #0xa0	; 160
      001027 02                    4180 	.db #0x02	; 2
      001028 B5                    4181 	.db #0xb5	; 181
      001029 7F                    4182 	.db #0x7f	; 127
      00102A 72                    4183 	.db #0x72	; 114	'r'
      00102B A0                    4184 	.db #0xa0	; 160
      00102C 09                    4185 	.db #0x09	; 9
      00102D 0E                    4186 	.db #0x0e	; 14
      00102E 7F                    4187 	.db #0x7f	; 127
      00102F 72                    4188 	.db #0x72	; 114	'r'
      001030 A0                    4189 	.db #0xa0	; 160
      001031 04                    4190 	.db #0x04	; 4
      001032 8A                    4191 	.db #0x8a	; 138
      001033 7F                    4192 	.db #0x7f	; 127
      001034 74                    4193 	.db #0x74	; 116	't'
      001035 A0                    4194 	.db #0xa0	; 160
      001036 0A                    4195 	.db #0x0a	; 10
      001037 0F                    4196 	.db #0x0f	; 15
      001038 61                    4197 	.db #0x61	; 97	'a'
      001039 7A                    4198 	.db #0x7a	; 122	'z'
      00103A 02                    4199 	.db #0x02	; 2
      00103B A0                    4200 	.db #0xa0	; 160
      00103C 08                    4201 	.db #0x08	; 8
      00103D 0B                    4202 	.db #0x0b	; 11
      00103E 7F                    4203 	.db #0x7f	; 127
      00103F 71                    4204 	.db #0x71	; 113	'q'
      001040 A0                    4205 	.db #0xa0	; 160
      001041 09                    4206 	.db #0x09	; 9
      001042 0B                    4207 	.db #0x0b	; 11
      001043 7F                    4208 	.db #0x7f	; 127
      001044 71                    4209 	.db #0x71	; 113	'q'
      001045 A0                    4210 	.db #0xa0	; 160
      001046 0A                    4211 	.db #0x0a	; 10
      001047 0B                    4212 	.db #0x0b	; 11
      001048 61                    4213 	.db #0x61	; 97	'a'
      001049 85                    4214 	.db #0x85	; 133
      00104A 08                    4215 	.db #0x08	; 8
      00104B A0                    4216 	.db #0xa0	; 160
      00104C 09                    4217 	.db #0x09	; 9
      00104D 0A                    4218 	.db #0x0a	; 10
      00104E 61                    4219 	.db #0x61	; 97	'a'
      00104F 1B                    4220 	.db #0x1b	; 27
      001050 17                    4221 	.db #0x17	; 23
      001051 A0                    4222 	.db #0xa0	; 160
      001052 0A                    4223 	.db #0x0a	; 10
      001053 0F                    4224 	.db #0x0f	; 15
      001054 61                    4225 	.db #0x61	; 97	'a'
      001055 CA                    4226 	.db #0xca	; 202
      001056 02                    4227 	.db #0x02	; 2
      001057 A0                    4228 	.db #0xa0	; 160
      001058 0A                    4229 	.db #0x0a	; 10
      001059 0B                    4230 	.db #0x0b	; 11
      00105A 61                    4231 	.db #0x61	; 97	'a'
      00105B 83                    4232 	.db #0x83	; 131
      00105C 08                    4233 	.db #0x08	; 8
      00105D A0                    4234 	.db #0xa0	; 160
      00105E 08                    4235 	.db #0x08	; 8
      00105F 0A                    4236 	.db #0x0a	; 10
      001060 61                    4237 	.db #0x61	; 97	'a'
      001061 67                    4238 	.db #0x67	; 103	'g'
      001062 0E                    4239 	.db #0x0e	; 14
      001063 A0                    4240 	.db #0xa0	; 160
      001064 09                    4241 	.db #0x09	; 9
      001065 09                    4242 	.db #0x09	; 9
      001066 61                    4243 	.db #0x61	; 97	'a'
      001067 AC                    4244 	.db #0xac	; 172
      001068 08                    4245 	.db #0x08	; 8
      001069 A0                    4246 	.db #0xa0	; 160
      00106A 04                    4247 	.db #0x04	; 4
      00106B C5                    4248 	.db #0xc5	; 197
      00106C 71                    4249 	.db #0x71	; 113	'q'
      00106D A0                    4250 	.db #0xa0	; 160
      00106E 05                    4251 	.db #0x05	; 5
      00106F 01                    4252 	.db #0x01	; 1
      001070 7F                    4253 	.db #0x7f	; 127
      001071 71                    4254 	.db #0x71	; 113	'q'
      001072 A0                    4255 	.db #0xa0	; 160
      001073 0A                    4256 	.db #0x0a	; 10
      001074 0F                    4257 	.db #0x0f	; 15
      001075 61                    4258 	.db #0x61	; 97	'a'
      001076 CA                    4259 	.db #0xca	; 202
      001077 02                    4260 	.db #0x02	; 2
      001078 A0                    4261 	.db #0xa0	; 160
      001079 0A                    4262 	.db #0x0a	; 10
      00107A 0B                    4263 	.db #0x0b	; 11
      00107B 61                    4264 	.db #0x61	; 97	'a'
      00107C FF                    4265 	.db #0xff	; 255
      00107D 13                    4266 	.db #0x13	; 19
      00107E A0                    4267 	.db #0xa0	; 160
      00107F 08                    4268 	.db #0x08	; 8
      001080 09                    4269 	.db #0x09	; 9
      001081 61                    4270 	.db #0x61	; 97	'a'
      001082 97                    4271 	.db #0x97	; 151
      001083 0B                    4272 	.db #0x0b	; 11
      001084 A0                    4273 	.db #0xa0	; 160
      001085 04                    4274 	.db #0x04	; 4
      001086 8A                    4275 	.db #0x8a	; 138
      001087 71                    4276 	.db #0x71	; 113	'q'
      001088 A0                    4277 	.db #0xa0	; 160
      001089 05                    4278 	.db #0x05	; 5
      00108A 03                    4279 	.db #0x03	; 3
      00108B 7F                    4280 	.db #0x7f	; 127
      00108C 71                    4281 	.db #0x71	; 113	'q'
      00108D A0                    4282 	.db #0xa0	; 160
      00108E 0A                    4283 	.db #0x0a	; 10
      00108F 0F                    4284 	.db #0x0f	; 15
      001090 61                    4285 	.db #0x61	; 97	'a'
      001091 CA                    4286 	.db #0xca	; 202
      001092 02                    4287 	.db #0x02	; 2
      001093 A0                    4288 	.db #0xa0	; 160
      001094 0A                    4289 	.db #0x0a	; 10
      001095 0B                    4290 	.db #0x0b	; 11
      001096 61                    4291 	.db #0x61	; 97	'a'
      001097 D1                    4292 	.db #0xd1	; 209
      001098 02                    4293 	.db #0x02	; 2
      001099 A0                    4294 	.db #0xa0	; 160
      00109A 09                    4295 	.db #0x09	; 9
      00109B 08                    4296 	.db #0x08	; 8
      00109C 61                    4297 	.db #0x61	; 97	'a'
      00109D AC                    4298 	.db #0xac	; 172
      00109E 1C                    4299 	.db #0x1c	; 28
      00109F A0                    4300 	.db #0xa0	; 160
      0010A0 00                    4301 	.db #0x00	; 0
      0010A1 97                    4302 	.db #0x97	; 151
      0010A2 7F                    4303 	.db #0x7f	; 127
      0010A3 73                    4304 	.db #0x73	; 115	's'
      0010A4 A0                    4305 	.db #0xa0	; 160
      0010A5 08                    4306 	.db #0x08	; 8
      0010A6 0F                    4307 	.db #0x0f	; 15
      0010A7 7F                    4308 	.db #0x7f	; 127
      0010A8 73                    4309 	.db #0x73	; 115	's'
      0010A9 A0                    4310 	.db #0xa0	; 160
      0010AA 02                    4311 	.db #0x02	; 2
      0010AB 98                    4312 	.db #0x98	; 152
      0010AC 7F                    4313 	.db #0x7f	; 127
      0010AD 72                    4314 	.db #0x72	; 114	'r'
      0010AE A0                    4315 	.db #0xa0	; 160
      0010AF 09                    4316 	.db #0x09	; 9
      0010B0 0E                    4317 	.db #0x0e	; 14
      0010B1 7F                    4318 	.db #0x7f	; 127
      0010B2 76                    4319 	.db #0x76	; 118	'v'
      0010B3 A0                    4320 	.db #0xa0	; 160
      0010B4 0A                    4321 	.db #0x0a	; 10
      0010B5 08                    4322 	.db #0x08	; 8
      0010B6 61                    4323 	.db #0x61	; 97	'a'
      0010B7 8B                    4324 	.db #0x8b	; 139
      0010B8 02                    4325 	.db #0x02	; 2
      0010B9 A0                    4326 	.db #0xa0	; 160
      0010BA 08                    4327 	.db #0x08	; 8
      0010BB 0B                    4328 	.db #0x0b	; 11
      0010BC 7F                    4329 	.db #0x7f	; 127
      0010BD 71                    4330 	.db #0x71	; 113	'q'
      0010BE A0                    4331 	.db #0xa0	; 160
      0010BF 09                    4332 	.db #0x09	; 9
      0010C0 0B                    4333 	.db #0x0b	; 11
      0010C1 7F                    4334 	.db #0x7f	; 127
      0010C2 71                    4335 	.db #0x71	; 113	'q'
      0010C3 A0                    4336 	.db #0xa0	; 160
      0010C4 0A                    4337 	.db #0x0a	; 10
      0010C5 06                    4338 	.db #0x06	; 6
      0010C6 61                    4339 	.db #0x61	; 97	'a'
      0010C7 D4                    4340 	.db #0xd4	; 212
      0010C8 02                    4341 	.db #0x02	; 2
      0010C9 A0                    4342 	.db #0xa0	; 160
      0010CA 0A                    4343 	.db #0x0a	; 10
      0010CB 03                    4344 	.db #0x03	; 3
      0010CC 62                    4345 	.db #0x62	; 98	'b'
      0010CD A0                    4346 	.db #0xa0	; 160
      0010CE 0A                    4347 	.db #0x0a	; 10
      0010CF 01                    4348 	.db #0x01	; 1
      0010D0 61                    4349 	.db #0x61	; 97	'a'
      0010D1 D2                    4350 	.db #0xd2	; 210
      0010D2 02                    4351 	.db #0x02	; 2
      0010D3 A0                    4352 	.db #0xa0	; 160
      0010D4 09                    4353 	.db #0x09	; 9
      0010D5 0A                    4354 	.db #0x0a	; 10
      0010D6 7F                    4355 	.db #0x7f	; 127
      0010D7 A0                    4356 	.db #0xa0	; 160
      0010D8 0A                    4357 	.db #0x0a	; 10
      0010D9 00                    4358 	.db #0x00	; 0
      0010DA 61                    4359 	.db #0x61	; 97	'a'
      0010DB 0B                    4360 	.db #0x0b	; 11
      0010DC 17                    4361 	.db #0x17	; 23
      0010DD A0                    4362 	.db #0xa0	; 160
      0010DE 0A                    4363 	.db #0x0a	; 10
      0010DF 0F                    4364 	.db #0x0f	; 15
      0010E0 61                    4365 	.db #0x61	; 97	'a'
      0010E1 CA                    4366 	.db #0xca	; 202
      0010E2 02                    4367 	.db #0x02	; 2
      0010E3 A0                    4368 	.db #0xa0	; 160
      0010E4 0A                    4369 	.db #0x0a	; 10
      0010E5 0B                    4370 	.db #0x0b	; 11
      0010E6 61                    4371 	.db #0x61	; 97	'a'
      0010E7 83                    4372 	.db #0x83	; 131
      0010E8 08                    4373 	.db #0x08	; 8
      0010E9 A0                    4374 	.db #0xa0	; 160
      0010EA 08                    4375 	.db #0x08	; 8
      0010EB 0A                    4376 	.db #0x0a	; 10
      0010EC 61                    4377 	.db #0x61	; 97	'a'
      0010ED 67                    4378 	.db #0x67	; 103	'g'
      0010EE 0E                    4379 	.db #0x0e	; 14
      0010EF A0                    4380 	.db #0xa0	; 160
      0010F0 09                    4381 	.db #0x09	; 9
      0010F1 09                    4382 	.db #0x09	; 9
      0010F2 61                    4383 	.db #0x61	; 97	'a'
      0010F3 AC                    4384 	.db #0xac	; 172
      0010F4 08                    4385 	.db #0x08	; 8
      0010F5 A0                    4386 	.db #0xa0	; 160
      0010F6 04                    4387 	.db #0x04	; 4
      0010F7 C5                    4388 	.db #0xc5	; 197
      0010F8 71                    4389 	.db #0x71	; 113	'q'
      0010F9 A0                    4390 	.db #0xa0	; 160
      0010FA 05                    4391 	.db #0x05	; 5
      0010FB 01                    4392 	.db #0x01	; 1
      0010FC 7F                    4393 	.db #0x7f	; 127
      0010FD 71                    4394 	.db #0x71	; 113	'q'
      0010FE A0                    4395 	.db #0xa0	; 160
      0010FF 0A                    4396 	.db #0x0a	; 10
      001100 0F                    4397 	.db #0x0f	; 15
      001101 61                    4398 	.db #0x61	; 97	'a'
      001102 CA                    4399 	.db #0xca	; 202
      001103 02                    4400 	.db #0x02	; 2
      001104 A0                    4401 	.db #0xa0	; 160
      001105 0A                    4402 	.db #0x0a	; 10
      001106 0B                    4403 	.db #0x0b	; 11
      001107 61                    4404 	.db #0x61	; 97	'a'
      001108 FF                    4405 	.db #0xff	; 255
      001109 13                    4406 	.db #0x13	; 19
      00110A A0                    4407 	.db #0xa0	; 160
      00110B 08                    4408 	.db #0x08	; 8
      00110C 09                    4409 	.db #0x09	; 9
      00110D 61                    4410 	.db #0x61	; 97	'a'
      00110E 96                    4411 	.db #0x96	; 150
      00110F 0B                    4412 	.db #0x0b	; 11
      001110 A0                    4413 	.db #0xa0	; 160
      001111 04                    4414 	.db #0x04	; 4
      001112 8A                    4415 	.db #0x8a	; 138
      001113 71                    4416 	.db #0x71	; 113	'q'
      001114 A0                    4417 	.db #0xa0	; 160
      001115 05                    4418 	.db #0x05	; 5
      001116 03                    4419 	.db #0x03	; 3
      001117 7F                    4420 	.db #0x7f	; 127
      001118 72                    4421 	.db #0x72	; 114	'r'
      001119 A0                    4422 	.db #0xa0	; 160
      00111A 0A                    4423 	.db #0x0a	; 10
      00111B 0F                    4424 	.db #0x0f	; 15
      00111C 61                    4425 	.db #0x61	; 97	'a'
      00111D CA                    4426 	.db #0xca	; 202
      00111E 02                    4427 	.db #0x02	; 2
      00111F A0                    4428 	.db #0xa0	; 160
      001120 0A                    4429 	.db #0x0a	; 10
      001121 0B                    4430 	.db #0x0b	; 11
      001122 61                    4431 	.db #0x61	; 97	'a'
      001123 D1                    4432 	.db #0xd1	; 209
      001124 02                    4433 	.db #0x02	; 2
      001125 A0                    4434 	.db #0xa0	; 160
      001126 09                    4435 	.db #0x09	; 9
      001127 08                    4436 	.db #0x08	; 8
      001128 61                    4437 	.db #0x61	; 97	'a'
      001129 C0                    4438 	.db #0xc0	; 192
      00112A 1C                    4439 	.db #0x1c	; 28
      00112B A0                    4440 	.db #0xa0	; 160
      00112C 08                    4441 	.db #0x08	; 8
      00112D 0F                    4442 	.db #0x0f	; 15
      00112E 61                    4443 	.db #0x61	; 97	'a'
      00112F 27                    4444 	.db #0x27	; 39
      001130 00                    4445 	.db #0x00	; 0
      001131 A0                    4446 	.db #0xa0	; 160
      001132 09                    4447 	.db #0x09	; 9
      001133 0E                    4448 	.db #0x0e	; 14
      001134 7F                    4449 	.db #0x7f	; 127
      001135 73                    4450 	.db #0x73	; 115	's'
      001136 A0                    4451 	.db #0xa0	; 160
      001137 04                    4452 	.db #0x04	; 4
      001138 27                    4453 	.db #0x27	; 39
      001139 7F                    4454 	.db #0x7f	; 127
      00113A 73                    4455 	.db #0x73	; 115	's'
      00113B A0                    4456 	.db #0xa0	; 160
      00113C 0A                    4457 	.db #0x0a	; 10
      00113D 0F                    4458 	.db #0x0f	; 15
      00113E 61                    4459 	.db #0x61	; 97	'a'
      00113F 7A                    4460 	.db #0x7a	; 122	'z'
      001140 02                    4461 	.db #0x02	; 2
      001141 A0                    4462 	.db #0xa0	; 160
      001142 08                    4463 	.db #0x08	; 8
      001143 0B                    4464 	.db #0x0b	; 11
      001144 7F                    4465 	.db #0x7f	; 127
      001145 71                    4466 	.db #0x71	; 113	'q'
      001146 A0                    4467 	.db #0xa0	; 160
      001147 09                    4468 	.db #0x09	; 9
      001148 0B                    4469 	.db #0x0b	; 11
      001149 7F                    4470 	.db #0x7f	; 127
      00114A 71                    4471 	.db #0x71	; 113	'q'
      00114B A0                    4472 	.db #0xa0	; 160
      00114C 0A                    4473 	.db #0x0a	; 10
      00114D 0B                    4474 	.db #0x0b	; 11
      00114E 61                    4475 	.db #0x61	; 97	'a'
      00114F 85                    4476 	.db #0x85	; 133
      001150 08                    4477 	.db #0x08	; 8
      001151 A0                    4478 	.db #0xa0	; 160
      001152 09                    4479 	.db #0x09	; 9
      001153 0A                    4480 	.db #0x0a	; 10
      001154 61                    4481 	.db #0x61	; 97	'a'
      001155 EE                    4482 	.db #0xee	; 238
      001156 16                    4483 	.db #0x16	; 22
      001157 A0                    4484 	.db #0xa0	; 160
      001158 00                    4485 	.db #0x00	; 0
      001159 A0                    4486 	.db #0xa0	; 160
      00115A 7F                    4487 	.db #0x7f	; 127
      00115B 73                    4488 	.db #0x73	; 115	's'
      00115C A0                    4489 	.db #0xa0	; 160
      00115D 08                    4490 	.db #0x08	; 8
      00115E 0F                    4491 	.db #0x0f	; 15
      00115F 7F                    4492 	.db #0x7f	; 127
      001160 73                    4493 	.db #0x73	; 115	's'
      001161 A0                    4494 	.db #0xa0	; 160
      001162 02                    4495 	.db #0x02	; 2
      001163 A1                    4496 	.db #0xa1	; 161
      001164 7F                    4497 	.db #0x7f	; 127
      001165 72                    4498 	.db #0x72	; 114	'r'
      001166 A0                    4499 	.db #0xa0	; 160
      001167 09                    4500 	.db #0x09	; 9
      001168 0E                    4501 	.db #0x0e	; 14
      001169 61                    4502 	.db #0x61	; 97	'a'
      00116A 28                    4503 	.db #0x28	; 40
      00116B 00                    4504 	.db #0x00	; 0
      00116C A0                    4505 	.db #0xa0	; 160
      00116D 0A                    4506 	.db #0x0a	; 10
      00116E 0F                    4507 	.db #0x0f	; 15
      00116F 61                    4508 	.db #0x61	; 97	'a'
      001170 7A                    4509 	.db #0x7a	; 122	'z'
      001171 02                    4510 	.db #0x02	; 2
      001172 A0                    4511 	.db #0xa0	; 160
      001173 08                    4512 	.db #0x08	; 8
      001174 0B                    4513 	.db #0x0b	; 11
      001175 7F                    4514 	.db #0x7f	; 127
      001176 71                    4515 	.db #0x71	; 113	'q'
      001177 A0                    4516 	.db #0xa0	; 160
      001178 09                    4517 	.db #0x09	; 9
      001179 0B                    4518 	.db #0x0b	; 11
      00117A 7F                    4519 	.db #0x7f	; 127
      00117B 71                    4520 	.db #0x71	; 113	'q'
      00117C A0                    4521 	.db #0xa0	; 160
      00117D 0A                    4522 	.db #0x0a	; 10
      00117E 0B                    4523 	.db #0x0b	; 11
      00117F 61                    4524 	.db #0x61	; 97	'a'
      001180 85                    4525 	.db #0x85	; 133
      001181 08                    4526 	.db #0x08	; 8
      001182 A0                    4527 	.db #0xa0	; 160
      001183 09                    4528 	.db #0x09	; 9
      001184 0A                    4529 	.db #0x0a	; 10
      001185 61                    4530 	.db #0x61	; 97	'a'
      001186 EE                    4531 	.db #0xee	; 238
      001187 16                    4532 	.db #0x16	; 22
      001188 A0                    4533 	.db #0xa0	; 160
      001189 00                    4534 	.db #0x00	; 0
      00118A 97                    4535 	.db #0x97	; 151
      00118B 7F                    4536 	.db #0x7f	; 127
      00118C 73                    4537 	.db #0x73	; 115	's'
      00118D A0                    4538 	.db #0xa0	; 160
      00118E 08                    4539 	.db #0x08	; 8
      00118F 0F                    4540 	.db #0x0f	; 15
      001190 7F                    4541 	.db #0x7f	; 127
      001191 73                    4542 	.db #0x73	; 115	's'
      001192 A0                    4543 	.db #0xa0	; 160
      001193 02                    4544 	.db #0x02	; 2
      001194 98                    4545 	.db #0x98	; 152
      001195 7F                    4546 	.db #0x7f	; 127
      001196 72                    4547 	.db #0x72	; 114	'r'
      001197 A0                    4548 	.db #0xa0	; 160
      001198 09                    4549 	.db #0x09	; 9
      001199 0E                    4550 	.db #0x0e	; 14
      00119A 7F                    4551 	.db #0x7f	; 127
      00119B 73                    4552 	.db #0x73	; 115	's'
      00119C A0                    4553 	.db #0xa0	; 160
      00119D 04                    4554 	.db #0x04	; 4
      00119E 93                    4555 	.db #0x93	; 147
      00119F 71                    4556 	.db #0x71	; 113	'q'
      0011A0 A0                    4557 	.db #0xa0	; 160
      0011A1 05                    4558 	.db #0x05	; 5
      0011A2 01                    4559 	.db #0x01	; 1
      0011A3 7F                    4560 	.db #0x7f	; 127
      0011A4 72                    4561 	.db #0x72	; 114	'r'
      0011A5 A0                    4562 	.db #0xa0	; 160
      0011A6 0A                    4563 	.db #0x0a	; 10
      0011A7 0F                    4564 	.db #0x0f	; 15
      0011A8 61                    4565 	.db #0x61	; 97	'a'
      0011A9 79                    4566 	.db #0x79	; 121	'y'
      0011AA 02                    4567 	.db #0x02	; 2
      0011AB A0                    4568 	.db #0xa0	; 160
      0011AC 08                    4569 	.db #0x08	; 8
      0011AD 0B                    4570 	.db #0x0b	; 11
      0011AE 7F                    4571 	.db #0x7f	; 127
      0011AF 71                    4572 	.db #0x71	; 113	'q'
      0011B0 A0                    4573 	.db #0xa0	; 160
      0011B1 09                    4574 	.db #0x09	; 9
      0011B2 0B                    4575 	.db #0x0b	; 11
      0011B3 7F                    4576 	.db #0x7f	; 127
      0011B4 71                    4577 	.db #0x71	; 113	'q'
      0011B5 A0                    4578 	.db #0xa0	; 160
      0011B6 0A                    4579 	.db #0x0a	; 10
      0011B7 0B                    4580 	.db #0x0b	; 11
      0011B8 61                    4581 	.db #0x61	; 97	'a'
      0011B9 85                    4582 	.db #0x85	; 133
      0011BA 08                    4583 	.db #0x08	; 8
      0011BB A0                    4584 	.db #0xa0	; 160
      0011BC 09                    4585 	.db #0x09	; 9
      0011BD 0A                    4586 	.db #0x0a	; 10
      0011BE 61                    4587 	.db #0x61	; 97	'a'
      0011BF EE                    4588 	.db #0xee	; 238
      0011C0 16                    4589 	.db #0x16	; 22
      0011C1 A0                    4590 	.db #0xa0	; 160
      0011C2 00                    4591 	.db #0x00	; 0
      0011C3 A0                    4592 	.db #0xa0	; 160
      0011C4 7F                    4593 	.db #0x7f	; 127
      0011C5 73                    4594 	.db #0x73	; 115	's'
      0011C6 A0                    4595 	.db #0xa0	; 160
      0011C7 08                    4596 	.db #0x08	; 8
      0011C8 0F                    4597 	.db #0x0f	; 15
      0011C9 7F                    4598 	.db #0x7f	; 127
      0011CA 73                    4599 	.db #0x73	; 115	's'
      0011CB A0                    4600 	.db #0xa0	; 160
      0011CC 02                    4601 	.db #0x02	; 2
      0011CD A1                    4602 	.db #0xa1	; 161
      0011CE 7F                    4603 	.db #0x7f	; 127
      0011CF 72                    4604 	.db #0x72	; 114	'r'
      0011D0 A0                    4605 	.db #0xa0	; 160
      0011D1 09                    4606 	.db #0x09	; 9
      0011D2 0E                    4607 	.db #0x0e	; 14
      0011D3 7F                    4608 	.db #0x7f	; 127
      0011D4 73                    4609 	.db #0x73	; 115	's'
      0011D5 A0                    4610 	.db #0xa0	; 160
      0011D6 04                    4611 	.db #0x04	; 4
      0011D7 27                    4612 	.db #0x27	; 39
      0011D8 71                    4613 	.db #0x71	; 113	'q'
      0011D9 A0                    4614 	.db #0xa0	; 160
      0011DA 05                    4615 	.db #0x05	; 5
      0011DB 03                    4616 	.db #0x03	; 3
      0011DC 7F                    4617 	.db #0x7f	; 127
      0011DD 71                    4618 	.db #0x71	; 113	'q'
      0011DE A0                    4619 	.db #0xa0	; 160
      0011DF 0A                    4620 	.db #0x0a	; 10
      0011E0 0F                    4621 	.db #0x0f	; 15
      0011E1 61                    4622 	.db #0x61	; 97	'a'
      0011E2 7A                    4623 	.db #0x7a	; 122	'z'
      0011E3 02                    4624 	.db #0x02	; 2
      0011E4 A0                    4625 	.db #0xa0	; 160
      0011E5 08                    4626 	.db #0x08	; 8
      0011E6 0B                    4627 	.db #0x0b	; 11
      0011E7 7F                    4628 	.db #0x7f	; 127
      0011E8 71                    4629 	.db #0x71	; 113	'q'
      0011E9 A0                    4630 	.db #0xa0	; 160
      0011EA 09                    4631 	.db #0x09	; 9
      0011EB 0B                    4632 	.db #0x0b	; 11
      0011EC 7F                    4633 	.db #0x7f	; 127
      0011ED 71                    4634 	.db #0x71	; 113	'q'
      0011EE A0                    4635 	.db #0xa0	; 160
      0011EF 0A                    4636 	.db #0x0a	; 10
      0011F0 0B                    4637 	.db #0x0b	; 11
      0011F1 61                    4638 	.db #0x61	; 97	'a'
      0011F2 85                    4639 	.db #0x85	; 133
      0011F3 08                    4640 	.db #0x08	; 8
      0011F4 A0                    4641 	.db #0xa0	; 160
      0011F5 09                    4642 	.db #0x09	; 9
      0011F6 0A                    4643 	.db #0x0a	; 10
      0011F7 61                    4644 	.db #0x61	; 97	'a'
      0011F8 0A                    4645 	.db #0x0a	; 10
      0011F9 17                    4646 	.db #0x17	; 23
      0011FA A0                    4647 	.db #0xa0	; 160
      0011FB 0A                    4648 	.db #0x0a	; 10
      0011FC 08                    4649 	.db #0x08	; 8
      0011FD 61                    4650 	.db #0x61	; 97	'a'
      0011FE DA                    4651 	.db #0xda	; 218
      0011FF 02                    4652 	.db #0x02	; 2
      001200 A0                    4653 	.db #0xa0	; 160
      001201 0A                    4654 	.db #0x0a	; 10
      001202 06                    4655 	.db #0x06	; 6
      001203 62                    4656 	.db #0x62	; 98	'b'
      001204 A0                    4657 	.db #0xa0	; 160
      001205 0A                    4658 	.db #0x0a	; 10
      001206 03                    4659 	.db #0x03	; 3
      001207 62                    4660 	.db #0x62	; 98	'b'
      001208 A0                    4661 	.db #0xa0	; 160
      001209 0A                    4662 	.db #0x0a	; 10
      00120A 01                    4663 	.db #0x01	; 1
      00120B 61                    4664 	.db #0x61	; 97	'a'
      00120C C6                    4665 	.db #0xc6	; 198
      00120D 02                    4666 	.db #0x02	; 2
      00120E A0                    4667 	.db #0xa0	; 160
      00120F 08                    4668 	.db #0x08	; 8
      001210 0A                    4669 	.db #0x0a	; 10
      001211 7F                    4670 	.db #0x7f	; 127
      001212 7B                    4671 	.db #0x7b	; 123
      001213 A0                    4672 	.db #0xa0	; 160
      001214 0A                    4673 	.db #0x0a	; 10
      001215 00                    4674 	.db #0x00	; 0
      001216 61                    4675 	.db #0x61	; 97	'a'
      001217 4B                    4676 	.db #0x4b	; 75	'K'
      001218 0E                    4677 	.db #0x0e	; 14
      001219 A0                    4678 	.db #0xa0	; 160
      00121A 09                    4679 	.db #0x09	; 9
      00121B 09                    4680 	.db #0x09	; 9
      00121C 61                    4681 	.db #0x61	; 97	'a'
      00121D 95                    4682 	.db #0x95	; 149
      00121E 08                    4683 	.db #0x08	; 8
      00121F A0                    4684 	.db #0xa0	; 160
      001220 08                    4685 	.db #0x08	; 8
      001221 08                    4686 	.db #0x08	; 8
      001222 7F                    4687 	.db #0x7f	; 127
      001223 73                    4688 	.db #0x73	; 115	's'
      001224 A0                    4689 	.db #0xa0	; 160
      001225 09                    4690 	.db #0x09	; 9
      001226 07                    4691 	.db #0x07	; 7
      001227 61                    4692 	.db #0x61	; 97	'a'
      001228 26                    4693 	.db #0x26	; 38
      001229 00                    4694 	.db #0x00	; 0
      00122A A0                    4695 	.db #0xa0	; 160
      00122B 0A                    4696 	.db #0x0a	; 10
      00122C 0F                    4697 	.db #0x0f	; 15
      00122D 61                    4698 	.db #0x61	; 97	'a'
      00122E A1                    4699 	.db #0xa1	; 161
      00122F 02                    4700 	.db #0x02	; 2
      001230 A0                    4701 	.db #0xa0	; 160
      001231 08                    4702 	.db #0x08	; 8
      001232 05                    4703 	.db #0x05	; 5
      001233 7E                    4704 	.db #0x7e	; 126
      001234 A0                    4705 	.db #0xa0	; 160
      001235 09                    4706 	.db #0x09	; 9
      001236 05                    4707 	.db #0x05	; 5
      001237 7F                    4708 	.db #0x7f	; 127
      001238 A0                    4709 	.db #0xa0	; 160
      001239 0A                    4710 	.db #0x0a	; 10
      00123A 0B                    4711 	.db #0x0b	; 11
      00123B 61                    4712 	.db #0x61	; 97	'a'
      00123C C0                    4713 	.db #0xc0	; 192
      00123D 02                    4714 	.db #0x02	; 2
      00123E A0                    4715 	.db #0xa0	; 160
      00123F 08                    4716 	.db #0x08	; 8
      001240 03                    4717 	.db #0x03	; 3
      001241 7E                    4718 	.db #0x7e	; 126
      001242 A0                    4719 	.db #0xa0	; 160
      001243 09                    4720 	.db #0x09	; 9
      001244 02                    4721 	.db #0x02	; 2
      001245 61                    4722 	.db #0x61	; 97	'a'
      001246 D0                    4723 	.db #0xd0	; 208
      001247 02                    4724 	.db #0x02	; 2
      001248 A0                    4725 	.db #0xa0	; 160
      001249 08                    4726 	.db #0x08	; 8
      00124A 00                    4727 	.db #0x00	; 0
      00124B 7E                    4728 	.db #0x7e	; 126
      00124C A0                    4729 	.db #0xa0	; 160
      00124D 09                    4730 	.db #0x09	; 9
      00124E 00                    4731 	.db #0x00	; 0
      00124F 61                    4732 	.db #0x61	; 97	'a'
      001250 CA                    4733 	.db #0xca	; 202
      001251 19                    4734 	.db #0x19	; 25
      001252 A0                    4735 	.db #0xa0	; 160
      001253 00                    4736 	.db #0x00	; 0
      001254 2E                    4737 	.db #0x2e	; 46
      001255 71                    4738 	.db #0x71	; 113	'q'
      001256 A0                    4739 	.db #0xa0	; 160
      001257 01                    4740 	.db #0x01	; 1
      001258 01                    4741 	.db #0x01	; 1
      001259 7F                    4742 	.db #0x7f	; 127
      00125A 70                    4743 	.db #0x70	; 112	'p'
      00125B A0                    4744 	.db #0xa0	; 160
      00125C 08                    4745 	.db #0x08	; 8
      00125D 0F                    4746 	.db #0x0f	; 15
      00125E 7F                    4747 	.db #0x7f	; 127
      00125F 73                    4748 	.db #0x73	; 115	's'
      001260 A0                    4749 	.db #0xa0	; 160
      001261 02                    4750 	.db #0x02	; 2
      001262 30                    4751 	.db #0x30	; 48	'0'
      001263 71                    4752 	.db #0x71	; 113	'q'
      001264 A0                    4753 	.db #0xa0	; 160
      001265 03                    4754 	.db #0x03	; 3
      001266 01                    4755 	.db #0x01	; 1
      001267 7F                    4756 	.db #0x7f	; 127
      001268 71                    4757 	.db #0x71	; 113	'q'
      001269 A0                    4758 	.db #0xa0	; 160
      00126A 09                    4759 	.db #0x09	; 9
      00126B 0E                    4760 	.db #0x0e	; 14
      00126C 7F                    4761 	.db #0x7f	; 127
      00126D 72                    4762 	.db #0x72	; 114	'r'
      00126E A0                    4763 	.db #0xa0	; 160
      00126F 04                    4764 	.db #0x04	; 4
      001270 93                    4765 	.db #0x93	; 147
      001271 71                    4766 	.db #0x71	; 113	'q'
      001272 A0                    4767 	.db #0xa0	; 160
      001273 05                    4768 	.db #0x05	; 5
      001274 01                    4769 	.db #0x01	; 1
      001275 7F                    4770 	.db #0x7f	; 127
      001276 72                    4771 	.db #0x72	; 114	'r'
      001277 A0                    4772 	.db #0xa0	; 160
      001278 0A                    4773 	.db #0x0a	; 10
      001279 0F                    4774 	.db #0x0f	; 15
      00127A 61                    4775 	.db #0x61	; 97	'a'
      00127B 7A                    4776 	.db #0x7a	; 122	'z'
      00127C 02                    4777 	.db #0x02	; 2
      00127D A0                    4778 	.db #0xa0	; 160
      00127E 08                    4779 	.db #0x08	; 8
      00127F 0B                    4780 	.db #0x0b	; 11
      001280 7F                    4781 	.db #0x7f	; 127
      001281 71                    4782 	.db #0x71	; 113	'q'
      001282 A0                    4783 	.db #0xa0	; 160
      001283 09                    4784 	.db #0x09	; 9
      001284 0B                    4785 	.db #0x0b	; 11
      001285 7F                    4786 	.db #0x7f	; 127
      001286 71                    4787 	.db #0x71	; 113	'q'
      001287 A0                    4788 	.db #0xa0	; 160
      001288 0A                    4789 	.db #0x0a	; 10
      001289 0B                    4790 	.db #0x0b	; 11
      00128A 61                    4791 	.db #0x61	; 97	'a'
      00128B 85                    4792 	.db #0x85	; 133
      00128C 08                    4793 	.db #0x08	; 8
      00128D A0                    4794 	.db #0xa0	; 160
      00128E 09                    4795 	.db #0x09	; 9
      00128F 0A                    4796 	.db #0x0a	; 10
      001290 61                    4797 	.db #0x61	; 97	'a'
      001291 EE                    4798 	.db #0xee	; 238
      001292 16                    4799 	.db #0x16	; 22
      001293 A0                    4800 	.db #0xa0	; 160
      001294 00                    4801 	.db #0x00	; 0
      001295 40                    4802 	.db #0x40	; 64
      001296 7F                    4803 	.db #0x7f	; 127
      001297 72                    4804 	.db #0x72	; 114	'r'
      001298 A0                    4805 	.db #0xa0	; 160
      001299 08                    4806 	.db #0x08	; 8
      00129A 0F                    4807 	.db #0x0f	; 15
      00129B 7F                    4808 	.db #0x7f	; 127
      00129C 73                    4809 	.db #0x73	; 115	's'
      00129D A0                    4810 	.db #0xa0	; 160
      00129E 02                    4811 	.db #0x02	; 2
      00129F 42                    4812 	.db #0x42	; 66	'B'
      0012A0 7F                    4813 	.db #0x7f	; 127
      0012A1 73                    4814 	.db #0x73	; 115	's'
      0012A2 A0                    4815 	.db #0xa0	; 160
      0012A3 09                    4816 	.db #0x09	; 9
      0012A4 0E                    4817 	.db #0x0e	; 14
      0012A5 7F                    4818 	.db #0x7f	; 127
      0012A6 72                    4819 	.db #0x72	; 114	'r'
      0012A7 A0                    4820 	.db #0xa0	; 160
      0012A8 04                    4821 	.db #0x04	; 4
      0012A9 27                    4822 	.db #0x27	; 39
      0012AA 71                    4823 	.db #0x71	; 113	'q'
      0012AB A0                    4824 	.db #0xa0	; 160
      0012AC 05                    4825 	.db #0x05	; 5
      0012AD 03                    4826 	.db #0x03	; 3
      0012AE 7F                    4827 	.db #0x7f	; 127
      0012AF 71                    4828 	.db #0x71	; 113	'q'
      0012B0 A0                    4829 	.db #0xa0	; 160
      0012B1 0A                    4830 	.db #0x0a	; 10
      0012B2 0F                    4831 	.db #0x0f	; 15
      0012B3 61                    4832 	.db #0x61	; 97	'a'
      0012B4 7B                    4833 	.db #0x7b	; 123
      0012B5 02                    4834 	.db #0x02	; 2
      0012B6 A0                    4835 	.db #0xa0	; 160
      0012B7 08                    4836 	.db #0x08	; 8
      0012B8 0B                    4837 	.db #0x0b	; 11
      0012B9 7F                    4838 	.db #0x7f	; 127
      0012BA 71                    4839 	.db #0x71	; 113	'q'
      0012BB A0                    4840 	.db #0xa0	; 160
      0012BC 09                    4841 	.db #0x09	; 9
      0012BD 0B                    4842 	.db #0x0b	; 11
      0012BE 7F                    4843 	.db #0x7f	; 127
      0012BF 71                    4844 	.db #0x71	; 113	'q'
      0012C0 A0                    4845 	.db #0xa0	; 160
      0012C1 0A                    4846 	.db #0x0a	; 10
      0012C2 0B                    4847 	.db #0x0b	; 11
      0012C3 61                    4848 	.db #0x61	; 97	'a'
      0012C4 85                    4849 	.db #0x85	; 133
      0012C5 08                    4850 	.db #0x08	; 8
      0012C6 A0                    4851 	.db #0xa0	; 160
      0012C7 09                    4852 	.db #0x09	; 9
      0012C8 0A                    4853 	.db #0x0a	; 10
      0012C9 61                    4854 	.db #0x61	; 97	'a'
      0012CA EE                    4855 	.db #0xee	; 238
      0012CB 16                    4856 	.db #0x16	; 22
      0012CC A0                    4857 	.db #0xa0	; 160
      0012CD 00                    4858 	.db #0x00	; 0
      0012CE 2E                    4859 	.db #0x2e	; 46
      0012CF 7F                    4860 	.db #0x7f	; 127
      0012D0 72                    4861 	.db #0x72	; 114	'r'
      0012D1 A0                    4862 	.db #0xa0	; 160
      0012D2 08                    4863 	.db #0x08	; 8
      0012D3 0F                    4864 	.db #0x0f	; 15
      0012D4 7F                    4865 	.db #0x7f	; 127
      0012D5 73                    4866 	.db #0x73	; 115	's'
      0012D6 A0                    4867 	.db #0xa0	; 160
      0012D7 02                    4868 	.db #0x02	; 2
      0012D8 30                    4869 	.db #0x30	; 48	'0'
      0012D9 7F                    4870 	.db #0x7f	; 127
      0012DA 73                    4871 	.db #0x73	; 115	's'
      0012DB A0                    4872 	.db #0xa0	; 160
      0012DC 09                    4873 	.db #0x09	; 9
      0012DD 0E                    4874 	.db #0x0e	; 14
      0012DE 61                    4875 	.db #0x61	; 97	'a'
      0012DF 27                    4876 	.db #0x27	; 39
      0012E0 00                    4877 	.db #0x00	; 0
      0012E1 A0                    4878 	.db #0xa0	; 160
      0012E2 0A                    4879 	.db #0x0a	; 10
      0012E3 0F                    4880 	.db #0x0f	; 15
      0012E4 61                    4881 	.db #0x61	; 97	'a'
      0012E5 7B                    4882 	.db #0x7b	; 123
      0012E6 02                    4883 	.db #0x02	; 2
      0012E7 A0                    4884 	.db #0xa0	; 160
      0012E8 08                    4885 	.db #0x08	; 8
      0012E9 0B                    4886 	.db #0x0b	; 11
      0012EA 7F                    4887 	.db #0x7f	; 127
      0012EB 71                    4888 	.db #0x71	; 113	'q'
      0012EC A0                    4889 	.db #0xa0	; 160
      0012ED 09                    4890 	.db #0x09	; 9
      0012EE 0B                    4891 	.db #0x0b	; 11
      0012EF 7F                    4892 	.db #0x7f	; 127
      0012F0 71                    4893 	.db #0x71	; 113	'q'
      0012F1 A0                    4894 	.db #0xa0	; 160
      0012F2 0A                    4895 	.db #0x0a	; 10
      0012F3 0B                    4896 	.db #0x0b	; 11
      0012F4 61                    4897 	.db #0x61	; 97	'a'
      0012F5 85                    4898 	.db #0x85	; 133
      0012F6 08                    4899 	.db #0x08	; 8
      0012F7 A0                    4900 	.db #0xa0	; 160
      0012F8 09                    4901 	.db #0x09	; 9
      0012F9 0A                    4902 	.db #0x0a	; 10
      0012FA 61                    4903 	.db #0x61	; 97	'a'
      0012FB EE                    4904 	.db #0xee	; 238
      0012FC 16                    4905 	.db #0x16	; 22
      0012FD A0                    4906 	.db #0xa0	; 160
      0012FE 00                    4907 	.db #0x00	; 0
      0012FF 40                    4908 	.db #0x40	; 64
      001300 7F                    4909 	.db #0x7f	; 127
      001301 72                    4910 	.db #0x72	; 114	'r'
      001302 A0                    4911 	.db #0xa0	; 160
      001303 08                    4912 	.db #0x08	; 8
      001304 0F                    4913 	.db #0x0f	; 15
      001305 7F                    4914 	.db #0x7f	; 127
      001306 73                    4915 	.db #0x73	; 115	's'
      001307 A0                    4916 	.db #0xa0	; 160
      001308 02                    4917 	.db #0x02	; 2
      001309 42                    4918 	.db #0x42	; 66	'B'
      00130A 7F                    4919 	.db #0x7f	; 127
      00130B 73                    4920 	.db #0x73	; 115	's'
      00130C A0                    4921 	.db #0xa0	; 160
      00130D 09                    4922 	.db #0x09	; 9
      00130E 0E                    4923 	.db #0x0e	; 14
      00130F 61                    4924 	.db #0x61	; 97	'a'
      001310 27                    4925 	.db #0x27	; 39
      001311 00                    4926 	.db #0x00	; 0
      001312 A0                    4927 	.db #0xa0	; 160
      001313 0A                    4928 	.db #0x0a	; 10
      001314 0F                    4929 	.db #0x0f	; 15
      001315 61                    4930 	.db #0x61	; 97	'a'
      001316 7B                    4931 	.db #0x7b	; 123
      001317 02                    4932 	.db #0x02	; 2
      001318 A0                    4933 	.db #0xa0	; 160
      001319 08                    4934 	.db #0x08	; 8
      00131A 0B                    4935 	.db #0x0b	; 11
      00131B 7F                    4936 	.db #0x7f	; 127
      00131C 71                    4937 	.db #0x71	; 113	'q'
      00131D A0                    4938 	.db #0xa0	; 160
      00131E 09                    4939 	.db #0x09	; 9
      00131F 0B                    4940 	.db #0x0b	; 11
      001320 7F                    4941 	.db #0x7f	; 127
      001321 71                    4942 	.db #0x71	; 113	'q'
      001322 A0                    4943 	.db #0xa0	; 160
      001323 0A                    4944 	.db #0x0a	; 10
      001324 0B                    4945 	.db #0x0b	; 11
      001325 61                    4946 	.db #0x61	; 97	'a'
      001326 85                    4947 	.db #0x85	; 133
      001327 08                    4948 	.db #0x08	; 8
      001328 A0                    4949 	.db #0xa0	; 160
      001329 09                    4950 	.db #0x09	; 9
      00132A 0A                    4951 	.db #0x0a	; 10
      00132B 61                    4952 	.db #0x61	; 97	'a'
      00132C 07                    4953 	.db #0x07	; 7
      00132D 17                    4954 	.db #0x17	; 23
      00132E A0                    4955 	.db #0xa0	; 160
      00132F 04                    4956 	.db #0x04	; 4
      001330 93                    4957 	.db #0x93	; 147
      001331 71                    4958 	.db #0x71	; 113	'q'
      001332 A0                    4959 	.db #0xa0	; 160
      001333 05                    4960 	.db #0x05	; 5
      001334 01                    4961 	.db #0x01	; 1
      001335 7F                    4962 	.db #0x7f	; 127
      001336 72                    4963 	.db #0x72	; 114	'r'
      001337 A0                    4964 	.db #0xa0	; 160
      001338 0A                    4965 	.db #0x0a	; 10
      001339 0F                    4966 	.db #0x0f	; 15
      00133A 61                    4967 	.db #0x61	; 97	'a'
      00133B C9                    4968 	.db #0xc9	; 201
      00133C 02                    4969 	.db #0x02	; 2
      00133D A0                    4970 	.db #0xa0	; 160
      00133E 0A                    4971 	.db #0x0a	; 10
      00133F 0B                    4972 	.db #0x0b	; 11
      001340 61                    4973 	.db #0x61	; 97	'a'
      001341 83                    4974 	.db #0x83	; 131
      001342 08                    4975 	.db #0x08	; 8
      001343 A0                    4976 	.db #0xa0	; 160
      001344 08                    4977 	.db #0x08	; 8
      001345 0A                    4978 	.db #0x0a	; 10
      001346 61                    4979 	.db #0x61	; 97	'a'
      001347 67                    4980 	.db #0x67	; 103	'g'
      001348 0E                    4981 	.db #0x0e	; 14
      001349 A0                    4982 	.db #0xa0	; 160
      00134A 09                    4983 	.db #0x09	; 9
      00134B 09                    4984 	.db #0x09	; 9
      00134C 61                    4985 	.db #0x61	; 97	'a'
      00134D 95                    4986 	.db #0x95	; 149
      00134E 08                    4987 	.db #0x08	; 8
      00134F A0                    4988 	.db #0xa0	; 160
      001350 08                    4989 	.db #0x08	; 8
      001351 08                    4990 	.db #0x08	; 8
      001352 7F                    4991 	.db #0x7f	; 127
      001353 73                    4992 	.db #0x73	; 115	's'
      001354 A0                    4993 	.db #0xa0	; 160
      001355 09                    4994 	.db #0x09	; 9
      001356 07                    4995 	.db #0x07	; 7
      001357 7F                    4996 	.db #0x7f	; 127
      001358 71                    4997 	.db #0x71	; 113	'q'
      001359 A0                    4998 	.db #0xa0	; 160
      00135A 04                    4999 	.db #0x04	; 4
      00135B 27                    5000 	.db #0x27	; 39
      00135C 71                    5001 	.db #0x71	; 113	'q'
      00135D A0                    5002 	.db #0xa0	; 160
      00135E 05                    5003 	.db #0x05	; 5
      00135F 03                    5004 	.db #0x03	; 3
      001360 7F                    5005 	.db #0x7f	; 127
      001361 71                    5006 	.db #0x71	; 113	'q'
      001362 A0                    5007 	.db #0xa0	; 160
      001363 0A                    5008 	.db #0x0a	; 10
      001364 0F                    5009 	.db #0x0f	; 15
      001365 61                    5010 	.db #0x61	; 97	'a'
      001366 A1                    5011 	.db #0xa1	; 161
      001367 02                    5012 	.db #0x02	; 2
      001368 A0                    5013 	.db #0xa0	; 160
      001369 08                    5014 	.db #0x08	; 8
      00136A 05                    5015 	.db #0x05	; 5
      00136B 7E                    5016 	.db #0x7e	; 126
      00136C A0                    5017 	.db #0xa0	; 160
      00136D 09                    5018 	.db #0x09	; 9
      00136E 05                    5019 	.db #0x05	; 5
      00136F 7F                    5020 	.db #0x7f	; 127
      001370 A0                    5021 	.db #0xa0	; 160
      001371 0A                    5022 	.db #0x0a	; 10
      001372 0B                    5023 	.db #0x0b	; 11
      001373 61                    5024 	.db #0x61	; 97	'a'
      001374 C0                    5025 	.db #0xc0	; 192
      001375 02                    5026 	.db #0x02	; 2
      001376 A0                    5027 	.db #0xa0	; 160
      001377 08                    5028 	.db #0x08	; 8
      001378 03                    5029 	.db #0x03	; 3
      001379 7E                    5030 	.db #0x7e	; 126
      00137A A0                    5031 	.db #0xa0	; 160
      00137B 09                    5032 	.db #0x09	; 9
      00137C 02                    5033 	.db #0x02	; 2
      00137D 61                    5034 	.db #0x61	; 97	'a'
      00137E D0                    5035 	.db #0xd0	; 208
      00137F 02                    5036 	.db #0x02	; 2
      001380 A0                    5037 	.db #0xa0	; 160
      001381 08                    5038 	.db #0x08	; 8
      001382 00                    5039 	.db #0x00	; 0
      001383 7E                    5040 	.db #0x7e	; 126
      001384 A0                    5041 	.db #0xa0	; 160
      001385 09                    5042 	.db #0x09	; 9
      001386 00                    5043 	.db #0x00	; 0
      001387 61                    5044 	.db #0x61	; 97	'a'
      001388 CA                    5045 	.db #0xca	; 202
      001389 19                    5046 	.db #0x19	; 25
      00138A A0                    5047 	.db #0xa0	; 160
      00138B 00                    5048 	.db #0x00	; 0
      00138C 93                    5049 	.db #0x93	; 147
      00138D 7F                    5050 	.db #0x7f	; 127
      00138E 72                    5051 	.db #0x72	; 114	'r'
      00138F A0                    5052 	.db #0xa0	; 160
      001390 08                    5053 	.db #0x08	; 8
      001391 0F                    5054 	.db #0x0f	; 15
      001392 7F                    5055 	.db #0x7f	; 127
      001393 73                    5056 	.db #0x73	; 115	's'
      001394 A0                    5057 	.db #0xa0	; 160
      001395 02                    5058 	.db #0x02	; 2
      001396 96                    5059 	.db #0x96	; 150
      001397 7F                    5060 	.db #0x7f	; 127
      001398 73                    5061 	.db #0x73	; 115	's'
      001399 A0                    5062 	.db #0xa0	; 160
      00139A 09                    5063 	.db #0x09	; 9
      00139B 0E                    5064 	.db #0x0e	; 14
      00139C 7F                    5065 	.db #0x7f	; 127
      00139D 75                    5066 	.db #0x75	; 117	'u'
      00139E A0                    5067 	.db #0xa0	; 160
      00139F 0A                    5068 	.db #0x0a	; 10
      0013A0 08                    5069 	.db #0x08	; 8
      0013A1 61                    5070 	.db #0x61	; 97	'a'
      0013A2 8C                    5071 	.db #0x8c	; 140
      0013A3 02                    5072 	.db #0x02	; 2
      0013A4 A0                    5073 	.db #0xa0	; 160
      0013A5 08                    5074 	.db #0x08	; 8
      0013A6 0B                    5075 	.db #0x0b	; 11
      0013A7 7F                    5076 	.db #0x7f	; 127
      0013A8 71                    5077 	.db #0x71	; 113	'q'
      0013A9 A0                    5078 	.db #0xa0	; 160
      0013AA 09                    5079 	.db #0x09	; 9
      0013AB 0B                    5080 	.db #0x0b	; 11
      0013AC 7F                    5081 	.db #0x7f	; 127
      0013AD 71                    5082 	.db #0x71	; 113	'q'
      0013AE A0                    5083 	.db #0xa0	; 160
      0013AF 0A                    5084 	.db #0x0a	; 10
      0013B0 06                    5085 	.db #0x06	; 6
      0013B1 61                    5086 	.db #0x61	; 97	'a'
      0013B2 D4                    5087 	.db #0xd4	; 212
      0013B3 02                    5088 	.db #0x02	; 2
      0013B4 A0                    5089 	.db #0xa0	; 160
      0013B5 0A                    5090 	.db #0x0a	; 10
      0013B6 03                    5091 	.db #0x03	; 3
      0013B7 62                    5092 	.db #0x62	; 98	'b'
      0013B8 A0                    5093 	.db #0xa0	; 160
      0013B9 0A                    5094 	.db #0x0a	; 10
      0013BA 01                    5095 	.db #0x01	; 1
      0013BB 61                    5096 	.db #0x61	; 97	'a'
      0013BC D2                    5097 	.db #0xd2	; 210
      0013BD 02                    5098 	.db #0x02	; 2
      0013BE A0                    5099 	.db #0xa0	; 160
      0013BF 09                    5100 	.db #0x09	; 9
      0013C0 0A                    5101 	.db #0x0a	; 10
      0013C1 7F                    5102 	.db #0x7f	; 127
      0013C2 A0                    5103 	.db #0xa0	; 160
      0013C3 0A                    5104 	.db #0x0a	; 10
      0013C4 00                    5105 	.db #0x00	; 0
      0013C5 61                    5106 	.db #0x61	; 97	'a'
      0013C6 DE                    5107 	.db #0xde	; 222
      0013C7 16                    5108 	.db #0x16	; 22
      0013C8 A0                    5109 	.db #0xa0	; 160
      0013C9 00                    5110 	.db #0x00	; 0
      0013CA 0D                    5111 	.db #0x0d	; 13
      0013CB 7F                    5112 	.db #0x7f	; 127
      0013CC 72                    5113 	.db #0x72	; 114	'r'
      0013CD A0                    5114 	.db #0xa0	; 160
      0013CE 08                    5115 	.db #0x08	; 8
      0013CF 0F                    5116 	.db #0x0f	; 15
      0013D0 7F                    5117 	.db #0x7f	; 127
      0013D1 73                    5118 	.db #0x73	; 115	's'
      0013D2 A0                    5119 	.db #0xa0	; 160
      0013D3 02                    5120 	.db #0x02	; 2
      0013D4 0F                    5121 	.db #0x0f	; 15
      0013D5 7F                    5122 	.db #0x7f	; 127
      0013D6 73                    5123 	.db #0x73	; 115	's'
      0013D7 A0                    5124 	.db #0xa0	; 160
      0013D8 09                    5125 	.db #0x09	; 9
      0013D9 0E                    5126 	.db #0x0e	; 14
      0013DA 61                    5127 	.db #0x61	; 97	'a'
      0013DB 27                    5128 	.db #0x27	; 39
      0013DC 00                    5129 	.db #0x00	; 0
      0013DD A0                    5130 	.db #0xa0	; 160
      0013DE 0A                    5131 	.db #0x0a	; 10
      0013DF 0F                    5132 	.db #0x0f	; 15
      0013E0 61                    5133 	.db #0x61	; 97	'a'
      0013E1 7B                    5134 	.db #0x7b	; 123
      0013E2 02                    5135 	.db #0x02	; 2
      0013E3 A0                    5136 	.db #0xa0	; 160
      0013E4 08                    5137 	.db #0x08	; 8
      0013E5 0B                    5138 	.db #0x0b	; 11
      0013E6 7F                    5139 	.db #0x7f	; 127
      0013E7 71                    5140 	.db #0x71	; 113	'q'
      0013E8 A0                    5141 	.db #0xa0	; 160
      0013E9 09                    5142 	.db #0x09	; 9
      0013EA 0B                    5143 	.db #0x0b	; 11
      0013EB 7F                    5144 	.db #0x7f	; 127
      0013EC 71                    5145 	.db #0x71	; 113	'q'
      0013ED A0                    5146 	.db #0xa0	; 160
      0013EE 0A                    5147 	.db #0x0a	; 10
      0013EF 0B                    5148 	.db #0x0b	; 11
      0013F0 61                    5149 	.db #0x61	; 97	'a'
      0013F1 85                    5150 	.db #0x85	; 133
      0013F2 08                    5151 	.db #0x08	; 8
      0013F3 A0                    5152 	.db #0xa0	; 160
      0013F4 09                    5153 	.db #0x09	; 9
      0013F5 0A                    5154 	.db #0x0a	; 10
      0013F6 61                    5155 	.db #0x61	; 97	'a'
      0013F7 EE                    5156 	.db #0xee	; 238
      0013F8 16                    5157 	.db #0x16	; 22
      0013F9 A0                    5158 	.db #0xa0	; 160
      0013FA 00                    5159 	.db #0x00	; 0
      0013FB C9                    5160 	.db #0xc9	; 201
      0013FC 71                    5161 	.db #0x71	; 113	'q'
      0013FD A0                    5162 	.db #0xa0	; 160
      0013FE 01                    5163 	.db #0x01	; 1
      0013FF 00                    5164 	.db #0x00	; 0
      001400 7F                    5165 	.db #0x7f	; 127
      001401 71                    5166 	.db #0x71	; 113	'q'
      001402 A0                    5167 	.db #0xa0	; 160
      001403 08                    5168 	.db #0x08	; 8
      001404 0F                    5169 	.db #0x0f	; 15
      001405 7F                    5170 	.db #0x7f	; 127
      001406 73                    5171 	.db #0x73	; 115	's'
      001407 A0                    5172 	.db #0xa0	; 160
      001408 02                    5173 	.db #0x02	; 2
      001409 CB                    5174 	.db #0xcb	; 203
      00140A 71                    5175 	.db #0x71	; 113	'q'
      00140B A0                    5176 	.db #0xa0	; 160
      00140C 03                    5177 	.db #0x03	; 3
      00140D 00                    5178 	.db #0x00	; 0
      00140E 7F                    5179 	.db #0x7f	; 127
      00140F 70                    5180 	.db #0x70	; 112	'p'
      001410 A0                    5181 	.db #0xa0	; 160
      001411 09                    5182 	.db #0x09	; 9
      001412 0E                    5183 	.db #0x0e	; 14
      001413 7F                    5184 	.db #0x7f	; 127
      001414 73                    5185 	.db #0x73	; 115	's'
      001415 A0                    5186 	.db #0xa0	; 160
      001416 04                    5187 	.db #0x04	; 4
      001417 93                    5188 	.db #0x93	; 147
      001418 71                    5189 	.db #0x71	; 113	'q'
      001419 A0                    5190 	.db #0xa0	; 160
      00141A 05                    5191 	.db #0x05	; 5
      00141B 01                    5192 	.db #0x01	; 1
      00141C 7F                    5193 	.db #0x7f	; 127
      00141D 72                    5194 	.db #0x72	; 114	'r'
      00141E A0                    5195 	.db #0xa0	; 160
      00141F 0A                    5196 	.db #0x0a	; 10
      001420 0F                    5197 	.db #0x0f	; 15
      001421 61                    5198 	.db #0x61	; 97	'a'
      001422 79                    5199 	.db #0x79	; 121	'y'
      001423 02                    5200 	.db #0x02	; 2
      001424 A0                    5201 	.db #0xa0	; 160
      001425 08                    5202 	.db #0x08	; 8
      001426 0B                    5203 	.db #0x0b	; 11
      001427 7F                    5204 	.db #0x7f	; 127
      001428 71                    5205 	.db #0x71	; 113	'q'
      001429 A0                    5206 	.db #0xa0	; 160
      00142A 09                    5207 	.db #0x09	; 9
      00142B 0B                    5208 	.db #0x0b	; 11
      00142C 7F                    5209 	.db #0x7f	; 127
      00142D 71                    5210 	.db #0x71	; 113	'q'
      00142E A0                    5211 	.db #0xa0	; 160
      00142F 0A                    5212 	.db #0x0a	; 10
      001430 0B                    5213 	.db #0x0b	; 11
      001431 61                    5214 	.db #0x61	; 97	'a'
      001432 85                    5215 	.db #0x85	; 133
      001433 08                    5216 	.db #0x08	; 8
      001434 A0                    5217 	.db #0xa0	; 160
      001435 09                    5218 	.db #0x09	; 9
      001436 0A                    5219 	.db #0x0a	; 10
      001437 61                    5220 	.db #0x61	; 97	'a'
      001438 EE                    5221 	.db #0xee	; 238
      001439 16                    5222 	.db #0x16	; 22
      00143A A0                    5223 	.db #0xa0	; 160
      00143B 00                    5224 	.db #0x00	; 0
      00143C B3                    5225 	.db #0xb3	; 179
      00143D 7F                    5226 	.db #0x7f	; 127
      00143E 73                    5227 	.db #0x73	; 115	's'
      00143F A0                    5228 	.db #0xa0	; 160
      001440 08                    5229 	.db #0x08	; 8
      001441 0F                    5230 	.db #0x0f	; 15
      001442 7F                    5231 	.db #0x7f	; 127
      001443 73                    5232 	.db #0x73	; 115	's'
      001444 A0                    5233 	.db #0xa0	; 160
      001445 02                    5234 	.db #0x02	; 2
      001446 B5                    5235 	.db #0xb5	; 181
      001447 7F                    5236 	.db #0x7f	; 127
      001448 72                    5237 	.db #0x72	; 114	'r'
      001449 A0                    5238 	.db #0xa0	; 160
      00144A 09                    5239 	.db #0x09	; 9
      00144B 0E                    5240 	.db #0x0e	; 14
      00144C 7F                    5241 	.db #0x7f	; 127
      00144D 73                    5242 	.db #0x73	; 115	's'
      00144E A0                    5243 	.db #0xa0	; 160
      00144F 04                    5244 	.db #0x04	; 4
      001450 27                    5245 	.db #0x27	; 39
      001451 71                    5246 	.db #0x71	; 113	'q'
      001452 A0                    5247 	.db #0xa0	; 160
      001453 05                    5248 	.db #0x05	; 5
      001454 03                    5249 	.db #0x03	; 3
      001455 7F                    5250 	.db #0x7f	; 127
      001456 71                    5251 	.db #0x71	; 113	'q'
      001457 A0                    5252 	.db #0xa0	; 160
      001458 0A                    5253 	.db #0x0a	; 10
      001459 0F                    5254 	.db #0x0f	; 15
      00145A 61                    5255 	.db #0x61	; 97	'a'
      00145B 7A                    5256 	.db #0x7a	; 122	'z'
      00145C 02                    5257 	.db #0x02	; 2
      00145D A0                    5258 	.db #0xa0	; 160
      00145E 08                    5259 	.db #0x08	; 8
      00145F 0B                    5260 	.db #0x0b	; 11
      001460 7F                    5261 	.db #0x7f	; 127
      001461 71                    5262 	.db #0x71	; 113	'q'
      001462 A0                    5263 	.db #0xa0	; 160
      001463 09                    5264 	.db #0x09	; 9
      001464 0B                    5265 	.db #0x0b	; 11
      001465 7F                    5266 	.db #0x7f	; 127
      001466 71                    5267 	.db #0x71	; 113	'q'
      001467 A0                    5268 	.db #0xa0	; 160
      001468 0A                    5269 	.db #0x0a	; 10
      001469 0B                    5270 	.db #0x0b	; 11
      00146A 61                    5271 	.db #0x61	; 97	'a'
      00146B 85                    5272 	.db #0x85	; 133
      00146C 08                    5273 	.db #0x08	; 8
      00146D A0                    5274 	.db #0xa0	; 160
      00146E 09                    5275 	.db #0x09	; 9
      00146F 0A                    5276 	.db #0x0a	; 10
      001470 61                    5277 	.db #0x61	; 97	'a'
      001471 EE                    5278 	.db #0xee	; 238
      001472 16                    5279 	.db #0x16	; 22
      001473 A0                    5280 	.db #0xa0	; 160
      001474 00                    5281 	.db #0x00	; 0
      001475 A9                    5282 	.db #0xa9	; 169
      001476 7F                    5283 	.db #0x7f	; 127
      001477 73                    5284 	.db #0x73	; 115	's'
      001478 A0                    5285 	.db #0xa0	; 160
      001479 08                    5286 	.db #0x08	; 8
      00147A 0F                    5287 	.db #0x0f	; 15
      00147B 7F                    5288 	.db #0x7f	; 127
      00147C 73                    5289 	.db #0x73	; 115	's'
      00147D A0                    5290 	.db #0xa0	; 160
      00147E 02                    5291 	.db #0x02	; 2
      00147F AA                    5292 	.db #0xaa	; 170
      001480 7F                    5293 	.db #0x7f	; 127
      001481 72                    5294 	.db #0x72	; 114	'r'
      001482 A0                    5295 	.db #0xa0	; 160
      001483 09                    5296 	.db #0x09	; 9
      001484 0E                    5297 	.db #0x0e	; 14
      001485 7F                    5298 	.db #0x7f	; 127
      001486 72                    5299 	.db #0x72	; 114	'r'
      001487 A0                    5300 	.db #0xa0	; 160
      001488 04                    5301 	.db #0x04	; 4
      001489 F9                    5302 	.db #0xf9	; 249
      00148A 7F                    5303 	.db #0x7f	; 127
      00148B 74                    5304 	.db #0x74	; 116	't'
      00148C A0                    5305 	.db #0xa0	; 160
      00148D 0A                    5306 	.db #0x0a	; 10
      00148E 0F                    5307 	.db #0x0f	; 15
      00148F 61                    5308 	.db #0x61	; 97	'a'
      001490 7A                    5309 	.db #0x7a	; 122	'z'
      001491 02                    5310 	.db #0x02	; 2
      001492 A0                    5311 	.db #0xa0	; 160
      001493 08                    5312 	.db #0x08	; 8
      001494 0B                    5313 	.db #0x0b	; 11
      001495 7F                    5314 	.db #0x7f	; 127
      001496 71                    5315 	.db #0x71	; 113	'q'
      001497 A0                    5316 	.db #0xa0	; 160
      001498 09                    5317 	.db #0x09	; 9
      001499 0B                    5318 	.db #0x0b	; 11
      00149A 7F                    5319 	.db #0x7f	; 127
      00149B 71                    5320 	.db #0x71	; 113	'q'
      00149C A0                    5321 	.db #0xa0	; 160
      00149D 0A                    5322 	.db #0x0a	; 10
      00149E 0B                    5323 	.db #0x0b	; 11
      00149F 61                    5324 	.db #0x61	; 97	'a'
      0014A0 85                    5325 	.db #0x85	; 133
      0014A1 08                    5326 	.db #0x08	; 8
      0014A2 A0                    5327 	.db #0xa0	; 160
      0014A3 09                    5328 	.db #0x09	; 9
      0014A4 0A                    5329 	.db #0x0a	; 10
      0014A5 61                    5330 	.db #0x61	; 97	'a'
      0014A6 1B                    5331 	.db #0x1b	; 27
      0014A7 17                    5332 	.db #0x17	; 23
      0014A8 A0                    5333 	.db #0xa0	; 160
      0014A9 0A                    5334 	.db #0x0a	; 10
      0014AA 0F                    5335 	.db #0x0f	; 15
      0014AB 61                    5336 	.db #0x61	; 97	'a'
      0014AC CA                    5337 	.db #0xca	; 202
      0014AD 02                    5338 	.db #0x02	; 2
      0014AE A0                    5339 	.db #0xa0	; 160
      0014AF 0A                    5340 	.db #0x0a	; 10
      0014B0 0B                    5341 	.db #0x0b	; 11
      0014B1 61                    5342 	.db #0x61	; 97	'a'
      0014B2 83                    5343 	.db #0x83	; 131
      0014B3 08                    5344 	.db #0x08	; 8
      0014B4 A0                    5345 	.db #0xa0	; 160
      0014B5 08                    5346 	.db #0x08	; 8
      0014B6 0A                    5347 	.db #0x0a	; 10
      0014B7 61                    5348 	.db #0x61	; 97	'a'
      0014B8 67                    5349 	.db #0x67	; 103	'g'
      0014B9 0E                    5350 	.db #0x0e	; 14
      0014BA A0                    5351 	.db #0xa0	; 160
      0014BB 09                    5352 	.db #0x09	; 9
      0014BC 09                    5353 	.db #0x09	; 9
      0014BD 61                    5354 	.db #0x61	; 97	'a'
      0014BE AC                    5355 	.db #0xac	; 172
      0014BF 08                    5356 	.db #0x08	; 8
      0014C0 A0                    5357 	.db #0xa0	; 160
      0014C1 04                    5358 	.db #0x04	; 4
      0014C2 FC                    5359 	.db #0xfc	; 252
      0014C3 71                    5360 	.db #0x71	; 113	'q'
      0014C4 A0                    5361 	.db #0xa0	; 160
      0014C5 05                    5362 	.db #0x05	; 5
      0014C6 01                    5363 	.db #0x01	; 1
      0014C7 7F                    5364 	.db #0x7f	; 127
      0014C8 71                    5365 	.db #0x71	; 113	'q'
      0014C9 A0                    5366 	.db #0xa0	; 160
      0014CA 0A                    5367 	.db #0x0a	; 10
      0014CB 0F                    5368 	.db #0x0f	; 15
      0014CC 61                    5369 	.db #0x61	; 97	'a'
      0014CD CA                    5370 	.db #0xca	; 202
      0014CE 02                    5371 	.db #0x02	; 2
      0014CF A0                    5372 	.db #0xa0	; 160
      0014D0 0A                    5373 	.db #0x0a	; 10
      0014D1 0B                    5374 	.db #0x0b	; 11
      0014D2 61                    5375 	.db #0x61	; 97	'a'
      0014D3 FF                    5376 	.db #0xff	; 255
      0014D4 13                    5377 	.db #0x13	; 19
      0014D5 A0                    5378 	.db #0xa0	; 160
      0014D6 08                    5379 	.db #0x08	; 8
      0014D7 09                    5380 	.db #0x09	; 9
      0014D8 61                    5381 	.db #0x61	; 97	'a'
      0014D9 97                    5382 	.db #0x97	; 151
      0014DA 0B                    5383 	.db #0x0b	; 11
      0014DB A0                    5384 	.db #0xa0	; 160
      0014DC 04                    5385 	.db #0x04	; 4
      0014DD F9                    5386 	.db #0xf9	; 249
      0014DE 71                    5387 	.db #0x71	; 113	'q'
      0014DF A0                    5388 	.db #0xa0	; 160
      0014E0 05                    5389 	.db #0x05	; 5
      0014E1 03                    5390 	.db #0x03	; 3
      0014E2 7F                    5391 	.db #0x7f	; 127
      0014E3 71                    5392 	.db #0x71	; 113	'q'
      0014E4 A0                    5393 	.db #0xa0	; 160
      0014E5 0A                    5394 	.db #0x0a	; 10
      0014E6 0F                    5395 	.db #0x0f	; 15
      0014E7 61                    5396 	.db #0x61	; 97	'a'
      0014E8 CA                    5397 	.db #0xca	; 202
      0014E9 02                    5398 	.db #0x02	; 2
      0014EA A0                    5399 	.db #0xa0	; 160
      0014EB 0A                    5400 	.db #0x0a	; 10
      0014EC 0B                    5401 	.db #0x0b	; 11
      0014ED 61                    5402 	.db #0x61	; 97	'a'
      0014EE D1                    5403 	.db #0xd1	; 209
      0014EF 02                    5404 	.db #0x02	; 2
      0014F0 A0                    5405 	.db #0xa0	; 160
      0014F1 09                    5406 	.db #0x09	; 9
      0014F2 08                    5407 	.db #0x08	; 8
      0014F3 61                    5408 	.db #0x61	; 97	'a'
      0014F4 AA                    5409 	.db #0xaa	; 170
      0014F5 1C                    5410 	.db #0x1c	; 28
      0014F6 A0                    5411 	.db #0xa0	; 160
      0014F7 08                    5412 	.db #0x08	; 8
      0014F8 08                    5413 	.db #0x08	; 8
      0014F9 61                    5414 	.db #0x61	; 97	'a'
      0014FA 21                    5415 	.db #0x21	; 33
      0014FB 00                    5416 	.db #0x00	; 0
      0014FC A0                    5417 	.db #0xa0	; 160
      0014FD 0A                    5418 	.db #0x0a	; 10
      0014FE 08                    5419 	.db #0x08	; 8
      0014FF 61                    5420 	.db #0x61	; 97	'a'
      001500 D7                    5421 	.db #0xd7	; 215
      001501 02                    5422 	.db #0x02	; 2
      001502 A0                    5423 	.db #0xa0	; 160
      001503 0A                    5424 	.db #0x0a	; 10
      001504 06                    5425 	.db #0x06	; 6
      001505 62                    5426 	.db #0x62	; 98	'b'
      001506 A0                    5427 	.db #0xa0	; 160
      001507 0A                    5428 	.db #0x0a	; 10
      001508 03                    5429 	.db #0x03	; 3
      001509 62                    5430 	.db #0x62	; 98	'b'
      00150A A0                    5431 	.db #0xa0	; 160
      00150B 0A                    5432 	.db #0x0a	; 10
      00150C 01                    5433 	.db #0x01	; 1
      00150D 62                    5434 	.db #0x62	; 98	'b'
      00150E A0                    5435 	.db #0xa0	; 160
      00150F 0A                    5436 	.db #0x0a	; 10
      001510 00                    5437 	.db #0x00	; 0
      001511 61                    5438 	.db #0x61	; 97	'a'
      001512 90                    5439 	.db #0x90	; 144
      001513 08                    5440 	.db #0x08	; 8
      001514 A0                    5441 	.db #0xa0	; 160
      001515 09                    5442 	.db #0x09	; 9
      001516 07                    5443 	.db #0x07	; 7
      001517 61                    5444 	.db #0x61	; 97	'a'
      001518 7E                    5445 	.db #0x7e	; 126
      001519 0E                    5446 	.db #0x0e	; 14
      00151A A0                    5447 	.db #0xa0	; 160
      00151B 0A                    5448 	.db #0x0a	; 10
      00151C 0F                    5449 	.db #0x0f	; 15
      00151D 61                    5450 	.db #0x61	; 97	'a'
      00151E CA                    5451 	.db #0xca	; 202
      00151F 02                    5452 	.db #0x02	; 2
      001520 A0                    5453 	.db #0xa0	; 160
      001521 0A                    5454 	.db #0x0a	; 10
      001522 0B                    5455 	.db #0x0b	; 11
      001523 61                    5456 	.db #0x61	; 97	'a'
      001524 83                    5457 	.db #0x83	; 131
      001525 08                    5458 	.db #0x08	; 8
      001526 A0                    5459 	.db #0xa0	; 160
      001527 08                    5460 	.db #0x08	; 8
      001528 07                    5461 	.db #0x07	; 7
      001529 61                    5462 	.db #0x61	; 97	'a'
      00152A 04                    5463 	.db #0x04	; 4
      00152B 17                    5464 	.db #0x17	; 23
      00152C A0                    5465 	.db #0xa0	; 160
      00152D 09                    5466 	.db #0x09	; 9
      00152E 06                    5467 	.db #0x06	; 6
      00152F 7F                    5468 	.db #0x7f	; 127
      001530 70                    5469 	.db #0x70	; 112	'p'
      001531 A0                    5470 	.db #0xa0	; 160
      001532 04                    5471 	.db #0x04	; 4
      001533 FC                    5472 	.db #0xfc	; 252
      001534 72                    5473 	.db #0x72	; 114	'r'
      001535 A0                    5474 	.db #0xa0	; 160
      001536 05                    5475 	.db #0x05	; 5
      001537 01                    5476 	.db #0x01	; 1
      001538 7F                    5477 	.db #0x7f	; 127
      001539 71                    5478 	.db #0x71	; 113	'q'
      00153A A0                    5479 	.db #0xa0	; 160
      00153B 0A                    5480 	.db #0x0a	; 10
      00153C 0F                    5481 	.db #0x0f	; 15
      00153D 61                    5482 	.db #0x61	; 97	'a'
      00153E C7                    5483 	.db #0xc7	; 199
      00153F 02                    5484 	.db #0x02	; 2
      001540 A0                    5485 	.db #0xa0	; 160
      001541 0A                    5486 	.db #0x0a	; 10
      001542 0B                    5487 	.db #0x0b	; 11
      001543 61                    5488 	.db #0x61	; 97	'a'
      001544 FF                    5489 	.db #0xff	; 255
      001545 13                    5490 	.db #0x13	; 19
      001546 A0                    5491 	.db #0xa0	; 160
      001547 08                    5492 	.db #0x08	; 8
      001548 06                    5493 	.db #0x06	; 6
      001549 61                    5494 	.db #0x61	; 97	'a'
      00154A 97                    5495 	.db #0x97	; 151
      00154B 0B                    5496 	.db #0x0b	; 11
      00154C A0                    5497 	.db #0xa0	; 160
      00154D 04                    5498 	.db #0x04	; 4
      00154E F9                    5499 	.db #0xf9	; 249
      00154F 71                    5500 	.db #0x71	; 113	'q'
      001550 A0                    5501 	.db #0xa0	; 160
      001551 05                    5502 	.db #0x05	; 5
      001552 03                    5503 	.db #0x03	; 3
      001553 7F                    5504 	.db #0x7f	; 127
      001554 71                    5505 	.db #0x71	; 113	'q'
      001555 A0                    5506 	.db #0xa0	; 160
      001556 0A                    5507 	.db #0x0a	; 10
      001557 0F                    5508 	.db #0x0f	; 15
      001558 61                    5509 	.db #0x61	; 97	'a'
      001559 CA                    5510 	.db #0xca	; 202
      00155A 02                    5511 	.db #0x02	; 2
      00155B A0                    5512 	.db #0xa0	; 160
      00155C 0A                    5513 	.db #0x0a	; 10
      00155D 0B                    5514 	.db #0x0b	; 11
      00155E 61                    5515 	.db #0x61	; 97	'a'
      00155F 6E                    5516 	.db #0x6e	; 110	'n'
      001560 0B                    5517 	.db #0x0b	; 11
      001561 A0                    5518 	.db #0xa0	; 160
      001562 09                    5519 	.db #0x09	; 9
      001563 05                    5520 	.db #0x05	; 5
      001564 61                    5521 	.db #0x61	; 97	'a'
      001565 0F                    5522 	.db #0x0f	; 15
      001566 14                    5523 	.db #0x14	; 20
      001567 A0                    5524 	.db #0xa0	; 160
      001568 00                    5525 	.db #0x00	; 0
      001569 B3                    5526 	.db #0xb3	; 179
      00156A 7F                    5527 	.db #0x7f	; 127
      00156B 73                    5528 	.db #0x73	; 115	's'
      00156C A0                    5529 	.db #0xa0	; 160
      00156D 08                    5530 	.db #0x08	; 8
      00156E 0F                    5531 	.db #0x0f	; 15
      00156F 7F                    5532 	.db #0x7f	; 127
      001570 73                    5533 	.db #0x73	; 115	's'
      001571 A0                    5534 	.db #0xa0	; 160
      001572 02                    5535 	.db #0x02	; 2
      001573 B5                    5536 	.db #0xb5	; 181
      001574 7F                    5537 	.db #0x7f	; 127
      001575 72                    5538 	.db #0x72	; 114	'r'
      001576 A0                    5539 	.db #0xa0	; 160
      001577 09                    5540 	.db #0x09	; 9
      001578 0E                    5541 	.db #0x0e	; 14
      001579 7F                    5542 	.db #0x7f	; 127
      00157A 72                    5543 	.db #0x72	; 114	'r'
      00157B A0                    5544 	.db #0xa0	; 160
      00157C 04                    5545 	.db #0x04	; 4
      00157D 8A                    5546 	.db #0x8a	; 138
      00157E 7F                    5547 	.db #0x7f	; 127
      00157F 74                    5548 	.db #0x74	; 116	't'
      001580 A0                    5549 	.db #0xa0	; 160
      001581 0A                    5550 	.db #0x0a	; 10
      001582 0F                    5551 	.db #0x0f	; 15
      001583 61                    5552 	.db #0x61	; 97	'a'
      001584 7A                    5553 	.db #0x7a	; 122	'z'
      001585 02                    5554 	.db #0x02	; 2
      001586 A0                    5555 	.db #0xa0	; 160
      001587 08                    5556 	.db #0x08	; 8
      001588 0B                    5557 	.db #0x0b	; 11
      001589 7F                    5558 	.db #0x7f	; 127
      00158A 71                    5559 	.db #0x71	; 113	'q'
      00158B A0                    5560 	.db #0xa0	; 160
      00158C 09                    5561 	.db #0x09	; 9
      00158D 0B                    5562 	.db #0x0b	; 11
      00158E 7F                    5563 	.db #0x7f	; 127
      00158F 71                    5564 	.db #0x71	; 113	'q'
      001590 A0                    5565 	.db #0xa0	; 160
      001591 0A                    5566 	.db #0x0a	; 10
      001592 0B                    5567 	.db #0x0b	; 11
      001593 61                    5568 	.db #0x61	; 97	'a'
      001594 85                    5569 	.db #0x85	; 133
      001595 08                    5570 	.db #0x08	; 8
      001596 A0                    5571 	.db #0xa0	; 160
      001597 09                    5572 	.db #0x09	; 9
      001598 0A                    5573 	.db #0x0a	; 10
      001599 61                    5574 	.db #0x61	; 97	'a'
      00159A 1B                    5575 	.db #0x1b	; 27
      00159B 17                    5576 	.db #0x17	; 23
      00159C A0                    5577 	.db #0xa0	; 160
      00159D 0A                    5578 	.db #0x0a	; 10
      00159E 0F                    5579 	.db #0x0f	; 15
      00159F 61                    5580 	.db #0x61	; 97	'a'
      0015A0 CA                    5581 	.db #0xca	; 202
      0015A1 02                    5582 	.db #0x02	; 2
      0015A2 A0                    5583 	.db #0xa0	; 160
      0015A3 0A                    5584 	.db #0x0a	; 10
      0015A4 0B                    5585 	.db #0x0b	; 11
      0015A5 61                    5586 	.db #0x61	; 97	'a'
      0015A6 83                    5587 	.db #0x83	; 131
      0015A7 08                    5588 	.db #0x08	; 8
      0015A8 A0                    5589 	.db #0xa0	; 160
      0015A9 08                    5590 	.db #0x08	; 8
      0015AA 0A                    5591 	.db #0x0a	; 10
      0015AB 61                    5592 	.db #0x61	; 97	'a'
      0015AC 67                    5593 	.db #0x67	; 103	'g'
      0015AD 0E                    5594 	.db #0x0e	; 14
      0015AE A0                    5595 	.db #0xa0	; 160
      0015AF 09                    5596 	.db #0x09	; 9
      0015B0 09                    5597 	.db #0x09	; 9
      0015B1 61                    5598 	.db #0x61	; 97	'a'
      0015B2 AC                    5599 	.db #0xac	; 172
      0015B3 08                    5600 	.db #0x08	; 8
      0015B4 A0                    5601 	.db #0xa0	; 160
      0015B5 04                    5602 	.db #0x04	; 4
      0015B6 C5                    5603 	.db #0xc5	; 197
      0015B7 71                    5604 	.db #0x71	; 113	'q'
      0015B8 A0                    5605 	.db #0xa0	; 160
      0015B9 05                    5606 	.db #0x05	; 5
      0015BA 01                    5607 	.db #0x01	; 1
      0015BB 7F                    5608 	.db #0x7f	; 127
      0015BC 71                    5609 	.db #0x71	; 113	'q'
      0015BD A0                    5610 	.db #0xa0	; 160
      0015BE 0A                    5611 	.db #0x0a	; 10
      0015BF 0F                    5612 	.db #0x0f	; 15
      0015C0 61                    5613 	.db #0x61	; 97	'a'
      0015C1 CA                    5614 	.db #0xca	; 202
      0015C2 02                    5615 	.db #0x02	; 2
      0015C3 A0                    5616 	.db #0xa0	; 160
      0015C4 0A                    5617 	.db #0x0a	; 10
      0015C5 0B                    5618 	.db #0x0b	; 11
      0015C6 61                    5619 	.db #0x61	; 97	'a'
      0015C7 FF                    5620 	.db #0xff	; 255
      0015C8 13                    5621 	.db #0x13	; 19
      0015C9 A0                    5622 	.db #0xa0	; 160
      0015CA 08                    5623 	.db #0x08	; 8
      0015CB 09                    5624 	.db #0x09	; 9
      0015CC 61                    5625 	.db #0x61	; 97	'a'
      0015CD 97                    5626 	.db #0x97	; 151
      0015CE 0B                    5627 	.db #0x0b	; 11
      0015CF A0                    5628 	.db #0xa0	; 160
      0015D0 04                    5629 	.db #0x04	; 4
      0015D1 8A                    5630 	.db #0x8a	; 138
      0015D2 71                    5631 	.db #0x71	; 113	'q'
      0015D3 A0                    5632 	.db #0xa0	; 160
      0015D4 05                    5633 	.db #0x05	; 5
      0015D5 03                    5634 	.db #0x03	; 3
      0015D6 7F                    5635 	.db #0x7f	; 127
      0015D7 71                    5636 	.db #0x71	; 113	'q'
      0015D8 A0                    5637 	.db #0xa0	; 160
      0015D9 0A                    5638 	.db #0x0a	; 10
      0015DA 0F                    5639 	.db #0x0f	; 15
      0015DB 61                    5640 	.db #0x61	; 97	'a'
      0015DC CA                    5641 	.db #0xca	; 202
      0015DD 02                    5642 	.db #0x02	; 2
      0015DE A0                    5643 	.db #0xa0	; 160
      0015DF 0A                    5644 	.db #0x0a	; 10
      0015E0 0B                    5645 	.db #0x0b	; 11
      0015E1 61                    5646 	.db #0x61	; 97	'a'
      0015E2 D1                    5647 	.db #0xd1	; 209
      0015E3 02                    5648 	.db #0x02	; 2
      0015E4 A0                    5649 	.db #0xa0	; 160
      0015E5 09                    5650 	.db #0x09	; 9
      0015E6 08                    5651 	.db #0x08	; 8
      0015E7 61                    5652 	.db #0x61	; 97	'a'
      0015E8 AC                    5653 	.db #0xac	; 172
      0015E9 1C                    5654 	.db #0x1c	; 28
      0015EA A0                    5655 	.db #0xa0	; 160
      0015EB 00                    5656 	.db #0x00	; 0
      0015EC 97                    5657 	.db #0x97	; 151
      0015ED 7F                    5658 	.db #0x7f	; 127
      0015EE 73                    5659 	.db #0x73	; 115	's'
      0015EF A0                    5660 	.db #0xa0	; 160
      0015F0 08                    5661 	.db #0x08	; 8
      0015F1 0F                    5662 	.db #0x0f	; 15
      0015F2 7F                    5663 	.db #0x7f	; 127
      0015F3 73                    5664 	.db #0x73	; 115	's'
      0015F4 A0                    5665 	.db #0xa0	; 160
      0015F5 02                    5666 	.db #0x02	; 2
      0015F6 98                    5667 	.db #0x98	; 152
      0015F7 7F                    5668 	.db #0x7f	; 127
      0015F8 72                    5669 	.db #0x72	; 114	'r'
      0015F9 A0                    5670 	.db #0xa0	; 160
      0015FA 09                    5671 	.db #0x09	; 9
      0015FB 0E                    5672 	.db #0x0e	; 14
      0015FC 7F                    5673 	.db #0x7f	; 127
      0015FD 76                    5674 	.db #0x76	; 118	'v'
      0015FE A0                    5675 	.db #0xa0	; 160
      0015FF 0A                    5676 	.db #0x0a	; 10
      001600 08                    5677 	.db #0x08	; 8
      001601 61                    5678 	.db #0x61	; 97	'a'
      001602 8B                    5679 	.db #0x8b	; 139
      001603 02                    5680 	.db #0x02	; 2
      001604 A0                    5681 	.db #0xa0	; 160
      001605 08                    5682 	.db #0x08	; 8
      001606 0B                    5683 	.db #0x0b	; 11
      001607 7F                    5684 	.db #0x7f	; 127
      001608 71                    5685 	.db #0x71	; 113	'q'
      001609 A0                    5686 	.db #0xa0	; 160
      00160A 09                    5687 	.db #0x09	; 9
      00160B 0B                    5688 	.db #0x0b	; 11
      00160C 7F                    5689 	.db #0x7f	; 127
      00160D 71                    5690 	.db #0x71	; 113	'q'
      00160E A0                    5691 	.db #0xa0	; 160
      00160F 0A                    5692 	.db #0x0a	; 10
      001610 06                    5693 	.db #0x06	; 6
      001611 61                    5694 	.db #0x61	; 97	'a'
      001612 D4                    5695 	.db #0xd4	; 212
      001613 02                    5696 	.db #0x02	; 2
      001614 A0                    5697 	.db #0xa0	; 160
      001615 0A                    5698 	.db #0x0a	; 10
      001616 03                    5699 	.db #0x03	; 3
      001617 62                    5700 	.db #0x62	; 98	'b'
      001618 A0                    5701 	.db #0xa0	; 160
      001619 0A                    5702 	.db #0x0a	; 10
      00161A 01                    5703 	.db #0x01	; 1
      00161B 61                    5704 	.db #0x61	; 97	'a'
      00161C D2                    5705 	.db #0xd2	; 210
      00161D 02                    5706 	.db #0x02	; 2
      00161E A0                    5707 	.db #0xa0	; 160
      00161F 09                    5708 	.db #0x09	; 9
      001620 0A                    5709 	.db #0x0a	; 10
      001621 7F                    5710 	.db #0x7f	; 127
      001622 A0                    5711 	.db #0xa0	; 160
      001623 0A                    5712 	.db #0x0a	; 10
      001624 00                    5713 	.db #0x00	; 0
      001625 61                    5714 	.db #0x61	; 97	'a'
      001626 0B                    5715 	.db #0x0b	; 11
      001627 17                    5716 	.db #0x17	; 23
      001628 A0                    5717 	.db #0xa0	; 160
      001629 0A                    5718 	.db #0x0a	; 10
      00162A 0F                    5719 	.db #0x0f	; 15
      00162B 61                    5720 	.db #0x61	; 97	'a'
      00162C CA                    5721 	.db #0xca	; 202
      00162D 02                    5722 	.db #0x02	; 2
      00162E A0                    5723 	.db #0xa0	; 160
      00162F 0A                    5724 	.db #0x0a	; 10
      001630 0B                    5725 	.db #0x0b	; 11
      001631 61                    5726 	.db #0x61	; 97	'a'
      001632 83                    5727 	.db #0x83	; 131
      001633 08                    5728 	.db #0x08	; 8
      001634 A0                    5729 	.db #0xa0	; 160
      001635 08                    5730 	.db #0x08	; 8
      001636 0A                    5731 	.db #0x0a	; 10
      001637 61                    5732 	.db #0x61	; 97	'a'
      001638 67                    5733 	.db #0x67	; 103	'g'
      001639 0E                    5734 	.db #0x0e	; 14
      00163A A0                    5735 	.db #0xa0	; 160
      00163B 09                    5736 	.db #0x09	; 9
      00163C 09                    5737 	.db #0x09	; 9
      00163D 61                    5738 	.db #0x61	; 97	'a'
      00163E AC                    5739 	.db #0xac	; 172
      00163F 08                    5740 	.db #0x08	; 8
      001640 A0                    5741 	.db #0xa0	; 160
      001641 04                    5742 	.db #0x04	; 4
      001642 C5                    5743 	.db #0xc5	; 197
      001643 71                    5744 	.db #0x71	; 113	'q'
      001644 A0                    5745 	.db #0xa0	; 160
      001645 05                    5746 	.db #0x05	; 5
      001646 01                    5747 	.db #0x01	; 1
      001647 7F                    5748 	.db #0x7f	; 127
      001648 71                    5749 	.db #0x71	; 113	'q'
      001649 A0                    5750 	.db #0xa0	; 160
      00164A 0A                    5751 	.db #0x0a	; 10
      00164B 0F                    5752 	.db #0x0f	; 15
      00164C 61                    5753 	.db #0x61	; 97	'a'
      00164D CA                    5754 	.db #0xca	; 202
      00164E 02                    5755 	.db #0x02	; 2
      00164F A0                    5756 	.db #0xa0	; 160
      001650 0A                    5757 	.db #0x0a	; 10
      001651 0B                    5758 	.db #0x0b	; 11
      001652 61                    5759 	.db #0x61	; 97	'a'
      001653 FF                    5760 	.db #0xff	; 255
      001654 13                    5761 	.db #0x13	; 19
      001655 A0                    5762 	.db #0xa0	; 160
      001656 08                    5763 	.db #0x08	; 8
      001657 09                    5764 	.db #0x09	; 9
      001658 61                    5765 	.db #0x61	; 97	'a'
      001659 97                    5766 	.db #0x97	; 151
      00165A 0B                    5767 	.db #0x0b	; 11
      00165B A0                    5768 	.db #0xa0	; 160
      00165C 04                    5769 	.db #0x04	; 4
      00165D 8A                    5770 	.db #0x8a	; 138
      00165E 71                    5771 	.db #0x71	; 113	'q'
      00165F A0                    5772 	.db #0xa0	; 160
      001660 05                    5773 	.db #0x05	; 5
      001661 03                    5774 	.db #0x03	; 3
      001662 7F                    5775 	.db #0x7f	; 127
      001663 71                    5776 	.db #0x71	; 113	'q'
      001664 A0                    5777 	.db #0xa0	; 160
      001665 0A                    5778 	.db #0x0a	; 10
      001666 0F                    5779 	.db #0x0f	; 15
      001667 61                    5780 	.db #0x61	; 97	'a'
      001668 CA                    5781 	.db #0xca	; 202
      001669 02                    5782 	.db #0x02	; 2
      00166A A0                    5783 	.db #0xa0	; 160
      00166B 0A                    5784 	.db #0x0a	; 10
      00166C 0B                    5785 	.db #0x0b	; 11
      00166D 61                    5786 	.db #0x61	; 97	'a'
      00166E D1                    5787 	.db #0xd1	; 209
      00166F 02                    5788 	.db #0x02	; 2
      001670 A0                    5789 	.db #0xa0	; 160
      001671 09                    5790 	.db #0x09	; 9
      001672 08                    5791 	.db #0x08	; 8
      001673 61                    5792 	.db #0x61	; 97	'a'
      001674 C0                    5793 	.db #0xc0	; 192
      001675 1C                    5794 	.db #0x1c	; 28
      001676 A0                    5795 	.db #0xa0	; 160
      001677 08                    5796 	.db #0x08	; 8
      001678 0F                    5797 	.db #0x0f	; 15
      001679 61                    5798 	.db #0x61	; 97	'a'
      00167A 27                    5799 	.db #0x27	; 39
      00167B 00                    5800 	.db #0x00	; 0
      00167C A0                    5801 	.db #0xa0	; 160
      00167D 09                    5802 	.db #0x09	; 9
      00167E 0E                    5803 	.db #0x0e	; 14
      00167F 7F                    5804 	.db #0x7f	; 127
      001680 73                    5805 	.db #0x73	; 115	's'
      001681 A0                    5806 	.db #0xa0	; 160
      001682 04                    5807 	.db #0x04	; 4
      001683 27                    5808 	.db #0x27	; 39
      001684 7F                    5809 	.db #0x7f	; 127
      001685 73                    5810 	.db #0x73	; 115	's'
      001686 A0                    5811 	.db #0xa0	; 160
      001687 0A                    5812 	.db #0x0a	; 10
      001688 0F                    5813 	.db #0x0f	; 15
      001689 61                    5814 	.db #0x61	; 97	'a'
      00168A 7A                    5815 	.db #0x7a	; 122	'z'
      00168B 02                    5816 	.db #0x02	; 2
      00168C A0                    5817 	.db #0xa0	; 160
      00168D 08                    5818 	.db #0x08	; 8
      00168E 0B                    5819 	.db #0x0b	; 11
      00168F 7F                    5820 	.db #0x7f	; 127
      001690 71                    5821 	.db #0x71	; 113	'q'
      001691 A0                    5822 	.db #0xa0	; 160
      001692 09                    5823 	.db #0x09	; 9
      001693 0B                    5824 	.db #0x0b	; 11
      001694 7F                    5825 	.db #0x7f	; 127
      001695 71                    5826 	.db #0x71	; 113	'q'
      001696 A0                    5827 	.db #0xa0	; 160
      001697 0A                    5828 	.db #0x0a	; 10
      001698 0B                    5829 	.db #0x0b	; 11
      001699 61                    5830 	.db #0x61	; 97	'a'
      00169A 85                    5831 	.db #0x85	; 133
      00169B 08                    5832 	.db #0x08	; 8
      00169C A0                    5833 	.db #0xa0	; 160
      00169D 09                    5834 	.db #0x09	; 9
      00169E 0A                    5835 	.db #0x0a	; 10
      00169F 61                    5836 	.db #0x61	; 97	'a'
      0016A0 EE                    5837 	.db #0xee	; 238
      0016A1 16                    5838 	.db #0x16	; 22
      0016A2 A0                    5839 	.db #0xa0	; 160
      0016A3 00                    5840 	.db #0x00	; 0
      0016A4 C9                    5841 	.db #0xc9	; 201
      0016A5 7F                    5842 	.db #0x7f	; 127
      0016A6 73                    5843 	.db #0x73	; 115	's'
      0016A7 A0                    5844 	.db #0xa0	; 160
      0016A8 08                    5845 	.db #0x08	; 8
      0016A9 0F                    5846 	.db #0x0f	; 15
      0016AA 7F                    5847 	.db #0x7f	; 127
      0016AB 73                    5848 	.db #0x73	; 115	's'
      0016AC A0                    5849 	.db #0xa0	; 160
      0016AD 02                    5850 	.db #0x02	; 2
      0016AE CB                    5851 	.db #0xcb	; 203
      0016AF 7F                    5852 	.db #0x7f	; 127
      0016B0 72                    5853 	.db #0x72	; 114	'r'
      0016B1 A0                    5854 	.db #0xa0	; 160
      0016B2 09                    5855 	.db #0x09	; 9
      0016B3 0E                    5856 	.db #0x0e	; 14
      0016B4 61                    5857 	.db #0x61	; 97	'a'
      0016B5 28                    5858 	.db #0x28	; 40
      0016B6 00                    5859 	.db #0x00	; 0
      0016B7 A0                    5860 	.db #0xa0	; 160
      0016B8 0A                    5861 	.db #0x0a	; 10
      0016B9 0F                    5862 	.db #0x0f	; 15
      0016BA 61                    5863 	.db #0x61	; 97	'a'
      0016BB 7A                    5864 	.db #0x7a	; 122	'z'
      0016BC 02                    5865 	.db #0x02	; 2
      0016BD A0                    5866 	.db #0xa0	; 160
      0016BE 08                    5867 	.db #0x08	; 8
      0016BF 0B                    5868 	.db #0x0b	; 11
      0016C0 7F                    5869 	.db #0x7f	; 127
      0016C1 71                    5870 	.db #0x71	; 113	'q'
      0016C2 A0                    5871 	.db #0xa0	; 160
      0016C3 09                    5872 	.db #0x09	; 9
      0016C4 0B                    5873 	.db #0x0b	; 11
      0016C5 7F                    5874 	.db #0x7f	; 127
      0016C6 71                    5875 	.db #0x71	; 113	'q'
      0016C7 A0                    5876 	.db #0xa0	; 160
      0016C8 0A                    5877 	.db #0x0a	; 10
      0016C9 0B                    5878 	.db #0x0b	; 11
      0016CA 61                    5879 	.db #0x61	; 97	'a'
      0016CB 85                    5880 	.db #0x85	; 133
      0016CC 08                    5881 	.db #0x08	; 8
      0016CD A0                    5882 	.db #0xa0	; 160
      0016CE 09                    5883 	.db #0x09	; 9
      0016CF 0A                    5884 	.db #0x0a	; 10
      0016D0 61                    5885 	.db #0x61	; 97	'a'
      0016D1 EE                    5886 	.db #0xee	; 238
      0016D2 16                    5887 	.db #0x16	; 22
      0016D3 A0                    5888 	.db #0xa0	; 160
      0016D4 00                    5889 	.db #0x00	; 0
      0016D5 B3                    5890 	.db #0xb3	; 179
      0016D6 7F                    5891 	.db #0x7f	; 127
      0016D7 73                    5892 	.db #0x73	; 115	's'
      0016D8 A0                    5893 	.db #0xa0	; 160
      0016D9 08                    5894 	.db #0x08	; 8
      0016DA 0F                    5895 	.db #0x0f	; 15
      0016DB 7F                    5896 	.db #0x7f	; 127
      0016DC 73                    5897 	.db #0x73	; 115	's'
      0016DD A0                    5898 	.db #0xa0	; 160
      0016DE 02                    5899 	.db #0x02	; 2
      0016DF B5                    5900 	.db #0xb5	; 181
      0016E0 7F                    5901 	.db #0x7f	; 127
      0016E1 72                    5902 	.db #0x72	; 114	'r'
      0016E2 A0                    5903 	.db #0xa0	; 160
      0016E3 09                    5904 	.db #0x09	; 9
      0016E4 0E                    5905 	.db #0x0e	; 14
      0016E5 7F                    5906 	.db #0x7f	; 127
      0016E6 73                    5907 	.db #0x73	; 115	's'
      0016E7 A0                    5908 	.db #0xa0	; 160
      0016E8 04                    5909 	.db #0x04	; 4
      0016E9 93                    5910 	.db #0x93	; 147
      0016EA 71                    5911 	.db #0x71	; 113	'q'
      0016EB A0                    5912 	.db #0xa0	; 160
      0016EC 05                    5913 	.db #0x05	; 5
      0016ED 01                    5914 	.db #0x01	; 1
      0016EE 7F                    5915 	.db #0x7f	; 127
      0016EF 72                    5916 	.db #0x72	; 114	'r'
      0016F0 A0                    5917 	.db #0xa0	; 160
      0016F1 0A                    5918 	.db #0x0a	; 10
      0016F2 0F                    5919 	.db #0x0f	; 15
      0016F3 61                    5920 	.db #0x61	; 97	'a'
      0016F4 79                    5921 	.db #0x79	; 121	'y'
      0016F5 02                    5922 	.db #0x02	; 2
      0016F6 A0                    5923 	.db #0xa0	; 160
      0016F7 08                    5924 	.db #0x08	; 8
      0016F8 0B                    5925 	.db #0x0b	; 11
      0016F9 7F                    5926 	.db #0x7f	; 127
      0016FA 71                    5927 	.db #0x71	; 113	'q'
      0016FB A0                    5928 	.db #0xa0	; 160
      0016FC 09                    5929 	.db #0x09	; 9
      0016FD 0B                    5930 	.db #0x0b	; 11
      0016FE 7F                    5931 	.db #0x7f	; 127
      0016FF 71                    5932 	.db #0x71	; 113	'q'
      001700 A0                    5933 	.db #0xa0	; 160
      001701 0A                    5934 	.db #0x0a	; 10
      001702 0B                    5935 	.db #0x0b	; 11
      001703 61                    5936 	.db #0x61	; 97	'a'
      001704 85                    5937 	.db #0x85	; 133
      001705 08                    5938 	.db #0x08	; 8
      001706 A0                    5939 	.db #0xa0	; 160
      001707 09                    5940 	.db #0x09	; 9
      001708 0A                    5941 	.db #0x0a	; 10
      001709 61                    5942 	.db #0x61	; 97	'a'
      00170A EE                    5943 	.db #0xee	; 238
      00170B 16                    5944 	.db #0x16	; 22
      00170C A0                    5945 	.db #0xa0	; 160
      00170D 00                    5946 	.db #0x00	; 0
      00170E A0                    5947 	.db #0xa0	; 160
      00170F 7F                    5948 	.db #0x7f	; 127
      001710 73                    5949 	.db #0x73	; 115	's'
      001711 A0                    5950 	.db #0xa0	; 160
      001712 08                    5951 	.db #0x08	; 8
      001713 0F                    5952 	.db #0x0f	; 15
      001714 7F                    5953 	.db #0x7f	; 127
      001715 73                    5954 	.db #0x73	; 115	's'
      001716 A0                    5955 	.db #0xa0	; 160
      001717 02                    5956 	.db #0x02	; 2
      001718 A1                    5957 	.db #0xa1	; 161
      001719 7F                    5958 	.db #0x7f	; 127
      00171A 72                    5959 	.db #0x72	; 114	'r'
      00171B A0                    5960 	.db #0xa0	; 160
      00171C 09                    5961 	.db #0x09	; 9
      00171D 0E                    5962 	.db #0x0e	; 14
      00171E 7F                    5963 	.db #0x7f	; 127
      00171F 73                    5964 	.db #0x73	; 115	's'
      001720 A0                    5965 	.db #0xa0	; 160
      001721 04                    5966 	.db #0x04	; 4
      001722 27                    5967 	.db #0x27	; 39
      001723 71                    5968 	.db #0x71	; 113	'q'
      001724 A0                    5969 	.db #0xa0	; 160
      001725 05                    5970 	.db #0x05	; 5
      001726 03                    5971 	.db #0x03	; 3
      001727 7F                    5972 	.db #0x7f	; 127
      001728 71                    5973 	.db #0x71	; 113	'q'
      001729 A0                    5974 	.db #0xa0	; 160
      00172A 0A                    5975 	.db #0x0a	; 10
      00172B 0F                    5976 	.db #0x0f	; 15
      00172C 61                    5977 	.db #0x61	; 97	'a'
      00172D 7A                    5978 	.db #0x7a	; 122	'z'
      00172E 02                    5979 	.db #0x02	; 2
      00172F A0                    5980 	.db #0xa0	; 160
      001730 08                    5981 	.db #0x08	; 8
      001731 0B                    5982 	.db #0x0b	; 11
      001732 7F                    5983 	.db #0x7f	; 127
      001733 71                    5984 	.db #0x71	; 113	'q'
      001734 A0                    5985 	.db #0xa0	; 160
      001735 09                    5986 	.db #0x09	; 9
      001736 0B                    5987 	.db #0x0b	; 11
      001737 7F                    5988 	.db #0x7f	; 127
      001738 71                    5989 	.db #0x71	; 113	'q'
      001739 A0                    5990 	.db #0xa0	; 160
      00173A 0A                    5991 	.db #0x0a	; 10
      00173B 0B                    5992 	.db #0x0b	; 11
      00173C 61                    5993 	.db #0x61	; 97	'a'
      00173D 85                    5994 	.db #0x85	; 133
      00173E 08                    5995 	.db #0x08	; 8
      00173F A0                    5996 	.db #0xa0	; 160
      001740 09                    5997 	.db #0x09	; 9
      001741 0A                    5998 	.db #0x0a	; 10
      001742 61                    5999 	.db #0x61	; 97	'a'
      001743 0A                    6000 	.db #0x0a	; 10
      001744 17                    6001 	.db #0x17	; 23
      001745 A0                    6002 	.db #0xa0	; 160
      001746 0A                    6003 	.db #0x0a	; 10
      001747 08                    6004 	.db #0x08	; 8
      001748 61                    6005 	.db #0x61	; 97	'a'
      001749 DA                    6006 	.db #0xda	; 218
      00174A 02                    6007 	.db #0x02	; 2
      00174B A0                    6008 	.db #0xa0	; 160
      00174C 0A                    6009 	.db #0x0a	; 10
      00174D 06                    6010 	.db #0x06	; 6
      00174E 62                    6011 	.db #0x62	; 98	'b'
      00174F A0                    6012 	.db #0xa0	; 160
      001750 0A                    6013 	.db #0x0a	; 10
      001751 03                    6014 	.db #0x03	; 3
      001752 62                    6015 	.db #0x62	; 98	'b'
      001753 A0                    6016 	.db #0xa0	; 160
      001754 0A                    6017 	.db #0x0a	; 10
      001755 01                    6018 	.db #0x01	; 1
      001756 61                    6019 	.db #0x61	; 97	'a'
      001757 C6                    6020 	.db #0xc6	; 198
      001758 02                    6021 	.db #0x02	; 2
      001759 A0                    6022 	.db #0xa0	; 160
      00175A 08                    6023 	.db #0x08	; 8
      00175B 0A                    6024 	.db #0x0a	; 10
      00175C 7F                    6025 	.db #0x7f	; 127
      00175D 7B                    6026 	.db #0x7b	; 123
      00175E A0                    6027 	.db #0xa0	; 160
      00175F 0A                    6028 	.db #0x0a	; 10
      001760 00                    6029 	.db #0x00	; 0
      001761 61                    6030 	.db #0x61	; 97	'a'
      001762 4B                    6031 	.db #0x4b	; 75	'K'
      001763 0E                    6032 	.db #0x0e	; 14
      001764 A0                    6033 	.db #0xa0	; 160
      001765 09                    6034 	.db #0x09	; 9
      001766 09                    6035 	.db #0x09	; 9
      001767 61                    6036 	.db #0x61	; 97	'a'
      001768 C0                    6037 	.db #0xc0	; 192
      001769 08                    6038 	.db #0x08	; 8
      00176A A0                    6039 	.db #0xa0	; 160
      00176B 0A                    6040 	.db #0x0a	; 10
      00176C 0F                    6041 	.db #0x0f	; 15
      00176D 61                    6042 	.db #0x61	; 97	'a'
      00176E CA                    6043 	.db #0xca	; 202
      00176F 02                    6044 	.db #0x02	; 2
      001770 A0                    6045 	.db #0xa0	; 160
      001771 0A                    6046 	.db #0x0a	; 10
      001772 0B                    6047 	.db #0x0b	; 11
      001773 61                    6048 	.db #0x61	; 97	'a'
      001774 FF                    6049 	.db #0xff	; 255
      001775 13                    6050 	.db #0x13	; 19
      001776 A0                    6051 	.db #0xa0	; 160
      001777 08                    6052 	.db #0x08	; 8
      001778 09                    6053 	.db #0x09	; 9
      001779 61                    6054 	.db #0x61	; 97	'a'
      00177A 97                    6055 	.db #0x97	; 151
      00177B 0B                    6056 	.db #0x0b	; 11
      00177C A0                    6057 	.db #0xa0	; 160
      00177D 04                    6058 	.db #0x04	; 4
      00177E 93                    6059 	.db #0x93	; 147
      00177F 71                    6060 	.db #0x71	; 113	'q'
      001780 A0                    6061 	.db #0xa0	; 160
      001781 05                    6062 	.db #0x05	; 5
      001782 01                    6063 	.db #0x01	; 1
      001783 7F                    6064 	.db #0x7f	; 127
      001784 72                    6065 	.db #0x72	; 114	'r'
      001785 A0                    6066 	.db #0xa0	; 160
      001786 0A                    6067 	.db #0x0a	; 10
      001787 0F                    6068 	.db #0x0f	; 15
      001788 61                    6069 	.db #0x61	; 97	'a'
      001789 C9                    6070 	.db #0xc9	; 201
      00178A 02                    6071 	.db #0x02	; 2
      00178B A0                    6072 	.db #0xa0	; 160
      00178C 0A                    6073 	.db #0x0a	; 10
      00178D 0B                    6074 	.db #0x0b	; 11
      00178E 61                    6075 	.db #0x61	; 97	'a'
      00178F D1                    6076 	.db #0xd1	; 209
      001790 02                    6077 	.db #0x02	; 2
      001791 A0                    6078 	.db #0xa0	; 160
      001792 09                    6079 	.db #0x09	; 9
      001793 08                    6080 	.db #0x08	; 8
      001794 61                    6081 	.db #0x61	; 97	'a'
      001795 AA                    6082 	.db #0xaa	; 170
      001796 1C                    6083 	.db #0x1c	; 28
      001797 A0                    6084 	.db #0xa0	; 160
      001798 08                    6085 	.db #0x08	; 8
      001799 08                    6086 	.db #0x08	; 8
      00179A 7F                    6087 	.db #0x7f	; 127
      00179B 7C                    6088 	.db #0x7c	; 124
      00179C A0                    6089 	.db #0xa0	; 160
      00179D 04                    6090 	.db #0x04	; 4
      00179E 27                    6091 	.db #0x27	; 39
      00179F 71                    6092 	.db #0x71	; 113	'q'
      0017A0 A0                    6093 	.db #0xa0	; 160
      0017A1 05                    6094 	.db #0x05	; 5
      0017A2 03                    6095 	.db #0x03	; 3
      0017A3 7F                    6096 	.db #0x7f	; 127
      0017A4 72                    6097 	.db #0x72	; 114	'r'
      0017A5 A0                    6098 	.db #0xa0	; 160
      0017A6 0A                    6099 	.db #0x0a	; 10
      0017A7 0F                    6100 	.db #0x0f	; 15
      0017A8 61                    6101 	.db #0x61	; 97	'a'
      0017A9 C7                    6102 	.db #0xc7	; 199
      0017AA 02                    6103 	.db #0x02	; 2
      0017AB A0                    6104 	.db #0xa0	; 160
      0017AC 0A                    6105 	.db #0x0a	; 10
      0017AD 0B                    6106 	.db #0x0b	; 11
      0017AE 61                    6107 	.db #0x61	; 97	'a'
      0017AF 2C                    6108 	.db #0x2c	; 44
      0017B0 11                    6109 	.db #0x11	; 17
      0017B1 A0                    6110 	.db #0xa0	; 160
      0017B2 09                    6111 	.db #0x09	; 9
      0017B3 07                    6112 	.db #0x07	; 7
      0017B4 61                    6113 	.db #0x61	; 97	'a'
      0017B5 7E                    6114 	.db #0x7e	; 126
      0017B6 0E                    6115 	.db #0x0e	; 14
      0017B7 A0                    6116 	.db #0xa0	; 160
      0017B8 0A                    6117 	.db #0x0a	; 10
      0017B9 0F                    6118 	.db #0x0f	; 15
      0017BA 61                    6119 	.db #0x61	; 97	'a'
      0017BB CA                    6120 	.db #0xca	; 202
      0017BC 02                    6121 	.db #0x02	; 2
      0017BD A0                    6122 	.db #0xa0	; 160
      0017BE 0A                    6123 	.db #0x0a	; 10
      0017BF 0B                    6124 	.db #0x0b	; 11
      0017C0 61                    6125 	.db #0x61	; 97	'a'
      0017C1 83                    6126 	.db #0x83	; 131
      0017C2 08                    6127 	.db #0x08	; 8
      0017C3 A0                    6128 	.db #0xa0	; 160
      0017C4 08                    6129 	.db #0x08	; 8
      0017C5 07                    6130 	.db #0x07	; 7
      0017C6 61                    6131 	.db #0x61	; 97	'a'
      0017C7 04                    6132 	.db #0x04	; 4
      0017C8 17                    6133 	.db #0x17	; 23
      0017C9 A0                    6134 	.db #0xa0	; 160
      0017CA 09                    6135 	.db #0x09	; 9
      0017CB 06                    6136 	.db #0x06	; 6
      0017CC 61                    6137 	.db #0x61	; 97	'a'
      0017CD 26                    6138 	.db #0x26	; 38
      0017CE 00                    6139 	.db #0x00	; 0
      0017CF A0                    6140 	.db #0xa0	; 160
      0017D0 0A                    6141 	.db #0x0a	; 10
      0017D1 0F                    6142 	.db #0x0f	; 15
      0017D2 61                    6143 	.db #0x61	; 97	'a'
      0017D3 C7                    6144 	.db #0xc7	; 199
      0017D4 02                    6145 	.db #0x02	; 2
      0017D5 A0                    6146 	.db #0xa0	; 160
      0017D6 0A                    6147 	.db #0x0a	; 10
      0017D7 0B                    6148 	.db #0x0b	; 11
      0017D8 61                    6149 	.db #0x61	; 97	'a'
      0017D9 FF                    6150 	.db #0xff	; 255
      0017DA 13                    6151 	.db #0x13	; 19
      0017DB A0                    6152 	.db #0xa0	; 160
      0017DC 08                    6153 	.db #0x08	; 8
      0017DD 06                    6154 	.db #0x06	; 6
      0017DE 61                    6155 	.db #0x61	; 97	'a'
      0017DF 97                    6156 	.db #0x97	; 151
      0017E0 0B                    6157 	.db #0x0b	; 11
      0017E1 A0                    6158 	.db #0xa0	; 160
      0017E2 04                    6159 	.db #0x04	; 4
      0017E3 93                    6160 	.db #0x93	; 147
      0017E4 71                    6161 	.db #0x71	; 113	'q'
      0017E5 A0                    6162 	.db #0xa0	; 160
      0017E6 05                    6163 	.db #0x05	; 5
      0017E7 01                    6164 	.db #0x01	; 1
      0017E8 7F                    6165 	.db #0x7f	; 127
      0017E9 72                    6166 	.db #0x72	; 114	'r'
      0017EA A0                    6167 	.db #0xa0	; 160
      0017EB 0A                    6168 	.db #0x0a	; 10
      0017EC 0F                    6169 	.db #0x0f	; 15
      0017ED 61                    6170 	.db #0x61	; 97	'a'
      0017EE C9                    6171 	.db #0xc9	; 201
      0017EF 02                    6172 	.db #0x02	; 2
      0017F0 A0                    6173 	.db #0xa0	; 160
      0017F1 0A                    6174 	.db #0x0a	; 10
      0017F2 0B                    6175 	.db #0x0b	; 11
      0017F3 61                    6176 	.db #0x61	; 97	'a'
      0017F4 6E                    6177 	.db #0x6e	; 110	'n'
      0017F5 0B                    6178 	.db #0x0b	; 11
      0017F6 A0                    6179 	.db #0xa0	; 160
      0017F7 09                    6180 	.db #0x09	; 9
      0017F8 05                    6181 	.db #0x05	; 5
      0017F9 61                    6182 	.db #0x61	; 97	'a'
      0017FA 0D                    6183 	.db #0x0d	; 13
      0017FB 14                    6184 	.db #0x14	; 20
      0017FC A0                    6185 	.db #0xa0	; 160
      0017FD 08                    6186 	.db #0x08	; 8
      0017FE 05                    6187 	.db #0x05	; 5
      0017FF 7F                    6188 	.db #0x7f	; 127
      001800 7D                    6189 	.db #0x7d	; 125
      001801 A0                    6190 	.db #0xa0	; 160
      001802 04                    6191 	.db #0x04	; 4
      001803 27                    6192 	.db #0x27	; 39
      001804 71                    6193 	.db #0x71	; 113	'q'
      001805 A0                    6194 	.db #0xa0	; 160
      001806 05                    6195 	.db #0x05	; 5
      001807 03                    6196 	.db #0x03	; 3
      001808 7F                    6197 	.db #0x7f	; 127
      001809 71                    6198 	.db #0x71	; 113	'q'
      00180A A0                    6199 	.db #0xa0	; 160
      00180B 0A                    6200 	.db #0x0a	; 10
      00180C 0F                    6201 	.db #0x0f	; 15
      00180D 61                    6202 	.db #0x61	; 97	'a'
      00180E C7                    6203 	.db #0xc7	; 199
      00180F 02                    6204 	.db #0x02	; 2
      001810 A0                    6205 	.db #0xa0	; 160
      001811 0A                    6206 	.db #0x0a	; 10
      001812 0B                    6207 	.db #0x0b	; 11
      001813 61                    6208 	.db #0x61	; 97	'a'
      001814 C9                    6209 	.db #0xc9	; 201
      001815 19                    6210 	.db #0x19	; 25
      001816 A0                    6211 	.db #0xa0	; 160
      001817 09                    6212 	.db #0x09	; 9
      001818 04                    6213 	.db #0x04	; 4
      001819 61                    6214 	.db #0x61	; 97	'a'
      00181A B6                    6215 	.db #0xb6	; 182
      00181B 05                    6216 	.db #0x05	; 5
      00181C A0                    6217 	.db #0xa0	; 160
      00181D 08                    6218 	.db #0x08	; 8
      00181E 02                    6219 	.db #0x02	; 2
      00181F 7F                    6220 	.db #0x7f	; 127
      001820 73                    6221 	.db #0x73	; 115	's'
      001821 A0                    6222 	.db #0xa0	; 160
      001822 09                    6223 	.db #0x09	; 9
      001823 02                    6224 	.db #0x02	; 2
      001824 7F                    6225 	.db #0x7f	; 127
      001825 74                    6226 	.db #0x74	; 116	't'
      001826 A0                    6227 	.db #0xa0	; 160
      001827 0A                    6228 	.db #0x0a	; 10
      001828 08                    6229 	.db #0x08	; 8
      001829 61                    6230 	.db #0x61	; 97	'a'
      00182A B2                    6231 	.db #0xb2	; 178
      00182B 02                    6232 	.db #0x02	; 2
      00182C A0                    6233 	.db #0xa0	; 160
      00182D 08                    6234 	.db #0x08	; 8
      00182E 00                    6235 	.db #0x00	; 0
      00182F 7E                    6236 	.db #0x7e	; 126
      001830 A0                    6237 	.db #0xa0	; 160
      001831 09                    6238 	.db #0x09	; 9
      001832 00                    6239 	.db #0x00	; 0
      001833 7F                    6240 	.db #0x7f	; 127
      001834 A0                    6241 	.db #0xa0	; 160
      001835 0A                    6242 	.db #0x0a	; 10
      001836 06                    6243 	.db #0x06	; 6
      001837 61                    6244 	.db #0x61	; 97	'a'
      001838 DA                    6245 	.db #0xda	; 218
      001839 02                    6246 	.db #0x02	; 2
      00183A A0                    6247 	.db #0xa0	; 160
      00183B 0A                    6248 	.db #0x0a	; 10
      00183C 03                    6249 	.db #0x03	; 3
      00183D 62                    6250 	.db #0x62	; 98	'b'
      00183E A0                    6251 	.db #0xa0	; 160
      00183F 0A                    6252 	.db #0x0a	; 10
      001840 01                    6253 	.db #0x01	; 1
      001841 62                    6254 	.db #0x62	; 98	'b'
      001842 A0                    6255 	.db #0xa0	; 160
      001843 0A                    6256 	.db #0x0a	; 10
      001844 00                    6257 	.db #0x00	; 0
      001845 61                    6258 	.db #0x61	; 97	'a'
      001846 0E                    6259 	.db #0x0e	; 14
      001847 17                    6260 	.db #0x17	; 23
      001848 A0                    6261 	.db #0xa0	; 160
      001849 0A                    6262 	.db #0x0a	; 10
      00184A 0F                    6263 	.db #0x0f	; 15
      00184B 61                    6264 	.db #0x61	; 97	'a'
      00184C C9                    6265 	.db #0xc9	; 201
      00184D 02                    6266 	.db #0x02	; 2
      00184E A0                    6267 	.db #0xa0	; 160
      00184F 0A                    6268 	.db #0x0a	; 10
      001850 0B                    6269 	.db #0x0b	; 11
      001851 61                    6270 	.db #0x61	; 97	'a'
      001852 97                    6271 	.db #0x97	; 151
      001853 1F                    6272 	.db #0x1f	; 31
      001854 A0                    6273 	.db #0xa0	; 160
      001855 04                    6274 	.db #0x04	; 4
      001856 93                    6275 	.db #0x93	; 147
      001857 71                    6276 	.db #0x71	; 113	'q'
      001858 A0                    6277 	.db #0xa0	; 160
      001859 05                    6278 	.db #0x05	; 5
      00185A 01                    6279 	.db #0x01	; 1
      00185B 7F                    6280 	.db #0x7f	; 127
      00185C 71                    6281 	.db #0x71	; 113	'q'
      00185D A0                    6282 	.db #0xa0	; 160
      00185E 0A                    6283 	.db #0x0a	; 10
      00185F 0F                    6284 	.db #0x0f	; 15
      001860 61                    6285 	.db #0x61	; 97	'a'
      001861 C9                    6286 	.db #0xc9	; 201
      001862 02                    6287 	.db #0x02	; 2
      001863 A0                    6288 	.db #0xa0	; 160
      001864 0A                    6289 	.db #0x0a	; 10
      001865 0B                    6290 	.db #0x0b	; 11
      001866 61                    6291 	.db #0x61	; 97	'a'
      001867 97                    6292 	.db #0x97	; 151
      001868 1F                    6293 	.db #0x1f	; 31
      001869 A0                    6294 	.db #0xa0	; 160
      00186A 04                    6295 	.db #0x04	; 4
      00186B 27                    6296 	.db #0x27	; 39
      00186C 71                    6297 	.db #0x71	; 113	'q'
      00186D A0                    6298 	.db #0xa0	; 160
      00186E 05                    6299 	.db #0x05	; 5
      00186F 03                    6300 	.db #0x03	; 3
      001870 7F                    6301 	.db #0x7f	; 127
      001871 71                    6302 	.db #0x71	; 113	'q'
      001872 A0                    6303 	.db #0xa0	; 160
      001873 0A                    6304 	.db #0x0a	; 10
      001874 0F                    6305 	.db #0x0f	; 15
      001875 61                    6306 	.db #0x61	; 97	'a'
      001876 CA                    6307 	.db #0xca	; 202
      001877 02                    6308 	.db #0x02	; 2
      001878 A0                    6309 	.db #0xa0	; 160
      001879 0A                    6310 	.db #0x0a	; 10
      00187A 0B                    6311 	.db #0x0b	; 11
      00187B 61                    6312 	.db #0x61	; 97	'a'
      00187C 8A                    6313 	.db #0x8a	; 138
      00187D 1F                    6314 	.db #0x1f	; 31
      00187E A0                    6315 	.db #0xa0	; 160
      00187F 00                    6316 	.db #0x00	; 0
      001880 40                    6317 	.db #0x40	; 64
      001881 71                    6318 	.db #0x71	; 113	'q'
      001882 A0                    6319 	.db #0xa0	; 160
      001883 01                    6320 	.db #0x01	; 1
      001884 01                    6321 	.db #0x01	; 1
      001885 7F                    6322 	.db #0x7f	; 127
      001886 70                    6323 	.db #0x70	; 112	'p'
      001887 A0                    6324 	.db #0xa0	; 160
      001888 08                    6325 	.db #0x08	; 8
      001889 0F                    6326 	.db #0x0f	; 15
      00188A 61                    6327 	.db #0x61	; 97	'a'
      00188B 25                    6328 	.db #0x25	; 37
      00188C 00                    6329 	.db #0x00	; 0
      00188D A0                    6330 	.db #0xa0	; 160
      00188E 02                    6331 	.db #0x02	; 2
      00188F 42                    6332 	.db #0x42	; 66	'B'
      001890 71                    6333 	.db #0x71	; 113	'q'
      001891 A0                    6334 	.db #0xa0	; 160
      001892 03                    6335 	.db #0x03	; 3
      001893 01                    6336 	.db #0x01	; 1
      001894 7F                    6337 	.db #0x7f	; 127
      001895 71                    6338 	.db #0x71	; 113	'q'
      001896 66                    6339 	.db #0x66	; 102	'f'
      001897 47                    6340 	.db #0x47	; 71	'G'
      001898 64                    6341 	.db #0x64	; 100	'd'
      001899 33                    6342 	.db #0x33	; 51	'3'
      00189A 20                    6343 	.db #0x20	; 32
      00189B 00                    6344 	.db #0x00	; 0
      00189C 01                    6345 	.db #0x01	; 1
      00189D 00                    6346 	.db #0x00	; 0
      00189E 00                    6347 	.db #0x00	; 0
      00189F 2C                    6348 	.db #0x2c	; 44
      0018A0 01                    6349 	.db #0x01	; 1
      0018A1 00                    6350 	.db #0x00	; 0
      0018A2 00                    6351 	.db #0x00	; 0
      0018A3 54                    6352 	.db #0x54	; 84	'T'
      0018A4 00                    6353 	.db #0x00	; 0
      0018A5 68                    6354 	.db #0x68	; 104	'h'
      0018A6 00                    6355 	.db #0x00	; 0
      0018A7 65                    6356 	.db #0x65	; 101	'e'
      0018A8 00                    6357 	.db #0x00	; 0
      0018A9 6D                    6358 	.db #0x6d	; 109	'm'
      0018AA 00                    6359 	.db #0x00	; 0
      0018AB 65                    6360 	.db #0x65	; 101	'e'
      0018AC 00                    6361 	.db #0x00	; 0
      0018AD 20                    6362 	.db #0x20	; 32
      0018AE 00                    6363 	.db #0x00	; 0
      0018AF 6F                    6364 	.db #0x6f	; 111	'o'
      0018B0 00                    6365 	.db #0x00	; 0
      0018B1 66                    6366 	.db #0x66	; 102	'f'
      0018B2 00                    6367 	.db #0x00	; 0
      0018B3 20                    6368 	.db #0x20	; 32
      0018B4 00                    6369 	.db #0x00	; 0
      0018B5 49                    6370 	.db #0x49	; 73	'I'
      0018B6 00                    6371 	.db #0x00	; 0
      0018B7 6E                    6372 	.db #0x6e	; 110	'n'
      0018B8 00                    6373 	.db #0x00	; 0
      0018B9 6E                    6374 	.db #0x6e	; 110	'n'
      0018BA 00                    6375 	.db #0x00	; 0
      0018BB 20                    6376 	.db #0x20	; 32
      0018BC 00                    6377 	.db #0x00	; 0
      0018BD 26                    6378 	.db #0x26	; 38
      0018BE 00                    6379 	.db #0x00	; 0
      0018BF 20                    6380 	.db #0x20	; 32
      0018C0 00                    6381 	.db #0x00	; 0
      0018C1 48                    6382 	.db #0x48	; 72	'H'
      0018C2 00                    6383 	.db #0x00	; 0
      0018C3 6F                    6384 	.db #0x6f	; 111	'o'
      0018C4 00                    6385 	.db #0x00	; 0
      0018C5 6D                    6386 	.db #0x6d	; 109	'm'
      0018C6 00                    6387 	.db #0x00	; 0
      0018C7 65                    6388 	.db #0x65	; 101	'e'
      0018C8 00                    6389 	.db #0x00	; 0
      0018C9 00                    6390 	.db #0x00	; 0
      0018CA 00                    6391 	.db #0x00	; 0
      0018CB BF                    6392 	.db #0xbf	; 191
      0018CC 5B                    6393 	.db #0x5b	; 91
      0018CD 4B                    6394 	.db #0x4b	; 75	'K'
      0018CE 5C                    6395 	.db #0x5c	; 92
      0018CF 26                    6396 	.db #0x26	; 38
      0018D0 00                    6397 	.db #0x00	; 0
      0018D1 B6                    6398 	.db #0xb6	; 182
      0018D2 5B                    6399 	.db #0x5b	; 91
      0018D3 6E                    6400 	.db #0x6e	; 110	'n'
      0018D4 30                    6401 	.db #0x30	; 48	'0'
      0018D5 C6                    6402 	.db #0xc6	; 198
      0018D6 30                    6403 	.db #0x30	; 48	'0'
      0018D7 FC                    6404 	.db #0xfc	; 252
      0018D8 30                    6405 	.db #0x30	; 48	'0'
      0018D9 DE                    6406 	.db #0xde	; 222
      0018DA 30                    6407 	.db #0x30	; 48	'0'
      0018DB 00                    6408 	.db #0x00	; 0
      0018DC 00                    6409 	.db #0x00	; 0
      0018DD 44                    6410 	.db #0x44	; 68	'D'
      0018DE 00                    6411 	.db #0x00	; 0
      0018DF 72                    6412 	.db #0x72	; 114	'r'
      0018E0 00                    6413 	.db #0x00	; 0
      0018E1 61                    6414 	.db #0x61	; 97	'a'
      0018E2 00                    6415 	.db #0x00	; 0
      0018E3 67                    6416 	.db #0x67	; 103	'g'
      0018E4 00                    6417 	.db #0x00	; 0
      0018E5 6F                    6418 	.db #0x6f	; 111	'o'
      0018E6 00                    6419 	.db #0x00	; 0
      0018E7 6E                    6420 	.db #0x6e	; 110	'n'
      0018E8 00                    6421 	.db #0x00	; 0
      0018E9 20                    6422 	.db #0x20	; 32
      0018EA 00                    6423 	.db #0x00	; 0
      0018EB 53                    6424 	.db #0x53	; 83	'S'
      0018EC 00                    6425 	.db #0x00	; 0
      0018ED 6C                    6426 	.db #0x6c	; 108	'l'
      0018EE 00                    6427 	.db #0x00	; 0
      0018EF 61                    6428 	.db #0x61	; 97	'a'
      0018F0 00                    6429 	.db #0x00	; 0
      0018F1 79                    6430 	.db #0x79	; 121	'y'
      0018F2 00                    6431 	.db #0x00	; 0
      0018F3 65                    6432 	.db #0x65	; 101	'e'
      0018F4 00                    6433 	.db #0x00	; 0
      0018F5 72                    6434 	.db #0x72	; 114	'r'
      0018F6 00                    6435 	.db #0x00	; 0
      0018F7 20                    6436 	.db #0x20	; 32
      0018F8 00                    6437 	.db #0x00	; 0
      0018F9 49                    6438 	.db #0x49	; 73	'I'
      0018FA 00                    6439 	.db #0x00	; 0
      0018FB 56                    6440 	.db #0x56	; 86	'V'
      0018FC 00                    6441 	.db #0x00	; 0
      0018FD 3A                    6442 	.db #0x3a	; 58
      0018FE 00                    6443 	.db #0x00	; 0
      0018FF 20                    6444 	.db #0x20	; 32
      001900 00                    6445 	.db #0x00	; 0
      001901 44                    6446 	.db #0x44	; 68	'D'
      001902 00                    6447 	.db #0x00	; 0
      001903 72                    6448 	.db #0x72	; 114	'r'
      001904 00                    6449 	.db #0x00	; 0
      001905 61                    6450 	.db #0x61	; 97	'a'
      001906 00                    6451 	.db #0x00	; 0
      001907 73                    6452 	.db #0x73	; 115	's'
      001908 00                    6453 	.db #0x00	; 0
      001909 6C                    6454 	.db #0x6c	; 108	'l'
      00190A 00                    6455 	.db #0x00	; 0
      00190B 65                    6456 	.db #0x65	; 101	'e'
      00190C 00                    6457 	.db #0x00	; 0
      00190D 20                    6458 	.db #0x20	; 32
      00190E 00                    6459 	.db #0x00	; 0
      00190F 46                    6460 	.db #0x46	; 70	'F'
      001910 00                    6461 	.db #0x00	; 0
      001911 61                    6462 	.db #0x61	; 97	'a'
      001912 00                    6463 	.db #0x00	; 0
      001913 6D                    6464 	.db #0x6d	; 109	'm'
      001914 00                    6465 	.db #0x00	; 0
      001915 69                    6466 	.db #0x69	; 105	'i'
      001916 00                    6467 	.db #0x00	; 0
      001917 6C                    6468 	.db #0x6c	; 108	'l'
      001918 00                    6469 	.db #0x00	; 0
      001919 79                    6470 	.db #0x79	; 121	'y'
      00191A 00                    6471 	.db #0x00	; 0
      00191B 00                    6472 	.db #0x00	; 0
      00191C 00                    6473 	.db #0x00	; 0
      00191D C9                    6474 	.db #0xc9	; 201
      00191E 30                    6475 	.db #0x30	; 48	'0'
      00191F E9                    6476 	.db #0xe9	; 233
      001920 30                    6477 	.db #0x30	; 48	'0'
      001921 B4                    6478 	.db #0xb4	; 180
      001922 30                    6479 	.db #0x30	; 48	'0'
      001923 F3                    6480 	.db #0xf3	; 243
      001924 30                    6481 	.db #0x30	; 48	'0'
      001925 B9                    6482 	.db #0xb9	; 185
      001926 30                    6483 	.db #0x30	; 48	'0'
      001927 EC                    6484 	.db #0xec	; 236
      001928 30                    6485 	.db #0x30	; 48	'0'
      001929 A4                    6486 	.db #0xa4	; 164
      00192A 30                    6487 	.db #0x30	; 48	'0'
      00192B E4                    6488 	.db #0xe4	; 228
      00192C 30                    6489 	.db #0x30	; 48	'0'
      00192D FC                    6490 	.db #0xfc	; 252
      00192E 30                    6491 	.db #0x30	; 48	'0'
      00192F 49                    6492 	.db #0x49	; 73	'I'
      001930 00                    6493 	.db #0x00	; 0
      001931 56                    6494 	.db #0x56	; 86	'V'
      001932 00                    6495 	.db #0x00	; 0
      001933 20                    6496 	.db #0x20	; 32
      001934 00                    6497 	.db #0x00	; 0
      001935 C9                    6498 	.db #0xc9	; 201
      001936 30                    6499 	.db #0x30	; 48	'0'
      001937 E9                    6500 	.db #0xe9	; 233
      001938 30                    6501 	.db #0x30	; 48	'0'
      001939 B9                    6502 	.db #0xb9	; 185
      00193A 30                    6503 	.db #0x30	; 48	'0'
      00193B EC                    6504 	.db #0xec	; 236
      00193C 30                    6505 	.db #0x30	; 48	'0'
      00193D D5                    6506 	.db #0xd5	; 213
      00193E 30                    6507 	.db #0x30	; 48	'0'
      00193F A1                    6508 	.db #0xa1	; 161
      001940 30                    6509 	.db #0x30	; 48	'0'
      001941 DF                    6510 	.db #0xdf	; 223
      001942 30                    6511 	.db #0x30	; 48	'0'
      001943 EA                    6512 	.db #0xea	; 234
      001944 30                    6513 	.db #0x30	; 48	'0'
      001945 FC                    6514 	.db #0xfc	; 252
      001946 30                    6515 	.db #0x30	; 48	'0'
      001947 00                    6516 	.db #0x00	; 0
      001948 00                    6517 	.db #0x00	; 0
      001949 4D                    6518 	.db #0x4d	; 77	'M'
      00194A 00                    6519 	.db #0x00	; 0
      00194B 53                    6520 	.db #0x53	; 83	'S'
      00194C 00                    6521 	.db #0x00	; 0
      00194D 58                    6522 	.db #0x58	; 88	'X'
      00194E 00                    6523 	.db #0x00	; 0
      00194F 20                    6524 	.db #0x20	; 32
      001950 00                    6525 	.db #0x00	; 0
      001951 2F                    6526 	.db #0x2f	; 47
      001952 00                    6527 	.db #0x00	; 0
      001953 20                    6528 	.db #0x20	; 32
      001954 00                    6529 	.db #0x00	; 0
      001955 4D                    6530 	.db #0x4d	; 77	'M'
      001956 00                    6531 	.db #0x00	; 0
      001957 53                    6532 	.db #0x53	; 83	'S'
      001958 00                    6533 	.db #0x00	; 0
      001959 58                    6534 	.db #0x58	; 88	'X'
      00195A 00                    6535 	.db #0x00	; 0
      00195B 32                    6536 	.db #0x32	; 50	'2'
      00195C 00                    6537 	.db #0x00	; 0
      00195D 00                    6538 	.db #0x00	; 0
      00195E 00                    6539 	.db #0x00	; 0
      00195F 00                    6540 	.db #0x00	; 0
      001960 00                    6541 	.db #0x00	; 0
      001961 59                    6542 	.db #0x59	; 89	'Y'
      001962 00                    6543 	.db #0x00	; 0
      001963 75                    6544 	.db #0x75	; 117	'u'
      001964 00                    6545 	.db #0x00	; 0
      001965 7A                    6546 	.db #0x7a	; 122	'z'
      001966 00                    6547 	.db #0x00	; 0
      001967 6F                    6548 	.db #0x6f	; 111	'o'
      001968 00                    6549 	.db #0x00	; 0
      001969 20                    6550 	.db #0x20	; 32
      00196A 00                    6551 	.db #0x00	; 0
      00196B 4B                    6552 	.db #0x4b	; 75	'K'
      00196C 00                    6553 	.db #0x00	; 0
      00196D 6F                    6554 	.db #0x6f	; 111	'o'
      00196E 00                    6555 	.db #0x00	; 0
      00196F 73                    6556 	.db #0x73	; 115	's'
      001970 00                    6557 	.db #0x00	; 0
      001971 68                    6558 	.db #0x68	; 104	'h'
      001972 00                    6559 	.db #0x00	; 0
      001973 69                    6560 	.db #0x69	; 105	'i'
      001974 00                    6561 	.db #0x00	; 0
      001975 72                    6562 	.db #0x72	; 114	'r'
      001976 00                    6563 	.db #0x00	; 0
      001977 6F                    6564 	.db #0x6f	; 111	'o'
      001978 00                    6565 	.db #0x00	; 0
      001979 2C                    6566 	.db #0x2c	; 44
      00197A 00                    6567 	.db #0x00	; 0
      00197B 20                    6568 	.db #0x20	; 32
      00197C 00                    6569 	.db #0x00	; 0
      00197D 4D                    6570 	.db #0x4d	; 77	'M'
      00197E 00                    6571 	.db #0x00	; 0
      00197F 69                    6572 	.db #0x69	; 105	'i'
      001980 00                    6573 	.db #0x00	; 0
      001981 65                    6574 	.db #0x65	; 101	'e'
      001982 00                    6575 	.db #0x00	; 0
      001983 6B                    6576 	.db #0x6b	; 107	'k'
      001984 00                    6577 	.db #0x00	; 0
      001985 6F                    6578 	.db #0x6f	; 111	'o'
      001986 00                    6579 	.db #0x00	; 0
      001987 20                    6580 	.db #0x20	; 32
      001988 00                    6581 	.db #0x00	; 0
      001989 49                    6582 	.db #0x49	; 73	'I'
      00198A 00                    6583 	.db #0x00	; 0
      00198B 73                    6584 	.db #0x73	; 115	's'
      00198C 00                    6585 	.db #0x00	; 0
      00198D 68                    6586 	.db #0x68	; 104	'h'
      00198E 00                    6587 	.db #0x00	; 0
      00198F 69                    6588 	.db #0x69	; 105	'i'
      001990 00                    6589 	.db #0x00	; 0
      001991 6B                    6590 	.db #0x6b	; 107	'k'
      001992 00                    6591 	.db #0x00	; 0
      001993 61                    6592 	.db #0x61	; 97	'a'
      001994 00                    6593 	.db #0x00	; 0
      001995 77                    6594 	.db #0x77	; 119	'w'
      001996 00                    6595 	.db #0x00	; 0
      001997 61                    6596 	.db #0x61	; 97	'a'
      001998 00                    6597 	.db #0x00	; 0
      001999 00                    6598 	.db #0x00	; 0
      00199A 00                    6599 	.db #0x00	; 0
      00199B E4                    6600 	.db #0xe4	; 228
      00199C 53                    6601 	.db #0x53	; 83	'S'
      00199D E3                    6602 	.db #0xe3	; 227
      00199E 4E                    6603 	.db #0x4e	; 78	'N'
      00199F 50                    6604 	.db #0x50	; 80	'P'
      0019A0 79                    6605 	.db #0x79	; 121	'y'
      0019A1 09                    6606 	.db #0x09	; 9
      0019A2 4E                    6607 	.db #0x4e	; 78	'N'
      0019A3 01                    6608 	.db #0x01	; 1
      0019A4 30                    6609 	.db #0x30	; 48	'0'
      0019A5 F3                    6610 	.db #0xf3	; 243
      0019A6 77                    6611 	.db #0x77	; 119	'w'
      0019A7 DD                    6612 	.db #0xdd	; 221
      0019A8 5D                    6613 	.db #0x5d	; 93
      0019A9 09                    6614 	.db #0x09	; 9
      0019AA 4E                    6615 	.db #0x4e	; 78	'N'
      0019AB 75                    6616 	.db #0x75	; 117	'u'
      0019AC 60                    6617 	.db #0x60	; 96
      0019AD 50                    6618 	.db #0x50	; 80	'P'
      0019AE 5B                    6619 	.db #0x5b	; 91
      0019AF 00                    6620 	.db #0x00	; 0
      0019B0 00                    6621 	.db #0x00	; 0
      0019B1 31                    6622 	.db #0x31	; 49	'1'
      0019B2 00                    6623 	.db #0x00	; 0
      0019B3 39                    6624 	.db #0x39	; 57	'9'
      0019B4 00                    6625 	.db #0x00	; 0
      0019B5 38                    6626 	.db #0x38	; 56	'8'
      0019B6 00                    6627 	.db #0x00	; 0
      0019B7 37                    6628 	.db #0x37	; 55	'7'
      0019B8 00                    6629 	.db #0x00	; 0
      0019B9 2D                    6630 	.db #0x2d	; 45
      0019BA 00                    6631 	.db #0x00	; 0
      0019BB 31                    6632 	.db #0x31	; 49	'1'
      0019BC 00                    6633 	.db #0x00	; 0
      0019BD 30                    6634 	.db #0x30	; 48	'0'
      0019BE 00                    6635 	.db #0x00	; 0
      0019BF 00                    6636 	.db #0x00	; 0
      0019C0 00                    6637 	.db #0x00	; 0
      0019C1 32                    6638 	.db #0x32	; 50	'2'
      0019C2 00                    6639 	.db #0x00	; 0
      0019C3 63                    6640 	.db #0x63	; 99	'c'
      0019C4 00                    6641 	.db #0x00	; 0
      0019C5 68                    6642 	.db #0x68	; 104	'h'
      0019C6 00                    6643 	.db #0x00	; 0
      0019C7 2D                    6644 	.db #0x2d	; 45
      0019C8 00                    6645 	.db #0x00	; 0
      0019C9 48                    6646 	.db #0x48	; 72	'H'
      0019CA 00                    6647 	.db #0x00	; 0
      0019CB 00                    6648 	.db #0x00	; 0
      0019CC 00                    6649 	.db #0x00	; 0
      0019CD 00                    6650 	.db #0x00	; 0
      0019CE 00                    6651 	.db #0x00	; 0
                                   6652 	.area _INITIALIZER
                                   6653 	.area _CABS (ABS)
