                                      1 ;--------------------------------------------------------
                                      2 ; File Created by SDCC : free open source ANSI-C Compiler
                                      3 ; Version 4.2.0 #13081 (Linux)
                                      4 ;--------------------------------------------------------
                                      5 	.module template
                                      6 	.optsdcc -mz80
                                      7 	
                                      8 ;--------------------------------------------------------
                                      9 ; Public variables in this module
                                     10 ;--------------------------------------------------------
                                     11 	.globl _main
                                     12 	.globl _Load_Sprite
                                     13 	.globl _MSXAudio_Initialize
                                     14 	.globl _MSXMusic_Initialize
                                     15 	.globl _VGM_Decode
                                     16 	.globl _VGM_Play
                                     17 	.globl _SCC_Initialize
                                     18 	.globl _PSG_Apply
                                     19 	.globl _Print_SetColor
                                     20 	.globl _Print_DrawText
                                     21 	.globl _Print_DrawChar
                                     22 	.globl _Print_SetBitmapFont
                                     23 	.globl _VDP_SetSpritePosition
                                     24 	.globl _VDP_SetSpriteExUniColor
                                     25 	.globl _VDP_SetSpriteExMultiColor
                                     26 	.globl _VDP_LoadSpritePattern
                                     27 	.globl _VDP_SetSpritePatternTable
                                     28 	.globl _VDP_SetSpriteAttributeTable
                                     29 	.globl _VDP_RegWriteBakMask
                                     30 	.globl _VDP_RegWrite
                                     31 	.globl _VDP_SetMode
                                     32 	.globl _VDP_ClearVRAM
                                     33 	.globl _Bios_Exit
                                     34 	.globl _Keyboard_IsKeyPressed
                                     35 	.globl _dx
                                     36 	.globl _y
                                     37 	.globl _x
                                     38 	.globl _g_SLTSL
                                     39 	.globl _g_GRPACY
                                     40 	.globl _g_GRPACX
                                     41 	.globl _g_LOGOPR
                                     42 	.globl _g_CMASK
                                     43 	.globl _g_CLOC
                                     44 	.globl _g_FNKSTR
                                     45 	.globl _g_ATRBYT
                                     46 	.globl _g_BDRCLR
                                     47 	.globl _g_BAKCLR
                                     48 	.globl _g_FORCLR
                                     49 	.globl _g_CSRX
                                     50 	.globl _g_CSRY
                                     51 	.globl _g_CLIKSW
                                     52 	.globl _g_MLTPAT
                                     53 	.globl _g_MLTATR
                                     54 	.globl _g_MLTCGP
                                     55 	.globl _g_MLTCOL
                                     56 	.globl _g_MLTNAM
                                     57 	.globl _g_GRPPAT
                                     58 	.globl _g_GRPATR
                                     59 	.globl _g_GRPCGP
                                     60 	.globl _g_GRPCOL
                                     61 	.globl _g_GRPNAM
                                     62 	.globl _g_T32PAT
                                     63 	.globl _g_T32ATR
                                     64 	.globl _g_T32CGP
                                     65 	.globl _g_T32COL
                                     66 	.globl _g_T32NAM
                                     67 	.globl _g_TXTPAT
                                     68 	.globl _g_TXTATR
                                     69 	.globl _g_TXTCGP
                                     70 	.globl _g_TXTCOL
                                     71 	.globl _g_TXTNAM
                                     72 	.globl _g_CLMLST
                                     73 	.globl _g_CRTCNT
                                     74 	.globl _g_LINLEN
                                     75 	.globl _g_LINL32
                                     76 	.globl _g_LINL40
                                     77 	.globl _test_color
                                     78 	.globl _g_ChrAnim
                                     79 	.globl _g_knightmare
                                     80 	.globl _g_MusicEntry
                                     81 	.globl _sprites
                                     82 	.globl _g_Font_MGL_Sample6
                                     83 	.globl _g_BDOS
                                     84 	.globl _g_MASTER
                                     85 	.globl _g_RAMAD3
                                     86 	.globl _g_RAMAD2
                                     87 	.globl _g_RAMAD1
                                     88 	.globl _g_RAMAD0
                                     89 	.globl _g_BREAKV
                                     90 	.globl _g_DISKVE
                                     91 	.globl _g_KANJTABLE
                                     92 	.globl _g_STRSRC
                                     93 	.globl _g_SUBRID
                                     94 	.globl _g_CHAR_16
                                     95 	.globl _g_MSXMID
                                     96 	.globl _g_MSXVER
                                     97 	.globl _g_ROMVersion
                                     98 	.globl _g_BASRVN
                                     99 	.globl _g_VDP_DW
                                    100 	.globl _g_VDP_DR
                                    101 	.globl _g_CGTABL
                                    102 	.globl _g_SVFFFD
                                    103 	.globl _g_RG27SAV
                                    104 	.globl _g_RG26SAV
                                    105 	.globl _g_RG25SAV
                                    106 	.globl _g_SVFFF8
                                    107 	.globl _g_MINROM
                                    108 	.globl _g_RG23SAV
                                    109 	.globl _g_RG22SAV
                                    110 	.globl _g_RG21SAV
                                    111 	.globl _g_RG20SAV
                                    112 	.globl _g_RG19SAV
                                    113 	.globl _g_RG18SAV
                                    114 	.globl _g_RG17SAV
                                    115 	.globl _g_RG16SAV
                                    116 	.globl _g_RG15SAV
                                    117 	.globl _g_RG14SAV
                                    118 	.globl _g_RG13SAV
                                    119 	.globl _g_RG12SAV
                                    120 	.globl _g_RG11SAV
                                    121 	.globl _g_RG10SAV
                                    122 	.globl _g_RG09SAV
                                    123 	.globl _g_RG08SAV
                                    124 	.globl _g_PROCNM
                                    125 	.globl _g_SLTWRK
                                    126 	.globl _g_SLTATR
                                    127 	.globl _g_SLTTBL
                                    128 	.globl _g_EXPTBL
                                    129 	.globl _g_MNROM
                                    130 	.globl _g_DRWANG
                                    131 	.globl _g_DRWSCL
                                    132 	.globl _g_DRWFLG
                                    133 	.globl _g_GYPOS
                                    134 	.globl _g_GXPOS
                                    135 	.globl _g_BRDATR
                                    136 	.globl _g_CASPRV
                                    137 	.globl _g_OLDSCR
                                    138 	.globl _g_SCRMOD
                                    139 	.globl _g_FLBMEM
                                    140 	.globl _g_KANAMD
                                    141 	.globl _g_KANAST
                                    142 	.globl _g_CAPST
                                    143 	.globl _g_CSTYLE
                                    144 	.globl _g_CSRSW
                                    145 	.globl _g_INSFLG
                                    146 	.globl _g_ESCCNT
                                    147 	.globl _g_GRPHED
                                    148 	.globl _g_WINWID
                                    149 	.globl _g_LOWLIM
                                    150 	.globl _g_INTCNT
                                    151 	.globl _g_INTVAL
                                    152 	.globl _g_JIFFY
                                    153 	.globl _g_PADX
                                    154 	.globl _g_PADY
                                    155 	.globl _g_INTFLG
                                    156 	.globl _g_RTYCNT
                                    157 	.globl _g_TRPTBL
                                    158 	.globl _g_HIMEM
                                    159 	.globl _g_BOTTOM
                                    160 	.globl _g_PATWRK
                                    161 	.globl _g_LINWRK
                                    162 	.globl _g_KEYBUF
                                    163 	.globl _g_NEWKEY
                                    164 	.globl _g_OLDKEY
                                    165 	.globl _g_CLIKFL
                                    166 	.globl _g_ONGSBF
                                    167 	.globl _g_FNKFLG
                                    168 	.globl _g_FNKSWI
                                    169 	.globl _g_CODSAV
                                    170 	.globl _g_FSTPOS
                                    171 	.globl _g_LINTTB
                                    172 	.globl _g_BASROM
                                    173 	.globl _g_ENSTOP
                                    174 	.globl _g_VCBC
                                    175 	.globl _g_VCBB
                                    176 	.globl _g_VCBA
                                    177 	.globl _g_PLYCNT
                                    178 	.globl _g_MUSICF
                                    179 	.globl _g_QUEUEN
                                    180 	.globl _g_MCLPTR
                                    181 	.globl _g_MCLLEN
                                    182 	.globl _g_SAVVOL
                                    183 	.globl _g_VOICEN
                                    184 	.globl _g_SAVSP
                                    185 	.globl _g_PRSCNT
                                    186 	.globl _g_LSTMOD
                                    187 	.globl _g_LSTCOM
                                    188 	.globl _g_COMMSK
                                    189 	.globl _g_ESTBLS
                                    190 	.globl _g_FLAGS
                                    191 	.globl _g_ERRORS
                                    192 	.globl _g_DATCNT
                                    193 	.globl _g_DEVNUM
                                    194 	.globl _g_OLDINT
                                    195 	.globl _g_OLDSTT
                                    196 	.globl _g_MEXBIh
                                    197 	.globl _g_RSIQLN
                                    198 	.globl _g_RSFCB
                                    199 	.globl _g_TOCNT
                                    200 	.globl _g_RSTMP
                                    201 	.globl _g_YSAVE
                                    202 	.globl _g_XSAVE
                                    203 	.globl _g_NORUSE
                                    204 	.globl _g_MODE
                                    205 	.globl _g_ROMA
                                    206 	.globl _g_CHRCNT
                                    207 	.globl _g_EXBRSA
                                    208 	.globl _g_AVCSAV
                                    209 	.globl _g_ACPAGE
                                    210 	.globl _g_DPPAGE
                                    211 	.globl _g_RS2IQ
                                    212 	.globl _g_VOICCQ
                                    213 	.globl _g_VOICBQ
                                    214 	.globl _g_VOICAQ
                                    215 	.globl _g_QUEBAK
                                    216 	.globl _g_QUETAB
                                    217 	.globl _g_ASPCT2
                                    218 	.globl _g_ASPCT1
                                    219 	.globl _g_HEADER
                                    220 	.globl _g_HIGH
                                    221 	.globl _g_LOW
                                    222 	.globl _g_CS240
                                    223 	.globl _g_CS120
                                    224 	.globl _g_GETPNT
                                    225 	.globl _g_PUTPNT
                                    226 	.globl _g_REPCNT
                                    227 	.globl _g_SCNCNT
                                    228 	.globl _g_FRCNEW
                                    229 	.globl _g_QUEUES
                                    230 	.globl _g_MINUPD
                                    231 	.globl _g_MAXUPD
                                    232 	.globl _g_TRGFLG
                                    233 	.globl _g_STATFL
                                    234 	.globl _g_RG7SAV
                                    235 	.globl _g_RG6SAV
                                    236 	.globl _g_RG5SAV
                                    237 	.globl _g_RG4SAV
                                    238 	.globl _g_RG3SAV
                                    239 	.globl _g_RG2SAV
                                    240 	.globl _g_RG1SAV
                                    241 	.globl _g_RG0SAV
                                    242 	.globl _g_CNSDFG
                                    243 	.globl _g_USRTAB
                                    244 	.globl _g_CLPRIM
                                    245 	.globl _g_WRPRIM
                                    246 	.globl _g_RDPRIM
                                    247 ;--------------------------------------------------------
                                    248 ; special function registers
                                    249 ;--------------------------------------------------------
                           0000A8   250 _g_PortPrimarySlot	=	0x00a8
                           0000A9   251 _g_PortReadKeyboard	=	0x00a9
                           0000AA   252 _g_PortAccessKeyboard	=	0x00aa
                           0000AB   253 _g_PortControl	=	0x00ab
                           000098   254 _g_VDP_DataPort	=	0x0098
                           000099   255 _g_VDP_RegPort	=	0x0099
                           000099   256 _g_VDP_AddrPort	=	0x0099
                           000099   257 _g_VDP_StatPort	=	0x0099
                           00009A   258 _g_VDP_PalPort	=	0x009a
                           00009B   259 _g_VDP_IRegPort	=	0x009b
                           0000A0   260 _g_PSG_RegPort	=	0x00a0
                           0000A1   261 _g_PSG_DataPort	=	0x00a1
                           0000A2   262 _g_PSG_StatPort	=	0x00a2
                           000010   263 _g_PSG_Ext_RegPort	=	0x0010
                           000011   264 _g_PSG_Ext_DataPort	=	0x0011
                           000012   265 _g_PSG_Ext_StatPort	=	0x0012
                           00007C   266 _g_MSXMusic_IndexPort	=	0x007c
                           00007D   267 _g_MSXMusic_DataPort	=	0x007d
                           0000C0   268 _g_MSXAudio_IndexPort	=	0x00c0
                           0000C1   269 _g_MSXAudio_DataPort	=	0x00c1
                           0000C2   270 _g_MSXAudio_IndexPort2	=	0x00c2
                           0000C3   271 _g_MSXAudio_DataPort2	=	0x00c3
                           0000B4   272 _g_RTC_AddrPort	=	0x00b4
                           0000B5   273 _g_RTC_DataPort	=	0x00b5
                                    274 ;--------------------------------------------------------
                                    275 ; ram data
                                    276 ;--------------------------------------------------------
                                    277 	.area _DATA
                           00F3AE   278 _g_LINL40	=	0xf3ae
                           00F3AF   279 _g_LINL32	=	0xf3af
                           00F3B0   280 _g_LINLEN	=	0xf3b0
                           00F3B1   281 _g_CRTCNT	=	0xf3b1
                           00F3B2   282 _g_CLMLST	=	0xf3b2
                           00F3B3   283 _g_TXTNAM	=	0xf3b3
                           00F3B5   284 _g_TXTCOL	=	0xf3b5
                           00F3B7   285 _g_TXTCGP	=	0xf3b7
                           00F3B9   286 _g_TXTATR	=	0xf3b9
                           00F3BB   287 _g_TXTPAT	=	0xf3bb
                           00F3BD   288 _g_T32NAM	=	0xf3bd
                           00F3BF   289 _g_T32COL	=	0xf3bf
                           00F3C1   290 _g_T32CGP	=	0xf3c1
                           00F3C3   291 _g_T32ATR	=	0xf3c3
                           00F3C5   292 _g_T32PAT	=	0xf3c5
                           00F3C7   293 _g_GRPNAM	=	0xf3c7
                           00F3C9   294 _g_GRPCOL	=	0xf3c9
                           00F3CB   295 _g_GRPCGP	=	0xf3cb
                           00F3CD   296 _g_GRPATR	=	0xf3cd
                           00F3CF   297 _g_GRPPAT	=	0xf3cf
                           00F3D1   298 _g_MLTNAM	=	0xf3d1
                           00F3D3   299 _g_MLTCOL	=	0xf3d3
                           00F3D5   300 _g_MLTCGP	=	0xf3d5
                           00F3D7   301 _g_MLTATR	=	0xf3d7
                           00F3D9   302 _g_MLTPAT	=	0xf3d9
                           00F3DB   303 _g_CLIKSW	=	0xf3db
                           00F3DC   304 _g_CSRY	=	0xf3dc
                           00F3DD   305 _g_CSRX	=	0xf3dd
                           00F3E9   306 _g_FORCLR	=	0xf3e9
                           00F3EA   307 _g_BAKCLR	=	0xf3ea
                           00F3EB   308 _g_BDRCLR	=	0xf3eb
                           00F3F2   309 _g_ATRBYT	=	0xf3f2
                           00F87F   310 _g_FNKSTR	=	0xf87f
                           00F92A   311 _g_CLOC	=	0xf92a
                           00F92C   312 _g_CMASK	=	0xf92c
                           00FB02   313 _g_LOGOPR	=	0xfb02
                           00FCB7   314 _g_GRPACX	=	0xfcb7
                           00FCB9   315 _g_GRPACY	=	0xfcb9
                           00FFFF   316 _g_SLTSL	=	0xffff
                                    317 ;--------------------------------------------------------
                                    318 ; ram data
                                    319 ;--------------------------------------------------------
                                    320 	.area _INITIALIZED
      000000                        321 _x::
      000000                        322 	.ds 2
      000002                        323 _y::
      000002                        324 	.ds 2
      000004                        325 _dx::
      000004                        326 	.ds 2
                                    327 ;--------------------------------------------------------
                                    328 ; absolute external ram data
                                    329 ;--------------------------------------------------------
                                    330 	.area _DABS (ABS)
                                    331 ;--------------------------------------------------------
                                    332 ; global & static initialisations
                                    333 ;--------------------------------------------------------
                                    334 	.area _HOME
                                    335 	.area _GSINIT
                                    336 	.area _GSFINAL
                                    337 	.area _GSINIT
                                    338 ;--------------------------------------------------------
                                    339 ; Home
                                    340 ;--------------------------------------------------------
                                    341 	.area _HOME
                                    342 	.area _HOME
                                    343 ;--------------------------------------------------------
                                    344 ; code
                                    345 ;--------------------------------------------------------
                                    346 	.area _CODE
                                    347 ;./template.c:500: void Load_Sprite(int index, int color, int x, int y) {
                                    348 ;	---------------------------------
                                    349 ; Function Load_Sprite
                                    350 ; ---------------------------------
      000000                        351 _Load_Sprite::
      000000 DD E5            [15]  352 	push	ix
      000002 DD 21 00 00      [14]  353 	ld	ix,#0
      000006 DD 39            [15]  354 	add	ix,sp
      000008 F5               [11]  355 	push	af
                                    356 ;./template.c:501: int patternIndex = index * 4;
      000009 DD 75 FE         [19]  357 	ld	-2 (ix), l
      00000C 7D               [ 4]  358 	ld	a, l
      00000D 87               [ 4]  359 	add	a, a
      00000E 87               [ 4]  360 	add	a, a
      00000F DD 77 FF         [19]  361 	ld	-1 (ix), a
                                    362 ;./template.c:503: VDP_LoadSpritePattern(sprites + SPRITE_BYTES * index, patternIndex, 4);
      000012 01r48r06         [10]  363 	ld	bc, #_sprites+0
      000015 29               [11]  364 	add	hl, hl
      000016 29               [11]  365 	add	hl, hl
      000017 29               [11]  366 	add	hl, hl
      000018 29               [11]  367 	add	hl, hl
      000019 29               [11]  368 	add	hl, hl
      00001A 09               [11]  369 	add	hl, bc
      00001B D5               [11]  370 	push	de
      00001C 16 04            [ 7]  371 	ld	d, #0x04
      00001E DD 5E FF         [19]  372 	ld	e, -1 (ix)
      000021 D5               [11]  373 	push	de
      000022 CDr00r00         [17]  374 	call	_VDP_LoadSpritePattern
      000025 D1               [10]  375 	pop	de
                                    376 ;./template.c:504: VDP_SetSpriteExUniColor(index, x, y, patternIndex, color);
      000026 DD 7E 06         [19]  377 	ld	a, 6 (ix)
      000029 DD 6E 04         [19]  378 	ld	l, 4 (ix)
                                    379 ;	spillPairReg hl
                                    380 ;	spillPairReg hl
      00002C 63               [ 4]  381 	ld	h, e
                                    382 ;	spillPairReg hl
                                    383 ;	spillPairReg hl
      00002D E5               [11]  384 	push	hl
      00002E 33               [ 6]  385 	inc	sp
      00002F DD 66 FF         [19]  386 	ld	h, -1 (ix)
                                    387 ;	spillPairReg hl
                                    388 ;	spillPairReg hl
      000032 E5               [11]  389 	push	hl
      000033 33               [ 6]  390 	inc	sp
      000034 F5               [11]  391 	push	af
      000035 33               [ 6]  392 	inc	sp
      000036 DD 7E FE         [19]  393 	ld	a, -2 (ix)
      000039 CDr00r00         [17]  394 	call	_VDP_SetSpriteExUniColor
                                    395 ;./template.c:505: }
      00003C DD F9            [10]  396 	ld	sp, ix
      00003E DD E1            [14]  397 	pop	ix
      000040 E1               [10]  398 	pop	hl
      000041 F1               [10]  399 	pop	af
      000042 F1               [10]  400 	pop	af
      000043 E9               [ 4]  401 	jp	(hl)
                           00F380   402 _g_RDPRIM	=	0xf380
                           00F385   403 _g_WRPRIM	=	0xf385
                           00F38C   404 _g_CLPRIM	=	0xf38c
                           00F39A   405 _g_USRTAB	=	0xf39a
                           00F3DE   406 _g_CNSDFG	=	0xf3de
                           00F3DF   407 _g_RG0SAV	=	0xf3df
                           00F3E0   408 _g_RG1SAV	=	0xf3e0
                           00F3E1   409 _g_RG2SAV	=	0xf3e1
                           00F3E2   410 _g_RG3SAV	=	0xf3e2
                           00F3E3   411 _g_RG4SAV	=	0xf3e3
                           00F3E4   412 _g_RG5SAV	=	0xf3e4
                           00F3E5   413 _g_RG6SAV	=	0xf3e5
                           00F3E6   414 _g_RG7SAV	=	0xf3e6
                           00F3E7   415 _g_STATFL	=	0xf3e7
                           00F3E8   416 _g_TRGFLG	=	0xf3e8
                           00F3EC   417 _g_MAXUPD	=	0xf3ec
                           00F3EF   418 _g_MINUPD	=	0xf3ef
                           00F3F3   419 _g_QUEUES	=	0xf3f3
                           00F3F5   420 _g_FRCNEW	=	0xf3f5
                           00F3F6   421 _g_SCNCNT	=	0xf3f6
                           00F3F7   422 _g_REPCNT	=	0xf3f7
                           00F3F8   423 _g_PUTPNT	=	0xf3f8
                           00F3FA   424 _g_GETPNT	=	0xf3fa
                           00F3FC   425 _g_CS120	=	0xf3fc
                           00F401   426 _g_CS240	=	0xf401
                           00F406   427 _g_LOW	=	0xf406
                           00F408   428 _g_HIGH	=	0xf408
                           00F40A   429 _g_HEADER	=	0xf40a
                           00F40B   430 _g_ASPCT1	=	0xf40b
                           00F40D   431 _g_ASPCT2	=	0xf40d
                           00F959   432 _g_QUETAB	=	0xf959
                           00F971   433 _g_QUEBAK	=	0xf971
                           00F975   434 _g_VOICAQ	=	0xf975
                           00F9F5   435 _g_VOICBQ	=	0xf9f5
                           00FA75   436 _g_VOICCQ	=	0xfa75
                           00FAF5   437 _g_RS2IQ	=	0xfaf5
                           00FAF5   438 _g_DPPAGE	=	0xfaf5
                           00FAF6   439 _g_ACPAGE	=	0xfaf6
                           00FAF7   440 _g_AVCSAV	=	0xfaf7
                           00FAF8   441 _g_EXBRSA	=	0xfaf8
                           00FAF9   442 _g_CHRCNT	=	0xfaf9
                           00FAFA   443 _g_ROMA	=	0xfafa
                           00FAFC   444 _g_MODE	=	0xfafc
                           00FAFD   445 _g_NORUSE	=	0xfafd
                           00FAFE   446 _g_XSAVE	=	0xfafe
                           00FB00   447 _g_YSAVE	=	0xfb00
                           00FB03   448 _g_RSTMP	=	0xfb03
                           00FB03   449 _g_TOCNT	=	0xfb03
                           00FB04   450 _g_RSFCB	=	0xfb04
                           00FB06   451 _g_RSIQLN	=	0xfb06
                           00FB07   452 _g_MEXBIh	=	0xfb07
                           00FB0C   453 _g_OLDSTT	=	0xfb0c
                           00FB0C   454 _g_OLDINT	=	0xfb0c
                           00FB16   455 _g_DEVNUM	=	0xfb16
                           00FB17   456 _g_DATCNT	=	0xfb17
                           00FB1A   457 _g_ERRORS	=	0xfb1a
                           00FB1B   458 _g_FLAGS	=	0xfb1b
                           00FB1C   459 _g_ESTBLS	=	0xfb1c
                           00FB1D   460 _g_COMMSK	=	0xfb1d
                           00FB1E   461 _g_LSTCOM	=	0xfb1e
                           00FB1F   462 _g_LSTMOD	=	0xfb1f
                           00FB35   463 _g_PRSCNT	=	0xfb35
                           00FB36   464 _g_SAVSP	=	0xfb36
                           00FB38   465 _g_VOICEN	=	0xfb38
                           00FB39   466 _g_SAVVOL	=	0xfb39
                           00FB3B   467 _g_MCLLEN	=	0xfb3b
                           00FB3C   468 _g_MCLPTR	=	0xfb3c
                           00FB3E   469 _g_QUEUEN	=	0xfb3e
                           00FB3F   470 _g_MUSICF	=	0xfb3f
                           00FB40   471 _g_PLYCNT	=	0xfb40
                           00FB41   472 _g_VCBA	=	0xfb41
                           00FB66   473 _g_VCBB	=	0xfb66
                           00FB8B   474 _g_VCBC	=	0xfb8b
                           00FBB0   475 _g_ENSTOP	=	0xfbb0
                           00FBB1   476 _g_BASROM	=	0xfbb1
                           00FBB2   477 _g_LINTTB	=	0xfbb2
                           00FBCA   478 _g_FSTPOS	=	0xfbca
                           00FBCC   479 _g_CODSAV	=	0xfbcc
                           00FBCD   480 _g_FNKSWI	=	0xfbcd
                           00FBCE   481 _g_FNKFLG	=	0xfbce
                           00FBD8   482 _g_ONGSBF	=	0xfbd8
                           00FBD9   483 _g_CLIKFL	=	0xfbd9
                           00FBDA   484 _g_OLDKEY	=	0xfbda
                           00FBE5   485 _g_NEWKEY	=	0xfbe5
                           00FBF0   486 _g_KEYBUF	=	0xfbf0
                           00FC18   487 _g_LINWRK	=	0xfc18
                           00FC40   488 _g_PATWRK	=	0xfc40
                           00FC48   489 _g_BOTTOM	=	0xfc48
                           00FC4A   490 _g_HIMEM	=	0xfc4a
                           00FC4C   491 _g_TRPTBL	=	0xfc4c
                           00FC9A   492 _g_RTYCNT	=	0xfc9a
                           00FC9B   493 _g_INTFLG	=	0xfc9b
                           00FC9C   494 _g_PADY	=	0xfc9c
                           00FC9D   495 _g_PADX	=	0xfc9d
                           00FC9E   496 _g_JIFFY	=	0xfc9e
                           00FCA0   497 _g_INTVAL	=	0xfca0
                           00FCA2   498 _g_INTCNT	=	0xfca2
                           00FCA4   499 _g_LOWLIM	=	0xfca4
                           00FCA5   500 _g_WINWID	=	0xfca5
                           00FCA6   501 _g_GRPHED	=	0xfca6
                           00FCA7   502 _g_ESCCNT	=	0xfca7
                           00FCA8   503 _g_INSFLG	=	0xfca8
                           00FCA9   504 _g_CSRSW	=	0xfca9
                           00FCAA   505 _g_CSTYLE	=	0xfcaa
                           00FCAB   506 _g_CAPST	=	0xfcab
                           00FCAC   507 _g_KANAST	=	0xfcac
                           00FCAD   508 _g_KANAMD	=	0xfcad
                           00FCAE   509 _g_FLBMEM	=	0xfcae
                           00FCAF   510 _g_SCRMOD	=	0xfcaf
                           00FCB0   511 _g_OLDSCR	=	0xfcb0
                           00FCB1   512 _g_CASPRV	=	0xfcb1
                           00FCB2   513 _g_BRDATR	=	0xfcb2
                           00FCB3   514 _g_GXPOS	=	0xfcb3
                           00FCB5   515 _g_GYPOS	=	0xfcb5
                           00FCBB   516 _g_DRWFLG	=	0xfcbb
                           00FCBC   517 _g_DRWSCL	=	0xfcbc
                           00FCBD   518 _g_DRWANG	=	0xfcbd
                           00FCC1   519 _g_MNROM	=	0xfcc1
                           00FCC1   520 _g_EXPTBL	=	0xfcc1
                           00FCC5   521 _g_SLTTBL	=	0xfcc5
                           00FCC9   522 _g_SLTATR	=	0xfcc9
                           00FD09   523 _g_SLTWRK	=	0xfd09
                           00FD89   524 _g_PROCNM	=	0xfd89
                           00FFE7   525 _g_RG08SAV	=	0xffe7
                           00FFE8   526 _g_RG09SAV	=	0xffe8
                           00FFE9   527 _g_RG10SAV	=	0xffe9
                           00FFEA   528 _g_RG11SAV	=	0xffea
                           00FFEB   529 _g_RG12SAV	=	0xffeb
                           00FFEC   530 _g_RG13SAV	=	0xffec
                           00FFED   531 _g_RG14SAV	=	0xffed
                           00FFEE   532 _g_RG15SAV	=	0xffee
                           00FFEF   533 _g_RG16SAV	=	0xffef
                           00FFF0   534 _g_RG17SAV	=	0xfff0
                           00FFF1   535 _g_RG18SAV	=	0xfff1
                           00FFF2   536 _g_RG19SAV	=	0xfff2
                           00FFF3   537 _g_RG20SAV	=	0xfff3
                           00FFF4   538 _g_RG21SAV	=	0xfff4
                           00FFF5   539 _g_RG22SAV	=	0xfff5
                           00FFF6   540 _g_RG23SAV	=	0xfff6
                           00FFF7   541 _g_MINROM	=	0xfff7
                           00FFF8   542 _g_SVFFF8	=	0xfff8
                           00FFFA   543 _g_RG25SAV	=	0xfffa
                           00FFFB   544 _g_RG26SAV	=	0xfffb
                           00FFFC   545 _g_RG27SAV	=	0xfffc
                           00FFFD   546 _g_SVFFFD	=	0xfffd
                           000004   547 _g_CGTABL	=	0x0004
                           000006   548 _g_VDP_DR	=	0x0006
                           000007   549 _g_VDP_DW	=	0x0007
                           00002B   550 _g_BASRVN	=	0x002b
                           00002B   551 _g_ROMVersion	=	0x002b
                           00002D   552 _g_MSXVER	=	0x002d
                           00002E   553 _g_MSXMID	=	0x002e
                           000034   554 _g_CHAR_16	=	0x0034
                           000000   555 _g_SUBRID	=	0x0000
                           000002   556 _g_STRSRC	=	0x0002
                           00F30F   557 _g_KANJTABLE	=	0xf30f
                           00F323   558 _g_DISKVE	=	0xf323
                           00F325   559 _g_BREAKV	=	0xf325
                           00F341   560 _g_RAMAD0	=	0xf341
                           00F342   561 _g_RAMAD1	=	0xf342
                           00F343   562 _g_RAMAD2	=	0xf343
                           00F344   563 _g_RAMAD3	=	0xf344
                           00F348   564 _g_MASTER	=	0xf348
                           00F37D   565 _g_BDOS	=	0xf37d
      000044                        566 _g_Font_MGL_Sample6:
      000044 88                     567 	.db #0x88	; 136
      000045 68                     568 	.db #0x68	; 104	'h'
      000046 00                     569 	.db #0x00	; 0
      000047 BF                     570 	.db #0xbf	; 191
      000048 00                     571 	.db #0x00	; 0
      000049 00                     572 	.db #0x00	; 0
      00004A 00                     573 	.db #0x00	; 0
      00004B 00                     574 	.db #0x00	; 0
      00004C 00                     575 	.db #0x00	; 0
      00004D 00                     576 	.db #0x00	; 0
      00004E 00                     577 	.db #0x00	; 0
      00004F 00                     578 	.db #0x00	; 0
      000050 FC                     579 	.db #0xfc	; 252
      000051 C8                     580 	.db #0xc8	; 200
      000052 C8                     581 	.db #0xc8	; 200
      000053 C0                     582 	.db #0xc0	; 192
      000054 80                     583 	.db #0x80	; 128
      000055 94                     584 	.db #0x94	; 148
      000056 94                     585 	.db #0x94	; 148
      000057 FC                     586 	.db #0xfc	; 252
      000058 FC                     587 	.db #0xfc	; 252
      000059 70                     588 	.db #0x70	; 112	'p'
      00005A 60                     589 	.db #0x60	; 96
      00005B 60                     590 	.db #0x60	; 96
      00005C 38                     591 	.db #0x38	; 56	'8'
      00005D 00                     592 	.db #0x00	; 0
      00005E 00                     593 	.db #0x00	; 0
      00005F FC                     594 	.db #0xfc	; 252
      000060 FC                     595 	.db #0xfc	; 252
      000061 04                     596 	.db #0x04	; 4
      000062 00                     597 	.db #0x00	; 0
      000063 F0                     598 	.db #0xf0	; 240
      000064 30                     599 	.db #0x30	; 48	'0'
      000065 20                     600 	.db #0x20	; 32
      000066 64                     601 	.db #0x64	; 100	'd'
      000067 FC                     602 	.db #0xfc	; 252
      000068 FC                     603 	.db #0xfc	; 252
      000069 C8                     604 	.db #0xc8	; 200
      00006A 88                     605 	.db #0x88	; 136
      00006B 18                     606 	.db #0x18	; 24
      00006C 18                     607 	.db #0x18	; 24
      00006D 88                     608 	.db #0x88	; 136
      00006E C8                     609 	.db #0xc8	; 200
      00006F FC                     610 	.db #0xfc	; 252
      000070 FC                     611 	.db #0xfc	; 252
      000071 00                     612 	.db #0x00	; 0
      000072 68                     613 	.db #0x68	; 104	'h'
      000073 88                     614 	.db #0x88	; 136
      000074 A8                     615 	.db #0xa8	; 168
      000075 6C                     616 	.db #0x6c	; 108	'l'
      000076 00                     617 	.db #0x00	; 0
      000077 FC                     618 	.db #0xfc	; 252
      000078 C0                     619 	.db #0xc0	; 192
      000079 40                     620 	.db #0x40	; 64
      00007A 40                     621 	.db #0x40	; 64
      00007B 40                     622 	.db #0x40	; 64
      00007C 40                     623 	.db #0x40	; 64
      00007D 40                     624 	.db #0x40	; 64
      00007E 40                     625 	.db #0x40	; 64
      00007F C0                     626 	.db #0xc0	; 192
      000080 00                     627 	.db #0x00	; 0
      000081 00                     628 	.db #0x00	; 0
      000082 00                     629 	.db #0x00	; 0
      000083 30                     630 	.db #0x30	; 48	'0'
      000084 30                     631 	.db #0x30	; 48	'0'
      000085 00                     632 	.db #0x00	; 0
      000086 00                     633 	.db #0x00	; 0
      000087 00                     634 	.db #0x00	; 0
      000088 00                     635 	.db #0x00	; 0
      000089 00                     636 	.db #0x00	; 0
      00008A 30                     637 	.db #0x30	; 48	'0'
      00008B 48                     638 	.db #0x48	; 72	'H'
      00008C 48                     639 	.db #0x48	; 72	'H'
      00008D 30                     640 	.db #0x30	; 48	'0'
      00008E 00                     641 	.db #0x00	; 0
      00008F 00                     642 	.db #0x00	; 0
      000090 00                     643 	.db #0x00	; 0
      000091 30                     644 	.db #0x30	; 48	'0'
      000092 48                     645 	.db #0x48	; 72	'H'
      000093 84                     646 	.db #0x84	; 132
      000094 84                     647 	.db #0x84	; 132
      000095 48                     648 	.db #0x48	; 72	'H'
      000096 30                     649 	.db #0x30	; 48	'0'
      000097 00                     650 	.db #0x00	; 0
      000098 00                     651 	.db #0x00	; 0
      000099 30                     652 	.db #0x30	; 48	'0'
      00009A 78                     653 	.db #0x78	; 120	'x'
      00009B FC                     654 	.db #0xfc	; 252
      00009C FC                     655 	.db #0xfc	; 252
      00009D 78                     656 	.db #0x78	; 120	'x'
      00009E 30                     657 	.db #0x30	; 48	'0'
      00009F 00                     658 	.db #0x00	; 0
      0000A0 00                     659 	.db #0x00	; 0
      0000A1 FC                     660 	.db #0xfc	; 252
      0000A2 84                     661 	.db #0x84	; 132
      0000A3 84                     662 	.db #0x84	; 132
      0000A4 84                     663 	.db #0x84	; 132
      0000A5 84                     664 	.db #0x84	; 132
      0000A6 FC                     665 	.db #0xfc	; 252
      0000A7 00                     666 	.db #0x00	; 0
      0000A8 00                     667 	.db #0x00	; 0
      0000A9 FC                     668 	.db #0xfc	; 252
      0000AA 84                     669 	.db #0x84	; 132
      0000AB B4                     670 	.db #0xb4	; 180
      0000AC B4                     671 	.db #0xb4	; 180
      0000AD 84                     672 	.db #0x84	; 132
      0000AE FC                     673 	.db #0xfc	; 252
      0000AF 00                     674 	.db #0x00	; 0
      0000B0 81                     675 	.db #0x81	; 129
      0000B1 42                     676 	.db #0x42	; 66	'B'
      0000B2 24                     677 	.db #0x24	; 36
      0000B3 18                     678 	.db #0x18	; 24
      0000B4 18                     679 	.db #0x18	; 24
      0000B5 24                     680 	.db #0x24	; 36
      0000B6 42                     681 	.db #0x42	; 66	'B'
      0000B7 81                     682 	.db #0x81	; 129
      0000B8 08                     683 	.db #0x08	; 8
      0000B9 44                     684 	.db #0x44	; 68	'D'
      0000BA D4                     685 	.db #0xd4	; 212
      0000BB D4                     686 	.db #0xd4	; 212
      0000BC D4                     687 	.db #0xd4	; 212
      0000BD 44                     688 	.db #0x44	; 68	'D'
      0000BE 08                     689 	.db #0x08	; 8
      0000BF 00                     690 	.db #0x00	; 0
      0000C0 00                     691 	.db #0x00	; 0
      0000C1 40                     692 	.db #0x40	; 64
      0000C2 D4                     693 	.db #0xd4	; 212
      0000C3 C8                     694 	.db #0xc8	; 200
      0000C4 D4                     695 	.db #0xd4	; 212
      0000C5 40                     696 	.db #0x40	; 64
      0000C6 00                     697 	.db #0x00	; 0
      0000C7 00                     698 	.db #0x00	; 0
      0000C8 81                     699 	.db #0x81	; 129
      0000C9 42                     700 	.db #0x42	; 66	'B'
      0000CA 24                     701 	.db #0x24	; 36
      0000CB 18                     702 	.db #0x18	; 24
      0000CC 18                     703 	.db #0x18	; 24
      0000CD 24                     704 	.db #0x24	; 36
      0000CE 42                     705 	.db #0x42	; 66	'B'
      0000CF 81                     706 	.db #0x81	; 129
      0000D0 10                     707 	.db #0x10	; 16
      0000D1 10                     708 	.db #0x10	; 16
      0000D2 10                     709 	.db #0x10	; 16
      0000D3 FF                     710 	.db #0xff	; 255
      0000D4 00                     711 	.db #0x00	; 0
      0000D5 00                     712 	.db #0x00	; 0
      0000D6 00                     713 	.db #0x00	; 0
      0000D7 00                     714 	.db #0x00	; 0
      0000D8 00                     715 	.db #0x00	; 0
      0000D9 00                     716 	.db #0x00	; 0
      0000DA 00                     717 	.db #0x00	; 0
      0000DB FF                     718 	.db #0xff	; 255
      0000DC 10                     719 	.db #0x10	; 16
      0000DD 10                     720 	.db #0x10	; 16
      0000DE 10                     721 	.db #0x10	; 16
      0000DF 10                     722 	.db #0x10	; 16
      0000E0 10                     723 	.db #0x10	; 16
      0000E1 10                     724 	.db #0x10	; 16
      0000E2 10                     725 	.db #0x10	; 16
      0000E3 F0                     726 	.db #0xf0	; 240
      0000E4 10                     727 	.db #0x10	; 16
      0000E5 10                     728 	.db #0x10	; 16
      0000E6 10                     729 	.db #0x10	; 16
      0000E7 10                     730 	.db #0x10	; 16
      0000E8 20                     731 	.db #0x20	; 32
      0000E9 20                     732 	.db #0x20	; 32
      0000EA 20                     733 	.db #0x20	; 32
      0000EB 3F                     734 	.db #0x3f	; 63
      0000EC 20                     735 	.db #0x20	; 32
      0000ED 20                     736 	.db #0x20	; 32
      0000EE 20                     737 	.db #0x20	; 32
      0000EF 20                     738 	.db #0x20	; 32
      0000F0 10                     739 	.db #0x10	; 16
      0000F1 10                     740 	.db #0x10	; 16
      0000F2 10                     741 	.db #0x10	; 16
      0000F3 FF                     742 	.db #0xff	; 255
      0000F4 10                     743 	.db #0x10	; 16
      0000F5 10                     744 	.db #0x10	; 16
      0000F6 10                     745 	.db #0x10	; 16
      0000F7 10                     746 	.db #0x10	; 16
      0000F8 10                     747 	.db #0x10	; 16
      0000F9 10                     748 	.db #0x10	; 16
      0000FA 10                     749 	.db #0x10	; 16
      0000FB 10                     750 	.db #0x10	; 16
      0000FC 10                     751 	.db #0x10	; 16
      0000FD 10                     752 	.db #0x10	; 16
      0000FE 10                     753 	.db #0x10	; 16
      0000FF 10                     754 	.db #0x10	; 16
      000100 00                     755 	.db #0x00	; 0
      000101 00                     756 	.db #0x00	; 0
      000102 00                     757 	.db #0x00	; 0
      000103 FF                     758 	.db #0xff	; 255
      000104 00                     759 	.db #0x00	; 0
      000105 00                     760 	.db #0x00	; 0
      000106 00                     761 	.db #0x00	; 0
      000107 00                     762 	.db #0x00	; 0
      000108 00                     763 	.db #0x00	; 0
      000109 00                     764 	.db #0x00	; 0
      00010A 00                     765 	.db #0x00	; 0
      00010B 1F                     766 	.db #0x1f	; 31
      00010C 10                     767 	.db #0x10	; 16
      00010D 10                     768 	.db #0x10	; 16
      00010E 10                     769 	.db #0x10	; 16
      00010F 10                     770 	.db #0x10	; 16
      000110 00                     771 	.db #0x00	; 0
      000111 00                     772 	.db #0x00	; 0
      000112 00                     773 	.db #0x00	; 0
      000113 F0                     774 	.db #0xf0	; 240
      000114 10                     775 	.db #0x10	; 16
      000115 10                     776 	.db #0x10	; 16
      000116 10                     777 	.db #0x10	; 16
      000117 10                     778 	.db #0x10	; 16
      000118 10                     779 	.db #0x10	; 16
      000119 10                     780 	.db #0x10	; 16
      00011A 10                     781 	.db #0x10	; 16
      00011B 1F                     782 	.db #0x1f	; 31
      00011C 00                     783 	.db #0x00	; 0
      00011D 00                     784 	.db #0x00	; 0
      00011E 00                     785 	.db #0x00	; 0
      00011F 00                     786 	.db #0x00	; 0
      000120 10                     787 	.db #0x10	; 16
      000121 10                     788 	.db #0x10	; 16
      000122 10                     789 	.db #0x10	; 16
      000123 F0                     790 	.db #0xf0	; 240
      000124 00                     791 	.db #0x00	; 0
      000125 00                     792 	.db #0x00	; 0
      000126 00                     793 	.db #0x00	; 0
      000127 00                     794 	.db #0x00	; 0
      000128 00                     795 	.db #0x00	; 0
      000129 00                     796 	.db #0x00	; 0
      00012A 00                     797 	.db #0x00	; 0
      00012B AA                     798 	.db #0xaa	; 170
      00012C 00                     799 	.db #0x00	; 0
      00012D 00                     800 	.db #0x00	; 0
      00012E 00                     801 	.db #0x00	; 0
      00012F 00                     802 	.db #0x00	; 0
      000130 10                     803 	.db #0x10	; 16
      000131 00                     804 	.db #0x00	; 0
      000132 10                     805 	.db #0x10	; 16
      000133 00                     806 	.db #0x00	; 0
      000134 10                     807 	.db #0x10	; 16
      000135 00                     808 	.db #0x00	; 0
      000136 10                     809 	.db #0x10	; 16
      000137 00                     810 	.db #0x00	; 0
      000138 04                     811 	.db #0x04	; 4
      000139 08                     812 	.db #0x08	; 8
      00013A 08                     813 	.db #0x08	; 8
      00013B 10                     814 	.db #0x10	; 16
      00013C 20                     815 	.db #0x20	; 32
      00013D 40                     816 	.db #0x40	; 64
      00013E 40                     817 	.db #0x40	; 64
      00013F 80                     818 	.db #0x80	; 128
      000140 80                     819 	.db #0x80	; 128
      000141 40                     820 	.db #0x40	; 64
      000142 40                     821 	.db #0x40	; 64
      000143 20                     822 	.db #0x20	; 32
      000144 10                     823 	.db #0x10	; 16
      000145 08                     824 	.db #0x08	; 8
      000146 08                     825 	.db #0x08	; 8
      000147 04                     826 	.db #0x04	; 4
      000148 00                     827 	.db #0x00	; 0
      000149 00                     828 	.db #0x00	; 0
      00014A 00                     829 	.db #0x00	; 0
      00014B 00                     830 	.db #0x00	; 0
      00014C 00                     831 	.db #0x00	; 0
      00014D 00                     832 	.db #0x00	; 0
      00014E 00                     833 	.db #0x00	; 0
      00014F 00                     834 	.db #0x00	; 0
      000150 20                     835 	.db #0x20	; 32
      000151 20                     836 	.db #0x20	; 32
      000152 20                     837 	.db #0x20	; 32
      000153 20                     838 	.db #0x20	; 32
      000154 20                     839 	.db #0x20	; 32
      000155 00                     840 	.db #0x00	; 0
      000156 20                     841 	.db #0x20	; 32
      000157 00                     842 	.db #0x00	; 0
      000158 24                     843 	.db #0x24	; 36
      000159 24                     844 	.db #0x24	; 36
      00015A 48                     845 	.db #0x48	; 72	'H'
      00015B 00                     846 	.db #0x00	; 0
      00015C 00                     847 	.db #0x00	; 0
      00015D 00                     848 	.db #0x00	; 0
      00015E 00                     849 	.db #0x00	; 0
      00015F 00                     850 	.db #0x00	; 0
      000160 28                     851 	.db #0x28	; 40
      000161 7C                     852 	.db #0x7c	; 124
      000162 28                     853 	.db #0x28	; 40
      000163 28                     854 	.db #0x28	; 40
      000164 28                     855 	.db #0x28	; 40
      000165 7C                     856 	.db #0x7c	; 124
      000166 28                     857 	.db #0x28	; 40
      000167 00                     858 	.db #0x00	; 0
      000168 10                     859 	.db #0x10	; 16
      000169 38                     860 	.db #0x38	; 56	'8'
      00016A 50                     861 	.db #0x50	; 80	'P'
      00016B 38                     862 	.db #0x38	; 56	'8'
      00016C 14                     863 	.db #0x14	; 20
      00016D 54                     864 	.db #0x54	; 84	'T'
      00016E 38                     865 	.db #0x38	; 56	'8'
      00016F 10                     866 	.db #0x10	; 16
      000170 64                     867 	.db #0x64	; 100	'd'
      000171 68                     868 	.db #0x68	; 104	'h'
      000172 08                     869 	.db #0x08	; 8
      000173 10                     870 	.db #0x10	; 16
      000174 20                     871 	.db #0x20	; 32
      000175 2C                     872 	.db #0x2c	; 44
      000176 4C                     873 	.db #0x4c	; 76	'L'
      000177 00                     874 	.db #0x00	; 0
      000178 30                     875 	.db #0x30	; 48	'0'
      000179 48                     876 	.db #0x48	; 72	'H'
      00017A 48                     877 	.db #0x48	; 72	'H'
      00017B 30                     878 	.db #0x30	; 48	'0'
      00017C 54                     879 	.db #0x54	; 84	'T'
      00017D 48                     880 	.db #0x48	; 72	'H'
      00017E 34                     881 	.db #0x34	; 52	'4'
      00017F 00                     882 	.db #0x00	; 0
      000180 10                     883 	.db #0x10	; 16
      000181 10                     884 	.db #0x10	; 16
      000182 20                     885 	.db #0x20	; 32
      000183 00                     886 	.db #0x00	; 0
      000184 00                     887 	.db #0x00	; 0
      000185 00                     888 	.db #0x00	; 0
      000186 00                     889 	.db #0x00	; 0
      000187 00                     890 	.db #0x00	; 0
      000188 08                     891 	.db #0x08	; 8
      000189 10                     892 	.db #0x10	; 16
      00018A 10                     893 	.db #0x10	; 16
      00018B 10                     894 	.db #0x10	; 16
      00018C 10                     895 	.db #0x10	; 16
      00018D 10                     896 	.db #0x10	; 16
      00018E 08                     897 	.db #0x08	; 8
      00018F 00                     898 	.db #0x00	; 0
      000190 10                     899 	.db #0x10	; 16
      000191 08                     900 	.db #0x08	; 8
      000192 08                     901 	.db #0x08	; 8
      000193 08                     902 	.db #0x08	; 8
      000194 08                     903 	.db #0x08	; 8
      000195 08                     904 	.db #0x08	; 8
      000196 10                     905 	.db #0x10	; 16
      000197 00                     906 	.db #0x00	; 0
      000198 00                     907 	.db #0x00	; 0
      000199 00                     908 	.db #0x00	; 0
      00019A 28                     909 	.db #0x28	; 40
      00019B 10                     910 	.db #0x10	; 16
      00019C 28                     911 	.db #0x28	; 40
      00019D 00                     912 	.db #0x00	; 0
      00019E 00                     913 	.db #0x00	; 0
      00019F 00                     914 	.db #0x00	; 0
      0001A0 00                     915 	.db #0x00	; 0
      0001A1 10                     916 	.db #0x10	; 16
      0001A2 10                     917 	.db #0x10	; 16
      0001A3 7C                     918 	.db #0x7c	; 124
      0001A4 10                     919 	.db #0x10	; 16
      0001A5 10                     920 	.db #0x10	; 16
      0001A6 00                     921 	.db #0x00	; 0
      0001A7 00                     922 	.db #0x00	; 0
      0001A8 00                     923 	.db #0x00	; 0
      0001A9 00                     924 	.db #0x00	; 0
      0001AA 00                     925 	.db #0x00	; 0
      0001AB 00                     926 	.db #0x00	; 0
      0001AC 00                     927 	.db #0x00	; 0
      0001AD 10                     928 	.db #0x10	; 16
      0001AE 10                     929 	.db #0x10	; 16
      0001AF 20                     930 	.db #0x20	; 32
      0001B0 00                     931 	.db #0x00	; 0
      0001B1 00                     932 	.db #0x00	; 0
      0001B2 00                     933 	.db #0x00	; 0
      0001B3 7C                     934 	.db #0x7c	; 124
      0001B4 00                     935 	.db #0x00	; 0
      0001B5 00                     936 	.db #0x00	; 0
      0001B6 00                     937 	.db #0x00	; 0
      0001B7 00                     938 	.db #0x00	; 0
      0001B8 00                     939 	.db #0x00	; 0
      0001B9 00                     940 	.db #0x00	; 0
      0001BA 00                     941 	.db #0x00	; 0
      0001BB 00                     942 	.db #0x00	; 0
      0001BC 00                     943 	.db #0x00	; 0
      0001BD 00                     944 	.db #0x00	; 0
      0001BE 20                     945 	.db #0x20	; 32
      0001BF 00                     946 	.db #0x00	; 0
      0001C0 04                     947 	.db #0x04	; 4
      0001C1 08                     948 	.db #0x08	; 8
      0001C2 08                     949 	.db #0x08	; 8
      0001C3 10                     950 	.db #0x10	; 16
      0001C4 20                     951 	.db #0x20	; 32
      0001C5 20                     952 	.db #0x20	; 32
      0001C6 40                     953 	.db #0x40	; 64
      0001C7 00                     954 	.db #0x00	; 0
      0001C8 38                     955 	.db #0x38	; 56	'8'
      0001C9 44                     956 	.db #0x44	; 68	'D'
      0001CA 4C                     957 	.db #0x4c	; 76	'L'
      0001CB 54                     958 	.db #0x54	; 84	'T'
      0001CC 64                     959 	.db #0x64	; 100	'd'
      0001CD 44                     960 	.db #0x44	; 68	'D'
      0001CE 38                     961 	.db #0x38	; 56	'8'
      0001CF 00                     962 	.db #0x00	; 0
      0001D0 10                     963 	.db #0x10	; 16
      0001D1 30                     964 	.db #0x30	; 48	'0'
      0001D2 50                     965 	.db #0x50	; 80	'P'
      0001D3 10                     966 	.db #0x10	; 16
      0001D4 10                     967 	.db #0x10	; 16
      0001D5 10                     968 	.db #0x10	; 16
      0001D6 7C                     969 	.db #0x7c	; 124
      0001D7 00                     970 	.db #0x00	; 0
      0001D8 38                     971 	.db #0x38	; 56	'8'
      0001D9 44                     972 	.db #0x44	; 68	'D'
      0001DA 04                     973 	.db #0x04	; 4
      0001DB 18                     974 	.db #0x18	; 24
      0001DC 20                     975 	.db #0x20	; 32
      0001DD 40                     976 	.db #0x40	; 64
      0001DE 7C                     977 	.db #0x7c	; 124
      0001DF 00                     978 	.db #0x00	; 0
      0001E0 38                     979 	.db #0x38	; 56	'8'
      0001E1 44                     980 	.db #0x44	; 68	'D'
      0001E2 04                     981 	.db #0x04	; 4
      0001E3 18                     982 	.db #0x18	; 24
      0001E4 04                     983 	.db #0x04	; 4
      0001E5 44                     984 	.db #0x44	; 68	'D'
      0001E6 38                     985 	.db #0x38	; 56	'8'
      0001E7 00                     986 	.db #0x00	; 0
      0001E8 10                     987 	.db #0x10	; 16
      0001E9 20                     988 	.db #0x20	; 32
      0001EA 48                     989 	.db #0x48	; 72	'H'
      0001EB 7C                     990 	.db #0x7c	; 124
      0001EC 08                     991 	.db #0x08	; 8
      0001ED 08                     992 	.db #0x08	; 8
      0001EE 08                     993 	.db #0x08	; 8
      0001EF 00                     994 	.db #0x00	; 0
      0001F0 7C                     995 	.db #0x7c	; 124
      0001F1 40                     996 	.db #0x40	; 64
      0001F2 78                     997 	.db #0x78	; 120	'x'
      0001F3 04                     998 	.db #0x04	; 4
      0001F4 04                     999 	.db #0x04	; 4
      0001F5 44                    1000 	.db #0x44	; 68	'D'
      0001F6 38                    1001 	.db #0x38	; 56	'8'
      0001F7 00                    1002 	.db #0x00	; 0
      0001F8 38                    1003 	.db #0x38	; 56	'8'
      0001F9 44                    1004 	.db #0x44	; 68	'D'
      0001FA 40                    1005 	.db #0x40	; 64
      0001FB 78                    1006 	.db #0x78	; 120	'x'
      0001FC 44                    1007 	.db #0x44	; 68	'D'
      0001FD 44                    1008 	.db #0x44	; 68	'D'
      0001FE 38                    1009 	.db #0x38	; 56	'8'
      0001FF 00                    1010 	.db #0x00	; 0
      000200 7C                    1011 	.db #0x7c	; 124
      000201 04                    1012 	.db #0x04	; 4
      000202 08                    1013 	.db #0x08	; 8
      000203 08                    1014 	.db #0x08	; 8
      000204 10                    1015 	.db #0x10	; 16
      000205 10                    1016 	.db #0x10	; 16
      000206 10                    1017 	.db #0x10	; 16
      000207 00                    1018 	.db #0x00	; 0
      000208 38                    1019 	.db #0x38	; 56	'8'
      000209 44                    1020 	.db #0x44	; 68	'D'
      00020A 44                    1021 	.db #0x44	; 68	'D'
      00020B 38                    1022 	.db #0x38	; 56	'8'
      00020C 44                    1023 	.db #0x44	; 68	'D'
      00020D 44                    1024 	.db #0x44	; 68	'D'
      00020E 38                    1025 	.db #0x38	; 56	'8'
      00020F 00                    1026 	.db #0x00	; 0
      000210 38                    1027 	.db #0x38	; 56	'8'
      000211 44                    1028 	.db #0x44	; 68	'D'
      000212 44                    1029 	.db #0x44	; 68	'D'
      000213 3C                    1030 	.db #0x3c	; 60
      000214 04                    1031 	.db #0x04	; 4
      000215 44                    1032 	.db #0x44	; 68	'D'
      000216 38                    1033 	.db #0x38	; 56	'8'
      000217 00                    1034 	.db #0x00	; 0
      000218 00                    1035 	.db #0x00	; 0
      000219 00                    1036 	.db #0x00	; 0
      00021A 20                    1037 	.db #0x20	; 32
      00021B 00                    1038 	.db #0x00	; 0
      00021C 00                    1039 	.db #0x00	; 0
      00021D 20                    1040 	.db #0x20	; 32
      00021E 00                    1041 	.db #0x00	; 0
      00021F 00                    1042 	.db #0x00	; 0
      000220 00                    1043 	.db #0x00	; 0
      000221 00                    1044 	.db #0x00	; 0
      000222 10                    1045 	.db #0x10	; 16
      000223 00                    1046 	.db #0x00	; 0
      000224 00                    1047 	.db #0x00	; 0
      000225 10                    1048 	.db #0x10	; 16
      000226 10                    1049 	.db #0x10	; 16
      000227 20                    1050 	.db #0x20	; 32
      000228 04                    1051 	.db #0x04	; 4
      000229 08                    1052 	.db #0x08	; 8
      00022A 10                    1053 	.db #0x10	; 16
      00022B 20                    1054 	.db #0x20	; 32
      00022C 10                    1055 	.db #0x10	; 16
      00022D 08                    1056 	.db #0x08	; 8
      00022E 04                    1057 	.db #0x04	; 4
      00022F 00                    1058 	.db #0x00	; 0
      000230 00                    1059 	.db #0x00	; 0
      000231 00                    1060 	.db #0x00	; 0
      000232 7C                    1061 	.db #0x7c	; 124
      000233 00                    1062 	.db #0x00	; 0
      000234 7C                    1063 	.db #0x7c	; 124
      000235 00                    1064 	.db #0x00	; 0
      000236 00                    1065 	.db #0x00	; 0
      000237 00                    1066 	.db #0x00	; 0
      000238 20                    1067 	.db #0x20	; 32
      000239 10                    1068 	.db #0x10	; 16
      00023A 08                    1069 	.db #0x08	; 8
      00023B 04                    1070 	.db #0x04	; 4
      00023C 08                    1071 	.db #0x08	; 8
      00023D 10                    1072 	.db #0x10	; 16
      00023E 20                    1073 	.db #0x20	; 32
      00023F 00                    1074 	.db #0x00	; 0
      000240 38                    1075 	.db #0x38	; 56	'8'
      000241 44                    1076 	.db #0x44	; 68	'D'
      000242 04                    1077 	.db #0x04	; 4
      000243 08                    1078 	.db #0x08	; 8
      000244 10                    1079 	.db #0x10	; 16
      000245 00                    1080 	.db #0x00	; 0
      000246 10                    1081 	.db #0x10	; 16
      000247 00                    1082 	.db #0x00	; 0
      000248 38                    1083 	.db #0x38	; 56	'8'
      000249 44                    1084 	.db #0x44	; 68	'D'
      00024A 04                    1085 	.db #0x04	; 4
      00024B 34                    1086 	.db #0x34	; 52	'4'
      00024C 54                    1087 	.db #0x54	; 84	'T'
      00024D 54                    1088 	.db #0x54	; 84	'T'
      00024E 38                    1089 	.db #0x38	; 56	'8'
      00024F 00                    1090 	.db #0x00	; 0
      000250 38                    1091 	.db #0x38	; 56	'8'
      000251 44                    1092 	.db #0x44	; 68	'D'
      000252 44                    1093 	.db #0x44	; 68	'D'
      000253 7C                    1094 	.db #0x7c	; 124
      000254 44                    1095 	.db #0x44	; 68	'D'
      000255 44                    1096 	.db #0x44	; 68	'D'
      000256 44                    1097 	.db #0x44	; 68	'D'
      000257 00                    1098 	.db #0x00	; 0
      000258 78                    1099 	.db #0x78	; 120	'x'
      000259 44                    1100 	.db #0x44	; 68	'D'
      00025A 44                    1101 	.db #0x44	; 68	'D'
      00025B 78                    1102 	.db #0x78	; 120	'x'
      00025C 44                    1103 	.db #0x44	; 68	'D'
      00025D 44                    1104 	.db #0x44	; 68	'D'
      00025E 78                    1105 	.db #0x78	; 120	'x'
      00025F 00                    1106 	.db #0x00	; 0
      000260 38                    1107 	.db #0x38	; 56	'8'
      000261 44                    1108 	.db #0x44	; 68	'D'
      000262 40                    1109 	.db #0x40	; 64
      000263 40                    1110 	.db #0x40	; 64
      000264 40                    1111 	.db #0x40	; 64
      000265 44                    1112 	.db #0x44	; 68	'D'
      000266 38                    1113 	.db #0x38	; 56	'8'
      000267 00                    1114 	.db #0x00	; 0
      000268 70                    1115 	.db #0x70	; 112	'p'
      000269 48                    1116 	.db #0x48	; 72	'H'
      00026A 44                    1117 	.db #0x44	; 68	'D'
      00026B 44                    1118 	.db #0x44	; 68	'D'
      00026C 44                    1119 	.db #0x44	; 68	'D'
      00026D 48                    1120 	.db #0x48	; 72	'H'
      00026E 70                    1121 	.db #0x70	; 112	'p'
      00026F 00                    1122 	.db #0x00	; 0
      000270 7C                    1123 	.db #0x7c	; 124
      000271 40                    1124 	.db #0x40	; 64
      000272 40                    1125 	.db #0x40	; 64
      000273 70                    1126 	.db #0x70	; 112	'p'
      000274 40                    1127 	.db #0x40	; 64
      000275 40                    1128 	.db #0x40	; 64
      000276 7C                    1129 	.db #0x7c	; 124
      000277 00                    1130 	.db #0x00	; 0
      000278 7C                    1131 	.db #0x7c	; 124
      000279 40                    1132 	.db #0x40	; 64
      00027A 40                    1133 	.db #0x40	; 64
      00027B 70                    1134 	.db #0x70	; 112	'p'
      00027C 40                    1135 	.db #0x40	; 64
      00027D 40                    1136 	.db #0x40	; 64
      00027E 40                    1137 	.db #0x40	; 64
      00027F 00                    1138 	.db #0x00	; 0
      000280 38                    1139 	.db #0x38	; 56	'8'
      000281 40                    1140 	.db #0x40	; 64
      000282 40                    1141 	.db #0x40	; 64
      000283 4C                    1142 	.db #0x4c	; 76	'L'
      000284 44                    1143 	.db #0x44	; 68	'D'
      000285 44                    1144 	.db #0x44	; 68	'D'
      000286 38                    1145 	.db #0x38	; 56	'8'
      000287 00                    1146 	.db #0x00	; 0
      000288 44                    1147 	.db #0x44	; 68	'D'
      000289 44                    1148 	.db #0x44	; 68	'D'
      00028A 44                    1149 	.db #0x44	; 68	'D'
      00028B 7C                    1150 	.db #0x7c	; 124
      00028C 44                    1151 	.db #0x44	; 68	'D'
      00028D 44                    1152 	.db #0x44	; 68	'D'
      00028E 44                    1153 	.db #0x44	; 68	'D'
      00028F 00                    1154 	.db #0x00	; 0
      000290 38                    1155 	.db #0x38	; 56	'8'
      000291 10                    1156 	.db #0x10	; 16
      000292 10                    1157 	.db #0x10	; 16
      000293 10                    1158 	.db #0x10	; 16
      000294 10                    1159 	.db #0x10	; 16
      000295 10                    1160 	.db #0x10	; 16
      000296 38                    1161 	.db #0x38	; 56	'8'
      000297 00                    1162 	.db #0x00	; 0
      000298 3C                    1163 	.db #0x3c	; 60
      000299 08                    1164 	.db #0x08	; 8
      00029A 08                    1165 	.db #0x08	; 8
      00029B 08                    1166 	.db #0x08	; 8
      00029C 08                    1167 	.db #0x08	; 8
      00029D 48                    1168 	.db #0x48	; 72	'H'
      00029E 30                    1169 	.db #0x30	; 48	'0'
      00029F 00                    1170 	.db #0x00	; 0
      0002A0 44                    1171 	.db #0x44	; 68	'D'
      0002A1 48                    1172 	.db #0x48	; 72	'H'
      0002A2 50                    1173 	.db #0x50	; 80	'P'
      0002A3 60                    1174 	.db #0x60	; 96
      0002A4 50                    1175 	.db #0x50	; 80	'P'
      0002A5 48                    1176 	.db #0x48	; 72	'H'
      0002A6 44                    1177 	.db #0x44	; 68	'D'
      0002A7 00                    1178 	.db #0x00	; 0
      0002A8 40                    1179 	.db #0x40	; 64
      0002A9 40                    1180 	.db #0x40	; 64
      0002AA 40                    1181 	.db #0x40	; 64
      0002AB 40                    1182 	.db #0x40	; 64
      0002AC 40                    1183 	.db #0x40	; 64
      0002AD 40                    1184 	.db #0x40	; 64
      0002AE 7C                    1185 	.db #0x7c	; 124
      0002AF 00                    1186 	.db #0x00	; 0
      0002B0 44                    1187 	.db #0x44	; 68	'D'
      0002B1 6C                    1188 	.db #0x6c	; 108	'l'
      0002B2 54                    1189 	.db #0x54	; 84	'T'
      0002B3 44                    1190 	.db #0x44	; 68	'D'
      0002B4 44                    1191 	.db #0x44	; 68	'D'
      0002B5 44                    1192 	.db #0x44	; 68	'D'
      0002B6 44                    1193 	.db #0x44	; 68	'D'
      0002B7 00                    1194 	.db #0x00	; 0
      0002B8 44                    1195 	.db #0x44	; 68	'D'
      0002B9 64                    1196 	.db #0x64	; 100	'd'
      0002BA 64                    1197 	.db #0x64	; 100	'd'
      0002BB 54                    1198 	.db #0x54	; 84	'T'
      0002BC 4C                    1199 	.db #0x4c	; 76	'L'
      0002BD 4C                    1200 	.db #0x4c	; 76	'L'
      0002BE 44                    1201 	.db #0x44	; 68	'D'
      0002BF 00                    1202 	.db #0x00	; 0
      0002C0 38                    1203 	.db #0x38	; 56	'8'
      0002C1 44                    1204 	.db #0x44	; 68	'D'
      0002C2 44                    1205 	.db #0x44	; 68	'D'
      0002C3 44                    1206 	.db #0x44	; 68	'D'
      0002C4 44                    1207 	.db #0x44	; 68	'D'
      0002C5 44                    1208 	.db #0x44	; 68	'D'
      0002C6 38                    1209 	.db #0x38	; 56	'8'
      0002C7 00                    1210 	.db #0x00	; 0
      0002C8 78                    1211 	.db #0x78	; 120	'x'
      0002C9 44                    1212 	.db #0x44	; 68	'D'
      0002CA 44                    1213 	.db #0x44	; 68	'D'
      0002CB 78                    1214 	.db #0x78	; 120	'x'
      0002CC 40                    1215 	.db #0x40	; 64
      0002CD 40                    1216 	.db #0x40	; 64
      0002CE 40                    1217 	.db #0x40	; 64
      0002CF 00                    1218 	.db #0x00	; 0
      0002D0 38                    1219 	.db #0x38	; 56	'8'
      0002D1 44                    1220 	.db #0x44	; 68	'D'
      0002D2 44                    1221 	.db #0x44	; 68	'D'
      0002D3 44                    1222 	.db #0x44	; 68	'D'
      0002D4 54                    1223 	.db #0x54	; 84	'T'
      0002D5 48                    1224 	.db #0x48	; 72	'H'
      0002D6 34                    1225 	.db #0x34	; 52	'4'
      0002D7 00                    1226 	.db #0x00	; 0
      0002D8 78                    1227 	.db #0x78	; 120	'x'
      0002D9 44                    1228 	.db #0x44	; 68	'D'
      0002DA 44                    1229 	.db #0x44	; 68	'D'
      0002DB 78                    1230 	.db #0x78	; 120	'x'
      0002DC 44                    1231 	.db #0x44	; 68	'D'
      0002DD 44                    1232 	.db #0x44	; 68	'D'
      0002DE 44                    1233 	.db #0x44	; 68	'D'
      0002DF 00                    1234 	.db #0x00	; 0
      0002E0 38                    1235 	.db #0x38	; 56	'8'
      0002E1 44                    1236 	.db #0x44	; 68	'D'
      0002E2 40                    1237 	.db #0x40	; 64
      0002E3 38                    1238 	.db #0x38	; 56	'8'
      0002E4 04                    1239 	.db #0x04	; 4
      0002E5 44                    1240 	.db #0x44	; 68	'D'
      0002E6 38                    1241 	.db #0x38	; 56	'8'
      0002E7 00                    1242 	.db #0x00	; 0
      0002E8 7C                    1243 	.db #0x7c	; 124
      0002E9 10                    1244 	.db #0x10	; 16
      0002EA 10                    1245 	.db #0x10	; 16
      0002EB 10                    1246 	.db #0x10	; 16
      0002EC 10                    1247 	.db #0x10	; 16
      0002ED 10                    1248 	.db #0x10	; 16
      0002EE 10                    1249 	.db #0x10	; 16
      0002EF 00                    1250 	.db #0x00	; 0
      0002F0 44                    1251 	.db #0x44	; 68	'D'
      0002F1 44                    1252 	.db #0x44	; 68	'D'
      0002F2 44                    1253 	.db #0x44	; 68	'D'
      0002F3 44                    1254 	.db #0x44	; 68	'D'
      0002F4 44                    1255 	.db #0x44	; 68	'D'
      0002F5 44                    1256 	.db #0x44	; 68	'D'
      0002F6 38                    1257 	.db #0x38	; 56	'8'
      0002F7 00                    1258 	.db #0x00	; 0
      0002F8 44                    1259 	.db #0x44	; 68	'D'
      0002F9 44                    1260 	.db #0x44	; 68	'D'
      0002FA 44                    1261 	.db #0x44	; 68	'D'
      0002FB 44                    1262 	.db #0x44	; 68	'D'
      0002FC 28                    1263 	.db #0x28	; 40
      0002FD 28                    1264 	.db #0x28	; 40
      0002FE 10                    1265 	.db #0x10	; 16
      0002FF 00                    1266 	.db #0x00	; 0
      000300 44                    1267 	.db #0x44	; 68	'D'
      000301 44                    1268 	.db #0x44	; 68	'D'
      000302 44                    1269 	.db #0x44	; 68	'D'
      000303 44                    1270 	.db #0x44	; 68	'D'
      000304 54                    1271 	.db #0x54	; 84	'T'
      000305 54                    1272 	.db #0x54	; 84	'T'
      000306 28                    1273 	.db #0x28	; 40
      000307 00                    1274 	.db #0x00	; 0
      000308 44                    1275 	.db #0x44	; 68	'D'
      000309 44                    1276 	.db #0x44	; 68	'D'
      00030A 28                    1277 	.db #0x28	; 40
      00030B 10                    1278 	.db #0x10	; 16
      00030C 28                    1279 	.db #0x28	; 40
      00030D 44                    1280 	.db #0x44	; 68	'D'
      00030E 44                    1281 	.db #0x44	; 68	'D'
      00030F 00                    1282 	.db #0x00	; 0
      000310 44                    1283 	.db #0x44	; 68	'D'
      000311 44                    1284 	.db #0x44	; 68	'D'
      000312 28                    1285 	.db #0x28	; 40
      000313 10                    1286 	.db #0x10	; 16
      000314 10                    1287 	.db #0x10	; 16
      000315 10                    1288 	.db #0x10	; 16
      000316 10                    1289 	.db #0x10	; 16
      000317 00                    1290 	.db #0x00	; 0
      000318 7C                    1291 	.db #0x7c	; 124
      000319 04                    1292 	.db #0x04	; 4
      00031A 08                    1293 	.db #0x08	; 8
      00031B 10                    1294 	.db #0x10	; 16
      00031C 20                    1295 	.db #0x20	; 32
      00031D 40                    1296 	.db #0x40	; 64
      00031E 7C                    1297 	.db #0x7c	; 124
      00031F 00                    1298 	.db #0x00	; 0
      000320 38                    1299 	.db #0x38	; 56	'8'
      000321 20                    1300 	.db #0x20	; 32
      000322 20                    1301 	.db #0x20	; 32
      000323 20                    1302 	.db #0x20	; 32
      000324 20                    1303 	.db #0x20	; 32
      000325 20                    1304 	.db #0x20	; 32
      000326 38                    1305 	.db #0x38	; 56	'8'
      000327 00                    1306 	.db #0x00	; 0
      000328 40                    1307 	.db #0x40	; 64
      000329 20                    1308 	.db #0x20	; 32
      00032A 20                    1309 	.db #0x20	; 32
      00032B 10                    1310 	.db #0x10	; 16
      00032C 08                    1311 	.db #0x08	; 8
      00032D 08                    1312 	.db #0x08	; 8
      00032E 04                    1313 	.db #0x04	; 4
      00032F 00                    1314 	.db #0x00	; 0
      000330 38                    1315 	.db #0x38	; 56	'8'
      000331 08                    1316 	.db #0x08	; 8
      000332 08                    1317 	.db #0x08	; 8
      000333 08                    1318 	.db #0x08	; 8
      000334 08                    1319 	.db #0x08	; 8
      000335 08                    1320 	.db #0x08	; 8
      000336 38                    1321 	.db #0x38	; 56	'8'
      000337 00                    1322 	.db #0x00	; 0
      000338 10                    1323 	.db #0x10	; 16
      000339 28                    1324 	.db #0x28	; 40
      00033A 44                    1325 	.db #0x44	; 68	'D'
      00033B 00                    1326 	.db #0x00	; 0
      00033C 00                    1327 	.db #0x00	; 0
      00033D 00                    1328 	.db #0x00	; 0
      00033E 00                    1329 	.db #0x00	; 0
      00033F 00                    1330 	.db #0x00	; 0
      000340 00                    1331 	.db #0x00	; 0
      000341 00                    1332 	.db #0x00	; 0
      000342 00                    1333 	.db #0x00	; 0
      000343 00                    1334 	.db #0x00	; 0
      000344 00                    1335 	.db #0x00	; 0
      000345 00                    1336 	.db #0x00	; 0
      000346 7C                    1337 	.db #0x7c	; 124
      000347 00                    1338 	.db #0x00	; 0
      000348 20                    1339 	.db #0x20	; 32
      000349 20                    1340 	.db #0x20	; 32
      00034A 10                    1341 	.db #0x10	; 16
      00034B 00                    1342 	.db #0x00	; 0
      00034C 00                    1343 	.db #0x00	; 0
      00034D 00                    1344 	.db #0x00	; 0
      00034E 00                    1345 	.db #0x00	; 0
      00034F 00                    1346 	.db #0x00	; 0
      000350 00                    1347 	.db #0x00	; 0
      000351 00                    1348 	.db #0x00	; 0
      000352 38                    1349 	.db #0x38	; 56	'8'
      000353 04                    1350 	.db #0x04	; 4
      000354 3C                    1351 	.db #0x3c	; 60
      000355 44                    1352 	.db #0x44	; 68	'D'
      000356 3C                    1353 	.db #0x3c	; 60
      000357 00                    1354 	.db #0x00	; 0
      000358 40                    1355 	.db #0x40	; 64
      000359 40                    1356 	.db #0x40	; 64
      00035A 40                    1357 	.db #0x40	; 64
      00035B 78                    1358 	.db #0x78	; 120	'x'
      00035C 44                    1359 	.db #0x44	; 68	'D'
      00035D 44                    1360 	.db #0x44	; 68	'D'
      00035E 78                    1361 	.db #0x78	; 120	'x'
      00035F 00                    1362 	.db #0x00	; 0
      000360 00                    1363 	.db #0x00	; 0
      000361 00                    1364 	.db #0x00	; 0
      000362 38                    1365 	.db #0x38	; 56	'8'
      000363 44                    1366 	.db #0x44	; 68	'D'
      000364 40                    1367 	.db #0x40	; 64
      000365 44                    1368 	.db #0x44	; 68	'D'
      000366 38                    1369 	.db #0x38	; 56	'8'
      000367 00                    1370 	.db #0x00	; 0
      000368 04                    1371 	.db #0x04	; 4
      000369 04                    1372 	.db #0x04	; 4
      00036A 04                    1373 	.db #0x04	; 4
      00036B 3C                    1374 	.db #0x3c	; 60
      00036C 44                    1375 	.db #0x44	; 68	'D'
      00036D 44                    1376 	.db #0x44	; 68	'D'
      00036E 3C                    1377 	.db #0x3c	; 60
      00036F 00                    1378 	.db #0x00	; 0
      000370 00                    1379 	.db #0x00	; 0
      000371 00                    1380 	.db #0x00	; 0
      000372 38                    1381 	.db #0x38	; 56	'8'
      000373 44                    1382 	.db #0x44	; 68	'D'
      000374 7C                    1383 	.db #0x7c	; 124
      000375 40                    1384 	.db #0x40	; 64
      000376 3C                    1385 	.db #0x3c	; 60
      000377 00                    1386 	.db #0x00	; 0
      000378 18                    1387 	.db #0x18	; 24
      000379 24                    1388 	.db #0x24	; 36
      00037A 20                    1389 	.db #0x20	; 32
      00037B 70                    1390 	.db #0x70	; 112	'p'
      00037C 20                    1391 	.db #0x20	; 32
      00037D 20                    1392 	.db #0x20	; 32
      00037E 20                    1393 	.db #0x20	; 32
      00037F 00                    1394 	.db #0x00	; 0
      000380 00                    1395 	.db #0x00	; 0
      000381 00                    1396 	.db #0x00	; 0
      000382 3C                    1397 	.db #0x3c	; 60
      000383 44                    1398 	.db #0x44	; 68	'D'
      000384 44                    1399 	.db #0x44	; 68	'D'
      000385 3C                    1400 	.db #0x3c	; 60
      000386 04                    1401 	.db #0x04	; 4
      000387 78                    1402 	.db #0x78	; 120	'x'
      000388 40                    1403 	.db #0x40	; 64
      000389 40                    1404 	.db #0x40	; 64
      00038A 40                    1405 	.db #0x40	; 64
      00038B 78                    1406 	.db #0x78	; 120	'x'
      00038C 44                    1407 	.db #0x44	; 68	'D'
      00038D 44                    1408 	.db #0x44	; 68	'D'
      00038E 44                    1409 	.db #0x44	; 68	'D'
      00038F 00                    1410 	.db #0x00	; 0
      000390 10                    1411 	.db #0x10	; 16
      000391 00                    1412 	.db #0x00	; 0
      000392 10                    1413 	.db #0x10	; 16
      000393 10                    1414 	.db #0x10	; 16
      000394 10                    1415 	.db #0x10	; 16
      000395 10                    1416 	.db #0x10	; 16
      000396 18                    1417 	.db #0x18	; 24
      000397 00                    1418 	.db #0x00	; 0
      000398 08                    1419 	.db #0x08	; 8
      000399 00                    1420 	.db #0x00	; 0
      00039A 08                    1421 	.db #0x08	; 8
      00039B 08                    1422 	.db #0x08	; 8
      00039C 08                    1423 	.db #0x08	; 8
      00039D 08                    1424 	.db #0x08	; 8
      00039E 48                    1425 	.db #0x48	; 72	'H'
      00039F 30                    1426 	.db #0x30	; 48	'0'
      0003A0 20                    1427 	.db #0x20	; 32
      0003A1 20                    1428 	.db #0x20	; 32
      0003A2 24                    1429 	.db #0x24	; 36
      0003A3 28                    1430 	.db #0x28	; 40
      0003A4 30                    1431 	.db #0x30	; 48	'0'
      0003A5 28                    1432 	.db #0x28	; 40
      0003A6 24                    1433 	.db #0x24	; 36
      0003A7 00                    1434 	.db #0x00	; 0
      0003A8 10                    1435 	.db #0x10	; 16
      0003A9 10                    1436 	.db #0x10	; 16
      0003AA 10                    1437 	.db #0x10	; 16
      0003AB 10                    1438 	.db #0x10	; 16
      0003AC 10                    1439 	.db #0x10	; 16
      0003AD 10                    1440 	.db #0x10	; 16
      0003AE 18                    1441 	.db #0x18	; 24
      0003AF 00                    1442 	.db #0x00	; 0
      0003B0 00                    1443 	.db #0x00	; 0
      0003B1 00                    1444 	.db #0x00	; 0
      0003B2 68                    1445 	.db #0x68	; 104	'h'
      0003B3 54                    1446 	.db #0x54	; 84	'T'
      0003B4 54                    1447 	.db #0x54	; 84	'T'
      0003B5 54                    1448 	.db #0x54	; 84	'T'
      0003B6 54                    1449 	.db #0x54	; 84	'T'
      0003B7 00                    1450 	.db #0x00	; 0
      0003B8 00                    1451 	.db #0x00	; 0
      0003B9 00                    1452 	.db #0x00	; 0
      0003BA 58                    1453 	.db #0x58	; 88	'X'
      0003BB 64                    1454 	.db #0x64	; 100	'd'
      0003BC 44                    1455 	.db #0x44	; 68	'D'
      0003BD 44                    1456 	.db #0x44	; 68	'D'
      0003BE 44                    1457 	.db #0x44	; 68	'D'
      0003BF 00                    1458 	.db #0x00	; 0
      0003C0 00                    1459 	.db #0x00	; 0
      0003C1 00                    1460 	.db #0x00	; 0
      0003C2 38                    1461 	.db #0x38	; 56	'8'
      0003C3 44                    1462 	.db #0x44	; 68	'D'
      0003C4 44                    1463 	.db #0x44	; 68	'D'
      0003C5 44                    1464 	.db #0x44	; 68	'D'
      0003C6 38                    1465 	.db #0x38	; 56	'8'
      0003C7 00                    1466 	.db #0x00	; 0
      0003C8 00                    1467 	.db #0x00	; 0
      0003C9 00                    1468 	.db #0x00	; 0
      0003CA 78                    1469 	.db #0x78	; 120	'x'
      0003CB 44                    1470 	.db #0x44	; 68	'D'
      0003CC 44                    1471 	.db #0x44	; 68	'D'
      0003CD 78                    1472 	.db #0x78	; 120	'x'
      0003CE 40                    1473 	.db #0x40	; 64
      0003CF 40                    1474 	.db #0x40	; 64
      0003D0 00                    1475 	.db #0x00	; 0
      0003D1 00                    1476 	.db #0x00	; 0
      0003D2 3C                    1477 	.db #0x3c	; 60
      0003D3 44                    1478 	.db #0x44	; 68	'D'
      0003D4 44                    1479 	.db #0x44	; 68	'D'
      0003D5 3C                    1480 	.db #0x3c	; 60
      0003D6 04                    1481 	.db #0x04	; 4
      0003D7 04                    1482 	.db #0x04	; 4
      0003D8 00                    1483 	.db #0x00	; 0
      0003D9 00                    1484 	.db #0x00	; 0
      0003DA 58                    1485 	.db #0x58	; 88	'X'
      0003DB 64                    1486 	.db #0x64	; 100	'd'
      0003DC 40                    1487 	.db #0x40	; 64
      0003DD 40                    1488 	.db #0x40	; 64
      0003DE 40                    1489 	.db #0x40	; 64
      0003DF 00                    1490 	.db #0x00	; 0
      0003E0 00                    1491 	.db #0x00	; 0
      0003E1 00                    1492 	.db #0x00	; 0
      0003E2 3C                    1493 	.db #0x3c	; 60
      0003E3 40                    1494 	.db #0x40	; 64
      0003E4 38                    1495 	.db #0x38	; 56	'8'
      0003E5 04                    1496 	.db #0x04	; 4
      0003E6 78                    1497 	.db #0x78	; 120	'x'
      0003E7 00                    1498 	.db #0x00	; 0
      0003E8 20                    1499 	.db #0x20	; 32
      0003E9 20                    1500 	.db #0x20	; 32
      0003EA 78                    1501 	.db #0x78	; 120	'x'
      0003EB 20                    1502 	.db #0x20	; 32
      0003EC 20                    1503 	.db #0x20	; 32
      0003ED 24                    1504 	.db #0x24	; 36
      0003EE 18                    1505 	.db #0x18	; 24
      0003EF 00                    1506 	.db #0x00	; 0
      0003F0 00                    1507 	.db #0x00	; 0
      0003F1 00                    1508 	.db #0x00	; 0
      0003F2 44                    1509 	.db #0x44	; 68	'D'
      0003F3 44                    1510 	.db #0x44	; 68	'D'
      0003F4 44                    1511 	.db #0x44	; 68	'D'
      0003F5 4C                    1512 	.db #0x4c	; 76	'L'
      0003F6 34                    1513 	.db #0x34	; 52	'4'
      0003F7 00                    1514 	.db #0x00	; 0
      0003F8 00                    1515 	.db #0x00	; 0
      0003F9 00                    1516 	.db #0x00	; 0
      0003FA 44                    1517 	.db #0x44	; 68	'D'
      0003FB 44                    1518 	.db #0x44	; 68	'D'
      0003FC 44                    1519 	.db #0x44	; 68	'D'
      0003FD 28                    1520 	.db #0x28	; 40
      0003FE 10                    1521 	.db #0x10	; 16
      0003FF 00                    1522 	.db #0x00	; 0
      000400 00                    1523 	.db #0x00	; 0
      000401 00                    1524 	.db #0x00	; 0
      000402 44                    1525 	.db #0x44	; 68	'D'
      000403 44                    1526 	.db #0x44	; 68	'D'
      000404 44                    1527 	.db #0x44	; 68	'D'
      000405 54                    1528 	.db #0x54	; 84	'T'
      000406 28                    1529 	.db #0x28	; 40
      000407 00                    1530 	.db #0x00	; 0
      000408 00                    1531 	.db #0x00	; 0
      000409 00                    1532 	.db #0x00	; 0
      00040A 44                    1533 	.db #0x44	; 68	'D'
      00040B 28                    1534 	.db #0x28	; 40
      00040C 10                    1535 	.db #0x10	; 16
      00040D 28                    1536 	.db #0x28	; 40
      00040E 44                    1537 	.db #0x44	; 68	'D'
      00040F 00                    1538 	.db #0x00	; 0
      000410 00                    1539 	.db #0x00	; 0
      000411 00                    1540 	.db #0x00	; 0
      000412 44                    1541 	.db #0x44	; 68	'D'
      000413 44                    1542 	.db #0x44	; 68	'D'
      000414 44                    1543 	.db #0x44	; 68	'D'
      000415 3C                    1544 	.db #0x3c	; 60
      000416 04                    1545 	.db #0x04	; 4
      000417 78                    1546 	.db #0x78	; 120	'x'
      000418 00                    1547 	.db #0x00	; 0
      000419 00                    1548 	.db #0x00	; 0
      00041A 7C                    1549 	.db #0x7c	; 124
      00041B 08                    1550 	.db #0x08	; 8
      00041C 10                    1551 	.db #0x10	; 16
      00041D 20                    1552 	.db #0x20	; 32
      00041E 7C                    1553 	.db #0x7c	; 124
      00041F 00                    1554 	.db #0x00	; 0
      000420 18                    1555 	.db #0x18	; 24
      000421 10                    1556 	.db #0x10	; 16
      000422 10                    1557 	.db #0x10	; 16
      000423 20                    1558 	.db #0x20	; 32
      000424 10                    1559 	.db #0x10	; 16
      000425 10                    1560 	.db #0x10	; 16
      000426 18                    1561 	.db #0x18	; 24
      000427 00                    1562 	.db #0x00	; 0
      000428 10                    1563 	.db #0x10	; 16
      000429 10                    1564 	.db #0x10	; 16
      00042A 10                    1565 	.db #0x10	; 16
      00042B 10                    1566 	.db #0x10	; 16
      00042C 10                    1567 	.db #0x10	; 16
      00042D 10                    1568 	.db #0x10	; 16
      00042E 10                    1569 	.db #0x10	; 16
      00042F 00                    1570 	.db #0x00	; 0
      000430 30                    1571 	.db #0x30	; 48	'0'
      000431 10                    1572 	.db #0x10	; 16
      000432 10                    1573 	.db #0x10	; 16
      000433 08                    1574 	.db #0x08	; 8
      000434 10                    1575 	.db #0x10	; 16
      000435 10                    1576 	.db #0x10	; 16
      000436 30                    1577 	.db #0x30	; 48	'0'
      000437 00                    1578 	.db #0x00	; 0
      000438 00                    1579 	.db #0x00	; 0
      000439 00                    1580 	.db #0x00	; 0
      00043A 14                    1581 	.db #0x14	; 20
      00043B 28                    1582 	.db #0x28	; 40
      00043C 00                    1583 	.db #0x00	; 0
      00043D 00                    1584 	.db #0x00	; 0
      00043E 00                    1585 	.db #0x00	; 0
      00043F 00                    1586 	.db #0x00	; 0
      000440 81                    1587 	.db #0x81	; 129
      000441 42                    1588 	.db #0x42	; 66	'B'
      000442 24                    1589 	.db #0x24	; 36
      000443 18                    1590 	.db #0x18	; 24
      000444 18                    1591 	.db #0x18	; 24
      000445 24                    1592 	.db #0x24	; 36
      000446 42                    1593 	.db #0x42	; 66	'B'
      000447 81                    1594 	.db #0x81	; 129
      000448 00                    1595 	.db #0x00	; 0
      000449 20                    1596 	.db #0x20	; 32
      00044A 30                    1597 	.db #0x30	; 48	'0'
      00044B 38                    1598 	.db #0x38	; 56	'8'
      00044C 30                    1599 	.db #0x30	; 48	'0'
      00044D 20                    1600 	.db #0x20	; 32
      00044E 00                    1601 	.db #0x00	; 0
      00044F 00                    1602 	.db #0x00	; 0
      000450 00                    1603 	.db #0x00	; 0
      000451 08                    1604 	.db #0x08	; 8
      000452 18                    1605 	.db #0x18	; 24
      000453 38                    1606 	.db #0x38	; 56	'8'
      000454 18                    1607 	.db #0x18	; 24
      000455 08                    1608 	.db #0x08	; 8
      000456 00                    1609 	.db #0x00	; 0
      000457 00                    1610 	.db #0x00	; 0
      000458 10                    1611 	.db #0x10	; 16
      000459 38                    1612 	.db #0x38	; 56	'8'
      00045A 7C                    1613 	.db #0x7c	; 124
      00045B 00                    1614 	.db #0x00	; 0
      00045C 7C                    1615 	.db #0x7c	; 124
      00045D 38                    1616 	.db #0x38	; 56	'8'
      00045E 10                    1617 	.db #0x10	; 16
      00045F 00                    1618 	.db #0x00	; 0
      000460 00                    1619 	.db #0x00	; 0
      000461 00                    1620 	.db #0x00	; 0
      000462 00                    1621 	.db #0x00	; 0
      000463 00                    1622 	.db #0x00	; 0
      000464 00                    1623 	.db #0x00	; 0
      000465 44                    1624 	.db #0x44	; 68	'D'
      000466 7C                    1625 	.db #0x7c	; 124
      000467 00                    1626 	.db #0x00	; 0
      000468 04                    1627 	.db #0x04	; 4
      000469 24                    1628 	.db #0x24	; 36
      00046A 64                    1629 	.db #0x64	; 100	'd'
      00046B FC                    1630 	.db #0xfc	; 252
      00046C 60                    1631 	.db #0x60	; 96
      00046D 20                    1632 	.db #0x20	; 32
      00046E 00                    1633 	.db #0x00	; 0
      00046F 00                    1634 	.db #0x00	; 0
      000470 00                    1635 	.db #0x00	; 0
      000471 24                    1636 	.db #0x24	; 36
      000472 64                    1637 	.db #0x64	; 100	'd'
      000473 FC                    1638 	.db #0xfc	; 252
      000474 64                    1639 	.db #0x64	; 100	'd'
      000475 24                    1640 	.db #0x24	; 36
      000476 00                    1641 	.db #0x00	; 0
      000477 00                    1642 	.db #0x00	; 0
      000478 10                    1643 	.db #0x10	; 16
      000479 38                    1644 	.db #0x38	; 56	'8'
      00047A 7C                    1645 	.db #0x7c	; 124
      00047B 10                    1646 	.db #0x10	; 16
      00047C 10                    1647 	.db #0x10	; 16
      00047D 7C                    1648 	.db #0x7c	; 124
      00047E 10                    1649 	.db #0x10	; 16
      00047F 7C                    1650 	.db #0x7c	; 124
      000480 7C                    1651 	.db #0x7c	; 124
      000481 10                    1652 	.db #0x10	; 16
      000482 7C                    1653 	.db #0x7c	; 124
      000483 10                    1654 	.db #0x10	; 16
      000484 10                    1655 	.db #0x10	; 16
      000485 7C                    1656 	.db #0x7c	; 124
      000486 38                    1657 	.db #0x38	; 56	'8'
      000487 10                    1658 	.db #0x10	; 16
      000488 00                    1659 	.db #0x00	; 0
      000489 30                    1660 	.db #0x30	; 48	'0'
      00048A 78                    1661 	.db #0x78	; 120	'x'
      00048B FC                    1662 	.db #0xfc	; 252
      00048C 30                    1663 	.db #0x30	; 48	'0'
      00048D 30                    1664 	.db #0x30	; 48	'0'
      00048E 30                    1665 	.db #0x30	; 48	'0'
      00048F 00                    1666 	.db #0x00	; 0
      000490 00                    1667 	.db #0x00	; 0
      000491 30                    1668 	.db #0x30	; 48	'0'
      000492 30                    1669 	.db #0x30	; 48	'0'
      000493 30                    1670 	.db #0x30	; 48	'0'
      000494 FC                    1671 	.db #0xfc	; 252
      000495 78                    1672 	.db #0x78	; 120	'x'
      000496 30                    1673 	.db #0x30	; 48	'0'
      000497 00                    1674 	.db #0x00	; 0
      000498 00                    1675 	.db #0x00	; 0
      000499 10                    1676 	.db #0x10	; 16
      00049A 18                    1677 	.db #0x18	; 24
      00049B FC                    1678 	.db #0xfc	; 252
      00049C FC                    1679 	.db #0xfc	; 252
      00049D 18                    1680 	.db #0x18	; 24
      00049E 10                    1681 	.db #0x10	; 16
      00049F 00                    1682 	.db #0x00	; 0
      0004A0 00                    1683 	.db #0x00	; 0
      0004A1 20                    1684 	.db #0x20	; 32
      0004A2 60                    1685 	.db #0x60	; 96
      0004A3 FC                    1686 	.db #0xfc	; 252
      0004A4 FC                    1687 	.db #0xfc	; 252
      0004A5 60                    1688 	.db #0x60	; 96
      0004A6 20                    1689 	.db #0x20	; 32
      0004A7 00                    1690 	.db #0x00	; 0
      0004A8 81                    1691 	.db #0x81	; 129
      0004A9 42                    1692 	.db #0x42	; 66	'B'
      0004AA 24                    1693 	.db #0x24	; 36
      0004AB 18                    1694 	.db #0x18	; 24
      0004AC 18                    1695 	.db #0x18	; 24
      0004AD 24                    1696 	.db #0x24	; 36
      0004AE 42                    1697 	.db #0x42	; 66	'B'
      0004AF 81                    1698 	.db #0x81	; 129
      0004B0 00                    1699 	.db #0x00	; 0
      0004B1 00                    1700 	.db #0x00	; 0
      0004B2 28                    1701 	.db #0x28	; 40
      0004B3 6C                    1702 	.db #0x6c	; 108	'l'
      0004B4 6C                    1703 	.db #0x6c	; 108	'l'
      0004B5 28                    1704 	.db #0x28	; 40
      0004B6 00                    1705 	.db #0x00	; 0
      0004B7 00                    1706 	.db #0x00	; 0
      0004B8 00                    1707 	.db #0x00	; 0
      0004B9 00                    1708 	.db #0x00	; 0
      0004BA 10                    1709 	.db #0x10	; 16
      0004BB 38                    1710 	.db #0x38	; 56	'8'
      0004BC 7C                    1711 	.db #0x7c	; 124
      0004BD 00                    1712 	.db #0x00	; 0
      0004BE 00                    1713 	.db #0x00	; 0
      0004BF 00                    1714 	.db #0x00	; 0
      0004C0 00                    1715 	.db #0x00	; 0
      0004C1 00                    1716 	.db #0x00	; 0
      0004C2 7C                    1717 	.db #0x7c	; 124
      0004C3 38                    1718 	.db #0x38	; 56	'8'
      0004C4 10                    1719 	.db #0x10	; 16
      0004C5 00                    1720 	.db #0x00	; 0
      0004C6 00                    1721 	.db #0x00	; 0
      0004C7 00                    1722 	.db #0x00	; 0
      0004C8 81                    1723 	.db #0x81	; 129
      0004C9 42                    1724 	.db #0x42	; 66	'B'
      0004CA 24                    1725 	.db #0x24	; 36
      0004CB 18                    1726 	.db #0x18	; 24
      0004CC 18                    1727 	.db #0x18	; 24
      0004CD 24                    1728 	.db #0x24	; 36
      0004CE 42                    1729 	.db #0x42	; 66	'B'
      0004CF 81                    1730 	.db #0x81	; 129
      0004D0 28                    1731 	.db #0x28	; 40
      0004D1 28                    1732 	.db #0x28	; 40
      0004D2 EF                    1733 	.db #0xef	; 239
      0004D3 00                    1734 	.db #0x00	; 0
      0004D4 FF                    1735 	.db #0xff	; 255
      0004D5 00                    1736 	.db #0x00	; 0
      0004D6 00                    1737 	.db #0x00	; 0
      0004D7 00                    1738 	.db #0x00	; 0
      0004D8 00                    1739 	.db #0x00	; 0
      0004D9 00                    1740 	.db #0x00	; 0
      0004DA FF                    1741 	.db #0xff	; 255
      0004DB 00                    1742 	.db #0x00	; 0
      0004DC EF                    1743 	.db #0xef	; 239
      0004DD 28                    1744 	.db #0x28	; 40
      0004DE 28                    1745 	.db #0x28	; 40
      0004DF 28                    1746 	.db #0x28	; 40
      0004E0 28                    1747 	.db #0x28	; 40
      0004E1 28                    1748 	.db #0x28	; 40
      0004E2 E8                    1749 	.db #0xe8	; 232
      0004E3 08                    1750 	.db #0x08	; 8
      0004E4 E8                    1751 	.db #0xe8	; 232
      0004E5 28                    1752 	.db #0x28	; 40
      0004E6 28                    1753 	.db #0x28	; 40
      0004E7 28                    1754 	.db #0x28	; 40
      0004E8 50                    1755 	.db #0x50	; 80	'P'
      0004E9 50                    1756 	.db #0x50	; 80	'P'
      0004EA 5F                    1757 	.db #0x5f	; 95
      0004EB 40                    1758 	.db #0x40	; 64
      0004EC 5F                    1759 	.db #0x5f	; 95
      0004ED 50                    1760 	.db #0x50	; 80	'P'
      0004EE 50                    1761 	.db #0x50	; 80	'P'
      0004EF 50                    1762 	.db #0x50	; 80	'P'
      0004F0 28                    1763 	.db #0x28	; 40
      0004F1 28                    1764 	.db #0x28	; 40
      0004F2 EF                    1765 	.db #0xef	; 239
      0004F3 00                    1766 	.db #0x00	; 0
      0004F4 EF                    1767 	.db #0xef	; 239
      0004F5 28                    1768 	.db #0x28	; 40
      0004F6 28                    1769 	.db #0x28	; 40
      0004F7 28                    1770 	.db #0x28	; 40
      0004F8 28                    1771 	.db #0x28	; 40
      0004F9 28                    1772 	.db #0x28	; 40
      0004FA 28                    1773 	.db #0x28	; 40
      0004FB 28                    1774 	.db #0x28	; 40
      0004FC 28                    1775 	.db #0x28	; 40
      0004FD 28                    1776 	.db #0x28	; 40
      0004FE 28                    1777 	.db #0x28	; 40
      0004FF 28                    1778 	.db #0x28	; 40
      000500 00                    1779 	.db #0x00	; 0
      000501 00                    1780 	.db #0x00	; 0
      000502 FF                    1781 	.db #0xff	; 255
      000503 00                    1782 	.db #0x00	; 0
      000504 FF                    1783 	.db #0xff	; 255
      000505 00                    1784 	.db #0x00	; 0
      000506 00                    1785 	.db #0x00	; 0
      000507 00                    1786 	.db #0x00	; 0
      000508 00                    1787 	.db #0x00	; 0
      000509 00                    1788 	.db #0x00	; 0
      00050A 3F                    1789 	.db #0x3f	; 63
      00050B 20                    1790 	.db #0x20	; 32
      00050C 2F                    1791 	.db #0x2f	; 47
      00050D 28                    1792 	.db #0x28	; 40
      00050E 28                    1793 	.db #0x28	; 40
      00050F 28                    1794 	.db #0x28	; 40
      000510 00                    1795 	.db #0x00	; 0
      000511 00                    1796 	.db #0x00	; 0
      000512 F8                    1797 	.db #0xf8	; 248
      000513 08                    1798 	.db #0x08	; 8
      000514 E8                    1799 	.db #0xe8	; 232
      000515 28                    1800 	.db #0x28	; 40
      000516 28                    1801 	.db #0x28	; 40
      000517 28                    1802 	.db #0x28	; 40
      000518 28                    1803 	.db #0x28	; 40
      000519 28                    1804 	.db #0x28	; 40
      00051A 2F                    1805 	.db #0x2f	; 47
      00051B 20                    1806 	.db #0x20	; 32
      00051C 3F                    1807 	.db #0x3f	; 63
      00051D 00                    1808 	.db #0x00	; 0
      00051E 00                    1809 	.db #0x00	; 0
      00051F 00                    1810 	.db #0x00	; 0
      000520 28                    1811 	.db #0x28	; 40
      000521 28                    1812 	.db #0x28	; 40
      000522 E8                    1813 	.db #0xe8	; 232
      000523 08                    1814 	.db #0x08	; 8
      000524 F8                    1815 	.db #0xf8	; 248
      000525 00                    1816 	.db #0x00	; 0
      000526 00                    1817 	.db #0x00	; 0
      000527 00                    1818 	.db #0x00	; 0
      000528 22                    1819 	.db #0x22	; 34
      000529 88                    1820 	.db #0x88	; 136
      00052A 22                    1821 	.db #0x22	; 34
      00052B 88                    1822 	.db #0x88	; 136
      00052C 22                    1823 	.db #0x22	; 34
      00052D 88                    1824 	.db #0x88	; 136
      00052E 22                    1825 	.db #0x22	; 34
      00052F 88                    1826 	.db #0x88	; 136
      000530 AA                    1827 	.db #0xaa	; 170
      000531 55                    1828 	.db #0x55	; 85	'U'
      000532 AA                    1829 	.db #0xaa	; 170
      000533 55                    1830 	.db #0x55	; 85	'U'
      000534 AA                    1831 	.db #0xaa	; 170
      000535 55                    1832 	.db #0x55	; 85	'U'
      000536 AA                    1833 	.db #0xaa	; 170
      000537 55                    1834 	.db #0x55	; 85	'U'
      000538 EE                    1835 	.db #0xee	; 238
      000539 BB                    1836 	.db #0xbb	; 187
      00053A EE                    1837 	.db #0xee	; 238
      00053B BB                    1838 	.db #0xbb	; 187
      00053C EE                    1839 	.db #0xee	; 238
      00053D BB                    1840 	.db #0xbb	; 187
      00053E EE                    1841 	.db #0xee	; 238
      00053F BB                    1842 	.db #0xbb	; 187
      000540 FF                    1843 	.db #0xff	; 255
      000541 FF                    1844 	.db #0xff	; 255
      000542 FF                    1845 	.db #0xff	; 255
      000543 FF                    1846 	.db #0xff	; 255
      000544 FF                    1847 	.db #0xff	; 255
      000545 FF                    1848 	.db #0xff	; 255
      000546 FF                    1849 	.db #0xff	; 255
      000547 FF                    1850 	.db #0xff	; 255
      000548 00                    1851 	.db #0x00	; 0
      000549 FF                    1852 	.db #0xff	; 255
      00054A FF                    1853 	.db #0xff	; 255
      00054B FF                    1854 	.db #0xff	; 255
      00054C FF                    1855 	.db #0xff	; 255
      00054D FF                    1856 	.db #0xff	; 255
      00054E 00                    1857 	.db #0x00	; 0
      00054F 00                    1858 	.db #0x00	; 0
      000550 00                    1859 	.db #0x00	; 0
      000551 80                    1860 	.db #0x80	; 128
      000552 80                    1861 	.db #0x80	; 128
      000553 80                    1862 	.db #0x80	; 128
      000554 80                    1863 	.db #0x80	; 128
      000555 80                    1864 	.db #0x80	; 128
      000556 00                    1865 	.db #0x00	; 0
      000557 00                    1866 	.db #0x00	; 0
      000558 00                    1867 	.db #0x00	; 0
      000559 C0                    1868 	.db #0xc0	; 192
      00055A C0                    1869 	.db #0xc0	; 192
      00055B C0                    1870 	.db #0xc0	; 192
      00055C C0                    1871 	.db #0xc0	; 192
      00055D C0                    1872 	.db #0xc0	; 192
      00055E 00                    1873 	.db #0x00	; 0
      00055F 00                    1874 	.db #0x00	; 0
      000560 00                    1875 	.db #0x00	; 0
      000561 E0                    1876 	.db #0xe0	; 224
      000562 E0                    1877 	.db #0xe0	; 224
      000563 E0                    1878 	.db #0xe0	; 224
      000564 E0                    1879 	.db #0xe0	; 224
      000565 E0                    1880 	.db #0xe0	; 224
      000566 00                    1881 	.db #0x00	; 0
      000567 00                    1882 	.db #0x00	; 0
      000568 00                    1883 	.db #0x00	; 0
      000569 F0                    1884 	.db #0xf0	; 240
      00056A F0                    1885 	.db #0xf0	; 240
      00056B F0                    1886 	.db #0xf0	; 240
      00056C F0                    1887 	.db #0xf0	; 240
      00056D F0                    1888 	.db #0xf0	; 240
      00056E 00                    1889 	.db #0x00	; 0
      00056F 00                    1890 	.db #0x00	; 0
      000570 00                    1891 	.db #0x00	; 0
      000571 F8                    1892 	.db #0xf8	; 248
      000572 F8                    1893 	.db #0xf8	; 248
      000573 F8                    1894 	.db #0xf8	; 248
      000574 F8                    1895 	.db #0xf8	; 248
      000575 F8                    1896 	.db #0xf8	; 248
      000576 00                    1897 	.db #0x00	; 0
      000577 00                    1898 	.db #0x00	; 0
      000578 00                    1899 	.db #0x00	; 0
      000579 FC                    1900 	.db #0xfc	; 252
      00057A FC                    1901 	.db #0xfc	; 252
      00057B FC                    1902 	.db #0xfc	; 252
      00057C FC                    1903 	.db #0xfc	; 252
      00057D FC                    1904 	.db #0xfc	; 252
      00057E 00                    1905 	.db #0x00	; 0
      00057F 00                    1906 	.db #0x00	; 0
      000580 00                    1907 	.db #0x00	; 0
      000581 FE                    1908 	.db #0xfe	; 254
      000582 FE                    1909 	.db #0xfe	; 254
      000583 FE                    1910 	.db #0xfe	; 254
      000584 FE                    1911 	.db #0xfe	; 254
      000585 FE                    1912 	.db #0xfe	; 254
      000586 00                    1913 	.db #0x00	; 0
      000587 00                    1914 	.db #0x00	; 0
      000588 81                    1915 	.db #0x81	; 129
      000589 42                    1916 	.db #0x42	; 66	'B'
      00058A 24                    1917 	.db #0x24	; 36
      00058B 18                    1918 	.db #0x18	; 24
      00058C 18                    1919 	.db #0x18	; 24
      00058D 24                    1920 	.db #0x24	; 36
      00058E 42                    1921 	.db #0x42	; 66	'B'
      00058F 81                    1922 	.db #0x81	; 129
      000590 81                    1923 	.db #0x81	; 129
      000591 42                    1924 	.db #0x42	; 66	'B'
      000592 24                    1925 	.db #0x24	; 36
      000593 18                    1926 	.db #0x18	; 24
      000594 18                    1927 	.db #0x18	; 24
      000595 24                    1928 	.db #0x24	; 36
      000596 42                    1929 	.db #0x42	; 66	'B'
      000597 81                    1930 	.db #0x81	; 129
      000598 04                    1931 	.db #0x04	; 4
      000599 0C                    1932 	.db #0x0c	; 12
      00059A 0C                    1933 	.db #0x0c	; 12
      00059B 14                    1934 	.db #0x14	; 20
      00059C 24                    1935 	.db #0x24	; 36
      00059D 24                    1936 	.db #0x24	; 36
      00059E 44                    1937 	.db #0x44	; 68	'D'
      00059F 87                    1938 	.db #0x87	; 135
      0005A0 87                    1939 	.db #0x87	; 135
      0005A1 44                    1940 	.db #0x44	; 68	'D'
      0005A2 24                    1941 	.db #0x24	; 36
      0005A3 24                    1942 	.db #0x24	; 36
      0005A4 14                    1943 	.db #0x14	; 20
      0005A5 0C                    1944 	.db #0x0c	; 12
      0005A6 0C                    1945 	.db #0x0c	; 12
      0005A7 04                    1946 	.db #0x04	; 4
      0005A8 00                    1947 	.db #0x00	; 0
      0005A9 00                    1948 	.db #0x00	; 0
      0005AA 00                    1949 	.db #0x00	; 0
      0005AB 00                    1950 	.db #0x00	; 0
      0005AC 00                    1951 	.db #0x00	; 0
      0005AD 00                    1952 	.db #0x00	; 0
      0005AE 00                    1953 	.db #0x00	; 0
      0005AF FF                    1954 	.db #0xff	; 255
      0005B0 FF                    1955 	.db #0xff	; 255
      0005B1 00                    1956 	.db #0x00	; 0
      0005B2 00                    1957 	.db #0x00	; 0
      0005B3 00                    1958 	.db #0x00	; 0
      0005B4 00                    1959 	.db #0x00	; 0
      0005B5 00                    1960 	.db #0x00	; 0
      0005B6 00                    1961 	.db #0x00	; 0
      0005B7 00                    1962 	.db #0x00	; 0
      0005B8 80                    1963 	.db #0x80	; 128
      0005B9 80                    1964 	.db #0x80	; 128
      0005BA 80                    1965 	.db #0x80	; 128
      0005BB 80                    1966 	.db #0x80	; 128
      0005BC 80                    1967 	.db #0x80	; 128
      0005BD 80                    1968 	.db #0x80	; 128
      0005BE 80                    1969 	.db #0x80	; 128
      0005BF 80                    1970 	.db #0x80	; 128
      0005C0 07                    1971 	.db #0x07	; 7
      0005C1 07                    1972 	.db #0x07	; 7
      0005C2 07                    1973 	.db #0x07	; 7
      0005C3 07                    1974 	.db #0x07	; 7
      0005C4 07                    1975 	.db #0x07	; 7
      0005C5 07                    1976 	.db #0x07	; 7
      0005C6 07                    1977 	.db #0x07	; 7
      0005C7 07                    1978 	.db #0x07	; 7
      0005C8 00                    1979 	.db #0x00	; 0
      0005C9 70                    1980 	.db #0x70	; 112	'p'
      0005CA D8                    1981 	.db #0xd8	; 216
      0005CB 88                    1982 	.db #0x88	; 136
      0005CC D8                    1983 	.db #0xd8	; 216
      0005CD 50                    1984 	.db #0x50	; 80	'P'
      0005CE 00                    1985 	.db #0x00	; 0
      0005CF 00                    1986 	.db #0x00	; 0
      0005D0 00                    1987 	.db #0x00	; 0
      0005D1 70                    1988 	.db #0x70	; 112	'p'
      0005D2 D8                    1989 	.db #0xd8	; 216
      0005D3 88                    1990 	.db #0x88	; 136
      0005D4 98                    1991 	.db #0x98	; 152
      0005D5 70                    1992 	.db #0x70	; 112	'p'
      0005D6 00                    1993 	.db #0x00	; 0
      0005D7 00                    1994 	.db #0x00	; 0
      0005D8 00                    1995 	.db #0x00	; 0
      0005D9 70                    1996 	.db #0x70	; 112	'p'
      0005DA D8                    1997 	.db #0xd8	; 216
      0005DB 08                    1998 	.db #0x08	; 8
      0005DC D8                    1999 	.db #0xd8	; 216
      0005DD 70                    2000 	.db #0x70	; 112	'p'
      0005DE 00                    2001 	.db #0x00	; 0
      0005DF 00                    2002 	.db #0x00	; 0
      0005E0 00                    2003 	.db #0x00	; 0
      0005E1 70                    2004 	.db #0x70	; 112	'p'
      0005E2 98                    2005 	.db #0x98	; 152
      0005E3 88                    2006 	.db #0x88	; 136
      0005E4 D8                    2007 	.db #0xd8	; 216
      0005E5 70                    2008 	.db #0x70	; 112	'p'
      0005E6 00                    2009 	.db #0x00	; 0
      0005E7 00                    2010 	.db #0x00	; 0
      0005E8 00                    2011 	.db #0x00	; 0
      0005E9 50                    2012 	.db #0x50	; 80	'P'
      0005EA D8                    2013 	.db #0xd8	; 216
      0005EB 88                    2014 	.db #0x88	; 136
      0005EC D8                    2015 	.db #0xd8	; 216
      0005ED 70                    2016 	.db #0x70	; 112	'p'
      0005EE 00                    2017 	.db #0x00	; 0
      0005EF 00                    2018 	.db #0x00	; 0
      0005F0 00                    2019 	.db #0x00	; 0
      0005F1 70                    2020 	.db #0x70	; 112	'p'
      0005F2 C8                    2021 	.db #0xc8	; 200
      0005F3 88                    2022 	.db #0x88	; 136
      0005F4 D8                    2023 	.db #0xd8	; 216
      0005F5 70                    2024 	.db #0x70	; 112	'p'
      0005F6 00                    2025 	.db #0x00	; 0
      0005F7 00                    2026 	.db #0x00	; 0
      0005F8 00                    2027 	.db #0x00	; 0
      0005F9 70                    2028 	.db #0x70	; 112	'p'
      0005FA D8                    2029 	.db #0xd8	; 216
      0005FB 80                    2030 	.db #0x80	; 128
      0005FC D8                    2031 	.db #0xd8	; 216
      0005FD 70                    2032 	.db #0x70	; 112	'p'
      0005FE 00                    2033 	.db #0x00	; 0
      0005FF 00                    2034 	.db #0x00	; 0
      000600 00                    2035 	.db #0x00	; 0
      000601 70                    2036 	.db #0x70	; 112	'p'
      000602 D8                    2037 	.db #0xd8	; 216
      000603 88                    2038 	.db #0x88	; 136
      000604 C8                    2039 	.db #0xc8	; 200
      000605 70                    2040 	.db #0x70	; 112	'p'
      000606 00                    2041 	.db #0x00	; 0
      000607 00                    2042 	.db #0x00	; 0
      000608 00                    2043 	.db #0x00	; 0
      000609 D8                    2044 	.db #0xd8	; 216
      00060A D8                    2045 	.db #0xd8	; 216
      00060B D8                    2046 	.db #0xd8	; 216
      00060C D8                    2047 	.db #0xd8	; 216
      00060D D8                    2048 	.db #0xd8	; 216
      00060E 00                    2049 	.db #0x00	; 0
      00060F 00                    2050 	.db #0x00	; 0
      000610 00                    2051 	.db #0x00	; 0
      000611 F8                    2052 	.db #0xf8	; 248
      000612 F8                    2053 	.db #0xf8	; 248
      000613 F8                    2054 	.db #0xf8	; 248
      000614 F8                    2055 	.db #0xf8	; 248
      000615 F8                    2056 	.db #0xf8	; 248
      000616 00                    2057 	.db #0x00	; 0
      000617 00                    2058 	.db #0x00	; 0
      000618 00                    2059 	.db #0x00	; 0
      000619 88                    2060 	.db #0x88	; 136
      00061A C8                    2061 	.db #0xc8	; 200
      00061B E8                    2062 	.db #0xe8	; 232
      00061C C8                    2063 	.db #0xc8	; 200
      00061D 88                    2064 	.db #0x88	; 136
      00061E 00                    2065 	.db #0x00	; 0
      00061F 00                    2066 	.db #0x00	; 0
      000620 00                    2067 	.db #0x00	; 0
      000621 88                    2068 	.db #0x88	; 136
      000622 98                    2069 	.db #0x98	; 152
      000623 B8                    2070 	.db #0xb8	; 184
      000624 98                    2071 	.db #0x98	; 152
      000625 88                    2072 	.db #0x88	; 136
      000626 00                    2073 	.db #0x00	; 0
      000627 00                    2074 	.db #0x00	; 0
      000628 00                    2075 	.db #0x00	; 0
      000629 90                    2076 	.db #0x90	; 144
      00062A D8                    2077 	.db #0xd8	; 216
      00062B FC                    2078 	.db #0xfc	; 252
      00062C D8                    2079 	.db #0xd8	; 216
      00062D 90                    2080 	.db #0x90	; 144
      00062E 00                    2081 	.db #0x00	; 0
      00062F 00                    2082 	.db #0x00	; 0
      000630 00                    2083 	.db #0x00	; 0
      000631 24                    2084 	.db #0x24	; 36
      000632 6C                    2085 	.db #0x6c	; 108	'l'
      000633 FC                    2086 	.db #0xfc	; 252
      000634 6C                    2087 	.db #0x6c	; 108	'l'
      000635 24                    2088 	.db #0x24	; 36
      000636 00                    2089 	.db #0x00	; 0
      000637 00                    2090 	.db #0x00	; 0
      000638 08                    2091 	.db #0x08	; 8
      000639 7C                    2092 	.db #0x7c	; 124
      00063A 88                    2093 	.db #0x88	; 136
      00063B 00                    2094 	.db #0x00	; 0
      00063C 44                    2095 	.db #0x44	; 68	'D'
      00063D F8                    2096 	.db #0xf8	; 248
      00063E 40                    2097 	.db #0x40	; 64
      00063F 00                    2098 	.db #0x00	; 0
      000640 00                    2099 	.db #0x00	; 0
      000641 4C                    2100 	.db #0x4c	; 76	'L'
      000642 A0                    2101 	.db #0xa0	; 160
      000643 20                    2102 	.db #0x20	; 32
      000644 28                    2103 	.db #0x28	; 40
      000645 9C                    2104 	.db #0x9c	; 156
      000646 08                    2105 	.db #0x08	; 8
      000647 00                    2106 	.db #0x00	; 0
      000648                       2107 _sprites:
      000648 00                    2108 	.db #0x00	; 0
      000649 00                    2109 	.db #0x00	; 0
      00064A 00                    2110 	.db #0x00	; 0
      00064B 01                    2111 	.db #0x01	; 1
      00064C 03                    2112 	.db #0x03	; 3
      00064D 01                    2113 	.db #0x01	; 1
      00064E 00                    2114 	.db #0x00	; 0
      00064F 00                    2115 	.db #0x00	; 0
      000650 00                    2116 	.db #0x00	; 0
      000651 00                    2117 	.db #0x00	; 0
      000652 00                    2118 	.db #0x00	; 0
      000653 00                    2119 	.db #0x00	; 0
      000654 00                    2120 	.db #0x00	; 0
      000655 00                    2121 	.db #0x00	; 0
      000656 00                    2122 	.db #0x00	; 0
      000657 00                    2123 	.db #0x00	; 0
      000658 00                    2124 	.db #0x00	; 0
      000659 00                    2125 	.db #0x00	; 0
      00065A 00                    2126 	.db #0x00	; 0
      00065B 80                    2127 	.db #0x80	; 128
      00065C C0                    2128 	.db #0xc0	; 192
      00065D 80                    2129 	.db #0x80	; 128
      00065E 00                    2130 	.db #0x00	; 0
      00065F 00                    2131 	.db #0x00	; 0
      000660 00                    2132 	.db #0x00	; 0
      000661 00                    2133 	.db #0x00	; 0
      000662 00                    2134 	.db #0x00	; 0
      000663 00                    2135 	.db #0x00	; 0
      000664 00                    2136 	.db #0x00	; 0
      000665 00                    2137 	.db #0x00	; 0
      000666 00                    2138 	.db #0x00	; 0
      000667 00                    2139 	.db #0x00	; 0
      000668 01                    2140 	.db #0x01	; 1
      000669 02                    2141 	.db #0x02	; 2
      00066A 04                    2142 	.db #0x04	; 4
      00066B 08                    2143 	.db #0x08	; 8
      00066C 10                    2144 	.db #0x10	; 16
      00066D 20                    2145 	.db #0x20	; 32
      00066E 40                    2146 	.db #0x40	; 64
      00066F 80                    2147 	.db #0x80	; 128
      000670 82                    2148 	.db #0x82	; 130
      000671 84                    2149 	.db #0x84	; 132
      000672 88                    2150 	.db #0x88	; 136
      000673 90                    2151 	.db #0x90	; 144
      000674 A0                    2152 	.db #0xa0	; 160
      000675 C0                    2153 	.db #0xc0	; 192
      000676 80                    2154 	.db #0x80	; 128
      000677 00                    2155 	.db #0x00	; 0
      000678 80                    2156 	.db #0x80	; 128
      000679 40                    2157 	.db #0x40	; 64
      00067A 20                    2158 	.db #0x20	; 32
      00067B 10                    2159 	.db #0x10	; 16
      00067C 08                    2160 	.db #0x08	; 8
      00067D 04                    2161 	.db #0x04	; 4
      00067E 02                    2162 	.db #0x02	; 2
      00067F 01                    2163 	.db #0x01	; 1
      000680 41                    2164 	.db #0x41	; 65	'A'
      000681 21                    2165 	.db #0x21	; 33
      000682 11                    2166 	.db #0x11	; 17
      000683 09                    2167 	.db #0x09	; 9
      000684 05                    2168 	.db #0x05	; 5
      000685 03                    2169 	.db #0x03	; 3
      000686 01                    2170 	.db #0x01	; 1
      000687 00                    2171 	.db #0x00	; 0
      000688 01                    2172 	.db #0x01	; 1
      000689 03                    2173 	.db #0x03	; 3
      00068A 07                    2174 	.db #0x07	; 7
      00068B 0F                    2175 	.db #0x0f	; 15
      00068C 1F                    2176 	.db #0x1f	; 31
      00068D 3F                    2177 	.db #0x3f	; 63
      00068E 7F                    2178 	.db #0x7f	; 127
      00068F FF                    2179 	.db #0xff	; 255
      000690 FE                    2180 	.db #0xfe	; 254
      000691 FC                    2181 	.db #0xfc	; 252
      000692 F8                    2182 	.db #0xf8	; 248
      000693 F0                    2183 	.db #0xf0	; 240
      000694 E0                    2184 	.db #0xe0	; 224
      000695 C0                    2185 	.db #0xc0	; 192
      000696 80                    2186 	.db #0x80	; 128
      000697 00                    2187 	.db #0x00	; 0
      000698 80                    2188 	.db #0x80	; 128
      000699 C0                    2189 	.db #0xc0	; 192
      00069A E0                    2190 	.db #0xe0	; 224
      00069B F0                    2191 	.db #0xf0	; 240
      00069C F8                    2192 	.db #0xf8	; 248
      00069D FC                    2193 	.db #0xfc	; 252
      00069E FE                    2194 	.db #0xfe	; 254
      00069F FF                    2195 	.db #0xff	; 255
      0006A0 7F                    2196 	.db #0x7f	; 127
      0006A1 3F                    2197 	.db #0x3f	; 63
      0006A2 1F                    2198 	.db #0x1f	; 31
      0006A3 0F                    2199 	.db #0x0f	; 15
      0006A4 07                    2200 	.db #0x07	; 7
      0006A5 03                    2201 	.db #0x03	; 3
      0006A6 01                    2202 	.db #0x01	; 1
      0006A7 00                    2203 	.db #0x00	; 0
      0006A8                       2204 _g_MusicEntry:
      0006A8r90r20                 2205 	.dw __str_0
      0006AArADr06                 2206 	.dw _g_knightmare
      0006AC 02                    2207 	.db #0x02	; 2
      0006AD                       2208 _g_knightmare:
      0006AD 56                    2209 	.db #0x56	; 86	'V'
      0006AE 67                    2210 	.db #0x67	; 103	'g'
      0006AF 6D                    2211 	.db #0x6d	; 109	'm'
      0006B0 20                    2212 	.db #0x20	; 32
      0006B1 CB                    2213 	.db #0xcb	; 203
      0006B2 19                    2214 	.db #0x19	; 25
      0006B3 00                    2215 	.db #0x00	; 0
      0006B4 00                    2216 	.db #0x00	; 0
      0006B5 51                    2217 	.db #0x51	; 81	'Q'
      0006B6 01                    2218 	.db #0x01	; 1
      0006B7 00                    2219 	.db #0x00	; 0
      0006B8 00                    2220 	.db #0x00	; 0
      0006B9 00                    2221 	.db #0x00	; 0
      0006BA 00                    2222 	.db #0x00	; 0
      0006BB 00                    2223 	.db #0x00	; 0
      0006BC 00                    2224 	.db #0x00	; 0
      0006BD 00                    2225 	.db #0x00	; 0
      0006BE 00                    2226 	.db #0x00	; 0
      0006BF 00                    2227 	.db #0x00	; 0
      0006C0 00                    2228 	.db #0x00	; 0
      0006C1 83                    2229 	.db #0x83	; 131
      0006C2 18                    2230 	.db #0x18	; 24
      0006C3 00                    2231 	.db #0x00	; 0
      0006C4 00                    2232 	.db #0x00	; 0
      0006C5 50                    2233 	.db #0x50	; 80	'P'
      0006C6 3A                    2234 	.db #0x3a	; 58
      0006C7 11                    2235 	.db #0x11	; 17
      0006C8 00                    2236 	.db #0x00	; 0
      0006C9 AC                    2237 	.db #0xac	; 172
      0006CA 00                    2238 	.db #0x00	; 0
      0006CB 00                    2239 	.db #0x00	; 0
      0006CC 00                    2240 	.db #0x00	; 0
      0006CD 08                    2241 	.db #0x08	; 8
      0006CE 3A                    2242 	.db #0x3a	; 58
      0006CF 11                    2243 	.db #0x11	; 17
      0006D0 00                    2244 	.db #0x00	; 0
      0006D1 00                    2245 	.db #0x00	; 0
      0006D2 00                    2246 	.db #0x00	; 0
      0006D3 00                    2247 	.db #0x00	; 0
      0006D4 00                    2248 	.db #0x00	; 0
      0006D5 00                    2249 	.db #0x00	; 0
      0006D6 00                    2250 	.db #0x00	; 0
      0006D7 00                    2251 	.db #0x00	; 0
      0006D8 00                    2252 	.db #0x00	; 0
      0006D9 00                    2253 	.db #0x00	; 0
      0006DA 00                    2254 	.db #0x00	; 0
      0006DB 00                    2255 	.db #0x00	; 0
      0006DC 00                    2256 	.db #0x00	; 0
      0006DD 00                    2257 	.db #0x00	; 0
      0006DE 00                    2258 	.db #0x00	; 0
      0006DF 00                    2259 	.db #0x00	; 0
      0006E0 00                    2260 	.db #0x00	; 0
      0006E1 4C                    2261 	.db #0x4c	; 76	'L'
      0006E2 00                    2262 	.db #0x00	; 0
      0006E3 00                    2263 	.db #0x00	; 0
      0006E4 00                    2264 	.db #0x00	; 0
      0006E5 00                    2265 	.db #0x00	; 0
      0006E6 00                    2266 	.db #0x00	; 0
      0006E7 00                    2267 	.db #0x00	; 0
      0006E8 00                    2268 	.db #0x00	; 0
      0006E9 00                    2269 	.db #0x00	; 0
      0006EA 00                    2270 	.db #0x00	; 0
      0006EB 00                    2271 	.db #0x00	; 0
      0006EC 00                    2272 	.db #0x00	; 0
      0006ED 00                    2273 	.db #0x00	; 0
      0006EE 00                    2274 	.db #0x00	; 0
      0006EF 00                    2275 	.db #0x00	; 0
      0006F0 00                    2276 	.db #0x00	; 0
      0006F1 00                    2277 	.db #0x00	; 0
      0006F2 00                    2278 	.db #0x00	; 0
      0006F3 00                    2279 	.db #0x00	; 0
      0006F4 00                    2280 	.db #0x00	; 0
      0006F5 00                    2281 	.db #0x00	; 0
      0006F6 00                    2282 	.db #0x00	; 0
      0006F7 00                    2283 	.db #0x00	; 0
      0006F8 00                    2284 	.db #0x00	; 0
      0006F9 00                    2285 	.db #0x00	; 0
      0006FA 00                    2286 	.db #0x00	; 0
      0006FB 00                    2287 	.db #0x00	; 0
      0006FC 00                    2288 	.db #0x00	; 0
      0006FD 00                    2289 	.db #0x00	; 0
      0006FE 00                    2290 	.db #0x00	; 0
      0006FF 00                    2291 	.db #0x00	; 0
      000700 00                    2292 	.db #0x00	; 0
      000701 00                    2293 	.db #0x00	; 0
      000702 00                    2294 	.db #0x00	; 0
      000703 00                    2295 	.db #0x00	; 0
      000704 00                    2296 	.db #0x00	; 0
      000705 00                    2297 	.db #0x00	; 0
      000706 00                    2298 	.db #0x00	; 0
      000707 00                    2299 	.db #0x00	; 0
      000708 00                    2300 	.db #0x00	; 0
      000709 00                    2301 	.db #0x00	; 0
      00070A 00                    2302 	.db #0x00	; 0
      00070B 00                    2303 	.db #0x00	; 0
      00070C 00                    2304 	.db #0x00	; 0
      00070D 00                    2305 	.db #0x00	; 0
      00070E 00                    2306 	.db #0x00	; 0
      00070F 00                    2307 	.db #0x00	; 0
      000710 00                    2308 	.db #0x00	; 0
      000711 00                    2309 	.db #0x00	; 0
      000712 00                    2310 	.db #0x00	; 0
      000713 00                    2311 	.db #0x00	; 0
      000714 00                    2312 	.db #0x00	; 0
      000715 00                    2313 	.db #0x00	; 0
      000716 00                    2314 	.db #0x00	; 0
      000717 00                    2315 	.db #0x00	; 0
      000718 00                    2316 	.db #0x00	; 0
      000719 00                    2317 	.db #0x00	; 0
      00071A 00                    2318 	.db #0x00	; 0
      00071B 00                    2319 	.db #0x00	; 0
      00071C 00                    2320 	.db #0x00	; 0
      00071D 00                    2321 	.db #0x00	; 0
      00071E 00                    2322 	.db #0x00	; 0
      00071F 00                    2323 	.db #0x00	; 0
      000720 00                    2324 	.db #0x00	; 0
      000721 4C                    2325 	.db #0x4c	; 76	'L'
      000722 4F                    2326 	.db #0x4f	; 79	'O'
      000723 1B                    2327 	.db #0x1b	; 27
      000724 00                    2328 	.db #0x00	; 0
      000725 00                    2329 	.db #0x00	; 0
      000726 01                    2330 	.db #0x01	; 1
      000727 00                    2331 	.db #0x00	; 0
      000728 00                    2332 	.db #0x00	; 0
      000729 00                    2333 	.db #0x00	; 0
      00072A 00                    2334 	.db #0x00	; 0
      00072B 00                    2335 	.db #0x00	; 0
      00072C 00                    2336 	.db #0x00	; 0
      00072D A0                    2337 	.db #0xa0	; 160
      00072E 00                    2338 	.db #0x00	; 0
      00072F 00                    2339 	.db #0x00	; 0
      000730 A0                    2340 	.db #0xa0	; 160
      000731 01                    2341 	.db #0x01	; 1
      000732 00                    2342 	.db #0x00	; 0
      000733 A0                    2343 	.db #0xa0	; 160
      000734 02                    2344 	.db #0x02	; 2
      000735 00                    2345 	.db #0x00	; 0
      000736 A0                    2346 	.db #0xa0	; 160
      000737 03                    2347 	.db #0x03	; 3
      000738 00                    2348 	.db #0x00	; 0
      000739 A0                    2349 	.db #0xa0	; 160
      00073A 04                    2350 	.db #0x04	; 4
      00073B 00                    2351 	.db #0x00	; 0
      00073C A0                    2352 	.db #0xa0	; 160
      00073D 05                    2353 	.db #0x05	; 5
      00073E 00                    2354 	.db #0x00	; 0
      00073F A0                    2355 	.db #0xa0	; 160
      000740 06                    2356 	.db #0x06	; 6
      000741 00                    2357 	.db #0x00	; 0
      000742 A0                    2358 	.db #0xa0	; 160
      000743 07                    2359 	.db #0x07	; 7
      000744 BF                    2360 	.db #0xbf	; 191
      000745 A0                    2361 	.db #0xa0	; 160
      000746 08                    2362 	.db #0x08	; 8
      000747 00                    2363 	.db #0x00	; 0
      000748 A0                    2364 	.db #0xa0	; 160
      000749 09                    2365 	.db #0x09	; 9
      00074A 00                    2366 	.db #0x00	; 0
      00074B A0                    2367 	.db #0xa0	; 160
      00074C 0A                    2368 	.db #0x0a	; 10
      00074D 00                    2369 	.db #0x00	; 0
      00074E A0                    2370 	.db #0xa0	; 160
      00074F 0B                    2371 	.db #0x0b	; 11
      000750 00                    2372 	.db #0x00	; 0
      000751 A0                    2373 	.db #0xa0	; 160
      000752 0C                    2374 	.db #0x0c	; 12
      000753 00                    2375 	.db #0x00	; 0
      000754 A0                    2376 	.db #0xa0	; 160
      000755 0D                    2377 	.db #0x0d	; 13
      000756 00                    2378 	.db #0x00	; 0
      000757 A0                    2379 	.db #0xa0	; 160
      000758 00                    2380 	.db #0x00	; 0
      000759 40                    2381 	.db #0x40	; 64
      00075A 71                    2382 	.db #0x71	; 113	'q'
      00075B A0                    2383 	.db #0xa0	; 160
      00075C 01                    2384 	.db #0x01	; 1
      00075D 01                    2385 	.db #0x01	; 1
      00075E 74                    2386 	.db #0x74	; 116	't'
      00075F A0                    2387 	.db #0xa0	; 160
      000760 07                    2388 	.db #0x07	; 7
      000761 BE                    2389 	.db #0xbe	; 190
      000762 7C                    2390 	.db #0x7c	; 124
      000763 A0                    2391 	.db #0xa0	; 160
      000764 08                    2392 	.db #0x08	; 8
      000765 0F                    2393 	.db #0x0f	; 15
      000766 61                    2394 	.db #0x61	; 97	'a'
      000767 21                    2395 	.db #0x21	; 33
      000768 00                    2396 	.db #0x00	; 0
      000769 A0                    2397 	.db #0xa0	; 160
      00076A 02                    2398 	.db #0x02	; 2
      00076B 42                    2399 	.db #0x42	; 66	'B'
      00076C 71                    2400 	.db #0x71	; 113	'q'
      00076D A0                    2401 	.db #0xa0	; 160
      00076E 03                    2402 	.db #0x03	; 3
      00076F 01                    2403 	.db #0x01	; 1
      000770 74                    2404 	.db #0x74	; 116	't'
      000771 A0                    2405 	.db #0xa0	; 160
      000772 07                    2406 	.db #0x07	; 7
      000773 BC                    2407 	.db #0xbc	; 188
      000774 7B                    2408 	.db #0x7b	; 123
      000775 A0                    2409 	.db #0xa0	; 160
      000776 09                    2410 	.db #0x09	; 9
      000777 0E                    2411 	.db #0x0e	; 14
      000778 7F                    2412 	.db #0x7f	; 127
      000779 7D                    2413 	.db #0x7d	; 125
      00077A A0                    2414 	.db #0xa0	; 160
      00077B 04                    2415 	.db #0x04	; 4
      00077C 27                    2416 	.db #0x27	; 39
      00077D 71                    2417 	.db #0x71	; 113	'q'
      00077E A0                    2418 	.db #0xa0	; 160
      00077F 05                    2419 	.db #0x05	; 5
      000780 03                    2420 	.db #0x03	; 3
      000781 75                    2421 	.db #0x75	; 117	'u'
      000782 A0                    2422 	.db #0xa0	; 160
      000783 07                    2423 	.db #0x07	; 7
      000784 B8                    2424 	.db #0xb8	; 184
      000785 61                    2425 	.db #0x61	; 97	'a'
      000786 22                    2426 	.db #0x22	; 34
      000787 00                    2427 	.db #0x00	; 0
      000788 A0                    2428 	.db #0xa0	; 160
      000789 0A                    2429 	.db #0x0a	; 10
      00078A 0F                    2430 	.db #0x0f	; 15
      00078B 61                    2431 	.db #0x61	; 97	'a'
      00078C 49                    2432 	.db #0x49	; 73	'I'
      00078D 02                    2433 	.db #0x02	; 2
      00078E A0                    2434 	.db #0xa0	; 160
      00078F 08                    2435 	.db #0x08	; 8
      000790 0B                    2436 	.db #0x0b	; 11
      000791 7F                    2437 	.db #0x7f	; 127
      000792 70                    2438 	.db #0x70	; 112	'p'
      000793 A0                    2439 	.db #0xa0	; 160
      000794 09                    2440 	.db #0x09	; 9
      000795 0B                    2441 	.db #0x0b	; 11
      000796 7F                    2442 	.db #0x7f	; 127
      000797 72                    2443 	.db #0x72	; 114	'r'
      000798 A0                    2444 	.db #0xa0	; 160
      000799 0A                    2445 	.db #0x0a	; 10
      00079A 0B                    2446 	.db #0x0b	; 11
      00079B 61                    2447 	.db #0x61	; 97	'a'
      00079C 7F                    2448 	.db #0x7f	; 127
      00079D 08                    2449 	.db #0x08	; 8
      00079E A0                    2450 	.db #0xa0	; 160
      00079F 09                    2451 	.db #0x09	; 9
      0007A0 0A                    2452 	.db #0x0a	; 10
      0007A1 61                    2453 	.db #0x61	; 97	'a'
      0007A2 F0                    2454 	.db #0xf0	; 240
      0007A3 16                    2455 	.db #0x16	; 22
      0007A4 A0                    2456 	.db #0xa0	; 160
      0007A5 08                    2457 	.db #0x08	; 8
      0007A6 08                    2458 	.db #0x08	; 8
      0007A7 7F                    2459 	.db #0x7f	; 127
      0007A8 73                    2460 	.db #0x73	; 115	's'
      0007A9 A0                    2461 	.db #0xa0	; 160
      0007AA 09                    2462 	.db #0x09	; 9
      0007AB 08                    2463 	.db #0x08	; 8
      0007AC 61                    2464 	.db #0x61	; 97	'a'
      0007AD 26                    2465 	.db #0x26	; 38
      0007AE 00                    2466 	.db #0x00	; 0
      0007AF A0                    2467 	.db #0xa0	; 160
      0007B0 0A                    2468 	.db #0x0a	; 10
      0007B1 0F                    2469 	.db #0x0f	; 15
      0007B2 61                    2470 	.db #0x61	; 97	'a'
      0007B3 A6                    2471 	.db #0xa6	; 166
      0007B4 02                    2472 	.db #0x02	; 2
      0007B5 A0                    2473 	.db #0xa0	; 160
      0007B6 08                    2474 	.db #0x08	; 8
      0007B7 06                    2475 	.db #0x06	; 6
      0007B8 7F                    2476 	.db #0x7f	; 127
      0007B9 A0                    2477 	.db #0xa0	; 160
      0007BA 09                    2478 	.db #0x09	; 9
      0007BB 05                    2479 	.db #0x05	; 5
      0007BC 7F                    2480 	.db #0x7f	; 127
      0007BD A0                    2481 	.db #0xa0	; 160
      0007BE 0A                    2482 	.db #0x0a	; 10
      0007BF 0B                    2483 	.db #0x0b	; 11
      0007C0 61                    2484 	.db #0x61	; 97	'a'
      0007C1 BF                    2485 	.db #0xbf	; 191
      0007C2 02                    2486 	.db #0x02	; 2
      0007C3 A0                    2487 	.db #0xa0	; 160
      0007C4 08                    2488 	.db #0x08	; 8
      0007C5 03                    2489 	.db #0x03	; 3
      0007C6 7E                    2490 	.db #0x7e	; 126
      0007C7 A0                    2491 	.db #0xa0	; 160
      0007C8 09                    2492 	.db #0x09	; 9
      0007C9 03                    2493 	.db #0x03	; 3
      0007CA 61                    2494 	.db #0x61	; 97	'a'
      0007CB CB                    2495 	.db #0xcb	; 203
      0007CC 02                    2496 	.db #0x02	; 2
      0007CD A0                    2497 	.db #0xa0	; 160
      0007CE 08                    2498 	.db #0x08	; 8
      0007CF 01                    2499 	.db #0x01	; 1
      0007D0 7E                    2500 	.db #0x7e	; 126
      0007D1 A0                    2501 	.db #0xa0	; 160
      0007D2 09                    2502 	.db #0x09	; 9
      0007D3 01                    2503 	.db #0x01	; 1
      0007D4 61                    2504 	.db #0x61	; 97	'a'
      0007D5 D0                    2505 	.db #0xd0	; 208
      0007D6 02                    2506 	.db #0x02	; 2
      0007D7 A0                    2507 	.db #0xa0	; 160
      0007D8 08                    2508 	.db #0x08	; 8
      0007D9 00                    2509 	.db #0x00	; 0
      0007DA 7E                    2510 	.db #0x7e	; 126
      0007DB A0                    2511 	.db #0xa0	; 160
      0007DC 09                    2512 	.db #0x09	; 9
      0007DD 00                    2513 	.db #0x00	; 0
      0007DE 61                    2514 	.db #0x61	; 97	'a'
      0007DF EB                    2515 	.db #0xeb	; 235
      0007E0 16                    2516 	.db #0x16	; 22
      0007E1 A0                    2517 	.db #0xa0	; 160
      0007E2 00                    2518 	.db #0x00	; 0
      0007E3 0D                    2519 	.db #0x0d	; 13
      0007E4 71                    2520 	.db #0x71	; 113	'q'
      0007E5 A0                    2521 	.db #0xa0	; 160
      0007E6 01                    2522 	.db #0x01	; 1
      0007E7 01                    2523 	.db #0x01	; 1
      0007E8 7F                    2524 	.db #0x7f	; 127
      0007E9 70                    2525 	.db #0x70	; 112	'p'
      0007EA A0                    2526 	.db #0xa0	; 160
      0007EB 08                    2527 	.db #0x08	; 8
      0007EC 0F                    2528 	.db #0x0f	; 15
      0007ED 7F                    2529 	.db #0x7f	; 127
      0007EE 73                    2530 	.db #0x73	; 115	's'
      0007EF A0                    2531 	.db #0xa0	; 160
      0007F0 02                    2532 	.db #0x02	; 2
      0007F1 0F                    2533 	.db #0x0f	; 15
      0007F2 71                    2534 	.db #0x71	; 113	'q'
      0007F3 A0                    2535 	.db #0xa0	; 160
      0007F4 03                    2536 	.db #0x03	; 3
      0007F5 01                    2537 	.db #0x01	; 1
      0007F6 7F                    2538 	.db #0x7f	; 127
      0007F7 70                    2539 	.db #0x70	; 112	'p'
      0007F8 A0                    2540 	.db #0xa0	; 160
      0007F9 09                    2541 	.db #0x09	; 9
      0007FA 0E                    2542 	.db #0x0e	; 14
      0007FB 7F                    2543 	.db #0x7f	; 127
      0007FC 73                    2544 	.db #0x73	; 115	's'
      0007FD A0                    2545 	.db #0xa0	; 160
      0007FE 04                    2546 	.db #0x04	; 4
      0007FF 93                    2547 	.db #0x93	; 147
      000800 71                    2548 	.db #0x71	; 113	'q'
      000801 A0                    2549 	.db #0xa0	; 160
      000802 05                    2550 	.db #0x05	; 5
      000803 01                    2551 	.db #0x01	; 1
      000804 7F                    2552 	.db #0x7f	; 127
      000805 72                    2553 	.db #0x72	; 114	'r'
      000806 A0                    2554 	.db #0xa0	; 160
      000807 0A                    2555 	.db #0x0a	; 10
      000808 0F                    2556 	.db #0x0f	; 15
      000809 61                    2557 	.db #0x61	; 97	'a'
      00080A 7A                    2558 	.db #0x7a	; 122	'z'
      00080B 02                    2559 	.db #0x02	; 2
      00080C A0                    2560 	.db #0xa0	; 160
      00080D 08                    2561 	.db #0x08	; 8
      00080E 0B                    2562 	.db #0x0b	; 11
      00080F 7F                    2563 	.db #0x7f	; 127
      000810 71                    2564 	.db #0x71	; 113	'q'
      000811 A0                    2565 	.db #0xa0	; 160
      000812 09                    2566 	.db #0x09	; 9
      000813 0B                    2567 	.db #0x0b	; 11
      000814 7F                    2568 	.db #0x7f	; 127
      000815 71                    2569 	.db #0x71	; 113	'q'
      000816 A0                    2570 	.db #0xa0	; 160
      000817 0A                    2571 	.db #0x0a	; 10
      000818 0B                    2572 	.db #0x0b	; 11
      000819 61                    2573 	.db #0x61	; 97	'a'
      00081A 85                    2574 	.db #0x85	; 133
      00081B 08                    2575 	.db #0x08	; 8
      00081C A0                    2576 	.db #0xa0	; 160
      00081D 09                    2577 	.db #0x09	; 9
      00081E 0A                    2578 	.db #0x0a	; 10
      00081F 61                    2579 	.db #0x61	; 97	'a'
      000820 F0                    2580 	.db #0xf0	; 240
      000821 16                    2581 	.db #0x16	; 22
      000822 A0                    2582 	.db #0xa0	; 160
      000823 08                    2583 	.db #0x08	; 8
      000824 08                    2584 	.db #0x08	; 8
      000825 7F                    2585 	.db #0x7f	; 127
      000826 73                    2586 	.db #0x73	; 115	's'
      000827 A0                    2587 	.db #0xa0	; 160
      000828 09                    2588 	.db #0x09	; 9
      000829 08                    2589 	.db #0x08	; 8
      00082A 7F                    2590 	.db #0x7f	; 127
      00082B 71                    2591 	.db #0x71	; 113	'q'
      00082C A0                    2592 	.db #0xa0	; 160
      00082D 04                    2593 	.db #0x04	; 4
      00082E 27                    2594 	.db #0x27	; 39
      00082F 71                    2595 	.db #0x71	; 113	'q'
      000830 A0                    2596 	.db #0xa0	; 160
      000831 05                    2597 	.db #0x05	; 5
      000832 03                    2598 	.db #0x03	; 3
      000833 7F                    2599 	.db #0x7f	; 127
      000834 71                    2600 	.db #0x71	; 113	'q'
      000835 A0                    2601 	.db #0xa0	; 160
      000836 0A                    2602 	.db #0x0a	; 10
      000837 0F                    2603 	.db #0x0f	; 15
      000838 61                    2604 	.db #0x61	; 97	'a'
      000839 A1                    2605 	.db #0xa1	; 161
      00083A 02                    2606 	.db #0x02	; 2
      00083B A0                    2607 	.db #0xa0	; 160
      00083C 08                    2608 	.db #0x08	; 8
      00083D 06                    2609 	.db #0x06	; 6
      00083E 7E                    2610 	.db #0x7e	; 126
      00083F A0                    2611 	.db #0xa0	; 160
      000840 09                    2612 	.db #0x09	; 9
      000841 05                    2613 	.db #0x05	; 5
      000842 7F                    2614 	.db #0x7f	; 127
      000843 A0                    2615 	.db #0xa0	; 160
      000844 0A                    2616 	.db #0x0a	; 10
      000845 0B                    2617 	.db #0x0b	; 11
      000846 61                    2618 	.db #0x61	; 97	'a'
      000847 C0                    2619 	.db #0xc0	; 192
      000848 02                    2620 	.db #0x02	; 2
      000849 A0                    2621 	.db #0xa0	; 160
      00084A 08                    2622 	.db #0x08	; 8
      00084B 03                    2623 	.db #0x03	; 3
      00084C 7E                    2624 	.db #0x7e	; 126
      00084D A0                    2625 	.db #0xa0	; 160
      00084E 09                    2626 	.db #0x09	; 9
      00084F 03                    2627 	.db #0x03	; 3
      000850 61                    2628 	.db #0x61	; 97	'a'
      000851 D0                    2629 	.db #0xd0	; 208
      000852 02                    2630 	.db #0x02	; 2
      000853 A0                    2631 	.db #0xa0	; 160
      000854 08                    2632 	.db #0x08	; 8
      000855 01                    2633 	.db #0x01	; 1
      000856 7E                    2634 	.db #0x7e	; 126
      000857 A0                    2635 	.db #0xa0	; 160
      000858 09                    2636 	.db #0x09	; 9
      000859 01                    2637 	.db #0x01	; 1
      00085A 61                    2638 	.db #0x61	; 97	'a'
      00085B D0                    2639 	.db #0xd0	; 208
      00085C 02                    2640 	.db #0x02	; 2
      00085D A0                    2641 	.db #0xa0	; 160
      00085E 08                    2642 	.db #0x08	; 8
      00085F 00                    2643 	.db #0x00	; 0
      000860 7E                    2644 	.db #0x7e	; 126
      000861 A0                    2645 	.db #0xa0	; 160
      000862 09                    2646 	.db #0x09	; 9
      000863 00                    2647 	.db #0x00	; 0
      000864 61                    2648 	.db #0x61	; 97	'a'
      000865 B1                    2649 	.db #0xb1	; 177
      000866 05                    2650 	.db #0x05	; 5
      000867 A0                    2651 	.db #0xa0	; 160
      000868 00                    2652 	.db #0x00	; 0
      000869 C9                    2653 	.db #0xc9	; 201
      00086A 71                    2654 	.db #0x71	; 113	'q'
      00086B A0                    2655 	.db #0xa0	; 160
      00086C 01                    2656 	.db #0x01	; 1
      00086D 00                    2657 	.db #0x00	; 0
      00086E 7F                    2658 	.db #0x7f	; 127
      00086F 71                    2659 	.db #0x71	; 113	'q'
      000870 A0                    2660 	.db #0xa0	; 160
      000871 08                    2661 	.db #0x08	; 8
      000872 0F                    2662 	.db #0x0f	; 15
      000873 7F                    2663 	.db #0x7f	; 127
      000874 73                    2664 	.db #0x73	; 115	's'
      000875 A0                    2665 	.db #0xa0	; 160
      000876 02                    2666 	.db #0x02	; 2
      000877 CB                    2667 	.db #0xcb	; 203
      000878 71                    2668 	.db #0x71	; 113	'q'
      000879 A0                    2669 	.db #0xa0	; 160
      00087A 03                    2670 	.db #0x03	; 3
      00087B 00                    2671 	.db #0x00	; 0
      00087C 7F                    2672 	.db #0x7f	; 127
      00087D 70                    2673 	.db #0x70	; 112	'p'
      00087E A0                    2674 	.db #0xa0	; 160
      00087F 09                    2675 	.db #0x09	; 9
      000880 0E                    2676 	.db #0x0e	; 14
      000881 61                    2677 	.db #0x61	; 97	'a'
      000882 A2                    2678 	.db #0xa2	; 162
      000883 02                    2679 	.db #0x02	; 2
      000884 A0                    2680 	.db #0xa0	; 160
      000885 08                    2681 	.db #0x08	; 8
      000886 0B                    2682 	.db #0x0b	; 11
      000887 7F                    2683 	.db #0x7f	; 127
      000888 71                    2684 	.db #0x71	; 113	'q'
      000889 A0                    2685 	.db #0xa0	; 160
      00088A 09                    2686 	.db #0x09	; 9
      00088B 0B                    2687 	.db #0x0b	; 11
      00088C 61                    2688 	.db #0x61	; 97	'a'
      00088D 97                    2689 	.db #0x97	; 151
      00088E 08                    2690 	.db #0x08	; 8
      00088F A0                    2691 	.db #0xa0	; 160
      000890 09                    2692 	.db #0x09	; 9
      000891 0A                    2693 	.db #0x0a	; 10
      000892 61                    2694 	.db #0x61	; 97	'a'
      000893 D0                    2695 	.db #0xd0	; 208
      000894 05                    2696 	.db #0x05	; 5
      000895 A0                    2697 	.db #0xa0	; 160
      000896 0A                    2698 	.db #0x0a	; 10
      000897 08                    2699 	.db #0x08	; 8
      000898 61                    2700 	.db #0x61	; 97	'a'
      000899 DA                    2701 	.db #0xda	; 218
      00089A 02                    2702 	.db #0x02	; 2
      00089B A0                    2703 	.db #0xa0	; 160
      00089C 0A                    2704 	.db #0x0a	; 10
      00089D 06                    2705 	.db #0x06	; 6
      00089E 62                    2706 	.db #0x62	; 98	'b'
      00089F A0                    2707 	.db #0xa0	; 160
      0008A0 0A                    2708 	.db #0x0a	; 10
      0008A1 03                    2709 	.db #0x03	; 3
      0008A2 62                    2710 	.db #0x62	; 98	'b'
      0008A3 A0                    2711 	.db #0xa0	; 160
      0008A4 0A                    2712 	.db #0x0a	; 10
      0008A5 01                    2713 	.db #0x01	; 1
      0008A6 62                    2714 	.db #0x62	; 98	'b'
      0008A7 A0                    2715 	.db #0xa0	; 160
      0008A8 0A                    2716 	.db #0x0a	; 10
      0008A9 00                    2717 	.db #0x00	; 0
      0008AA 61                    2718 	.db #0x61	; 97	'a'
      0008AB A9                    2719 	.db #0xa9	; 169
      0008AC 05                    2720 	.db #0x05	; 5
      0008AD A0                    2721 	.db #0xa0	; 160
      0008AE 08                    2722 	.db #0x08	; 8
      0008AF 08                    2723 	.db #0x08	; 8
      0008B0 7F                    2724 	.db #0x7f	; 127
      0008B1 73                    2725 	.db #0x73	; 115	's'
      0008B2 A0                    2726 	.db #0xa0	; 160
      0008B3 09                    2727 	.db #0x09	; 9
      0008B4 08                    2728 	.db #0x08	; 8
      0008B5 61                    2729 	.db #0x61	; 97	'a'
      0008B6 C7                    2730 	.db #0xc7	; 199
      0008B7 02                    2731 	.db #0x02	; 2
      0008B8 A0                    2732 	.db #0xa0	; 160
      0008B9 08                    2733 	.db #0x08	; 8
      0008BA 06                    2734 	.db #0x06	; 6
      0008BB 7E                    2735 	.db #0x7e	; 126
      0008BC A0                    2736 	.db #0xa0	; 160
      0008BD 09                    2737 	.db #0x09	; 9
      0008BE 05                    2738 	.db #0x05	; 5
      0008BF 61                    2739 	.db #0x61	; 97	'a'
      0008C0 D0                    2740 	.db #0xd0	; 208
      0008C1 02                    2741 	.db #0x02	; 2
      0008C2 A0                    2742 	.db #0xa0	; 160
      0008C3 08                    2743 	.db #0x08	; 8
      0008C4 03                    2744 	.db #0x03	; 3
      0008C5 7E                    2745 	.db #0x7e	; 126
      0008C6 A0                    2746 	.db #0xa0	; 160
      0008C7 09                    2747 	.db #0x09	; 9
      0008C8 03                    2748 	.db #0x03	; 3
      0008C9 61                    2749 	.db #0x61	; 97	'a'
      0008CA D0                    2750 	.db #0xd0	; 208
      0008CB 02                    2751 	.db #0x02	; 2
      0008CC A0                    2752 	.db #0xa0	; 160
      0008CD 08                    2753 	.db #0x08	; 8
      0008CE 01                    2754 	.db #0x01	; 1
      0008CF 7E                    2755 	.db #0x7e	; 126
      0008D0 A0                    2756 	.db #0xa0	; 160
      0008D1 09                    2757 	.db #0x09	; 9
      0008D2 01                    2758 	.db #0x01	; 1
      0008D3 61                    2759 	.db #0x61	; 97	'a'
      0008D4 D0                    2760 	.db #0xd0	; 208
      0008D5 02                    2761 	.db #0x02	; 2
      0008D6 A0                    2762 	.db #0xa0	; 160
      0008D7 08                    2763 	.db #0x08	; 8
      0008D8 00                    2764 	.db #0x00	; 0
      0008D9 7E                    2765 	.db #0x7e	; 126
      0008DA A0                    2766 	.db #0xa0	; 160
      0008DB 09                    2767 	.db #0x09	; 9
      0008DC 00                    2768 	.db #0x00	; 0
      0008DD 61                    2769 	.db #0x61	; 97	'a'
      0008DE B1                    2770 	.db #0xb1	; 177
      0008DF 05                    2771 	.db #0x05	; 5
      0008E0 A0                    2772 	.db #0xa0	; 160
      0008E1 00                    2773 	.db #0x00	; 0
      0008E2 E2                    2774 	.db #0xe2	; 226
      0008E3 7F                    2775 	.db #0x7f	; 127
      0008E4 72                    2776 	.db #0x72	; 114	'r'
      0008E5 A0                    2777 	.db #0xa0	; 160
      0008E6 08                    2778 	.db #0x08	; 8
      0008E7 0F                    2779 	.db #0x0f	; 15
      0008E8 7F                    2780 	.db #0x7f	; 127
      0008E9 73                    2781 	.db #0x73	; 115	's'
      0008EA A0                    2782 	.db #0xa0	; 160
      0008EB 02                    2783 	.db #0x02	; 2
      0008EC E5                    2784 	.db #0xe5	; 229
      0008ED 7F                    2785 	.db #0x7f	; 127
      0008EE 73                    2786 	.db #0x73	; 115	's'
      0008EF A0                    2787 	.db #0xa0	; 160
      0008F0 09                    2788 	.db #0x09	; 9
      0008F1 0E                    2789 	.db #0x0e	; 14
      0008F2 61                    2790 	.db #0x61	; 97	'a'
      0008F3 27                    2791 	.db #0x27	; 39
      0008F4 00                    2792 	.db #0x00	; 0
      0008F5 A0                    2793 	.db #0xa0	; 160
      0008F6 0A                    2794 	.db #0x0a	; 10
      0008F7 0F                    2795 	.db #0x0f	; 15
      0008F8 61                    2796 	.db #0x61	; 97	'a'
      0008F9 7B                    2797 	.db #0x7b	; 123
      0008FA 02                    2798 	.db #0x02	; 2
      0008FB A0                    2799 	.db #0xa0	; 160
      0008FC 08                    2800 	.db #0x08	; 8
      0008FD 0B                    2801 	.db #0x0b	; 11
      0008FE 7F                    2802 	.db #0x7f	; 127
      0008FF 71                    2803 	.db #0x71	; 113	'q'
      000900 A0                    2804 	.db #0xa0	; 160
      000901 09                    2805 	.db #0x09	; 9
      000902 0B                    2806 	.db #0x0b	; 11
      000903 7F                    2807 	.db #0x7f	; 127
      000904 71                    2808 	.db #0x71	; 113	'q'
      000905 A0                    2809 	.db #0xa0	; 160
      000906 0A                    2810 	.db #0x0a	; 10
      000907 0B                    2811 	.db #0x0b	; 11
      000908 61                    2812 	.db #0x61	; 97	'a'
      000909 85                    2813 	.db #0x85	; 133
      00090A 08                    2814 	.db #0x08	; 8
      00090B A0                    2815 	.db #0xa0	; 160
      00090C 09                    2816 	.db #0x09	; 9
      00090D 0A                    2817 	.db #0x0a	; 10
      00090E 61                    2818 	.db #0x61	; 97	'a'
      00090F EE                    2819 	.db #0xee	; 238
      000910 16                    2820 	.db #0x16	; 22
      000911 A0                    2821 	.db #0xa0	; 160
      000912 00                    2822 	.db #0x00	; 0
      000913 2E                    2823 	.db #0x2e	; 46
      000914 71                    2824 	.db #0x71	; 113	'q'
      000915 A0                    2825 	.db #0xa0	; 160
      000916 01                    2826 	.db #0x01	; 1
      000917 01                    2827 	.db #0x01	; 1
      000918 7F                    2828 	.db #0x7f	; 127
      000919 70                    2829 	.db #0x70	; 112	'p'
      00091A A0                    2830 	.db #0xa0	; 160
      00091B 08                    2831 	.db #0x08	; 8
      00091C 0F                    2832 	.db #0x0f	; 15
      00091D 7F                    2833 	.db #0x7f	; 127
      00091E 73                    2834 	.db #0x73	; 115	's'
      00091F A0                    2835 	.db #0xa0	; 160
      000920 02                    2836 	.db #0x02	; 2
      000921 30                    2837 	.db #0x30	; 48	'0'
      000922 71                    2838 	.db #0x71	; 113	'q'
      000923 A0                    2839 	.db #0xa0	; 160
      000924 03                    2840 	.db #0x03	; 3
      000925 01                    2841 	.db #0x01	; 1
      000926 7F                    2842 	.db #0x7f	; 127
      000927 71                    2843 	.db #0x71	; 113	'q'
      000928 A0                    2844 	.db #0xa0	; 160
      000929 09                    2845 	.db #0x09	; 9
      00092A 0E                    2846 	.db #0x0e	; 14
      00092B 7F                    2847 	.db #0x7f	; 127
      00092C 72                    2848 	.db #0x72	; 114	'r'
      00092D A0                    2849 	.db #0xa0	; 160
      00092E 04                    2850 	.db #0x04	; 4
      00092F 93                    2851 	.db #0x93	; 147
      000930 71                    2852 	.db #0x71	; 113	'q'
      000931 A0                    2853 	.db #0xa0	; 160
      000932 05                    2854 	.db #0x05	; 5
      000933 01                    2855 	.db #0x01	; 1
      000934 7F                    2856 	.db #0x7f	; 127
      000935 72                    2857 	.db #0x72	; 114	'r'
      000936 A0                    2858 	.db #0xa0	; 160
      000937 0A                    2859 	.db #0x0a	; 10
      000938 0F                    2860 	.db #0x0f	; 15
      000939 61                    2861 	.db #0x61	; 97	'a'
      00093A 7A                    2862 	.db #0x7a	; 122	'z'
      00093B 02                    2863 	.db #0x02	; 2
      00093C A0                    2864 	.db #0xa0	; 160
      00093D 08                    2865 	.db #0x08	; 8
      00093E 0B                    2866 	.db #0x0b	; 11
      00093F 7F                    2867 	.db #0x7f	; 127
      000940 71                    2868 	.db #0x71	; 113	'q'
      000941 A0                    2869 	.db #0xa0	; 160
      000942 09                    2870 	.db #0x09	; 9
      000943 0B                    2871 	.db #0x0b	; 11
      000944 7F                    2872 	.db #0x7f	; 127
      000945 71                    2873 	.db #0x71	; 113	'q'
      000946 A0                    2874 	.db #0xa0	; 160
      000947 0A                    2875 	.db #0x0a	; 10
      000948 0B                    2876 	.db #0x0b	; 11
      000949 61                    2877 	.db #0x61	; 97	'a'
      00094A 85                    2878 	.db #0x85	; 133
      00094B 08                    2879 	.db #0x08	; 8
      00094C A0                    2880 	.db #0xa0	; 160
      00094D 09                    2881 	.db #0x09	; 9
      00094E 0A                    2882 	.db #0x0a	; 10
      00094F 61                    2883 	.db #0x61	; 97	'a'
      000950 EE                    2884 	.db #0xee	; 238
      000951 16                    2885 	.db #0x16	; 22
      000952 A0                    2886 	.db #0xa0	; 160
      000953 00                    2887 	.db #0x00	; 0
      000954 0D                    2888 	.db #0x0d	; 13
      000955 7F                    2889 	.db #0x7f	; 127
      000956 72                    2890 	.db #0x72	; 114	'r'
      000957 A0                    2891 	.db #0xa0	; 160
      000958 08                    2892 	.db #0x08	; 8
      000959 0F                    2893 	.db #0x0f	; 15
      00095A 7F                    2894 	.db #0x7f	; 127
      00095B 73                    2895 	.db #0x73	; 115	's'
      00095C A0                    2896 	.db #0xa0	; 160
      00095D 02                    2897 	.db #0x02	; 2
      00095E 0F                    2898 	.db #0x0f	; 15
      00095F 7F                    2899 	.db #0x7f	; 127
      000960 73                    2900 	.db #0x73	; 115	's'
      000961 A0                    2901 	.db #0xa0	; 160
      000962 09                    2902 	.db #0x09	; 9
      000963 0E                    2903 	.db #0x0e	; 14
      000964 7F                    2904 	.db #0x7f	; 127
      000965 72                    2905 	.db #0x72	; 114	'r'
      000966 A0                    2906 	.db #0xa0	; 160
      000967 04                    2907 	.db #0x04	; 4
      000968 27                    2908 	.db #0x27	; 39
      000969 71                    2909 	.db #0x71	; 113	'q'
      00096A A0                    2910 	.db #0xa0	; 160
      00096B 05                    2911 	.db #0x05	; 5
      00096C 03                    2912 	.db #0x03	; 3
      00096D 7F                    2913 	.db #0x7f	; 127
      00096E 71                    2914 	.db #0x71	; 113	'q'
      00096F A0                    2915 	.db #0xa0	; 160
      000970 0A                    2916 	.db #0x0a	; 10
      000971 0F                    2917 	.db #0x0f	; 15
      000972 61                    2918 	.db #0x61	; 97	'a'
      000973 7B                    2919 	.db #0x7b	; 123
      000974 02                    2920 	.db #0x02	; 2
      000975 A0                    2921 	.db #0xa0	; 160
      000976 08                    2922 	.db #0x08	; 8
      000977 0B                    2923 	.db #0x0b	; 11
      000978 7F                    2924 	.db #0x7f	; 127
      000979 71                    2925 	.db #0x71	; 113	'q'
      00097A A0                    2926 	.db #0xa0	; 160
      00097B 09                    2927 	.db #0x09	; 9
      00097C 0B                    2928 	.db #0x0b	; 11
      00097D 7F                    2929 	.db #0x7f	; 127
      00097E 71                    2930 	.db #0x71	; 113	'q'
      00097F A0                    2931 	.db #0xa0	; 160
      000980 0A                    2932 	.db #0x0a	; 10
      000981 0B                    2933 	.db #0x0b	; 11
      000982 61                    2934 	.db #0x61	; 97	'a'
      000983 85                    2935 	.db #0x85	; 133
      000984 08                    2936 	.db #0x08	; 8
      000985 A0                    2937 	.db #0xa0	; 160
      000986 09                    2938 	.db #0x09	; 9
      000987 0A                    2939 	.db #0x0a	; 10
      000988 61                    2940 	.db #0x61	; 97	'a'
      000989 07                    2941 	.db #0x07	; 7
      00098A 17                    2942 	.db #0x17	; 23
      00098B A0                    2943 	.db #0xa0	; 160
      00098C 04                    2944 	.db #0x04	; 4
      00098D 8A                    2945 	.db #0x8a	; 138
      00098E 7F                    2946 	.db #0x7f	; 127
      00098F 73                    2947 	.db #0x73	; 115	's'
      000990 A0                    2948 	.db #0xa0	; 160
      000991 0A                    2949 	.db #0x0a	; 10
      000992 0F                    2950 	.db #0x0f	; 15
      000993 61                    2951 	.db #0x61	; 97	'a'
      000994 CA                    2952 	.db #0xca	; 202
      000995 02                    2953 	.db #0x02	; 2
      000996 A0                    2954 	.db #0xa0	; 160
      000997 0A                    2955 	.db #0x0a	; 10
      000998 0B                    2956 	.db #0x0b	; 11
      000999 61                    2957 	.db #0x61	; 97	'a'
      00099A 83                    2958 	.db #0x83	; 131
      00099B 08                    2959 	.db #0x08	; 8
      00099C A0                    2960 	.db #0xa0	; 160
      00099D 08                    2961 	.db #0x08	; 8
      00099E 0A                    2962 	.db #0x0a	; 10
      00099F 61                    2963 	.db #0x61	; 97	'a'
      0009A0 67                    2964 	.db #0x67	; 103	'g'
      0009A1 0E                    2965 	.db #0x0e	; 14
      0009A2 A0                    2966 	.db #0xa0	; 160
      0009A3 09                    2967 	.db #0x09	; 9
      0009A4 09                    2968 	.db #0x09	; 9
      0009A5 61                    2969 	.db #0x61	; 97	'a'
      0009A6 C0                    2970 	.db #0xc0	; 192
      0009A7 08                    2971 	.db #0x08	; 8
      0009A8 A0                    2972 	.db #0xa0	; 160
      0009A9 0A                    2973 	.db #0x0a	; 10
      0009AA 0F                    2974 	.db #0x0f	; 15
      0009AB 61                    2975 	.db #0x61	; 97	'a'
      0009AC CA                    2976 	.db #0xca	; 202
      0009AD 02                    2977 	.db #0x02	; 2
      0009AE A0                    2978 	.db #0xa0	; 160
      0009AF 0A                    2979 	.db #0x0a	; 10
      0009B0 0B                    2980 	.db #0x0b	; 11
      0009B1 61                    2981 	.db #0x61	; 97	'a'
      0009B2 FF                    2982 	.db #0xff	; 255
      0009B3 13                    2983 	.db #0x13	; 19
      0009B4 A0                    2984 	.db #0xa0	; 160
      0009B5 08                    2985 	.db #0x08	; 8
      0009B6 09                    2986 	.db #0x09	; 9
      0009B7 61                    2987 	.db #0x61	; 97	'a'
      0009B8 97                    2988 	.db #0x97	; 151
      0009B9 0B                    2989 	.db #0x0b	; 11
      0009BA A0                    2990 	.db #0xa0	; 160
      0009BB 04                    2991 	.db #0x04	; 4
      0009BC C5                    2992 	.db #0xc5	; 197
      0009BD 71                    2993 	.db #0x71	; 113	'q'
      0009BE A0                    2994 	.db #0xa0	; 160
      0009BF 05                    2995 	.db #0x05	; 5
      0009C0 01                    2996 	.db #0x01	; 1
      0009C1 7F                    2997 	.db #0x7f	; 127
      0009C2 71                    2998 	.db #0x71	; 113	'q'
      0009C3 A0                    2999 	.db #0xa0	; 160
      0009C4 0A                    3000 	.db #0x0a	; 10
      0009C5 0F                    3001 	.db #0x0f	; 15
      0009C6 61                    3002 	.db #0x61	; 97	'a'
      0009C7 CA                    3003 	.db #0xca	; 202
      0009C8 02                    3004 	.db #0x02	; 2
      0009C9 A0                    3005 	.db #0xa0	; 160
      0009CA 0A                    3006 	.db #0x0a	; 10
      0009CB 0B                    3007 	.db #0x0b	; 11
      0009CC 61                    3008 	.db #0x61	; 97	'a'
      0009CD D1                    3009 	.db #0xd1	; 209
      0009CE 02                    3010 	.db #0x02	; 2
      0009CF A0                    3011 	.db #0xa0	; 160
      0009D0 09                    3012 	.db #0x09	; 9
      0009D1 08                    3013 	.db #0x08	; 8
      0009D2 61                    3014 	.db #0x61	; 97	'a'
      0009D3 AA                    3015 	.db #0xaa	; 170
      0009D4 1C                    3016 	.db #0x1c	; 28
      0009D5 A0                    3017 	.db #0xa0	; 160
      0009D6 08                    3018 	.db #0x08	; 8
      0009D7 08                    3019 	.db #0x08	; 8
      0009D8 7F                    3020 	.db #0x7f	; 127
      0009D9 7C                    3021 	.db #0x7c	; 124
      0009DA A0                    3022 	.db #0xa0	; 160
      0009DB 04                    3023 	.db #0x04	; 4
      0009DC 8A                    3024 	.db #0x8a	; 138
      0009DD 71                    3025 	.db #0x71	; 113	'q'
      0009DE A0                    3026 	.db #0xa0	; 160
      0009DF 05                    3027 	.db #0x05	; 5
      0009E0 03                    3028 	.db #0x03	; 3
      0009E1 7F                    3029 	.db #0x7f	; 127
      0009E2 71                    3030 	.db #0x71	; 113	'q'
      0009E3 A0                    3031 	.db #0xa0	; 160
      0009E4 0A                    3032 	.db #0x0a	; 10
      0009E5 0F                    3033 	.db #0x0f	; 15
      0009E6 61                    3034 	.db #0x61	; 97	'a'
      0009E7 C8                    3035 	.db #0xc8	; 200
      0009E8 02                    3036 	.db #0x02	; 2
      0009E9 A0                    3037 	.db #0xa0	; 160
      0009EA 0A                    3038 	.db #0x0a	; 10
      0009EB 0B                    3039 	.db #0x0b	; 11
      0009EC 61                    3040 	.db #0x61	; 97	'a'
      0009ED 45                    3041 	.db #0x45	; 69	'E'
      0009EE 0E                    3042 	.db #0x0e	; 14
      0009EF A0                    3043 	.db #0xa0	; 160
      0009F0 08                    3044 	.db #0x08	; 8
      0009F1 06                    3045 	.db #0x06	; 6
      0009F2 7F                    3046 	.db #0x7f	; 127
      0009F3 73                    3047 	.db #0x73	; 115	's'
      0009F4 A0                    3048 	.db #0xa0	; 160
      0009F5 09                    3049 	.db #0x09	; 9
      0009F6 05                    3050 	.db #0x05	; 5
      0009F7 61                    3051 	.db #0x61	; 97	'a'
      0009F8 C7                    3052 	.db #0xc7	; 199
      0009F9 02                    3053 	.db #0x02	; 2
      0009FA A0                    3054 	.db #0xa0	; 160
      0009FB 08                    3055 	.db #0x08	; 8
      0009FC 03                    3056 	.db #0x03	; 3
      0009FD 7E                    3057 	.db #0x7e	; 126
      0009FE A0                    3058 	.db #0xa0	; 160
      0009FF 09                    3059 	.db #0x09	; 9
      000A00 03                    3060 	.db #0x03	; 3
      000A01 61                    3061 	.db #0x61	; 97	'a'
      000A02 D0                    3062 	.db #0xd0	; 208
      000A03 02                    3063 	.db #0x02	; 2
      000A04 A0                    3064 	.db #0xa0	; 160
      000A05 08                    3065 	.db #0x08	; 8
      000A06 01                    3066 	.db #0x01	; 1
      000A07 7E                    3067 	.db #0x7e	; 126
      000A08 A0                    3068 	.db #0xa0	; 160
      000A09 09                    3069 	.db #0x09	; 9
      000A0A 01                    3070 	.db #0x01	; 1
      000A0B 61                    3071 	.db #0x61	; 97	'a'
      000A0C D0                    3072 	.db #0xd0	; 208
      000A0D 02                    3073 	.db #0x02	; 2
      000A0E A0                    3074 	.db #0xa0	; 160
      000A0F 08                    3075 	.db #0x08	; 8
      000A10 00                    3076 	.db #0x00	; 0
      000A11 7E                    3077 	.db #0x7e	; 126
      000A12 A0                    3078 	.db #0xa0	; 160
      000A13 09                    3079 	.db #0x09	; 9
      000A14 00                    3080 	.db #0x00	; 0
      000A15 61                    3081 	.db #0x61	; 97	'a'
      000A16 90                    3082 	.db #0x90	; 144
      000A17 08                    3083 	.db #0x08	; 8
      000A18 A0                    3084 	.db #0xa0	; 160
      000A19 00                    3085 	.db #0x00	; 0
      000A1A 2E                    3086 	.db #0x2e	; 46
      000A1B 7F                    3087 	.db #0x7f	; 127
      000A1C 72                    3088 	.db #0x72	; 114	'r'
      000A1D A0                    3089 	.db #0xa0	; 160
      000A1E 08                    3090 	.db #0x08	; 8
      000A1F 0F                    3091 	.db #0x0f	; 15
      000A20 7F                    3092 	.db #0x7f	; 127
      000A21 73                    3093 	.db #0x73	; 115	's'
      000A22 A0                    3094 	.db #0xa0	; 160
      000A23 02                    3095 	.db #0x02	; 2
      000A24 30                    3096 	.db #0x30	; 48	'0'
      000A25 7F                    3097 	.db #0x7f	; 127
      000A26 73                    3098 	.db #0x73	; 115	's'
      000A27 A0                    3099 	.db #0xa0	; 160
      000A28 09                    3100 	.db #0x09	; 9
      000A29 0E                    3101 	.db #0x0e	; 14
      000A2A 7F                    3102 	.db #0x7f	; 127
      000A2B 75                    3103 	.db #0x75	; 117	'u'
      000A2C A0                    3104 	.db #0xa0	; 160
      000A2D 0A                    3105 	.db #0x0a	; 10
      000A2E 08                    3106 	.db #0x08	; 8
      000A2F 61                    3107 	.db #0x61	; 97	'a'
      000A30 8C                    3108 	.db #0x8c	; 140
      000A31 02                    3109 	.db #0x02	; 2
      000A32 A0                    3110 	.db #0xa0	; 160
      000A33 08                    3111 	.db #0x08	; 8
      000A34 0B                    3112 	.db #0x0b	; 11
      000A35 7F                    3113 	.db #0x7f	; 127
      000A36 71                    3114 	.db #0x71	; 113	'q'
      000A37 A0                    3115 	.db #0xa0	; 160
      000A38 09                    3116 	.db #0x09	; 9
      000A39 0B                    3117 	.db #0x0b	; 11
      000A3A 7F                    3118 	.db #0x7f	; 127
      000A3B 71                    3119 	.db #0x71	; 113	'q'
      000A3C A0                    3120 	.db #0xa0	; 160
      000A3D 0A                    3121 	.db #0x0a	; 10
      000A3E 06                    3122 	.db #0x06	; 6
      000A3F 61                    3123 	.db #0x61	; 97	'a'
      000A40 D4                    3124 	.db #0xd4	; 212
      000A41 02                    3125 	.db #0x02	; 2
      000A42 A0                    3126 	.db #0xa0	; 160
      000A43 0A                    3127 	.db #0x0a	; 10
      000A44 03                    3128 	.db #0x03	; 3
      000A45 62                    3129 	.db #0x62	; 98	'b'
      000A46 A0                    3130 	.db #0xa0	; 160
      000A47 0A                    3131 	.db #0x0a	; 10
      000A48 01                    3132 	.db #0x01	; 1
      000A49 61                    3133 	.db #0x61	; 97	'a'
      000A4A D2                    3134 	.db #0xd2	; 210
      000A4B 02                    3135 	.db #0x02	; 2
      000A4C A0                    3136 	.db #0xa0	; 160
      000A4D 09                    3137 	.db #0x09	; 9
      000A4E 0A                    3138 	.db #0x0a	; 10
      000A4F 7F                    3139 	.db #0x7f	; 127
      000A50 A0                    3140 	.db #0xa0	; 160
      000A51 0A                    3141 	.db #0x0a	; 10
      000A52 00                    3142 	.db #0x00	; 0
      000A53 61                    3143 	.db #0x61	; 97	'a'
      000A54 0B                    3144 	.db #0x0b	; 11
      000A55 17                    3145 	.db #0x17	; 23
      000A56 A0                    3146 	.db #0xa0	; 160
      000A57 0A                    3147 	.db #0x0a	; 10
      000A58 0F                    3148 	.db #0x0f	; 15
      000A59 61                    3149 	.db #0x61	; 97	'a'
      000A5A CA                    3150 	.db #0xca	; 202
      000A5B 02                    3151 	.db #0x02	; 2
      000A5C A0                    3152 	.db #0xa0	; 160
      000A5D 0A                    3153 	.db #0x0a	; 10
      000A5E 0B                    3154 	.db #0x0b	; 11
      000A5F 61                    3155 	.db #0x61	; 97	'a'
      000A60 83                    3156 	.db #0x83	; 131
      000A61 08                    3157 	.db #0x08	; 8
      000A62 A0                    3158 	.db #0xa0	; 160
      000A63 08                    3159 	.db #0x08	; 8
      000A64 0A                    3160 	.db #0x0a	; 10
      000A65 61                    3161 	.db #0x61	; 97	'a'
      000A66 C2                    3162 	.db #0xc2	; 194
      000A67 05                    3163 	.db #0x05	; 5
      000A68 A0                    3164 	.db #0xa0	; 160
      000A69 08                    3165 	.db #0x08	; 8
      000A6A 08                    3166 	.db #0x08	; 8
      000A6B 7F                    3167 	.db #0x7f	; 127
      000A6C 73                    3168 	.db #0x73	; 115	's'
      000A6D A0                    3169 	.db #0xa0	; 160
      000A6E 09                    3170 	.db #0x09	; 9
      000A6F 07                    3171 	.db #0x07	; 7
      000A70 61                    3172 	.db #0x61	; 97	'a'
      000A71 C7                    3173 	.db #0xc7	; 199
      000A72 02                    3174 	.db #0x02	; 2
      000A73 A0                    3175 	.db #0xa0	; 160
      000A74 08                    3176 	.db #0x08	; 8
      000A75 05                    3177 	.db #0x05	; 5
      000A76 7E                    3178 	.db #0x7e	; 126
      000A77 A0                    3179 	.db #0xa0	; 160
      000A78 09                    3180 	.db #0x09	; 9
      000A79 05                    3181 	.db #0x05	; 5
      000A7A 61                    3182 	.db #0x61	; 97	'a'
      000A7B D0                    3183 	.db #0xd0	; 208
      000A7C 02                    3184 	.db #0x02	; 2
      000A7D A0                    3185 	.db #0xa0	; 160
      000A7E 08                    3186 	.db #0x08	; 8
      000A7F 03                    3187 	.db #0x03	; 3
      000A80 7E                    3188 	.db #0x7e	; 126
      000A81 A0                    3189 	.db #0xa0	; 160
      000A82 09                    3190 	.db #0x09	; 9
      000A83 03                    3191 	.db #0x03	; 3
      000A84 61                    3192 	.db #0x61	; 97	'a'
      000A85 D0                    3193 	.db #0xd0	; 208
      000A86 02                    3194 	.db #0x02	; 2
      000A87 A0                    3195 	.db #0xa0	; 160
      000A88 08                    3196 	.db #0x08	; 8
      000A89 00                    3197 	.db #0x00	; 0
      000A8A 7E                    3198 	.db #0x7e	; 126
      000A8B A0                    3199 	.db #0xa0	; 160
      000A8C 09                    3200 	.db #0x09	; 9
      000A8D 00                    3201 	.db #0x00	; 0
      000A8E 61                    3202 	.db #0x61	; 97	'a'
      000A8F 90                    3203 	.db #0x90	; 144
      000A90 08                    3204 	.db #0x08	; 8
      000A91 A0                    3205 	.db #0xa0	; 160
      000A92 00                    3206 	.db #0x00	; 0
      000A93 67                    3207 	.db #0x67	; 103	'g'
      000A94 7F                    3208 	.db #0x7f	; 127
      000A95 72                    3209 	.db #0x72	; 114	'r'
      000A96 A0                    3210 	.db #0xa0	; 160
      000A97 08                    3211 	.db #0x08	; 8
      000A98 0F                    3212 	.db #0x0f	; 15
      000A99 7F                    3213 	.db #0x7f	; 127
      000A9A 73                    3214 	.db #0x73	; 115	's'
      000A9B A0                    3215 	.db #0xa0	; 160
      000A9C 02                    3216 	.db #0x02	; 2
      000A9D 6A                    3217 	.db #0x6a	; 106	'j'
      000A9E 7F                    3218 	.db #0x7f	; 127
      000A9F 73                    3219 	.db #0x73	; 115	's'
      000AA0 A0                    3220 	.db #0xa0	; 160
      000AA1 09                    3221 	.db #0x09	; 9
      000AA2 0E                    3222 	.db #0x0e	; 14
      000AA3 7F                    3223 	.db #0x7f	; 127
      000AA4 72                    3224 	.db #0x72	; 114	'r'
      000AA5 A0                    3225 	.db #0xa0	; 160
      000AA6 04                    3226 	.db #0x04	; 4
      000AA7 C5                    3227 	.db #0xc5	; 197
      000AA8 71                    3228 	.db #0x71	; 113	'q'
      000AA9 A0                    3229 	.db #0xa0	; 160
      000AAA 05                    3230 	.db #0x05	; 5
      000AAB 01                    3231 	.db #0x01	; 1
      000AAC 7F                    3232 	.db #0x7f	; 127
      000AAD 71                    3233 	.db #0x71	; 113	'q'
      000AAE A0                    3234 	.db #0xa0	; 160
      000AAF 0A                    3235 	.db #0x0a	; 10
      000AB0 0F                    3236 	.db #0x0f	; 15
      000AB1 61                    3237 	.db #0x61	; 97	'a'
      000AB2 7B                    3238 	.db #0x7b	; 123
      000AB3 02                    3239 	.db #0x02	; 2
      000AB4 A0                    3240 	.db #0xa0	; 160
      000AB5 08                    3241 	.db #0x08	; 8
      000AB6 0B                    3242 	.db #0x0b	; 11
      000AB7 7F                    3243 	.db #0x7f	; 127
      000AB8 71                    3244 	.db #0x71	; 113	'q'
      000AB9 A0                    3245 	.db #0xa0	; 160
      000ABA 09                    3246 	.db #0x09	; 9
      000ABB 0B                    3247 	.db #0x0b	; 11
      000ABC 7F                    3248 	.db #0x7f	; 127
      000ABD 71                    3249 	.db #0x71	; 113	'q'
      000ABE A0                    3250 	.db #0xa0	; 160
      000ABF 0A                    3251 	.db #0x0a	; 10
      000AC0 0B                    3252 	.db #0x0b	; 11
      000AC1 61                    3253 	.db #0x61	; 97	'a'
      000AC2 85                    3254 	.db #0x85	; 133
      000AC3 08                    3255 	.db #0x08	; 8
      000AC4 A0                    3256 	.db #0xa0	; 160
      000AC5 09                    3257 	.db #0x09	; 9
      000AC6 0A                    3258 	.db #0x0a	; 10
      000AC7 61                    3259 	.db #0x61	; 97	'a'
      000AC8 07                    3260 	.db #0x07	; 7
      000AC9 17                    3261 	.db #0x17	; 23
      000ACA A0                    3262 	.db #0xa0	; 160
      000ACB 04                    3263 	.db #0x04	; 4
      000ACC 8A                    3264 	.db #0x8a	; 138
      000ACD 71                    3265 	.db #0x71	; 113	'q'
      000ACE A0                    3266 	.db #0xa0	; 160
      000ACF 05                    3267 	.db #0x05	; 5
      000AD0 03                    3268 	.db #0x03	; 3
      000AD1 7F                    3269 	.db #0x7f	; 127
      000AD2 71                    3270 	.db #0x71	; 113	'q'
      000AD3 A0                    3271 	.db #0xa0	; 160
      000AD4 0A                    3272 	.db #0x0a	; 10
      000AD5 0F                    3273 	.db #0x0f	; 15
      000AD6 61                    3274 	.db #0x61	; 97	'a'
      000AD7 CA                    3275 	.db #0xca	; 202
      000AD8 02                    3276 	.db #0x02	; 2
      000AD9 A0                    3277 	.db #0xa0	; 160
      000ADA 0A                    3278 	.db #0x0a	; 10
      000ADB 0B                    3279 	.db #0x0b	; 11
      000ADC 61                    3280 	.db #0x61	; 97	'a'
      000ADD 83                    3281 	.db #0x83	; 131
      000ADE 08                    3282 	.db #0x08	; 8
      000ADF A0                    3283 	.db #0xa0	; 160
      000AE0 08                    3284 	.db #0x08	; 8
      000AE1 0A                    3285 	.db #0x0a	; 10
      000AE2 61                    3286 	.db #0x61	; 97	'a'
      000AE3 C2                    3287 	.db #0xc2	; 194
      000AE4 05                    3288 	.db #0x05	; 5
      000AE5 A0                    3289 	.db #0xa0	; 160
      000AE6 08                    3290 	.db #0x08	; 8
      000AE7 08                    3291 	.db #0x08	; 8
      000AE8 7F                    3292 	.db #0x7f	; 127
      000AE9 73                    3293 	.db #0x73	; 115	's'
      000AEA A0                    3294 	.db #0xa0	; 160
      000AEB 09                    3295 	.db #0x09	; 9
      000AEC 07                    3296 	.db #0x07	; 7
      000AED 61                    3297 	.db #0x61	; 97	'a'
      000AEE C7                    3298 	.db #0xc7	; 199
      000AEF 02                    3299 	.db #0x02	; 2
      000AF0 A0                    3300 	.db #0xa0	; 160
      000AF1 08                    3301 	.db #0x08	; 8
      000AF2 05                    3302 	.db #0x05	; 5
      000AF3 7E                    3303 	.db #0x7e	; 126
      000AF4 A0                    3304 	.db #0xa0	; 160
      000AF5 09                    3305 	.db #0x09	; 9
      000AF6 05                    3306 	.db #0x05	; 5
      000AF7 61                    3307 	.db #0x61	; 97	'a'
      000AF8 D0                    3308 	.db #0xd0	; 208
      000AF9 02                    3309 	.db #0x02	; 2
      000AFA A0                    3310 	.db #0xa0	; 160
      000AFB 08                    3311 	.db #0x08	; 8
      000AFC 03                    3312 	.db #0x03	; 3
      000AFD 7E                    3313 	.db #0x7e	; 126
      000AFE A0                    3314 	.db #0xa0	; 160
      000AFF 09                    3315 	.db #0x09	; 9
      000B00 03                    3316 	.db #0x03	; 3
      000B01 61                    3317 	.db #0x61	; 97	'a'
      000B02 D0                    3318 	.db #0xd0	; 208
      000B03 02                    3319 	.db #0x02	; 2
      000B04 A0                    3320 	.db #0xa0	; 160
      000B05 08                    3321 	.db #0x08	; 8
      000B06 00                    3322 	.db #0x00	; 0
      000B07 7E                    3323 	.db #0x7e	; 126
      000B08 A0                    3324 	.db #0xa0	; 160
      000B09 09                    3325 	.db #0x09	; 9
      000B0A 00                    3326 	.db #0x00	; 0
      000B0B 61                    3327 	.db #0x61	; 97	'a'
      000B0C 90                    3328 	.db #0x90	; 144
      000B0D 08                    3329 	.db #0x08	; 8
      000B0E A0                    3330 	.db #0xa0	; 160
      000B0F 00                    3331 	.db #0x00	; 0
      000B10 40                    3332 	.db #0x40	; 64
      000B11 7F                    3333 	.db #0x7f	; 127
      000B12 72                    3334 	.db #0x72	; 114	'r'
      000B13 A0                    3335 	.db #0xa0	; 160
      000B14 08                    3336 	.db #0x08	; 8
      000B15 0F                    3337 	.db #0x0f	; 15
      000B16 7F                    3338 	.db #0x7f	; 127
      000B17 73                    3339 	.db #0x73	; 115	's'
      000B18 A0                    3340 	.db #0xa0	; 160
      000B19 02                    3341 	.db #0x02	; 2
      000B1A 42                    3342 	.db #0x42	; 66	'B'
      000B1B 7F                    3343 	.db #0x7f	; 127
      000B1C 73                    3344 	.db #0x73	; 115	's'
      000B1D A0                    3345 	.db #0xa0	; 160
      000B1E 09                    3346 	.db #0x09	; 9
      000B1F 0E                    3347 	.db #0x0e	; 14
      000B20 7F                    3348 	.db #0x7f	; 127
      000B21 72                    3349 	.db #0x72	; 114	'r'
      000B22 A0                    3350 	.db #0xa0	; 160
      000B23 04                    3351 	.db #0x04	; 4
      000B24 27                    3352 	.db #0x27	; 39
      000B25 7F                    3353 	.db #0x7f	; 127
      000B26 73                    3354 	.db #0x73	; 115	's'
      000B27 A0                    3355 	.db #0xa0	; 160
      000B28 0A                    3356 	.db #0x0a	; 10
      000B29 0F                    3357 	.db #0x0f	; 15
      000B2A 61                    3358 	.db #0x61	; 97	'a'
      000B2B 7B                    3359 	.db #0x7b	; 123
      000B2C 02                    3360 	.db #0x02	; 2
      000B2D A0                    3361 	.db #0xa0	; 160
      000B2E 08                    3362 	.db #0x08	; 8
      000B2F 0B                    3363 	.db #0x0b	; 11
      000B30 7F                    3364 	.db #0x7f	; 127
      000B31 71                    3365 	.db #0x71	; 113	'q'
      000B32 A0                    3366 	.db #0xa0	; 160
      000B33 09                    3367 	.db #0x09	; 9
      000B34 0B                    3368 	.db #0x0b	; 11
      000B35 7F                    3369 	.db #0x7f	; 127
      000B36 71                    3370 	.db #0x71	; 113	'q'
      000B37 A0                    3371 	.db #0xa0	; 160
      000B38 0A                    3372 	.db #0x0a	; 10
      000B39 0B                    3373 	.db #0x0b	; 11
      000B3A 61                    3374 	.db #0x61	; 97	'a'
      000B3B 85                    3375 	.db #0x85	; 133
      000B3C 08                    3376 	.db #0x08	; 8
      000B3D A0                    3377 	.db #0xa0	; 160
      000B3E 09                    3378 	.db #0x09	; 9
      000B3F 0A                    3379 	.db #0x0a	; 10
      000B40 61                    3380 	.db #0x61	; 97	'a'
      000B41 F0                    3381 	.db #0xf0	; 240
      000B42 16                    3382 	.db #0x16	; 22
      000B43 A0                    3383 	.db #0xa0	; 160
      000B44 08                    3384 	.db #0x08	; 8
      000B45 08                    3385 	.db #0x08	; 8
      000B46 7F                    3386 	.db #0x7f	; 127
      000B47 73                    3387 	.db #0x73	; 115	's'
      000B48 A0                    3388 	.db #0xa0	; 160
      000B49 09                    3389 	.db #0x09	; 9
      000B4A 08                    3390 	.db #0x08	; 8
      000B4B 61                    3391 	.db #0x61	; 97	'a'
      000B4C 26                    3392 	.db #0x26	; 38
      000B4D 00                    3393 	.db #0x00	; 0
      000B4E A0                    3394 	.db #0xa0	; 160
      000B4F 0A                    3395 	.db #0x0a	; 10
      000B50 0F                    3396 	.db #0x0f	; 15
      000B51 61                    3397 	.db #0x61	; 97	'a'
      000B52 A1                    3398 	.db #0xa1	; 161
      000B53 02                    3399 	.db #0x02	; 2
      000B54 A0                    3400 	.db #0xa0	; 160
      000B55 08                    3401 	.db #0x08	; 8
      000B56 06                    3402 	.db #0x06	; 6
      000B57 7E                    3403 	.db #0x7e	; 126
      000B58 A0                    3404 	.db #0xa0	; 160
      000B59 09                    3405 	.db #0x09	; 9
      000B5A 05                    3406 	.db #0x05	; 5
      000B5B 7F                    3407 	.db #0x7f	; 127
      000B5C A0                    3408 	.db #0xa0	; 160
      000B5D 0A                    3409 	.db #0x0a	; 10
      000B5E 0B                    3410 	.db #0x0b	; 11
      000B5F 61                    3411 	.db #0x61	; 97	'a'
      000B60 C0                    3412 	.db #0xc0	; 192
      000B61 02                    3413 	.db #0x02	; 2
      000B62 A0                    3414 	.db #0xa0	; 160
      000B63 08                    3415 	.db #0x08	; 8
      000B64 03                    3416 	.db #0x03	; 3
      000B65 7E                    3417 	.db #0x7e	; 126
      000B66 A0                    3418 	.db #0xa0	; 160
      000B67 09                    3419 	.db #0x09	; 9
      000B68 03                    3420 	.db #0x03	; 3
      000B69 61                    3421 	.db #0x61	; 97	'a'
      000B6A D0                    3422 	.db #0xd0	; 208
      000B6B 02                    3423 	.db #0x02	; 2
      000B6C A0                    3424 	.db #0xa0	; 160
      000B6D 08                    3425 	.db #0x08	; 8
      000B6E 01                    3426 	.db #0x01	; 1
      000B6F 7E                    3427 	.db #0x7e	; 126
      000B70 A0                    3428 	.db #0xa0	; 160
      000B71 09                    3429 	.db #0x09	; 9
      000B72 01                    3430 	.db #0x01	; 1
      000B73 61                    3431 	.db #0x61	; 97	'a'
      000B74 D0                    3432 	.db #0xd0	; 208
      000B75 02                    3433 	.db #0x02	; 2
      000B76 A0                    3434 	.db #0xa0	; 160
      000B77 08                    3435 	.db #0x08	; 8
      000B78 00                    3436 	.db #0x00	; 0
      000B79 7E                    3437 	.db #0x7e	; 126
      000B7A A0                    3438 	.db #0xa0	; 160
      000B7B 09                    3439 	.db #0x09	; 9
      000B7C 00                    3440 	.db #0x00	; 0
      000B7D 61                    3441 	.db #0x61	; 97	'a'
      000B7E EB                    3442 	.db #0xeb	; 235
      000B7F 16                    3443 	.db #0x16	; 22
      000B80 A0                    3444 	.db #0xa0	; 160
      000B81 00                    3445 	.db #0x00	; 0
      000B82 0D                    3446 	.db #0x0d	; 13
      000B83 7F                    3447 	.db #0x7f	; 127
      000B84 72                    3448 	.db #0x72	; 114	'r'
      000B85 A0                    3449 	.db #0xa0	; 160
      000B86 08                    3450 	.db #0x08	; 8
      000B87 0F                    3451 	.db #0x0f	; 15
      000B88 7F                    3452 	.db #0x7f	; 127
      000B89 73                    3453 	.db #0x73	; 115	's'
      000B8A A0                    3454 	.db #0xa0	; 160
      000B8B 02                    3455 	.db #0x02	; 2
      000B8C 0F                    3456 	.db #0x0f	; 15
      000B8D 7F                    3457 	.db #0x7f	; 127
      000B8E 73                    3458 	.db #0x73	; 115	's'
      000B8F A0                    3459 	.db #0xa0	; 160
      000B90 09                    3460 	.db #0x09	; 9
      000B91 0E                    3461 	.db #0x0e	; 14
      000B92 7F                    3462 	.db #0x7f	; 127
      000B93 72                    3463 	.db #0x72	; 114	'r'
      000B94 A0                    3464 	.db #0xa0	; 160
      000B95 04                    3465 	.db #0x04	; 4
      000B96 93                    3466 	.db #0x93	; 147
      000B97 71                    3467 	.db #0x71	; 113	'q'
      000B98 A0                    3468 	.db #0xa0	; 160
      000B99 05                    3469 	.db #0x05	; 5
      000B9A 01                    3470 	.db #0x01	; 1
      000B9B 7F                    3471 	.db #0x7f	; 127
      000B9C 72                    3472 	.db #0x72	; 114	'r'
      000B9D A0                    3473 	.db #0xa0	; 160
      000B9E 0A                    3474 	.db #0x0a	; 10
      000B9F 0F                    3475 	.db #0x0f	; 15
      000BA0 61                    3476 	.db #0x61	; 97	'a'
      000BA1 7A                    3477 	.db #0x7a	; 122	'z'
      000BA2 02                    3478 	.db #0x02	; 2
      000BA3 A0                    3479 	.db #0xa0	; 160
      000BA4 08                    3480 	.db #0x08	; 8
      000BA5 0B                    3481 	.db #0x0b	; 11
      000BA6 7F                    3482 	.db #0x7f	; 127
      000BA7 71                    3483 	.db #0x71	; 113	'q'
      000BA8 A0                    3484 	.db #0xa0	; 160
      000BA9 09                    3485 	.db #0x09	; 9
      000BAA 0B                    3486 	.db #0x0b	; 11
      000BAB 7F                    3487 	.db #0x7f	; 127
      000BAC 71                    3488 	.db #0x71	; 113	'q'
      000BAD A0                    3489 	.db #0xa0	; 160
      000BAE 0A                    3490 	.db #0x0a	; 10
      000BAF 0B                    3491 	.db #0x0b	; 11
      000BB0 61                    3492 	.db #0x61	; 97	'a'
      000BB1 85                    3493 	.db #0x85	; 133
      000BB2 08                    3494 	.db #0x08	; 8
      000BB3 A0                    3495 	.db #0xa0	; 160
      000BB4 09                    3496 	.db #0x09	; 9
      000BB5 0A                    3497 	.db #0x0a	; 10
      000BB6 61                    3498 	.db #0x61	; 97	'a'
      000BB7 F0                    3499 	.db #0xf0	; 240
      000BB8 16                    3500 	.db #0x16	; 22
      000BB9 A0                    3501 	.db #0xa0	; 160
      000BBA 08                    3502 	.db #0x08	; 8
      000BBB 08                    3503 	.db #0x08	; 8
      000BBC 7F                    3504 	.db #0x7f	; 127
      000BBD 73                    3505 	.db #0x73	; 115	's'
      000BBE A0                    3506 	.db #0xa0	; 160
      000BBF 09                    3507 	.db #0x09	; 9
      000BC0 08                    3508 	.db #0x08	; 8
      000BC1 7F                    3509 	.db #0x7f	; 127
      000BC2 71                    3510 	.db #0x71	; 113	'q'
      000BC3 A0                    3511 	.db #0xa0	; 160
      000BC4 04                    3512 	.db #0x04	; 4
      000BC5 27                    3513 	.db #0x27	; 39
      000BC6 71                    3514 	.db #0x71	; 113	'q'
      000BC7 A0                    3515 	.db #0xa0	; 160
      000BC8 05                    3516 	.db #0x05	; 5
      000BC9 03                    3517 	.db #0x03	; 3
      000BCA 7F                    3518 	.db #0x7f	; 127
      000BCB 71                    3519 	.db #0x71	; 113	'q'
      000BCC A0                    3520 	.db #0xa0	; 160
      000BCD 0A                    3521 	.db #0x0a	; 10
      000BCE 0F                    3522 	.db #0x0f	; 15
      000BCF 61                    3523 	.db #0x61	; 97	'a'
      000BD0 A1                    3524 	.db #0xa1	; 161
      000BD1 02                    3525 	.db #0x02	; 2
      000BD2 A0                    3526 	.db #0xa0	; 160
      000BD3 08                    3527 	.db #0x08	; 8
      000BD4 06                    3528 	.db #0x06	; 6
      000BD5 7E                    3529 	.db #0x7e	; 126
      000BD6 A0                    3530 	.db #0xa0	; 160
      000BD7 09                    3531 	.db #0x09	; 9
      000BD8 05                    3532 	.db #0x05	; 5
      000BD9 7F                    3533 	.db #0x7f	; 127
      000BDA A0                    3534 	.db #0xa0	; 160
      000BDB 0A                    3535 	.db #0x0a	; 10
      000BDC 0B                    3536 	.db #0x0b	; 11
      000BDD 61                    3537 	.db #0x61	; 97	'a'
      000BDE C0                    3538 	.db #0xc0	; 192
      000BDF 02                    3539 	.db #0x02	; 2
      000BE0 A0                    3540 	.db #0xa0	; 160
      000BE1 08                    3541 	.db #0x08	; 8
      000BE2 03                    3542 	.db #0x03	; 3
      000BE3 7E                    3543 	.db #0x7e	; 126
      000BE4 A0                    3544 	.db #0xa0	; 160
      000BE5 09                    3545 	.db #0x09	; 9
      000BE6 03                    3546 	.db #0x03	; 3
      000BE7 61                    3547 	.db #0x61	; 97	'a'
      000BE8 D0                    3548 	.db #0xd0	; 208
      000BE9 02                    3549 	.db #0x02	; 2
      000BEA A0                    3550 	.db #0xa0	; 160
      000BEB 08                    3551 	.db #0x08	; 8
      000BEC 01                    3552 	.db #0x01	; 1
      000BED 7E                    3553 	.db #0x7e	; 126
      000BEE A0                    3554 	.db #0xa0	; 160
      000BEF 09                    3555 	.db #0x09	; 9
      000BF0 01                    3556 	.db #0x01	; 1
      000BF1 61                    3557 	.db #0x61	; 97	'a'
      000BF2 D0                    3558 	.db #0xd0	; 208
      000BF3 02                    3559 	.db #0x02	; 2
      000BF4 A0                    3560 	.db #0xa0	; 160
      000BF5 08                    3561 	.db #0x08	; 8
      000BF6 00                    3562 	.db #0x00	; 0
      000BF7 7E                    3563 	.db #0x7e	; 126
      000BF8 A0                    3564 	.db #0xa0	; 160
      000BF9 09                    3565 	.db #0x09	; 9
      000BFA 00                    3566 	.db #0x00	; 0
      000BFB 61                    3567 	.db #0x61	; 97	'a'
      000BFC B1                    3568 	.db #0xb1	; 177
      000BFD 05                    3569 	.db #0x05	; 5
      000BFE A0                    3570 	.db #0xa0	; 160
      000BFF 00                    3571 	.db #0x00	; 0
      000C00 C9                    3572 	.db #0xc9	; 201
      000C01 71                    3573 	.db #0x71	; 113	'q'
      000C02 A0                    3574 	.db #0xa0	; 160
      000C03 01                    3575 	.db #0x01	; 1
      000C04 00                    3576 	.db #0x00	; 0
      000C05 7F                    3577 	.db #0x7f	; 127
      000C06 71                    3578 	.db #0x71	; 113	'q'
      000C07 A0                    3579 	.db #0xa0	; 160
      000C08 08                    3580 	.db #0x08	; 8
      000C09 0F                    3581 	.db #0x0f	; 15
      000C0A 7F                    3582 	.db #0x7f	; 127
      000C0B 73                    3583 	.db #0x73	; 115	's'
      000C0C A0                    3584 	.db #0xa0	; 160
      000C0D 02                    3585 	.db #0x02	; 2
      000C0E CB                    3586 	.db #0xcb	; 203
      000C0F 71                    3587 	.db #0x71	; 113	'q'
      000C10 A0                    3588 	.db #0xa0	; 160
      000C11 03                    3589 	.db #0x03	; 3
      000C12 00                    3590 	.db #0x00	; 0
      000C13 7F                    3591 	.db #0x7f	; 127
      000C14 70                    3592 	.db #0x70	; 112	'p'
      000C15 A0                    3593 	.db #0xa0	; 160
      000C16 09                    3594 	.db #0x09	; 9
      000C17 0E                    3595 	.db #0x0e	; 14
      000C18 61                    3596 	.db #0x61	; 97	'a'
      000C19 A2                    3597 	.db #0xa2	; 162
      000C1A 02                    3598 	.db #0x02	; 2
      000C1B A0                    3599 	.db #0xa0	; 160
      000C1C 08                    3600 	.db #0x08	; 8
      000C1D 0B                    3601 	.db #0x0b	; 11
      000C1E 7F                    3602 	.db #0x7f	; 127
      000C1F 71                    3603 	.db #0x71	; 113	'q'
      000C20 A0                    3604 	.db #0xa0	; 160
      000C21 09                    3605 	.db #0x09	; 9
      000C22 0B                    3606 	.db #0x0b	; 11
      000C23 61                    3607 	.db #0x61	; 97	'a'
      000C24 97                    3608 	.db #0x97	; 151
      000C25 08                    3609 	.db #0x08	; 8
      000C26 A0                    3610 	.db #0xa0	; 160
      000C27 09                    3611 	.db #0x09	; 9
      000C28 0A                    3612 	.db #0x0a	; 10
      000C29 61                    3613 	.db #0x61	; 97	'a'
      000C2A D0                    3614 	.db #0xd0	; 208
      000C2B 05                    3615 	.db #0x05	; 5
      000C2C A0                    3616 	.db #0xa0	; 160
      000C2D 0A                    3617 	.db #0x0a	; 10
      000C2E 08                    3618 	.db #0x08	; 8
      000C2F 61                    3619 	.db #0x61	; 97	'a'
      000C30 DA                    3620 	.db #0xda	; 218
      000C31 02                    3621 	.db #0x02	; 2
      000C32 A0                    3622 	.db #0xa0	; 160
      000C33 0A                    3623 	.db #0x0a	; 10
      000C34 06                    3624 	.db #0x06	; 6
      000C35 62                    3625 	.db #0x62	; 98	'b'
      000C36 A0                    3626 	.db #0xa0	; 160
      000C37 0A                    3627 	.db #0x0a	; 10
      000C38 03                    3628 	.db #0x03	; 3
      000C39 62                    3629 	.db #0x62	; 98	'b'
      000C3A A0                    3630 	.db #0xa0	; 160
      000C3B 0A                    3631 	.db #0x0a	; 10
      000C3C 01                    3632 	.db #0x01	; 1
      000C3D 62                    3633 	.db #0x62	; 98	'b'
      000C3E A0                    3634 	.db #0xa0	; 160
      000C3F 0A                    3635 	.db #0x0a	; 10
      000C40 00                    3636 	.db #0x00	; 0
      000C41 61                    3637 	.db #0x61	; 97	'a'
      000C42 A9                    3638 	.db #0xa9	; 169
      000C43 05                    3639 	.db #0x05	; 5
      000C44 A0                    3640 	.db #0xa0	; 160
      000C45 08                    3641 	.db #0x08	; 8
      000C46 08                    3642 	.db #0x08	; 8
      000C47 7F                    3643 	.db #0x7f	; 127
      000C48 73                    3644 	.db #0x73	; 115	's'
      000C49 A0                    3645 	.db #0xa0	; 160
      000C4A 09                    3646 	.db #0x09	; 9
      000C4B 08                    3647 	.db #0x08	; 8
      000C4C 61                    3648 	.db #0x61	; 97	'a'
      000C4D C7                    3649 	.db #0xc7	; 199
      000C4E 02                    3650 	.db #0x02	; 2
      000C4F A0                    3651 	.db #0xa0	; 160
      000C50 08                    3652 	.db #0x08	; 8
      000C51 06                    3653 	.db #0x06	; 6
      000C52 7E                    3654 	.db #0x7e	; 126
      000C53 A0                    3655 	.db #0xa0	; 160
      000C54 09                    3656 	.db #0x09	; 9
      000C55 05                    3657 	.db #0x05	; 5
      000C56 61                    3658 	.db #0x61	; 97	'a'
      000C57 D0                    3659 	.db #0xd0	; 208
      000C58 02                    3660 	.db #0x02	; 2
      000C59 A0                    3661 	.db #0xa0	; 160
      000C5A 08                    3662 	.db #0x08	; 8
      000C5B 03                    3663 	.db #0x03	; 3
      000C5C 7E                    3664 	.db #0x7e	; 126
      000C5D A0                    3665 	.db #0xa0	; 160
      000C5E 09                    3666 	.db #0x09	; 9
      000C5F 03                    3667 	.db #0x03	; 3
      000C60 61                    3668 	.db #0x61	; 97	'a'
      000C61 D0                    3669 	.db #0xd0	; 208
      000C62 02                    3670 	.db #0x02	; 2
      000C63 A0                    3671 	.db #0xa0	; 160
      000C64 08                    3672 	.db #0x08	; 8
      000C65 01                    3673 	.db #0x01	; 1
      000C66 7E                    3674 	.db #0x7e	; 126
      000C67 A0                    3675 	.db #0xa0	; 160
      000C68 09                    3676 	.db #0x09	; 9
      000C69 01                    3677 	.db #0x01	; 1
      000C6A 61                    3678 	.db #0x61	; 97	'a'
      000C6B D0                    3679 	.db #0xd0	; 208
      000C6C 02                    3680 	.db #0x02	; 2
      000C6D A0                    3681 	.db #0xa0	; 160
      000C6E 08                    3682 	.db #0x08	; 8
      000C6F 00                    3683 	.db #0x00	; 0
      000C70 7E                    3684 	.db #0x7e	; 126
      000C71 A0                    3685 	.db #0xa0	; 160
      000C72 09                    3686 	.db #0x09	; 9
      000C73 00                    3687 	.db #0x00	; 0
      000C74 61                    3688 	.db #0x61	; 97	'a'
      000C75 B1                    3689 	.db #0xb1	; 177
      000C76 05                    3690 	.db #0x05	; 5
      000C77 A0                    3691 	.db #0xa0	; 160
      000C78 00                    3692 	.db #0x00	; 0
      000C79 A0                    3693 	.db #0xa0	; 160
      000C7A 7F                    3694 	.db #0x7f	; 127
      000C7B 73                    3695 	.db #0x73	; 115	's'
      000C7C A0                    3696 	.db #0xa0	; 160
      000C7D 08                    3697 	.db #0x08	; 8
      000C7E 0F                    3698 	.db #0x0f	; 15
      000C7F 7F                    3699 	.db #0x7f	; 127
      000C80 73                    3700 	.db #0x73	; 115	's'
      000C81 A0                    3701 	.db #0xa0	; 160
      000C82 02                    3702 	.db #0x02	; 2
      000C83 A1                    3703 	.db #0xa1	; 161
      000C84 7F                    3704 	.db #0x7f	; 127
      000C85 72                    3705 	.db #0x72	; 114	'r'
      000C86 A0                    3706 	.db #0xa0	; 160
      000C87 09                    3707 	.db #0x09	; 9
      000C88 0E                    3708 	.db #0x0e	; 14
      000C89 61                    3709 	.db #0x61	; 97	'a'
      000C8A 28                    3710 	.db #0x28	; 40
      000C8B 00                    3711 	.db #0x00	; 0
      000C8C A0                    3712 	.db #0xa0	; 160
      000C8D 0A                    3713 	.db #0x0a	; 10
      000C8E 0F                    3714 	.db #0x0f	; 15
      000C8F 61                    3715 	.db #0x61	; 97	'a'
      000C90 7A                    3716 	.db #0x7a	; 122	'z'
      000C91 02                    3717 	.db #0x02	; 2
      000C92 A0                    3718 	.db #0xa0	; 160
      000C93 08                    3719 	.db #0x08	; 8
      000C94 0B                    3720 	.db #0x0b	; 11
      000C95 7F                    3721 	.db #0x7f	; 127
      000C96 71                    3722 	.db #0x71	; 113	'q'
      000C97 A0                    3723 	.db #0xa0	; 160
      000C98 09                    3724 	.db #0x09	; 9
      000C99 0B                    3725 	.db #0x0b	; 11
      000C9A 7F                    3726 	.db #0x7f	; 127
      000C9B 71                    3727 	.db #0x71	; 113	'q'
      000C9C A0                    3728 	.db #0xa0	; 160
      000C9D 0A                    3729 	.db #0x0a	; 10
      000C9E 0B                    3730 	.db #0x0b	; 11
      000C9F 61                    3731 	.db #0x61	; 97	'a'
      000CA0 85                    3732 	.db #0x85	; 133
      000CA1 08                    3733 	.db #0x08	; 8
      000CA2 A0                    3734 	.db #0xa0	; 160
      000CA3 09                    3735 	.db #0x09	; 9
      000CA4 0A                    3736 	.db #0x0a	; 10
      000CA5 61                    3737 	.db #0x61	; 97	'a'
      000CA6 EE                    3738 	.db #0xee	; 238
      000CA7 16                    3739 	.db #0x16	; 22
      000CA8 A0                    3740 	.db #0xa0	; 160
      000CA9 00                    3741 	.db #0x00	; 0
      000CAA 97                    3742 	.db #0x97	; 151
      000CAB 7F                    3743 	.db #0x7f	; 127
      000CAC 73                    3744 	.db #0x73	; 115	's'
      000CAD A0                    3745 	.db #0xa0	; 160
      000CAE 08                    3746 	.db #0x08	; 8
      000CAF 0F                    3747 	.db #0x0f	; 15
      000CB0 7F                    3748 	.db #0x7f	; 127
      000CB1 73                    3749 	.db #0x73	; 115	's'
      000CB2 A0                    3750 	.db #0xa0	; 160
      000CB3 02                    3751 	.db #0x02	; 2
      000CB4 98                    3752 	.db #0x98	; 152
      000CB5 7F                    3753 	.db #0x7f	; 127
      000CB6 72                    3754 	.db #0x72	; 114	'r'
      000CB7 A0                    3755 	.db #0xa0	; 160
      000CB8 09                    3756 	.db #0x09	; 9
      000CB9 0E                    3757 	.db #0x0e	; 14
      000CBA 7F                    3758 	.db #0x7f	; 127
      000CBB 73                    3759 	.db #0x73	; 115	's'
      000CBC A0                    3760 	.db #0xa0	; 160
      000CBD 04                    3761 	.db #0x04	; 4
      000CBE 93                    3762 	.db #0x93	; 147
      000CBF 71                    3763 	.db #0x71	; 113	'q'
      000CC0 A0                    3764 	.db #0xa0	; 160
      000CC1 05                    3765 	.db #0x05	; 5
      000CC2 01                    3766 	.db #0x01	; 1
      000CC3 7F                    3767 	.db #0x7f	; 127
      000CC4 71                    3768 	.db #0x71	; 113	'q'
      000CC5 A0                    3769 	.db #0xa0	; 160
      000CC6 0A                    3770 	.db #0x0a	; 10
      000CC7 0F                    3771 	.db #0x0f	; 15
      000CC8 61                    3772 	.db #0x61	; 97	'a'
      000CC9 7A                    3773 	.db #0x7a	; 122	'z'
      000CCA 02                    3774 	.db #0x02	; 2
      000CCB A0                    3775 	.db #0xa0	; 160
      000CCC 08                    3776 	.db #0x08	; 8
      000CCD 0B                    3777 	.db #0x0b	; 11
      000CCE 7F                    3778 	.db #0x7f	; 127
      000CCF 71                    3779 	.db #0x71	; 113	'q'
      000CD0 A0                    3780 	.db #0xa0	; 160
      000CD1 09                    3781 	.db #0x09	; 9
      000CD2 0B                    3782 	.db #0x0b	; 11
      000CD3 7F                    3783 	.db #0x7f	; 127
      000CD4 71                    3784 	.db #0x71	; 113	'q'
      000CD5 A0                    3785 	.db #0xa0	; 160
      000CD6 0A                    3786 	.db #0x0a	; 10
      000CD7 0B                    3787 	.db #0x0b	; 11
      000CD8 61                    3788 	.db #0x61	; 97	'a'
      000CD9 85                    3789 	.db #0x85	; 133
      000CDA 08                    3790 	.db #0x08	; 8
      000CDB A0                    3791 	.db #0xa0	; 160
      000CDC 09                    3792 	.db #0x09	; 9
      000CDD 0A                    3793 	.db #0x0a	; 10
      000CDE 61                    3794 	.db #0x61	; 97	'a'
      000CDF EE                    3795 	.db #0xee	; 238
      000CE0 16                    3796 	.db #0x16	; 22
      000CE1 A0                    3797 	.db #0xa0	; 160
      000CE2 00                    3798 	.db #0x00	; 0
      000CE3 86                    3799 	.db #0x86	; 134
      000CE4 7F                    3800 	.db #0x7f	; 127
      000CE5 73                    3801 	.db #0x73	; 115	's'
      000CE6 A0                    3802 	.db #0xa0	; 160
      000CE7 08                    3803 	.db #0x08	; 8
      000CE8 0F                    3804 	.db #0x0f	; 15
      000CE9 7F                    3805 	.db #0x7f	; 127
      000CEA 73                    3806 	.db #0x73	; 115	's'
      000CEB A0                    3807 	.db #0xa0	; 160
      000CEC 02                    3808 	.db #0x02	; 2
      000CED 87                    3809 	.db #0x87	; 135
      000CEE 7F                    3810 	.db #0x7f	; 127
      000CEF 72                    3811 	.db #0x72	; 114	'r'
      000CF0 A0                    3812 	.db #0xa0	; 160
      000CF1 09                    3813 	.db #0x09	; 9
      000CF2 0E                    3814 	.db #0x0e	; 14
      000CF3 7F                    3815 	.db #0x7f	; 127
      000CF4 73                    3816 	.db #0x73	; 115	's'
      000CF5 A0                    3817 	.db #0xa0	; 160
      000CF6 04                    3818 	.db #0x04	; 4
      000CF7 27                    3819 	.db #0x27	; 39
      000CF8 71                    3820 	.db #0x71	; 113	'q'
      000CF9 A0                    3821 	.db #0xa0	; 160
      000CFA 05                    3822 	.db #0x05	; 5
      000CFB 03                    3823 	.db #0x03	; 3
      000CFC 7F                    3824 	.db #0x7f	; 127
      000CFD 71                    3825 	.db #0x71	; 113	'q'
      000CFE A0                    3826 	.db #0xa0	; 160
      000CFF 0A                    3827 	.db #0x0a	; 10
      000D00 0F                    3828 	.db #0x0f	; 15
      000D01 61                    3829 	.db #0x61	; 97	'a'
      000D02 7A                    3830 	.db #0x7a	; 122	'z'
      000D03 02                    3831 	.db #0x02	; 2
      000D04 A0                    3832 	.db #0xa0	; 160
      000D05 08                    3833 	.db #0x08	; 8
      000D06 0B                    3834 	.db #0x0b	; 11
      000D07 7F                    3835 	.db #0x7f	; 127
      000D08 71                    3836 	.db #0x71	; 113	'q'
      000D09 A0                    3837 	.db #0xa0	; 160
      000D0A 09                    3838 	.db #0x09	; 9
      000D0B 0B                    3839 	.db #0x0b	; 11
      000D0C 7F                    3840 	.db #0x7f	; 127
      000D0D 71                    3841 	.db #0x71	; 113	'q'
      000D0E A0                    3842 	.db #0xa0	; 160
      000D0F 0A                    3843 	.db #0x0a	; 10
      000D10 0B                    3844 	.db #0x0b	; 11
      000D11 61                    3845 	.db #0x61	; 97	'a'
      000D12 85                    3846 	.db #0x85	; 133
      000D13 08                    3847 	.db #0x08	; 8
      000D14 A0                    3848 	.db #0xa0	; 160
      000D15 09                    3849 	.db #0x09	; 9
      000D16 0A                    3850 	.db #0x0a	; 10
      000D17 61                    3851 	.db #0x61	; 97	'a'
      000D18 07                    3852 	.db #0x07	; 7
      000D19 17                    3853 	.db #0x17	; 23
      000D1A A0                    3854 	.db #0xa0	; 160
      000D1B 04                    3855 	.db #0x04	; 4
      000D1C F9                    3856 	.db #0xf9	; 249
      000D1D 7F                    3857 	.db #0x7f	; 127
      000D1E 73                    3858 	.db #0x73	; 115	's'
      000D1F A0                    3859 	.db #0xa0	; 160
      000D20 0A                    3860 	.db #0x0a	; 10
      000D21 0F                    3861 	.db #0x0f	; 15
      000D22 61                    3862 	.db #0x61	; 97	'a'
      000D23 CA                    3863 	.db #0xca	; 202
      000D24 02                    3864 	.db #0x02	; 2
      000D25 A0                    3865 	.db #0xa0	; 160
      000D26 0A                    3866 	.db #0x0a	; 10
      000D27 0B                    3867 	.db #0x0b	; 11
      000D28 61                    3868 	.db #0x61	; 97	'a'
      000D29 83                    3869 	.db #0x83	; 131
      000D2A 08                    3870 	.db #0x08	; 8
      000D2B A0                    3871 	.db #0xa0	; 160
      000D2C 08                    3872 	.db #0x08	; 8
      000D2D 0A                    3873 	.db #0x0a	; 10
      000D2E 61                    3874 	.db #0x61	; 97	'a'
      000D2F 67                    3875 	.db #0x67	; 103	'g'
      000D30 0E                    3876 	.db #0x0e	; 14
      000D31 A0                    3877 	.db #0xa0	; 160
      000D32 09                    3878 	.db #0x09	; 9
      000D33 09                    3879 	.db #0x09	; 9
      000D34 61                    3880 	.db #0x61	; 97	'a'
      000D35 C0                    3881 	.db #0xc0	; 192
      000D36 08                    3882 	.db #0x08	; 8
      000D37 A0                    3883 	.db #0xa0	; 160
      000D38 0A                    3884 	.db #0x0a	; 10
      000D39 0F                    3885 	.db #0x0f	; 15
      000D3A 61                    3886 	.db #0x61	; 97	'a'
      000D3B CA                    3887 	.db #0xca	; 202
      000D3C 02                    3888 	.db #0x02	; 2
      000D3D A0                    3889 	.db #0xa0	; 160
      000D3E 0A                    3890 	.db #0x0a	; 10
      000D3F 0B                    3891 	.db #0x0b	; 11
      000D40 61                    3892 	.db #0x61	; 97	'a'
      000D41 FF                    3893 	.db #0xff	; 255
      000D42 13                    3894 	.db #0x13	; 19
      000D43 A0                    3895 	.db #0xa0	; 160
      000D44 08                    3896 	.db #0x08	; 8
      000D45 09                    3897 	.db #0x09	; 9
      000D46 61                    3898 	.db #0x61	; 97	'a'
      000D47 97                    3899 	.db #0x97	; 151
      000D48 0B                    3900 	.db #0x0b	; 11
      000D49 A0                    3901 	.db #0xa0	; 160
      000D4A 04                    3902 	.db #0x04	; 4
      000D4B FC                    3903 	.db #0xfc	; 252
      000D4C 71                    3904 	.db #0x71	; 113	'q'
      000D4D A0                    3905 	.db #0xa0	; 160
      000D4E 05                    3906 	.db #0x05	; 5
      000D4F 01                    3907 	.db #0x01	; 1
      000D50 7F                    3908 	.db #0x7f	; 127
      000D51 71                    3909 	.db #0x71	; 113	'q'
      000D52 A0                    3910 	.db #0xa0	; 160
      000D53 0A                    3911 	.db #0x0a	; 10
      000D54 0F                    3912 	.db #0x0f	; 15
      000D55 61                    3913 	.db #0x61	; 97	'a'
      000D56 CA                    3914 	.db #0xca	; 202
      000D57 02                    3915 	.db #0x02	; 2
      000D58 A0                    3916 	.db #0xa0	; 160
      000D59 0A                    3917 	.db #0x0a	; 10
      000D5A 0B                    3918 	.db #0x0b	; 11
      000D5B 61                    3919 	.db #0x61	; 97	'a'
      000D5C D1                    3920 	.db #0xd1	; 209
      000D5D 02                    3921 	.db #0x02	; 2
      000D5E A0                    3922 	.db #0xa0	; 160
      000D5F 09                    3923 	.db #0x09	; 9
      000D60 08                    3924 	.db #0x08	; 8
      000D61 61                    3925 	.db #0x61	; 97	'a'
      000D62 AA                    3926 	.db #0xaa	; 170
      000D63 1C                    3927 	.db #0x1c	; 28
      000D64 A0                    3928 	.db #0xa0	; 160
      000D65 08                    3929 	.db #0x08	; 8
      000D66 08                    3930 	.db #0x08	; 8
      000D67 7F                    3931 	.db #0x7f	; 127
      000D68 7C                    3932 	.db #0x7c	; 124
      000D69 A0                    3933 	.db #0xa0	; 160
      000D6A 04                    3934 	.db #0x04	; 4
      000D6B F9                    3935 	.db #0xf9	; 249
      000D6C 71                    3936 	.db #0x71	; 113	'q'
      000D6D A0                    3937 	.db #0xa0	; 160
      000D6E 05                    3938 	.db #0x05	; 5
      000D6F 03                    3939 	.db #0x03	; 3
      000D70 7F                    3940 	.db #0x7f	; 127
      000D71 71                    3941 	.db #0x71	; 113	'q'
      000D72 A0                    3942 	.db #0xa0	; 160
      000D73 0A                    3943 	.db #0x0a	; 10
      000D74 0F                    3944 	.db #0x0f	; 15
      000D75 61                    3945 	.db #0x61	; 97	'a'
      000D76 C8                    3946 	.db #0xc8	; 200
      000D77 02                    3947 	.db #0x02	; 2
      000D78 A0                    3948 	.db #0xa0	; 160
      000D79 0A                    3949 	.db #0x0a	; 10
      000D7A 0B                    3950 	.db #0x0b	; 11
      000D7B 61                    3951 	.db #0x61	; 97	'a'
      000D7C 45                    3952 	.db #0x45	; 69	'E'
      000D7D 0E                    3953 	.db #0x0e	; 14
      000D7E A0                    3954 	.db #0xa0	; 160
      000D7F 08                    3955 	.db #0x08	; 8
      000D80 06                    3956 	.db #0x06	; 6
      000D81 7F                    3957 	.db #0x7f	; 127
      000D82 73                    3958 	.db #0x73	; 115	's'
      000D83 A0                    3959 	.db #0xa0	; 160
      000D84 09                    3960 	.db #0x09	; 9
      000D85 05                    3961 	.db #0x05	; 5
      000D86 61                    3962 	.db #0x61	; 97	'a'
      000D87 C7                    3963 	.db #0xc7	; 199
      000D88 02                    3964 	.db #0x02	; 2
      000D89 A0                    3965 	.db #0xa0	; 160
      000D8A 08                    3966 	.db #0x08	; 8
      000D8B 03                    3967 	.db #0x03	; 3
      000D8C 7E                    3968 	.db #0x7e	; 126
      000D8D A0                    3969 	.db #0xa0	; 160
      000D8E 09                    3970 	.db #0x09	; 9
      000D8F 03                    3971 	.db #0x03	; 3
      000D90 61                    3972 	.db #0x61	; 97	'a'
      000D91 D0                    3973 	.db #0xd0	; 208
      000D92 02                    3974 	.db #0x02	; 2
      000D93 A0                    3975 	.db #0xa0	; 160
      000D94 08                    3976 	.db #0x08	; 8
      000D95 01                    3977 	.db #0x01	; 1
      000D96 7E                    3978 	.db #0x7e	; 126
      000D97 A0                    3979 	.db #0xa0	; 160
      000D98 09                    3980 	.db #0x09	; 9
      000D99 01                    3981 	.db #0x01	; 1
      000D9A 61                    3982 	.db #0x61	; 97	'a'
      000D9B D0                    3983 	.db #0xd0	; 208
      000D9C 02                    3984 	.db #0x02	; 2
      000D9D A0                    3985 	.db #0xa0	; 160
      000D9E 08                    3986 	.db #0x08	; 8
      000D9F 00                    3987 	.db #0x00	; 0
      000DA0 7E                    3988 	.db #0x7e	; 126
      000DA1 A0                    3989 	.db #0xa0	; 160
      000DA2 09                    3990 	.db #0x09	; 9
      000DA3 00                    3991 	.db #0x00	; 0
      000DA4 61                    3992 	.db #0x61	; 97	'a'
      000DA5 90                    3993 	.db #0x90	; 144
      000DA6 08                    3994 	.db #0x08	; 8
      000DA7 A0                    3995 	.db #0xa0	; 160
      000DA8 00                    3996 	.db #0x00	; 0
      000DA9 97                    3997 	.db #0x97	; 151
      000DAA 7F                    3998 	.db #0x7f	; 127
      000DAB 73                    3999 	.db #0x73	; 115	's'
      000DAC A0                    4000 	.db #0xa0	; 160
      000DAD 08                    4001 	.db #0x08	; 8
      000DAE 0F                    4002 	.db #0x0f	; 15
      000DAF 7F                    4003 	.db #0x7f	; 127
      000DB0 73                    4004 	.db #0x73	; 115	's'
      000DB1 A0                    4005 	.db #0xa0	; 160
      000DB2 02                    4006 	.db #0x02	; 2
      000DB3 98                    4007 	.db #0x98	; 152
      000DB4 7F                    4008 	.db #0x7f	; 127
      000DB5 72                    4009 	.db #0x72	; 114	'r'
      000DB6 A0                    4010 	.db #0xa0	; 160
      000DB7 09                    4011 	.db #0x09	; 9
      000DB8 0E                    4012 	.db #0x0e	; 14
      000DB9 7F                    4013 	.db #0x7f	; 127
      000DBA 76                    4014 	.db #0x76	; 118	'v'
      000DBB A0                    4015 	.db #0xa0	; 160
      000DBC 0A                    4016 	.db #0x0a	; 10
      000DBD 08                    4017 	.db #0x08	; 8
      000DBE 61                    4018 	.db #0x61	; 97	'a'
      000DBF 8B                    4019 	.db #0x8b	; 139
      000DC0 02                    4020 	.db #0x02	; 2
      000DC1 A0                    4021 	.db #0xa0	; 160
      000DC2 08                    4022 	.db #0x08	; 8
      000DC3 0B                    4023 	.db #0x0b	; 11
      000DC4 7F                    4024 	.db #0x7f	; 127
      000DC5 71                    4025 	.db #0x71	; 113	'q'
      000DC6 A0                    4026 	.db #0xa0	; 160
      000DC7 09                    4027 	.db #0x09	; 9
      000DC8 0B                    4028 	.db #0x0b	; 11
      000DC9 7F                    4029 	.db #0x7f	; 127
      000DCA 71                    4030 	.db #0x71	; 113	'q'
      000DCB A0                    4031 	.db #0xa0	; 160
      000DCC 0A                    4032 	.db #0x0a	; 10
      000DCD 06                    4033 	.db #0x06	; 6
      000DCE 61                    4034 	.db #0x61	; 97	'a'
      000DCF D4                    4035 	.db #0xd4	; 212
      000DD0 02                    4036 	.db #0x02	; 2
      000DD1 A0                    4037 	.db #0xa0	; 160
      000DD2 0A                    4038 	.db #0x0a	; 10
      000DD3 03                    4039 	.db #0x03	; 3
      000DD4 62                    4040 	.db #0x62	; 98	'b'
      000DD5 A0                    4041 	.db #0xa0	; 160
      000DD6 0A                    4042 	.db #0x0a	; 10
      000DD7 01                    4043 	.db #0x01	; 1
      000DD8 61                    4044 	.db #0x61	; 97	'a'
      000DD9 D2                    4045 	.db #0xd2	; 210
      000DDA 02                    4046 	.db #0x02	; 2
      000DDB A0                    4047 	.db #0xa0	; 160
      000DDC 09                    4048 	.db #0x09	; 9
      000DDD 0A                    4049 	.db #0x0a	; 10
      000DDE 7F                    4050 	.db #0x7f	; 127
      000DDF A0                    4051 	.db #0xa0	; 160
      000DE0 0A                    4052 	.db #0x0a	; 10
      000DE1 00                    4053 	.db #0x00	; 0
      000DE2 61                    4054 	.db #0x61	; 97	'a'
      000DE3 F6                    4055 	.db #0xf6	; 246
      000DE4 16                    4056 	.db #0x16	; 22
      000DE5 A0                    4057 	.db #0xa0	; 160
      000DE6 04                    4058 	.db #0x04	; 4
      000DE7 8A                    4059 	.db #0x8a	; 138
      000DE8 7F                    4060 	.db #0x7f	; 127
      000DE9 74                    4061 	.db #0x74	; 116	't'
      000DEA A0                    4062 	.db #0xa0	; 160
      000DEB 0A                    4063 	.db #0x0a	; 10
      000DEC 0F                    4064 	.db #0x0f	; 15
      000DED 61                    4065 	.db #0x61	; 97	'a'
      000DEE CA                    4066 	.db #0xca	; 202
      000DEF 02                    4067 	.db #0x02	; 2
      000DF0 A0                    4068 	.db #0xa0	; 160
      000DF1 0A                    4069 	.db #0x0a	; 10
      000DF2 0B                    4070 	.db #0x0b	; 11
      000DF3 61                    4071 	.db #0x61	; 97	'a'
      000DF4 83                    4072 	.db #0x83	; 131
      000DF5 08                    4073 	.db #0x08	; 8
      000DF6 A0                    4074 	.db #0xa0	; 160
      000DF7 08                    4075 	.db #0x08	; 8
      000DF8 0A                    4076 	.db #0x0a	; 10
      000DF9 61                    4077 	.db #0x61	; 97	'a'
      000DFA C2                    4078 	.db #0xc2	; 194
      000DFB 05                    4079 	.db #0x05	; 5
      000DFC A0                    4080 	.db #0xa0	; 160
      000DFD 08                    4081 	.db #0x08	; 8
      000DFE 08                    4082 	.db #0x08	; 8
      000DFF 7F                    4083 	.db #0x7f	; 127
      000E00 73                    4084 	.db #0x73	; 115	's'
      000E01 A0                    4085 	.db #0xa0	; 160
      000E02 09                    4086 	.db #0x09	; 9
      000E03 07                    4087 	.db #0x07	; 7
      000E04 61                    4088 	.db #0x61	; 97	'a'
      000E05 C7                    4089 	.db #0xc7	; 199
      000E06 02                    4090 	.db #0x02	; 2
      000E07 A0                    4091 	.db #0xa0	; 160
      000E08 08                    4092 	.db #0x08	; 8
      000E09 05                    4093 	.db #0x05	; 5
      000E0A 7E                    4094 	.db #0x7e	; 126
      000E0B A0                    4095 	.db #0xa0	; 160
      000E0C 09                    4096 	.db #0x09	; 9
      000E0D 05                    4097 	.db #0x05	; 5
      000E0E 61                    4098 	.db #0x61	; 97	'a'
      000E0F D0                    4099 	.db #0xd0	; 208
      000E10 02                    4100 	.db #0x02	; 2
      000E11 A0                    4101 	.db #0xa0	; 160
      000E12 08                    4102 	.db #0x08	; 8
      000E13 03                    4103 	.db #0x03	; 3
      000E14 7E                    4104 	.db #0x7e	; 126
      000E15 A0                    4105 	.db #0xa0	; 160
      000E16 09                    4106 	.db #0x09	; 9
      000E17 03                    4107 	.db #0x03	; 3
      000E18 61                    4108 	.db #0x61	; 97	'a'
      000E19 D0                    4109 	.db #0xd0	; 208
      000E1A 02                    4110 	.db #0x02	; 2
      000E1B A0                    4111 	.db #0xa0	; 160
      000E1C 08                    4112 	.db #0x08	; 8
      000E1D 00                    4113 	.db #0x00	; 0
      000E1E 7E                    4114 	.db #0x7e	; 126
      000E1F A0                    4115 	.db #0xa0	; 160
      000E20 09                    4116 	.db #0x09	; 9
      000E21 00                    4117 	.db #0x00	; 0
      000E22 61                    4118 	.db #0x61	; 97	'a'
      000E23 90                    4119 	.db #0x90	; 144
      000E24 08                    4120 	.db #0x08	; 8
      000E25 A0                    4121 	.db #0xa0	; 160
      000E26 00                    4122 	.db #0x00	; 0
      000E27 B3                    4123 	.db #0xb3	; 179
      000E28 7F                    4124 	.db #0x7f	; 127
      000E29 73                    4125 	.db #0x73	; 115	's'
      000E2A A0                    4126 	.db #0xa0	; 160
      000E2B 08                    4127 	.db #0x08	; 8
      000E2C 0F                    4128 	.db #0x0f	; 15
      000E2D 7F                    4129 	.db #0x7f	; 127
      000E2E 73                    4130 	.db #0x73	; 115	's'
      000E2F A0                    4131 	.db #0xa0	; 160
      000E30 02                    4132 	.db #0x02	; 2
      000E31 B5                    4133 	.db #0xb5	; 181
      000E32 7F                    4134 	.db #0x7f	; 127
      000E33 72                    4135 	.db #0x72	; 114	'r'
      000E34 A0                    4136 	.db #0xa0	; 160
      000E35 09                    4137 	.db #0x09	; 9
      000E36 0E                    4138 	.db #0x0e	; 14
      000E37 7F                    4139 	.db #0x7f	; 127
      000E38 73                    4140 	.db #0x73	; 115	's'
      000E39 A0                    4141 	.db #0xa0	; 160
      000E3A 04                    4142 	.db #0x04	; 4
      000E3B C5                    4143 	.db #0xc5	; 197
      000E3C 71                    4144 	.db #0x71	; 113	'q'
      000E3D A0                    4145 	.db #0xa0	; 160
      000E3E 05                    4146 	.db #0x05	; 5
      000E3F 01                    4147 	.db #0x01	; 1
      000E40 7F                    4148 	.db #0x7f	; 127
      000E41 71                    4149 	.db #0x71	; 113	'q'
      000E42 A0                    4150 	.db #0xa0	; 160
      000E43 0A                    4151 	.db #0x0a	; 10
      000E44 0F                    4152 	.db #0x0f	; 15
      000E45 61                    4153 	.db #0x61	; 97	'a'
      000E46 7A                    4154 	.db #0x7a	; 122	'z'
      000E47 02                    4155 	.db #0x02	; 2
      000E48 A0                    4156 	.db #0xa0	; 160
      000E49 08                    4157 	.db #0x08	; 8
      000E4A 0B                    4158 	.db #0x0b	; 11
      000E4B 7F                    4159 	.db #0x7f	; 127
      000E4C 71                    4160 	.db #0x71	; 113	'q'
      000E4D A0                    4161 	.db #0xa0	; 160
      000E4E 09                    4162 	.db #0x09	; 9
      000E4F 0B                    4163 	.db #0x0b	; 11
      000E50 7F                    4164 	.db #0x7f	; 127
      000E51 71                    4165 	.db #0x71	; 113	'q'
      000E52 A0                    4166 	.db #0xa0	; 160
      000E53 0A                    4167 	.db #0x0a	; 10
      000E54 0B                    4168 	.db #0x0b	; 11
      000E55 61                    4169 	.db #0x61	; 97	'a'
      000E56 85                    4170 	.db #0x85	; 133
      000E57 08                    4171 	.db #0x08	; 8
      000E58 A0                    4172 	.db #0xa0	; 160
      000E59 09                    4173 	.db #0x09	; 9
      000E5A 0A                    4174 	.db #0x0a	; 10
      000E5B 61                    4175 	.db #0x61	; 97	'a'
      000E5C 07                    4176 	.db #0x07	; 7
      000E5D 17                    4177 	.db #0x17	; 23
      000E5E A0                    4178 	.db #0xa0	; 160
      000E5F 04                    4179 	.db #0x04	; 4
      000E60 8A                    4180 	.db #0x8a	; 138
      000E61 71                    4181 	.db #0x71	; 113	'q'
      000E62 A0                    4182 	.db #0xa0	; 160
      000E63 05                    4183 	.db #0x05	; 5
      000E64 03                    4184 	.db #0x03	; 3
      000E65 7F                    4185 	.db #0x7f	; 127
      000E66 71                    4186 	.db #0x71	; 113	'q'
      000E67 A0                    4187 	.db #0xa0	; 160
      000E68 0A                    4188 	.db #0x0a	; 10
      000E69 0F                    4189 	.db #0x0f	; 15
      000E6A 61                    4190 	.db #0x61	; 97	'a'
      000E6B CA                    4191 	.db #0xca	; 202
      000E6C 02                    4192 	.db #0x02	; 2
      000E6D A0                    4193 	.db #0xa0	; 160
      000E6E 0A                    4194 	.db #0x0a	; 10
      000E6F 0B                    4195 	.db #0x0b	; 11
      000E70 61                    4196 	.db #0x61	; 97	'a'
      000E71 83                    4197 	.db #0x83	; 131
      000E72 08                    4198 	.db #0x08	; 8
      000E73 A0                    4199 	.db #0xa0	; 160
      000E74 08                    4200 	.db #0x08	; 8
      000E75 0A                    4201 	.db #0x0a	; 10
      000E76 61                    4202 	.db #0x61	; 97	'a'
      000E77 C2                    4203 	.db #0xc2	; 194
      000E78 05                    4204 	.db #0x05	; 5
      000E79 A0                    4205 	.db #0xa0	; 160
      000E7A 08                    4206 	.db #0x08	; 8
      000E7B 08                    4207 	.db #0x08	; 8
      000E7C 7F                    4208 	.db #0x7f	; 127
      000E7D 73                    4209 	.db #0x73	; 115	's'
      000E7E A0                    4210 	.db #0xa0	; 160
      000E7F 09                    4211 	.db #0x09	; 9
      000E80 07                    4212 	.db #0x07	; 7
      000E81 61                    4213 	.db #0x61	; 97	'a'
      000E82 C7                    4214 	.db #0xc7	; 199
      000E83 02                    4215 	.db #0x02	; 2
      000E84 A0                    4216 	.db #0xa0	; 160
      000E85 08                    4217 	.db #0x08	; 8
      000E86 05                    4218 	.db #0x05	; 5
      000E87 7E                    4219 	.db #0x7e	; 126
      000E88 A0                    4220 	.db #0xa0	; 160
      000E89 09                    4221 	.db #0x09	; 9
      000E8A 05                    4222 	.db #0x05	; 5
      000E8B 61                    4223 	.db #0x61	; 97	'a'
      000E8C D0                    4224 	.db #0xd0	; 208
      000E8D 02                    4225 	.db #0x02	; 2
      000E8E A0                    4226 	.db #0xa0	; 160
      000E8F 08                    4227 	.db #0x08	; 8
      000E90 03                    4228 	.db #0x03	; 3
      000E91 7E                    4229 	.db #0x7e	; 126
      000E92 A0                    4230 	.db #0xa0	; 160
      000E93 09                    4231 	.db #0x09	; 9
      000E94 03                    4232 	.db #0x03	; 3
      000E95 61                    4233 	.db #0x61	; 97	'a'
      000E96 D0                    4234 	.db #0xd0	; 208
      000E97 02                    4235 	.db #0x02	; 2
      000E98 A0                    4236 	.db #0xa0	; 160
      000E99 08                    4237 	.db #0x08	; 8
      000E9A 00                    4238 	.db #0x00	; 0
      000E9B 7E                    4239 	.db #0x7e	; 126
      000E9C A0                    4240 	.db #0xa0	; 160
      000E9D 09                    4241 	.db #0x09	; 9
      000E9E 00                    4242 	.db #0x00	; 0
      000E9F 61                    4243 	.db #0x61	; 97	'a'
      000EA0 90                    4244 	.db #0x90	; 144
      000EA1 08                    4245 	.db #0x08	; 8
      000EA2 A0                    4246 	.db #0xa0	; 160
      000EA3 00                    4247 	.db #0x00	; 0
      000EA4 40                    4248 	.db #0x40	; 64
      000EA5 71                    4249 	.db #0x71	; 113	'q'
      000EA6 A0                    4250 	.db #0xa0	; 160
      000EA7 01                    4251 	.db #0x01	; 1
      000EA8 01                    4252 	.db #0x01	; 1
      000EA9 7F                    4253 	.db #0x7f	; 127
      000EAA 70                    4254 	.db #0x70	; 112	'p'
      000EAB A0                    4255 	.db #0xa0	; 160
      000EAC 08                    4256 	.db #0x08	; 8
      000EAD 0F                    4257 	.db #0x0f	; 15
      000EAE 7F                    4258 	.db #0x7f	; 127
      000EAF 73                    4259 	.db #0x73	; 115	's'
      000EB0 A0                    4260 	.db #0xa0	; 160
      000EB1 02                    4261 	.db #0x02	; 2
      000EB2 42                    4262 	.db #0x42	; 66	'B'
      000EB3 71                    4263 	.db #0x71	; 113	'q'
      000EB4 A0                    4264 	.db #0xa0	; 160
      000EB5 03                    4265 	.db #0x03	; 3
      000EB6 01                    4266 	.db #0x01	; 1
      000EB7 7F                    4267 	.db #0x7f	; 127
      000EB8 71                    4268 	.db #0x71	; 113	'q'
      000EB9 A0                    4269 	.db #0xa0	; 160
      000EBA 09                    4270 	.db #0x09	; 9
      000EBB 0E                    4271 	.db #0x0e	; 14
      000EBC 7F                    4272 	.db #0x7f	; 127
      000EBD 72                    4273 	.db #0x72	; 114	'r'
      000EBE A0                    4274 	.db #0xa0	; 160
      000EBF 04                    4275 	.db #0x04	; 4
      000EC0 27                    4276 	.db #0x27	; 39
      000EC1 7F                    4277 	.db #0x7f	; 127
      000EC2 73                    4278 	.db #0x73	; 115	's'
      000EC3 A0                    4279 	.db #0xa0	; 160
      000EC4 0A                    4280 	.db #0x0a	; 10
      000EC5 0F                    4281 	.db #0x0f	; 15
      000EC6 61                    4282 	.db #0x61	; 97	'a'
      000EC7 7B                    4283 	.db #0x7b	; 123
      000EC8 02                    4284 	.db #0x02	; 2
      000EC9 A0                    4285 	.db #0xa0	; 160
      000ECA 08                    4286 	.db #0x08	; 8
      000ECB 0B                    4287 	.db #0x0b	; 11
      000ECC 7F                    4288 	.db #0x7f	; 127
      000ECD 71                    4289 	.db #0x71	; 113	'q'
      000ECE A0                    4290 	.db #0xa0	; 160
      000ECF 09                    4291 	.db #0x09	; 9
      000ED0 0B                    4292 	.db #0x0b	; 11
      000ED1 7F                    4293 	.db #0x7f	; 127
      000ED2 71                    4294 	.db #0x71	; 113	'q'
      000ED3 A0                    4295 	.db #0xa0	; 160
      000ED4 0A                    4296 	.db #0x0a	; 10
      000ED5 0B                    4297 	.db #0x0b	; 11
      000ED6 61                    4298 	.db #0x61	; 97	'a'
      000ED7 85                    4299 	.db #0x85	; 133
      000ED8 08                    4300 	.db #0x08	; 8
      000ED9 A0                    4301 	.db #0xa0	; 160
      000EDA 09                    4302 	.db #0x09	; 9
      000EDB 0A                    4303 	.db #0x0a	; 10
      000EDC 61                    4304 	.db #0x61	; 97	'a'
      000EDD F0                    4305 	.db #0xf0	; 240
      000EDE 16                    4306 	.db #0x16	; 22
      000EDF A0                    4307 	.db #0xa0	; 160
      000EE0 08                    4308 	.db #0x08	; 8
      000EE1 08                    4309 	.db #0x08	; 8
      000EE2 7F                    4310 	.db #0x7f	; 127
      000EE3 73                    4311 	.db #0x73	; 115	's'
      000EE4 A0                    4312 	.db #0xa0	; 160
      000EE5 09                    4313 	.db #0x09	; 9
      000EE6 08                    4314 	.db #0x08	; 8
      000EE7 61                    4315 	.db #0x61	; 97	'a'
      000EE8 26                    4316 	.db #0x26	; 38
      000EE9 00                    4317 	.db #0x00	; 0
      000EEA A0                    4318 	.db #0xa0	; 160
      000EEB 0A                    4319 	.db #0x0a	; 10
      000EEC 0F                    4320 	.db #0x0f	; 15
      000EED 61                    4321 	.db #0x61	; 97	'a'
      000EEE A1                    4322 	.db #0xa1	; 161
      000EEF 02                    4323 	.db #0x02	; 2
      000EF0 A0                    4324 	.db #0xa0	; 160
      000EF1 08                    4325 	.db #0x08	; 8
      000EF2 06                    4326 	.db #0x06	; 6
      000EF3 7E                    4327 	.db #0x7e	; 126
      000EF4 A0                    4328 	.db #0xa0	; 160
      000EF5 09                    4329 	.db #0x09	; 9
      000EF6 05                    4330 	.db #0x05	; 5
      000EF7 7F                    4331 	.db #0x7f	; 127
      000EF8 A0                    4332 	.db #0xa0	; 160
      000EF9 0A                    4333 	.db #0x0a	; 10
      000EFA 0B                    4334 	.db #0x0b	; 11
      000EFB 61                    4335 	.db #0x61	; 97	'a'
      000EFC C0                    4336 	.db #0xc0	; 192
      000EFD 02                    4337 	.db #0x02	; 2
      000EFE A0                    4338 	.db #0xa0	; 160
      000EFF 08                    4339 	.db #0x08	; 8
      000F00 03                    4340 	.db #0x03	; 3
      000F01 7E                    4341 	.db #0x7e	; 126
      000F02 A0                    4342 	.db #0xa0	; 160
      000F03 09                    4343 	.db #0x09	; 9
      000F04 03                    4344 	.db #0x03	; 3
      000F05 61                    4345 	.db #0x61	; 97	'a'
      000F06 D0                    4346 	.db #0xd0	; 208
      000F07 02                    4347 	.db #0x02	; 2
      000F08 A0                    4348 	.db #0xa0	; 160
      000F09 08                    4349 	.db #0x08	; 8
      000F0A 01                    4350 	.db #0x01	; 1
      000F0B 7E                    4351 	.db #0x7e	; 126
      000F0C A0                    4352 	.db #0xa0	; 160
      000F0D 09                    4353 	.db #0x09	; 9
      000F0E 01                    4354 	.db #0x01	; 1
      000F0F 61                    4355 	.db #0x61	; 97	'a'
      000F10 D0                    4356 	.db #0xd0	; 208
      000F11 02                    4357 	.db #0x02	; 2
      000F12 A0                    4358 	.db #0xa0	; 160
      000F13 08                    4359 	.db #0x08	; 8
      000F14 00                    4360 	.db #0x00	; 0
      000F15 7E                    4361 	.db #0x7e	; 126
      000F16 A0                    4362 	.db #0xa0	; 160
      000F17 09                    4363 	.db #0x09	; 9
      000F18 00                    4364 	.db #0x00	; 0
      000F19 61                    4365 	.db #0x61	; 97	'a'
      000F1A EB                    4366 	.db #0xeb	; 235
      000F1B 16                    4367 	.db #0x16	; 22
      000F1C A0                    4368 	.db #0xa0	; 160
      000F1D 00                    4369 	.db #0x00	; 0
      000F1E 0D                    4370 	.db #0x0d	; 13
      000F1F 7F                    4371 	.db #0x7f	; 127
      000F20 72                    4372 	.db #0x72	; 114	'r'
      000F21 A0                    4373 	.db #0xa0	; 160
      000F22 08                    4374 	.db #0x08	; 8
      000F23 0F                    4375 	.db #0x0f	; 15
      000F24 7F                    4376 	.db #0x7f	; 127
      000F25 73                    4377 	.db #0x73	; 115	's'
      000F26 A0                    4378 	.db #0xa0	; 160
      000F27 02                    4379 	.db #0x02	; 2
      000F28 0F                    4380 	.db #0x0f	; 15
      000F29 7F                    4381 	.db #0x7f	; 127
      000F2A 73                    4382 	.db #0x73	; 115	's'
      000F2B A0                    4383 	.db #0xa0	; 160
      000F2C 09                    4384 	.db #0x09	; 9
      000F2D 0E                    4385 	.db #0x0e	; 14
      000F2E 7F                    4386 	.db #0x7f	; 127
      000F2F 72                    4387 	.db #0x72	; 114	'r'
      000F30 A0                    4388 	.db #0xa0	; 160
      000F31 04                    4389 	.db #0x04	; 4
      000F32 93                    4390 	.db #0x93	; 147
      000F33 71                    4391 	.db #0x71	; 113	'q'
      000F34 A0                    4392 	.db #0xa0	; 160
      000F35 05                    4393 	.db #0x05	; 5
      000F36 01                    4394 	.db #0x01	; 1
      000F37 7F                    4395 	.db #0x7f	; 127
      000F38 72                    4396 	.db #0x72	; 114	'r'
      000F39 A0                    4397 	.db #0xa0	; 160
      000F3A 0A                    4398 	.db #0x0a	; 10
      000F3B 0F                    4399 	.db #0x0f	; 15
      000F3C 61                    4400 	.db #0x61	; 97	'a'
      000F3D 7A                    4401 	.db #0x7a	; 122	'z'
      000F3E 02                    4402 	.db #0x02	; 2
      000F3F A0                    4403 	.db #0xa0	; 160
      000F40 08                    4404 	.db #0x08	; 8
      000F41 0B                    4405 	.db #0x0b	; 11
      000F42 7F                    4406 	.db #0x7f	; 127
      000F43 71                    4407 	.db #0x71	; 113	'q'
      000F44 A0                    4408 	.db #0xa0	; 160
      000F45 09                    4409 	.db #0x09	; 9
      000F46 0B                    4410 	.db #0x0b	; 11
      000F47 7F                    4411 	.db #0x7f	; 127
      000F48 71                    4412 	.db #0x71	; 113	'q'
      000F49 A0                    4413 	.db #0xa0	; 160
      000F4A 0A                    4414 	.db #0x0a	; 10
      000F4B 0B                    4415 	.db #0x0b	; 11
      000F4C 61                    4416 	.db #0x61	; 97	'a'
      000F4D 85                    4417 	.db #0x85	; 133
      000F4E 08                    4418 	.db #0x08	; 8
      000F4F A0                    4419 	.db #0xa0	; 160
      000F50 09                    4420 	.db #0x09	; 9
      000F51 0A                    4421 	.db #0x0a	; 10
      000F52 61                    4422 	.db #0x61	; 97	'a'
      000F53 F0                    4423 	.db #0xf0	; 240
      000F54 16                    4424 	.db #0x16	; 22
      000F55 A0                    4425 	.db #0xa0	; 160
      000F56 08                    4426 	.db #0x08	; 8
      000F57 08                    4427 	.db #0x08	; 8
      000F58 7F                    4428 	.db #0x7f	; 127
      000F59 73                    4429 	.db #0x73	; 115	's'
      000F5A A0                    4430 	.db #0xa0	; 160
      000F5B 09                    4431 	.db #0x09	; 9
      000F5C 08                    4432 	.db #0x08	; 8
      000F5D 7F                    4433 	.db #0x7f	; 127
      000F5E 71                    4434 	.db #0x71	; 113	'q'
      000F5F A0                    4435 	.db #0xa0	; 160
      000F60 04                    4436 	.db #0x04	; 4
      000F61 27                    4437 	.db #0x27	; 39
      000F62 71                    4438 	.db #0x71	; 113	'q'
      000F63 A0                    4439 	.db #0xa0	; 160
      000F64 05                    4440 	.db #0x05	; 5
      000F65 03                    4441 	.db #0x03	; 3
      000F66 7F                    4442 	.db #0x7f	; 127
      000F67 71                    4443 	.db #0x71	; 113	'q'
      000F68 A0                    4444 	.db #0xa0	; 160
      000F69 0A                    4445 	.db #0x0a	; 10
      000F6A 0F                    4446 	.db #0x0f	; 15
      000F6B 61                    4447 	.db #0x61	; 97	'a'
      000F6C A1                    4448 	.db #0xa1	; 161
      000F6D 02                    4449 	.db #0x02	; 2
      000F6E A0                    4450 	.db #0xa0	; 160
      000F6F 08                    4451 	.db #0x08	; 8
      000F70 06                    4452 	.db #0x06	; 6
      000F71 7E                    4453 	.db #0x7e	; 126
      000F72 A0                    4454 	.db #0xa0	; 160
      000F73 09                    4455 	.db #0x09	; 9
      000F74 05                    4456 	.db #0x05	; 5
      000F75 7F                    4457 	.db #0x7f	; 127
      000F76 A0                    4458 	.db #0xa0	; 160
      000F77 0A                    4459 	.db #0x0a	; 10
      000F78 0B                    4460 	.db #0x0b	; 11
      000F79 61                    4461 	.db #0x61	; 97	'a'
      000F7A C0                    4462 	.db #0xc0	; 192
      000F7B 02                    4463 	.db #0x02	; 2
      000F7C A0                    4464 	.db #0xa0	; 160
      000F7D 08                    4465 	.db #0x08	; 8
      000F7E 03                    4466 	.db #0x03	; 3
      000F7F 7E                    4467 	.db #0x7e	; 126
      000F80 A0                    4468 	.db #0xa0	; 160
      000F81 09                    4469 	.db #0x09	; 9
      000F82 03                    4470 	.db #0x03	; 3
      000F83 61                    4471 	.db #0x61	; 97	'a'
      000F84 D0                    4472 	.db #0xd0	; 208
      000F85 02                    4473 	.db #0x02	; 2
      000F86 A0                    4474 	.db #0xa0	; 160
      000F87 08                    4475 	.db #0x08	; 8
      000F88 01                    4476 	.db #0x01	; 1
      000F89 7E                    4477 	.db #0x7e	; 126
      000F8A A0                    4478 	.db #0xa0	; 160
      000F8B 09                    4479 	.db #0x09	; 9
      000F8C 01                    4480 	.db #0x01	; 1
      000F8D 61                    4481 	.db #0x61	; 97	'a'
      000F8E D0                    4482 	.db #0xd0	; 208
      000F8F 02                    4483 	.db #0x02	; 2
      000F90 A0                    4484 	.db #0xa0	; 160
      000F91 08                    4485 	.db #0x08	; 8
      000F92 00                    4486 	.db #0x00	; 0
      000F93 7E                    4487 	.db #0x7e	; 126
      000F94 A0                    4488 	.db #0xa0	; 160
      000F95 09                    4489 	.db #0x09	; 9
      000F96 00                    4490 	.db #0x00	; 0
      000F97 61                    4491 	.db #0x61	; 97	'a'
      000F98 B1                    4492 	.db #0xb1	; 177
      000F99 05                    4493 	.db #0x05	; 5
      000F9A A0                    4494 	.db #0xa0	; 160
      000F9B 00                    4495 	.db #0x00	; 0
      000F9C C9                    4496 	.db #0xc9	; 201
      000F9D 71                    4497 	.db #0x71	; 113	'q'
      000F9E A0                    4498 	.db #0xa0	; 160
      000F9F 01                    4499 	.db #0x01	; 1
      000FA0 00                    4500 	.db #0x00	; 0
      000FA1 7F                    4501 	.db #0x7f	; 127
      000FA2 71                    4502 	.db #0x71	; 113	'q'
      000FA3 A0                    4503 	.db #0xa0	; 160
      000FA4 08                    4504 	.db #0x08	; 8
      000FA5 0F                    4505 	.db #0x0f	; 15
      000FA6 7F                    4506 	.db #0x7f	; 127
      000FA7 73                    4507 	.db #0x73	; 115	's'
      000FA8 A0                    4508 	.db #0xa0	; 160
      000FA9 02                    4509 	.db #0x02	; 2
      000FAA CB                    4510 	.db #0xcb	; 203
      000FAB 71                    4511 	.db #0x71	; 113	'q'
      000FAC A0                    4512 	.db #0xa0	; 160
      000FAD 03                    4513 	.db #0x03	; 3
      000FAE 00                    4514 	.db #0x00	; 0
      000FAF 7F                    4515 	.db #0x7f	; 127
      000FB0 70                    4516 	.db #0x70	; 112	'p'
      000FB1 A0                    4517 	.db #0xa0	; 160
      000FB2 09                    4518 	.db #0x09	; 9
      000FB3 0E                    4519 	.db #0x0e	; 14
      000FB4 61                    4520 	.db #0x61	; 97	'a'
      000FB5 A2                    4521 	.db #0xa2	; 162
      000FB6 02                    4522 	.db #0x02	; 2
      000FB7 A0                    4523 	.db #0xa0	; 160
      000FB8 08                    4524 	.db #0x08	; 8
      000FB9 0B                    4525 	.db #0x0b	; 11
      000FBA 7F                    4526 	.db #0x7f	; 127
      000FBB 71                    4527 	.db #0x71	; 113	'q'
      000FBC A0                    4528 	.db #0xa0	; 160
      000FBD 09                    4529 	.db #0x09	; 9
      000FBE 0B                    4530 	.db #0x0b	; 11
      000FBF 61                    4531 	.db #0x61	; 97	'a'
      000FC0 97                    4532 	.db #0x97	; 151
      000FC1 08                    4533 	.db #0x08	; 8
      000FC2 A0                    4534 	.db #0xa0	; 160
      000FC3 09                    4535 	.db #0x09	; 9
      000FC4 0A                    4536 	.db #0x0a	; 10
      000FC5 61                    4537 	.db #0x61	; 97	'a'
      000FC6 D0                    4538 	.db #0xd0	; 208
      000FC7 05                    4539 	.db #0x05	; 5
      000FC8 A0                    4540 	.db #0xa0	; 160
      000FC9 0A                    4541 	.db #0x0a	; 10
      000FCA 08                    4542 	.db #0x08	; 8
      000FCB 61                    4543 	.db #0x61	; 97	'a'
      000FCC DA                    4544 	.db #0xda	; 218
      000FCD 02                    4545 	.db #0x02	; 2
      000FCE A0                    4546 	.db #0xa0	; 160
      000FCF 0A                    4547 	.db #0x0a	; 10
      000FD0 06                    4548 	.db #0x06	; 6
      000FD1 62                    4549 	.db #0x62	; 98	'b'
      000FD2 A0                    4550 	.db #0xa0	; 160
      000FD3 0A                    4551 	.db #0x0a	; 10
      000FD4 03                    4552 	.db #0x03	; 3
      000FD5 62                    4553 	.db #0x62	; 98	'b'
      000FD6 A0                    4554 	.db #0xa0	; 160
      000FD7 0A                    4555 	.db #0x0a	; 10
      000FD8 01                    4556 	.db #0x01	; 1
      000FD9 62                    4557 	.db #0x62	; 98	'b'
      000FDA A0                    4558 	.db #0xa0	; 160
      000FDB 0A                    4559 	.db #0x0a	; 10
      000FDC 00                    4560 	.db #0x00	; 0
      000FDD 61                    4561 	.db #0x61	; 97	'a'
      000FDE A9                    4562 	.db #0xa9	; 169
      000FDF 05                    4563 	.db #0x05	; 5
      000FE0 A0                    4564 	.db #0xa0	; 160
      000FE1 08                    4565 	.db #0x08	; 8
      000FE2 08                    4566 	.db #0x08	; 8
      000FE3 7F                    4567 	.db #0x7f	; 127
      000FE4 73                    4568 	.db #0x73	; 115	's'
      000FE5 A0                    4569 	.db #0xa0	; 160
      000FE6 09                    4570 	.db #0x09	; 9
      000FE7 08                    4571 	.db #0x08	; 8
      000FE8 61                    4572 	.db #0x61	; 97	'a'
      000FE9 C7                    4573 	.db #0xc7	; 199
      000FEA 02                    4574 	.db #0x02	; 2
      000FEB A0                    4575 	.db #0xa0	; 160
      000FEC 08                    4576 	.db #0x08	; 8
      000FED 06                    4577 	.db #0x06	; 6
      000FEE 7E                    4578 	.db #0x7e	; 126
      000FEF A0                    4579 	.db #0xa0	; 160
      000FF0 09                    4580 	.db #0x09	; 9
      000FF1 05                    4581 	.db #0x05	; 5
      000FF2 61                    4582 	.db #0x61	; 97	'a'
      000FF3 D0                    4583 	.db #0xd0	; 208
      000FF4 02                    4584 	.db #0x02	; 2
      000FF5 A0                    4585 	.db #0xa0	; 160
      000FF6 08                    4586 	.db #0x08	; 8
      000FF7 03                    4587 	.db #0x03	; 3
      000FF8 7E                    4588 	.db #0x7e	; 126
      000FF9 A0                    4589 	.db #0xa0	; 160
      000FFA 09                    4590 	.db #0x09	; 9
      000FFB 03                    4591 	.db #0x03	; 3
      000FFC 61                    4592 	.db #0x61	; 97	'a'
      000FFD D0                    4593 	.db #0xd0	; 208
      000FFE 02                    4594 	.db #0x02	; 2
      000FFF A0                    4595 	.db #0xa0	; 160
      001000 08                    4596 	.db #0x08	; 8
      001001 01                    4597 	.db #0x01	; 1
      001002 7E                    4598 	.db #0x7e	; 126
      001003 A0                    4599 	.db #0xa0	; 160
      001004 09                    4600 	.db #0x09	; 9
      001005 01                    4601 	.db #0x01	; 1
      001006 61                    4602 	.db #0x61	; 97	'a'
      001007 D0                    4603 	.db #0xd0	; 208
      001008 02                    4604 	.db #0x02	; 2
      001009 A0                    4605 	.db #0xa0	; 160
      00100A 08                    4606 	.db #0x08	; 8
      00100B 00                    4607 	.db #0x00	; 0
      00100C 7E                    4608 	.db #0x7e	; 126
      00100D A0                    4609 	.db #0xa0	; 160
      00100E 09                    4610 	.db #0x09	; 9
      00100F 00                    4611 	.db #0x00	; 0
      001010 61                    4612 	.db #0x61	; 97	'a'
      001011 B1                    4613 	.db #0xb1	; 177
      001012 05                    4614 	.db #0x05	; 5
      001013 A0                    4615 	.db #0xa0	; 160
      001014 00                    4616 	.db #0x00	; 0
      001015 E2                    4617 	.db #0xe2	; 226
      001016 7F                    4618 	.db #0x7f	; 127
      001017 72                    4619 	.db #0x72	; 114	'r'
      001018 A0                    4620 	.db #0xa0	; 160
      001019 08                    4621 	.db #0x08	; 8
      00101A 0F                    4622 	.db #0x0f	; 15
      00101B 7F                    4623 	.db #0x7f	; 127
      00101C 73                    4624 	.db #0x73	; 115	's'
      00101D A0                    4625 	.db #0xa0	; 160
      00101E 02                    4626 	.db #0x02	; 2
      00101F E5                    4627 	.db #0xe5	; 229
      001020 7F                    4628 	.db #0x7f	; 127
      001021 73                    4629 	.db #0x73	; 115	's'
      001022 A0                    4630 	.db #0xa0	; 160
      001023 09                    4631 	.db #0x09	; 9
      001024 0E                    4632 	.db #0x0e	; 14
      001025 61                    4633 	.db #0x61	; 97	'a'
      001026 27                    4634 	.db #0x27	; 39
      001027 00                    4635 	.db #0x00	; 0
      001028 A0                    4636 	.db #0xa0	; 160
      001029 0A                    4637 	.db #0x0a	; 10
      00102A 0F                    4638 	.db #0x0f	; 15
      00102B 61                    4639 	.db #0x61	; 97	'a'
      00102C 7B                    4640 	.db #0x7b	; 123
      00102D 02                    4641 	.db #0x02	; 2
      00102E A0                    4642 	.db #0xa0	; 160
      00102F 08                    4643 	.db #0x08	; 8
      001030 0B                    4644 	.db #0x0b	; 11
      001031 7F                    4645 	.db #0x7f	; 127
      001032 71                    4646 	.db #0x71	; 113	'q'
      001033 A0                    4647 	.db #0xa0	; 160
      001034 09                    4648 	.db #0x09	; 9
      001035 0B                    4649 	.db #0x0b	; 11
      001036 7F                    4650 	.db #0x7f	; 127
      001037 71                    4651 	.db #0x71	; 113	'q'
      001038 A0                    4652 	.db #0xa0	; 160
      001039 0A                    4653 	.db #0x0a	; 10
      00103A 0B                    4654 	.db #0x0b	; 11
      00103B 61                    4655 	.db #0x61	; 97	'a'
      00103C 85                    4656 	.db #0x85	; 133
      00103D 08                    4657 	.db #0x08	; 8
      00103E A0                    4658 	.db #0xa0	; 160
      00103F 09                    4659 	.db #0x09	; 9
      001040 0A                    4660 	.db #0x0a	; 10
      001041 61                    4661 	.db #0x61	; 97	'a'
      001042 EE                    4662 	.db #0xee	; 238
      001043 16                    4663 	.db #0x16	; 22
      001044 A0                    4664 	.db #0xa0	; 160
      001045 00                    4665 	.db #0x00	; 0
      001046 2E                    4666 	.db #0x2e	; 46
      001047 71                    4667 	.db #0x71	; 113	'q'
      001048 A0                    4668 	.db #0xa0	; 160
      001049 01                    4669 	.db #0x01	; 1
      00104A 01                    4670 	.db #0x01	; 1
      00104B 7F                    4671 	.db #0x7f	; 127
      00104C 70                    4672 	.db #0x70	; 112	'p'
      00104D A0                    4673 	.db #0xa0	; 160
      00104E 08                    4674 	.db #0x08	; 8
      00104F 0F                    4675 	.db #0x0f	; 15
      001050 7F                    4676 	.db #0x7f	; 127
      001051 73                    4677 	.db #0x73	; 115	's'
      001052 A0                    4678 	.db #0xa0	; 160
      001053 02                    4679 	.db #0x02	; 2
      001054 30                    4680 	.db #0x30	; 48	'0'
      001055 71                    4681 	.db #0x71	; 113	'q'
      001056 A0                    4682 	.db #0xa0	; 160
      001057 03                    4683 	.db #0x03	; 3
      001058 01                    4684 	.db #0x01	; 1
      001059 7F                    4685 	.db #0x7f	; 127
      00105A 71                    4686 	.db #0x71	; 113	'q'
      00105B A0                    4687 	.db #0xa0	; 160
      00105C 09                    4688 	.db #0x09	; 9
      00105D 0E                    4689 	.db #0x0e	; 14
      00105E 7F                    4690 	.db #0x7f	; 127
      00105F 72                    4691 	.db #0x72	; 114	'r'
      001060 A0                    4692 	.db #0xa0	; 160
      001061 04                    4693 	.db #0x04	; 4
      001062 93                    4694 	.db #0x93	; 147
      001063 71                    4695 	.db #0x71	; 113	'q'
      001064 A0                    4696 	.db #0xa0	; 160
      001065 05                    4697 	.db #0x05	; 5
      001066 01                    4698 	.db #0x01	; 1
      001067 7F                    4699 	.db #0x7f	; 127
      001068 72                    4700 	.db #0x72	; 114	'r'
      001069 A0                    4701 	.db #0xa0	; 160
      00106A 0A                    4702 	.db #0x0a	; 10
      00106B 0F                    4703 	.db #0x0f	; 15
      00106C 61                    4704 	.db #0x61	; 97	'a'
      00106D 7A                    4705 	.db #0x7a	; 122	'z'
      00106E 02                    4706 	.db #0x02	; 2
      00106F A0                    4707 	.db #0xa0	; 160
      001070 08                    4708 	.db #0x08	; 8
      001071 0B                    4709 	.db #0x0b	; 11
      001072 7F                    4710 	.db #0x7f	; 127
      001073 71                    4711 	.db #0x71	; 113	'q'
      001074 A0                    4712 	.db #0xa0	; 160
      001075 09                    4713 	.db #0x09	; 9
      001076 0B                    4714 	.db #0x0b	; 11
      001077 7F                    4715 	.db #0x7f	; 127
      001078 71                    4716 	.db #0x71	; 113	'q'
      001079 A0                    4717 	.db #0xa0	; 160
      00107A 0A                    4718 	.db #0x0a	; 10
      00107B 0B                    4719 	.db #0x0b	; 11
      00107C 61                    4720 	.db #0x61	; 97	'a'
      00107D 85                    4721 	.db #0x85	; 133
      00107E 08                    4722 	.db #0x08	; 8
      00107F A0                    4723 	.db #0xa0	; 160
      001080 09                    4724 	.db #0x09	; 9
      001081 0A                    4725 	.db #0x0a	; 10
      001082 61                    4726 	.db #0x61	; 97	'a'
      001083 EE                    4727 	.db #0xee	; 238
      001084 16                    4728 	.db #0x16	; 22
      001085 A0                    4729 	.db #0xa0	; 160
      001086 00                    4730 	.db #0x00	; 0
      001087 0D                    4731 	.db #0x0d	; 13
      001088 7F                    4732 	.db #0x7f	; 127
      001089 72                    4733 	.db #0x72	; 114	'r'
      00108A A0                    4734 	.db #0xa0	; 160
      00108B 08                    4735 	.db #0x08	; 8
      00108C 0F                    4736 	.db #0x0f	; 15
      00108D 7F                    4737 	.db #0x7f	; 127
      00108E 73                    4738 	.db #0x73	; 115	's'
      00108F A0                    4739 	.db #0xa0	; 160
      001090 02                    4740 	.db #0x02	; 2
      001091 0F                    4741 	.db #0x0f	; 15
      001092 7F                    4742 	.db #0x7f	; 127
      001093 73                    4743 	.db #0x73	; 115	's'
      001094 A0                    4744 	.db #0xa0	; 160
      001095 09                    4745 	.db #0x09	; 9
      001096 0E                    4746 	.db #0x0e	; 14
      001097 7F                    4747 	.db #0x7f	; 127
      001098 72                    4748 	.db #0x72	; 114	'r'
      001099 A0                    4749 	.db #0xa0	; 160
      00109A 04                    4750 	.db #0x04	; 4
      00109B 27                    4751 	.db #0x27	; 39
      00109C 71                    4752 	.db #0x71	; 113	'q'
      00109D A0                    4753 	.db #0xa0	; 160
      00109E 05                    4754 	.db #0x05	; 5
      00109F 03                    4755 	.db #0x03	; 3
      0010A0 7F                    4756 	.db #0x7f	; 127
      0010A1 71                    4757 	.db #0x71	; 113	'q'
      0010A2 A0                    4758 	.db #0xa0	; 160
      0010A3 0A                    4759 	.db #0x0a	; 10
      0010A4 0F                    4760 	.db #0x0f	; 15
      0010A5 61                    4761 	.db #0x61	; 97	'a'
      0010A6 7B                    4762 	.db #0x7b	; 123
      0010A7 02                    4763 	.db #0x02	; 2
      0010A8 A0                    4764 	.db #0xa0	; 160
      0010A9 08                    4765 	.db #0x08	; 8
      0010AA 0B                    4766 	.db #0x0b	; 11
      0010AB 7F                    4767 	.db #0x7f	; 127
      0010AC 71                    4768 	.db #0x71	; 113	'q'
      0010AD A0                    4769 	.db #0xa0	; 160
      0010AE 09                    4770 	.db #0x09	; 9
      0010AF 0B                    4771 	.db #0x0b	; 11
      0010B0 7F                    4772 	.db #0x7f	; 127
      0010B1 71                    4773 	.db #0x71	; 113	'q'
      0010B2 A0                    4774 	.db #0xa0	; 160
      0010B3 0A                    4775 	.db #0x0a	; 10
      0010B4 0B                    4776 	.db #0x0b	; 11
      0010B5 61                    4777 	.db #0x61	; 97	'a'
      0010B6 85                    4778 	.db #0x85	; 133
      0010B7 08                    4779 	.db #0x08	; 8
      0010B8 A0                    4780 	.db #0xa0	; 160
      0010B9 09                    4781 	.db #0x09	; 9
      0010BA 0A                    4782 	.db #0x0a	; 10
      0010BB 61                    4783 	.db #0x61	; 97	'a'
      0010BC 07                    4784 	.db #0x07	; 7
      0010BD 17                    4785 	.db #0x17	; 23
      0010BE A0                    4786 	.db #0xa0	; 160
      0010BF 04                    4787 	.db #0x04	; 4
      0010C0 8A                    4788 	.db #0x8a	; 138
      0010C1 7F                    4789 	.db #0x7f	; 127
      0010C2 73                    4790 	.db #0x73	; 115	's'
      0010C3 A0                    4791 	.db #0xa0	; 160
      0010C4 0A                    4792 	.db #0x0a	; 10
      0010C5 0F                    4793 	.db #0x0f	; 15
      0010C6 61                    4794 	.db #0x61	; 97	'a'
      0010C7 CA                    4795 	.db #0xca	; 202
      0010C8 02                    4796 	.db #0x02	; 2
      0010C9 A0                    4797 	.db #0xa0	; 160
      0010CA 0A                    4798 	.db #0x0a	; 10
      0010CB 0B                    4799 	.db #0x0b	; 11
      0010CC 61                    4800 	.db #0x61	; 97	'a'
      0010CD 83                    4801 	.db #0x83	; 131
      0010CE 08                    4802 	.db #0x08	; 8
      0010CF A0                    4803 	.db #0xa0	; 160
      0010D0 08                    4804 	.db #0x08	; 8
      0010D1 0A                    4805 	.db #0x0a	; 10
      0010D2 61                    4806 	.db #0x61	; 97	'a'
      0010D3 67                    4807 	.db #0x67	; 103	'g'
      0010D4 0E                    4808 	.db #0x0e	; 14
      0010D5 A0                    4809 	.db #0xa0	; 160
      0010D6 09                    4810 	.db #0x09	; 9
      0010D7 09                    4811 	.db #0x09	; 9
      0010D8 61                    4812 	.db #0x61	; 97	'a'
      0010D9 C0                    4813 	.db #0xc0	; 192
      0010DA 08                    4814 	.db #0x08	; 8
      0010DB A0                    4815 	.db #0xa0	; 160
      0010DC 0A                    4816 	.db #0x0a	; 10
      0010DD 0F                    4817 	.db #0x0f	; 15
      0010DE 61                    4818 	.db #0x61	; 97	'a'
      0010DF CA                    4819 	.db #0xca	; 202
      0010E0 02                    4820 	.db #0x02	; 2
      0010E1 A0                    4821 	.db #0xa0	; 160
      0010E2 0A                    4822 	.db #0x0a	; 10
      0010E3 0B                    4823 	.db #0x0b	; 11
      0010E4 61                    4824 	.db #0x61	; 97	'a'
      0010E5 FF                    4825 	.db #0xff	; 255
      0010E6 13                    4826 	.db #0x13	; 19
      0010E7 A0                    4827 	.db #0xa0	; 160
      0010E8 08                    4828 	.db #0x08	; 8
      0010E9 09                    4829 	.db #0x09	; 9
      0010EA 61                    4830 	.db #0x61	; 97	'a'
      0010EB 97                    4831 	.db #0x97	; 151
      0010EC 0B                    4832 	.db #0x0b	; 11
      0010ED A0                    4833 	.db #0xa0	; 160
      0010EE 04                    4834 	.db #0x04	; 4
      0010EF C5                    4835 	.db #0xc5	; 197
      0010F0 71                    4836 	.db #0x71	; 113	'q'
      0010F1 A0                    4837 	.db #0xa0	; 160
      0010F2 05                    4838 	.db #0x05	; 5
      0010F3 01                    4839 	.db #0x01	; 1
      0010F4 7F                    4840 	.db #0x7f	; 127
      0010F5 71                    4841 	.db #0x71	; 113	'q'
      0010F6 A0                    4842 	.db #0xa0	; 160
      0010F7 0A                    4843 	.db #0x0a	; 10
      0010F8 0F                    4844 	.db #0x0f	; 15
      0010F9 61                    4845 	.db #0x61	; 97	'a'
      0010FA CA                    4846 	.db #0xca	; 202
      0010FB 02                    4847 	.db #0x02	; 2
      0010FC A0                    4848 	.db #0xa0	; 160
      0010FD 0A                    4849 	.db #0x0a	; 10
      0010FE 0B                    4850 	.db #0x0b	; 11
      0010FF 61                    4851 	.db #0x61	; 97	'a'
      001100 D1                    4852 	.db #0xd1	; 209
      001101 02                    4853 	.db #0x02	; 2
      001102 A0                    4854 	.db #0xa0	; 160
      001103 09                    4855 	.db #0x09	; 9
      001104 08                    4856 	.db #0x08	; 8
      001105 61                    4857 	.db #0x61	; 97	'a'
      001106 AA                    4858 	.db #0xaa	; 170
      001107 1C                    4859 	.db #0x1c	; 28
      001108 A0                    4860 	.db #0xa0	; 160
      001109 08                    4861 	.db #0x08	; 8
      00110A 08                    4862 	.db #0x08	; 8
      00110B 7F                    4863 	.db #0x7f	; 127
      00110C 7C                    4864 	.db #0x7c	; 124
      00110D A0                    4865 	.db #0xa0	; 160
      00110E 04                    4866 	.db #0x04	; 4
      00110F 8A                    4867 	.db #0x8a	; 138
      001110 71                    4868 	.db #0x71	; 113	'q'
      001111 A0                    4869 	.db #0xa0	; 160
      001112 05                    4870 	.db #0x05	; 5
      001113 03                    4871 	.db #0x03	; 3
      001114 7F                    4872 	.db #0x7f	; 127
      001115 71                    4873 	.db #0x71	; 113	'q'
      001116 A0                    4874 	.db #0xa0	; 160
      001117 0A                    4875 	.db #0x0a	; 10
      001118 0F                    4876 	.db #0x0f	; 15
      001119 61                    4877 	.db #0x61	; 97	'a'
      00111A C8                    4878 	.db #0xc8	; 200
      00111B 02                    4879 	.db #0x02	; 2
      00111C A0                    4880 	.db #0xa0	; 160
      00111D 0A                    4881 	.db #0x0a	; 10
      00111E 0B                    4882 	.db #0x0b	; 11
      00111F 61                    4883 	.db #0x61	; 97	'a'
      001120 45                    4884 	.db #0x45	; 69	'E'
      001121 0E                    4885 	.db #0x0e	; 14
      001122 A0                    4886 	.db #0xa0	; 160
      001123 08                    4887 	.db #0x08	; 8
      001124 06                    4888 	.db #0x06	; 6
      001125 7F                    4889 	.db #0x7f	; 127
      001126 73                    4890 	.db #0x73	; 115	's'
      001127 A0                    4891 	.db #0xa0	; 160
      001128 09                    4892 	.db #0x09	; 9
      001129 05                    4893 	.db #0x05	; 5
      00112A 61                    4894 	.db #0x61	; 97	'a'
      00112B C7                    4895 	.db #0xc7	; 199
      00112C 02                    4896 	.db #0x02	; 2
      00112D A0                    4897 	.db #0xa0	; 160
      00112E 08                    4898 	.db #0x08	; 8
      00112F 03                    4899 	.db #0x03	; 3
      001130 7E                    4900 	.db #0x7e	; 126
      001131 A0                    4901 	.db #0xa0	; 160
      001132 09                    4902 	.db #0x09	; 9
      001133 03                    4903 	.db #0x03	; 3
      001134 61                    4904 	.db #0x61	; 97	'a'
      001135 D0                    4905 	.db #0xd0	; 208
      001136 02                    4906 	.db #0x02	; 2
      001137 A0                    4907 	.db #0xa0	; 160
      001138 08                    4908 	.db #0x08	; 8
      001139 01                    4909 	.db #0x01	; 1
      00113A 7E                    4910 	.db #0x7e	; 126
      00113B A0                    4911 	.db #0xa0	; 160
      00113C 09                    4912 	.db #0x09	; 9
      00113D 01                    4913 	.db #0x01	; 1
      00113E 61                    4914 	.db #0x61	; 97	'a'
      00113F D0                    4915 	.db #0xd0	; 208
      001140 02                    4916 	.db #0x02	; 2
      001141 A0                    4917 	.db #0xa0	; 160
      001142 08                    4918 	.db #0x08	; 8
      001143 00                    4919 	.db #0x00	; 0
      001144 7E                    4920 	.db #0x7e	; 126
      001145 A0                    4921 	.db #0xa0	; 160
      001146 09                    4922 	.db #0x09	; 9
      001147 00                    4923 	.db #0x00	; 0
      001148 61                    4924 	.db #0x61	; 97	'a'
      001149 90                    4925 	.db #0x90	; 144
      00114A 08                    4926 	.db #0x08	; 8
      00114B A0                    4927 	.db #0xa0	; 160
      00114C 00                    4928 	.db #0x00	; 0
      00114D 2E                    4929 	.db #0x2e	; 46
      00114E 7F                    4930 	.db #0x7f	; 127
      00114F 72                    4931 	.db #0x72	; 114	'r'
      001150 A0                    4932 	.db #0xa0	; 160
      001151 08                    4933 	.db #0x08	; 8
      001152 0F                    4934 	.db #0x0f	; 15
      001153 7F                    4935 	.db #0x7f	; 127
      001154 73                    4936 	.db #0x73	; 115	's'
      001155 A0                    4937 	.db #0xa0	; 160
      001156 02                    4938 	.db #0x02	; 2
      001157 30                    4939 	.db #0x30	; 48	'0'
      001158 7F                    4940 	.db #0x7f	; 127
      001159 73                    4941 	.db #0x73	; 115	's'
      00115A A0                    4942 	.db #0xa0	; 160
      00115B 09                    4943 	.db #0x09	; 9
      00115C 0E                    4944 	.db #0x0e	; 14
      00115D 7F                    4945 	.db #0x7f	; 127
      00115E 75                    4946 	.db #0x75	; 117	'u'
      00115F A0                    4947 	.db #0xa0	; 160
      001160 0A                    4948 	.db #0x0a	; 10
      001161 08                    4949 	.db #0x08	; 8
      001162 61                    4950 	.db #0x61	; 97	'a'
      001163 8C                    4951 	.db #0x8c	; 140
      001164 02                    4952 	.db #0x02	; 2
      001165 A0                    4953 	.db #0xa0	; 160
      001166 08                    4954 	.db #0x08	; 8
      001167 0B                    4955 	.db #0x0b	; 11
      001168 7F                    4956 	.db #0x7f	; 127
      001169 71                    4957 	.db #0x71	; 113	'q'
      00116A A0                    4958 	.db #0xa0	; 160
      00116B 09                    4959 	.db #0x09	; 9
      00116C 0B                    4960 	.db #0x0b	; 11
      00116D 7F                    4961 	.db #0x7f	; 127
      00116E 71                    4962 	.db #0x71	; 113	'q'
      00116F A0                    4963 	.db #0xa0	; 160
      001170 0A                    4964 	.db #0x0a	; 10
      001171 06                    4965 	.db #0x06	; 6
      001172 61                    4966 	.db #0x61	; 97	'a'
      001173 D4                    4967 	.db #0xd4	; 212
      001174 02                    4968 	.db #0x02	; 2
      001175 A0                    4969 	.db #0xa0	; 160
      001176 0A                    4970 	.db #0x0a	; 10
      001177 03                    4971 	.db #0x03	; 3
      001178 62                    4972 	.db #0x62	; 98	'b'
      001179 A0                    4973 	.db #0xa0	; 160
      00117A 0A                    4974 	.db #0x0a	; 10
      00117B 01                    4975 	.db #0x01	; 1
      00117C 61                    4976 	.db #0x61	; 97	'a'
      00117D D2                    4977 	.db #0xd2	; 210
      00117E 02                    4978 	.db #0x02	; 2
      00117F A0                    4979 	.db #0xa0	; 160
      001180 09                    4980 	.db #0x09	; 9
      001181 0A                    4981 	.db #0x0a	; 10
      001182 7F                    4982 	.db #0x7f	; 127
      001183 A0                    4983 	.db #0xa0	; 160
      001184 0A                    4984 	.db #0x0a	; 10
      001185 00                    4985 	.db #0x00	; 0
      001186 61                    4986 	.db #0x61	; 97	'a'
      001187 0B                    4987 	.db #0x0b	; 11
      001188 17                    4988 	.db #0x17	; 23
      001189 A0                    4989 	.db #0xa0	; 160
      00118A 0A                    4990 	.db #0x0a	; 10
      00118B 0F                    4991 	.db #0x0f	; 15
      00118C 61                    4992 	.db #0x61	; 97	'a'
      00118D CA                    4993 	.db #0xca	; 202
      00118E 02                    4994 	.db #0x02	; 2
      00118F A0                    4995 	.db #0xa0	; 160
      001190 0A                    4996 	.db #0x0a	; 10
      001191 0B                    4997 	.db #0x0b	; 11
      001192 61                    4998 	.db #0x61	; 97	'a'
      001193 83                    4999 	.db #0x83	; 131
      001194 08                    5000 	.db #0x08	; 8
      001195 A0                    5001 	.db #0xa0	; 160
      001196 08                    5002 	.db #0x08	; 8
      001197 0A                    5003 	.db #0x0a	; 10
      001198 61                    5004 	.db #0x61	; 97	'a'
      001199 C2                    5005 	.db #0xc2	; 194
      00119A 05                    5006 	.db #0x05	; 5
      00119B A0                    5007 	.db #0xa0	; 160
      00119C 08                    5008 	.db #0x08	; 8
      00119D 08                    5009 	.db #0x08	; 8
      00119E 7F                    5010 	.db #0x7f	; 127
      00119F 73                    5011 	.db #0x73	; 115	's'
      0011A0 A0                    5012 	.db #0xa0	; 160
      0011A1 09                    5013 	.db #0x09	; 9
      0011A2 07                    5014 	.db #0x07	; 7
      0011A3 61                    5015 	.db #0x61	; 97	'a'
      0011A4 C7                    5016 	.db #0xc7	; 199
      0011A5 02                    5017 	.db #0x02	; 2
      0011A6 A0                    5018 	.db #0xa0	; 160
      0011A7 08                    5019 	.db #0x08	; 8
      0011A8 05                    5020 	.db #0x05	; 5
      0011A9 7E                    5021 	.db #0x7e	; 126
      0011AA A0                    5022 	.db #0xa0	; 160
      0011AB 09                    5023 	.db #0x09	; 9
      0011AC 05                    5024 	.db #0x05	; 5
      0011AD 61                    5025 	.db #0x61	; 97	'a'
      0011AE D0                    5026 	.db #0xd0	; 208
      0011AF 02                    5027 	.db #0x02	; 2
      0011B0 A0                    5028 	.db #0xa0	; 160
      0011B1 08                    5029 	.db #0x08	; 8
      0011B2 03                    5030 	.db #0x03	; 3
      0011B3 7E                    5031 	.db #0x7e	; 126
      0011B4 A0                    5032 	.db #0xa0	; 160
      0011B5 09                    5033 	.db #0x09	; 9
      0011B6 03                    5034 	.db #0x03	; 3
      0011B7 61                    5035 	.db #0x61	; 97	'a'
      0011B8 D0                    5036 	.db #0xd0	; 208
      0011B9 02                    5037 	.db #0x02	; 2
      0011BA A0                    5038 	.db #0xa0	; 160
      0011BB 08                    5039 	.db #0x08	; 8
      0011BC 00                    5040 	.db #0x00	; 0
      0011BD 7E                    5041 	.db #0x7e	; 126
      0011BE A0                    5042 	.db #0xa0	; 160
      0011BF 09                    5043 	.db #0x09	; 9
      0011C0 00                    5044 	.db #0x00	; 0
      0011C1 61                    5045 	.db #0x61	; 97	'a'
      0011C2 90                    5046 	.db #0x90	; 144
      0011C3 08                    5047 	.db #0x08	; 8
      0011C4 A0                    5048 	.db #0xa0	; 160
      0011C5 00                    5049 	.db #0x00	; 0
      0011C6 67                    5050 	.db #0x67	; 103	'g'
      0011C7 7F                    5051 	.db #0x7f	; 127
      0011C8 72                    5052 	.db #0x72	; 114	'r'
      0011C9 A0                    5053 	.db #0xa0	; 160
      0011CA 08                    5054 	.db #0x08	; 8
      0011CB 0F                    5055 	.db #0x0f	; 15
      0011CC 7F                    5056 	.db #0x7f	; 127
      0011CD 73                    5057 	.db #0x73	; 115	's'
      0011CE A0                    5058 	.db #0xa0	; 160
      0011CF 02                    5059 	.db #0x02	; 2
      0011D0 6A                    5060 	.db #0x6a	; 106	'j'
      0011D1 7F                    5061 	.db #0x7f	; 127
      0011D2 73                    5062 	.db #0x73	; 115	's'
      0011D3 A0                    5063 	.db #0xa0	; 160
      0011D4 09                    5064 	.db #0x09	; 9
      0011D5 0E                    5065 	.db #0x0e	; 14
      0011D6 7F                    5066 	.db #0x7f	; 127
      0011D7 72                    5067 	.db #0x72	; 114	'r'
      0011D8 A0                    5068 	.db #0xa0	; 160
      0011D9 04                    5069 	.db #0x04	; 4
      0011DA C5                    5070 	.db #0xc5	; 197
      0011DB 71                    5071 	.db #0x71	; 113	'q'
      0011DC A0                    5072 	.db #0xa0	; 160
      0011DD 05                    5073 	.db #0x05	; 5
      0011DE 01                    5074 	.db #0x01	; 1
      0011DF 7F                    5075 	.db #0x7f	; 127
      0011E0 71                    5076 	.db #0x71	; 113	'q'
      0011E1 A0                    5077 	.db #0xa0	; 160
      0011E2 0A                    5078 	.db #0x0a	; 10
      0011E3 0F                    5079 	.db #0x0f	; 15
      0011E4 61                    5080 	.db #0x61	; 97	'a'
      0011E5 7B                    5081 	.db #0x7b	; 123
      0011E6 02                    5082 	.db #0x02	; 2
      0011E7 A0                    5083 	.db #0xa0	; 160
      0011E8 08                    5084 	.db #0x08	; 8
      0011E9 0B                    5085 	.db #0x0b	; 11
      0011EA 7F                    5086 	.db #0x7f	; 127
      0011EB 71                    5087 	.db #0x71	; 113	'q'
      0011EC A0                    5088 	.db #0xa0	; 160
      0011ED 09                    5089 	.db #0x09	; 9
      0011EE 0B                    5090 	.db #0x0b	; 11
      0011EF 7F                    5091 	.db #0x7f	; 127
      0011F0 71                    5092 	.db #0x71	; 113	'q'
      0011F1 A0                    5093 	.db #0xa0	; 160
      0011F2 0A                    5094 	.db #0x0a	; 10
      0011F3 0B                    5095 	.db #0x0b	; 11
      0011F4 61                    5096 	.db #0x61	; 97	'a'
      0011F5 85                    5097 	.db #0x85	; 133
      0011F6 08                    5098 	.db #0x08	; 8
      0011F7 A0                    5099 	.db #0xa0	; 160
      0011F8 09                    5100 	.db #0x09	; 9
      0011F9 0A                    5101 	.db #0x0a	; 10
      0011FA 61                    5102 	.db #0x61	; 97	'a'
      0011FB 07                    5103 	.db #0x07	; 7
      0011FC 17                    5104 	.db #0x17	; 23
      0011FD A0                    5105 	.db #0xa0	; 160
      0011FE 04                    5106 	.db #0x04	; 4
      0011FF 8A                    5107 	.db #0x8a	; 138
      001200 71                    5108 	.db #0x71	; 113	'q'
      001201 A0                    5109 	.db #0xa0	; 160
      001202 05                    5110 	.db #0x05	; 5
      001203 03                    5111 	.db #0x03	; 3
      001204 7F                    5112 	.db #0x7f	; 127
      001205 71                    5113 	.db #0x71	; 113	'q'
      001206 A0                    5114 	.db #0xa0	; 160
      001207 0A                    5115 	.db #0x0a	; 10
      001208 0F                    5116 	.db #0x0f	; 15
      001209 61                    5117 	.db #0x61	; 97	'a'
      00120A CA                    5118 	.db #0xca	; 202
      00120B 02                    5119 	.db #0x02	; 2
      00120C A0                    5120 	.db #0xa0	; 160
      00120D 0A                    5121 	.db #0x0a	; 10
      00120E 0B                    5122 	.db #0x0b	; 11
      00120F 61                    5123 	.db #0x61	; 97	'a'
      001210 83                    5124 	.db #0x83	; 131
      001211 08                    5125 	.db #0x08	; 8
      001212 A0                    5126 	.db #0xa0	; 160
      001213 08                    5127 	.db #0x08	; 8
      001214 0A                    5128 	.db #0x0a	; 10
      001215 61                    5129 	.db #0x61	; 97	'a'
      001216 C2                    5130 	.db #0xc2	; 194
      001217 05                    5131 	.db #0x05	; 5
      001218 A0                    5132 	.db #0xa0	; 160
      001219 08                    5133 	.db #0x08	; 8
      00121A 08                    5134 	.db #0x08	; 8
      00121B 7F                    5135 	.db #0x7f	; 127
      00121C 73                    5136 	.db #0x73	; 115	's'
      00121D A0                    5137 	.db #0xa0	; 160
      00121E 09                    5138 	.db #0x09	; 9
      00121F 07                    5139 	.db #0x07	; 7
      001220 61                    5140 	.db #0x61	; 97	'a'
      001221 C7                    5141 	.db #0xc7	; 199
      001222 02                    5142 	.db #0x02	; 2
      001223 A0                    5143 	.db #0xa0	; 160
      001224 08                    5144 	.db #0x08	; 8
      001225 05                    5145 	.db #0x05	; 5
      001226 7E                    5146 	.db #0x7e	; 126
      001227 A0                    5147 	.db #0xa0	; 160
      001228 09                    5148 	.db #0x09	; 9
      001229 05                    5149 	.db #0x05	; 5
      00122A 61                    5150 	.db #0x61	; 97	'a'
      00122B D0                    5151 	.db #0xd0	; 208
      00122C 02                    5152 	.db #0x02	; 2
      00122D A0                    5153 	.db #0xa0	; 160
      00122E 08                    5154 	.db #0x08	; 8
      00122F 03                    5155 	.db #0x03	; 3
      001230 7E                    5156 	.db #0x7e	; 126
      001231 A0                    5157 	.db #0xa0	; 160
      001232 09                    5158 	.db #0x09	; 9
      001233 03                    5159 	.db #0x03	; 3
      001234 61                    5160 	.db #0x61	; 97	'a'
      001235 D0                    5161 	.db #0xd0	; 208
      001236 02                    5162 	.db #0x02	; 2
      001237 A0                    5163 	.db #0xa0	; 160
      001238 08                    5164 	.db #0x08	; 8
      001239 00                    5165 	.db #0x00	; 0
      00123A 7E                    5166 	.db #0x7e	; 126
      00123B A0                    5167 	.db #0xa0	; 160
      00123C 09                    5168 	.db #0x09	; 9
      00123D 00                    5169 	.db #0x00	; 0
      00123E 61                    5170 	.db #0x61	; 97	'a'
      00123F 90                    5171 	.db #0x90	; 144
      001240 08                    5172 	.db #0x08	; 8
      001241 A0                    5173 	.db #0xa0	; 160
      001242 00                    5174 	.db #0x00	; 0
      001243 40                    5175 	.db #0x40	; 64
      001244 7F                    5176 	.db #0x7f	; 127
      001245 72                    5177 	.db #0x72	; 114	'r'
      001246 A0                    5178 	.db #0xa0	; 160
      001247 08                    5179 	.db #0x08	; 8
      001248 0F                    5180 	.db #0x0f	; 15
      001249 7F                    5181 	.db #0x7f	; 127
      00124A 73                    5182 	.db #0x73	; 115	's'
      00124B A0                    5183 	.db #0xa0	; 160
      00124C 02                    5184 	.db #0x02	; 2
      00124D 42                    5185 	.db #0x42	; 66	'B'
      00124E 7F                    5186 	.db #0x7f	; 127
      00124F 73                    5187 	.db #0x73	; 115	's'
      001250 A0                    5188 	.db #0xa0	; 160
      001251 09                    5189 	.db #0x09	; 9
      001252 0E                    5190 	.db #0x0e	; 14
      001253 7F                    5191 	.db #0x7f	; 127
      001254 72                    5192 	.db #0x72	; 114	'r'
      001255 A0                    5193 	.db #0xa0	; 160
      001256 04                    5194 	.db #0x04	; 4
      001257 27                    5195 	.db #0x27	; 39
      001258 7F                    5196 	.db #0x7f	; 127
      001259 73                    5197 	.db #0x73	; 115	's'
      00125A A0                    5198 	.db #0xa0	; 160
      00125B 0A                    5199 	.db #0x0a	; 10
      00125C 0F                    5200 	.db #0x0f	; 15
      00125D 61                    5201 	.db #0x61	; 97	'a'
      00125E 7B                    5202 	.db #0x7b	; 123
      00125F 02                    5203 	.db #0x02	; 2
      001260 A0                    5204 	.db #0xa0	; 160
      001261 08                    5205 	.db #0x08	; 8
      001262 0B                    5206 	.db #0x0b	; 11
      001263 7F                    5207 	.db #0x7f	; 127
      001264 71                    5208 	.db #0x71	; 113	'q'
      001265 A0                    5209 	.db #0xa0	; 160
      001266 09                    5210 	.db #0x09	; 9
      001267 0B                    5211 	.db #0x0b	; 11
      001268 7F                    5212 	.db #0x7f	; 127
      001269 71                    5213 	.db #0x71	; 113	'q'
      00126A A0                    5214 	.db #0xa0	; 160
      00126B 0A                    5215 	.db #0x0a	; 10
      00126C 0B                    5216 	.db #0x0b	; 11
      00126D 61                    5217 	.db #0x61	; 97	'a'
      00126E 85                    5218 	.db #0x85	; 133
      00126F 08                    5219 	.db #0x08	; 8
      001270 A0                    5220 	.db #0xa0	; 160
      001271 09                    5221 	.db #0x09	; 9
      001272 0A                    5222 	.db #0x0a	; 10
      001273 61                    5223 	.db #0x61	; 97	'a'
      001274 F0                    5224 	.db #0xf0	; 240
      001275 16                    5225 	.db #0x16	; 22
      001276 A0                    5226 	.db #0xa0	; 160
      001277 08                    5227 	.db #0x08	; 8
      001278 08                    5228 	.db #0x08	; 8
      001279 7F                    5229 	.db #0x7f	; 127
      00127A 73                    5230 	.db #0x73	; 115	's'
      00127B A0                    5231 	.db #0xa0	; 160
      00127C 09                    5232 	.db #0x09	; 9
      00127D 08                    5233 	.db #0x08	; 8
      00127E 61                    5234 	.db #0x61	; 97	'a'
      00127F 26                    5235 	.db #0x26	; 38
      001280 00                    5236 	.db #0x00	; 0
      001281 A0                    5237 	.db #0xa0	; 160
      001282 0A                    5238 	.db #0x0a	; 10
      001283 0F                    5239 	.db #0x0f	; 15
      001284 61                    5240 	.db #0x61	; 97	'a'
      001285 A1                    5241 	.db #0xa1	; 161
      001286 02                    5242 	.db #0x02	; 2
      001287 A0                    5243 	.db #0xa0	; 160
      001288 08                    5244 	.db #0x08	; 8
      001289 06                    5245 	.db #0x06	; 6
      00128A 7E                    5246 	.db #0x7e	; 126
      00128B A0                    5247 	.db #0xa0	; 160
      00128C 09                    5248 	.db #0x09	; 9
      00128D 05                    5249 	.db #0x05	; 5
      00128E 7F                    5250 	.db #0x7f	; 127
      00128F A0                    5251 	.db #0xa0	; 160
      001290 0A                    5252 	.db #0x0a	; 10
      001291 0B                    5253 	.db #0x0b	; 11
      001292 61                    5254 	.db #0x61	; 97	'a'
      001293 C0                    5255 	.db #0xc0	; 192
      001294 02                    5256 	.db #0x02	; 2
      001295 A0                    5257 	.db #0xa0	; 160
      001296 08                    5258 	.db #0x08	; 8
      001297 03                    5259 	.db #0x03	; 3
      001298 7E                    5260 	.db #0x7e	; 126
      001299 A0                    5261 	.db #0xa0	; 160
      00129A 09                    5262 	.db #0x09	; 9
      00129B 03                    5263 	.db #0x03	; 3
      00129C 61                    5264 	.db #0x61	; 97	'a'
      00129D D0                    5265 	.db #0xd0	; 208
      00129E 02                    5266 	.db #0x02	; 2
      00129F A0                    5267 	.db #0xa0	; 160
      0012A0 08                    5268 	.db #0x08	; 8
      0012A1 01                    5269 	.db #0x01	; 1
      0012A2 7E                    5270 	.db #0x7e	; 126
      0012A3 A0                    5271 	.db #0xa0	; 160
      0012A4 09                    5272 	.db #0x09	; 9
      0012A5 01                    5273 	.db #0x01	; 1
      0012A6 61                    5274 	.db #0x61	; 97	'a'
      0012A7 D0                    5275 	.db #0xd0	; 208
      0012A8 02                    5276 	.db #0x02	; 2
      0012A9 A0                    5277 	.db #0xa0	; 160
      0012AA 08                    5278 	.db #0x08	; 8
      0012AB 00                    5279 	.db #0x00	; 0
      0012AC 7E                    5280 	.db #0x7e	; 126
      0012AD A0                    5281 	.db #0xa0	; 160
      0012AE 09                    5282 	.db #0x09	; 9
      0012AF 00                    5283 	.db #0x00	; 0
      0012B0 61                    5284 	.db #0x61	; 97	'a'
      0012B1 EB                    5285 	.db #0xeb	; 235
      0012B2 16                    5286 	.db #0x16	; 22
      0012B3 A0                    5287 	.db #0xa0	; 160
      0012B4 00                    5288 	.db #0x00	; 0
      0012B5 0D                    5289 	.db #0x0d	; 13
      0012B6 7F                    5290 	.db #0x7f	; 127
      0012B7 72                    5291 	.db #0x72	; 114	'r'
      0012B8 A0                    5292 	.db #0xa0	; 160
      0012B9 08                    5293 	.db #0x08	; 8
      0012BA 0F                    5294 	.db #0x0f	; 15
      0012BB 7F                    5295 	.db #0x7f	; 127
      0012BC 73                    5296 	.db #0x73	; 115	's'
      0012BD A0                    5297 	.db #0xa0	; 160
      0012BE 02                    5298 	.db #0x02	; 2
      0012BF 0F                    5299 	.db #0x0f	; 15
      0012C0 7F                    5300 	.db #0x7f	; 127
      0012C1 73                    5301 	.db #0x73	; 115	's'
      0012C2 A0                    5302 	.db #0xa0	; 160
      0012C3 09                    5303 	.db #0x09	; 9
      0012C4 0E                    5304 	.db #0x0e	; 14
      0012C5 7F                    5305 	.db #0x7f	; 127
      0012C6 72                    5306 	.db #0x72	; 114	'r'
      0012C7 A0                    5307 	.db #0xa0	; 160
      0012C8 04                    5308 	.db #0x04	; 4
      0012C9 93                    5309 	.db #0x93	; 147
      0012CA 71                    5310 	.db #0x71	; 113	'q'
      0012CB A0                    5311 	.db #0xa0	; 160
      0012CC 05                    5312 	.db #0x05	; 5
      0012CD 01                    5313 	.db #0x01	; 1
      0012CE 7F                    5314 	.db #0x7f	; 127
      0012CF 72                    5315 	.db #0x72	; 114	'r'
      0012D0 A0                    5316 	.db #0xa0	; 160
      0012D1 0A                    5317 	.db #0x0a	; 10
      0012D2 0F                    5318 	.db #0x0f	; 15
      0012D3 61                    5319 	.db #0x61	; 97	'a'
      0012D4 7A                    5320 	.db #0x7a	; 122	'z'
      0012D5 02                    5321 	.db #0x02	; 2
      0012D6 A0                    5322 	.db #0xa0	; 160
      0012D7 08                    5323 	.db #0x08	; 8
      0012D8 0B                    5324 	.db #0x0b	; 11
      0012D9 7F                    5325 	.db #0x7f	; 127
      0012DA 71                    5326 	.db #0x71	; 113	'q'
      0012DB A0                    5327 	.db #0xa0	; 160
      0012DC 09                    5328 	.db #0x09	; 9
      0012DD 0B                    5329 	.db #0x0b	; 11
      0012DE 7F                    5330 	.db #0x7f	; 127
      0012DF 71                    5331 	.db #0x71	; 113	'q'
      0012E0 A0                    5332 	.db #0xa0	; 160
      0012E1 0A                    5333 	.db #0x0a	; 10
      0012E2 0B                    5334 	.db #0x0b	; 11
      0012E3 61                    5335 	.db #0x61	; 97	'a'
      0012E4 85                    5336 	.db #0x85	; 133
      0012E5 08                    5337 	.db #0x08	; 8
      0012E6 A0                    5338 	.db #0xa0	; 160
      0012E7 09                    5339 	.db #0x09	; 9
      0012E8 0A                    5340 	.db #0x0a	; 10
      0012E9 61                    5341 	.db #0x61	; 97	'a'
      0012EA F0                    5342 	.db #0xf0	; 240
      0012EB 16                    5343 	.db #0x16	; 22
      0012EC A0                    5344 	.db #0xa0	; 160
      0012ED 08                    5345 	.db #0x08	; 8
      0012EE 08                    5346 	.db #0x08	; 8
      0012EF 7F                    5347 	.db #0x7f	; 127
      0012F0 73                    5348 	.db #0x73	; 115	's'
      0012F1 A0                    5349 	.db #0xa0	; 160
      0012F2 09                    5350 	.db #0x09	; 9
      0012F3 08                    5351 	.db #0x08	; 8
      0012F4 7F                    5352 	.db #0x7f	; 127
      0012F5 71                    5353 	.db #0x71	; 113	'q'
      0012F6 A0                    5354 	.db #0xa0	; 160
      0012F7 04                    5355 	.db #0x04	; 4
      0012F8 27                    5356 	.db #0x27	; 39
      0012F9 71                    5357 	.db #0x71	; 113	'q'
      0012FA A0                    5358 	.db #0xa0	; 160
      0012FB 05                    5359 	.db #0x05	; 5
      0012FC 03                    5360 	.db #0x03	; 3
      0012FD 7F                    5361 	.db #0x7f	; 127
      0012FE 71                    5362 	.db #0x71	; 113	'q'
      0012FF A0                    5363 	.db #0xa0	; 160
      001300 0A                    5364 	.db #0x0a	; 10
      001301 0F                    5365 	.db #0x0f	; 15
      001302 61                    5366 	.db #0x61	; 97	'a'
      001303 A1                    5367 	.db #0xa1	; 161
      001304 02                    5368 	.db #0x02	; 2
      001305 A0                    5369 	.db #0xa0	; 160
      001306 08                    5370 	.db #0x08	; 8
      001307 06                    5371 	.db #0x06	; 6
      001308 7E                    5372 	.db #0x7e	; 126
      001309 A0                    5373 	.db #0xa0	; 160
      00130A 09                    5374 	.db #0x09	; 9
      00130B 05                    5375 	.db #0x05	; 5
      00130C 7F                    5376 	.db #0x7f	; 127
      00130D A0                    5377 	.db #0xa0	; 160
      00130E 0A                    5378 	.db #0x0a	; 10
      00130F 0B                    5379 	.db #0x0b	; 11
      001310 61                    5380 	.db #0x61	; 97	'a'
      001311 C0                    5381 	.db #0xc0	; 192
      001312 02                    5382 	.db #0x02	; 2
      001313 A0                    5383 	.db #0xa0	; 160
      001314 08                    5384 	.db #0x08	; 8
      001315 03                    5385 	.db #0x03	; 3
      001316 7E                    5386 	.db #0x7e	; 126
      001317 A0                    5387 	.db #0xa0	; 160
      001318 09                    5388 	.db #0x09	; 9
      001319 03                    5389 	.db #0x03	; 3
      00131A 61                    5390 	.db #0x61	; 97	'a'
      00131B D0                    5391 	.db #0xd0	; 208
      00131C 02                    5392 	.db #0x02	; 2
      00131D A0                    5393 	.db #0xa0	; 160
      00131E 08                    5394 	.db #0x08	; 8
      00131F 01                    5395 	.db #0x01	; 1
      001320 7E                    5396 	.db #0x7e	; 126
      001321 A0                    5397 	.db #0xa0	; 160
      001322 09                    5398 	.db #0x09	; 9
      001323 01                    5399 	.db #0x01	; 1
      001324 61                    5400 	.db #0x61	; 97	'a'
      001325 D0                    5401 	.db #0xd0	; 208
      001326 02                    5402 	.db #0x02	; 2
      001327 A0                    5403 	.db #0xa0	; 160
      001328 08                    5404 	.db #0x08	; 8
      001329 00                    5405 	.db #0x00	; 0
      00132A 7E                    5406 	.db #0x7e	; 126
      00132B A0                    5407 	.db #0xa0	; 160
      00132C 09                    5408 	.db #0x09	; 9
      00132D 00                    5409 	.db #0x00	; 0
      00132E 61                    5410 	.db #0x61	; 97	'a'
      00132F B1                    5411 	.db #0xb1	; 177
      001330 05                    5412 	.db #0x05	; 5
      001331 A0                    5413 	.db #0xa0	; 160
      001332 00                    5414 	.db #0x00	; 0
      001333 C9                    5415 	.db #0xc9	; 201
      001334 71                    5416 	.db #0x71	; 113	'q'
      001335 A0                    5417 	.db #0xa0	; 160
      001336 01                    5418 	.db #0x01	; 1
      001337 00                    5419 	.db #0x00	; 0
      001338 7F                    5420 	.db #0x7f	; 127
      001339 71                    5421 	.db #0x71	; 113	'q'
      00133A A0                    5422 	.db #0xa0	; 160
      00133B 08                    5423 	.db #0x08	; 8
      00133C 0F                    5424 	.db #0x0f	; 15
      00133D 7F                    5425 	.db #0x7f	; 127
      00133E 73                    5426 	.db #0x73	; 115	's'
      00133F A0                    5427 	.db #0xa0	; 160
      001340 02                    5428 	.db #0x02	; 2
      001341 CB                    5429 	.db #0xcb	; 203
      001342 71                    5430 	.db #0x71	; 113	'q'
      001343 A0                    5431 	.db #0xa0	; 160
      001344 03                    5432 	.db #0x03	; 3
      001345 00                    5433 	.db #0x00	; 0
      001346 7F                    5434 	.db #0x7f	; 127
      001347 70                    5435 	.db #0x70	; 112	'p'
      001348 A0                    5436 	.db #0xa0	; 160
      001349 09                    5437 	.db #0x09	; 9
      00134A 0E                    5438 	.db #0x0e	; 14
      00134B 61                    5439 	.db #0x61	; 97	'a'
      00134C A2                    5440 	.db #0xa2	; 162
      00134D 02                    5441 	.db #0x02	; 2
      00134E A0                    5442 	.db #0xa0	; 160
      00134F 08                    5443 	.db #0x08	; 8
      001350 0B                    5444 	.db #0x0b	; 11
      001351 7F                    5445 	.db #0x7f	; 127
      001352 71                    5446 	.db #0x71	; 113	'q'
      001353 A0                    5447 	.db #0xa0	; 160
      001354 09                    5448 	.db #0x09	; 9
      001355 0B                    5449 	.db #0x0b	; 11
      001356 61                    5450 	.db #0x61	; 97	'a'
      001357 97                    5451 	.db #0x97	; 151
      001358 08                    5452 	.db #0x08	; 8
      001359 A0                    5453 	.db #0xa0	; 160
      00135A 09                    5454 	.db #0x09	; 9
      00135B 0A                    5455 	.db #0x0a	; 10
      00135C 61                    5456 	.db #0x61	; 97	'a'
      00135D D0                    5457 	.db #0xd0	; 208
      00135E 05                    5458 	.db #0x05	; 5
      00135F A0                    5459 	.db #0xa0	; 160
      001360 0A                    5460 	.db #0x0a	; 10
      001361 08                    5461 	.db #0x08	; 8
      001362 61                    5462 	.db #0x61	; 97	'a'
      001363 DA                    5463 	.db #0xda	; 218
      001364 02                    5464 	.db #0x02	; 2
      001365 A0                    5465 	.db #0xa0	; 160
      001366 0A                    5466 	.db #0x0a	; 10
      001367 06                    5467 	.db #0x06	; 6
      001368 62                    5468 	.db #0x62	; 98	'b'
      001369 A0                    5469 	.db #0xa0	; 160
      00136A 0A                    5470 	.db #0x0a	; 10
      00136B 03                    5471 	.db #0x03	; 3
      00136C 62                    5472 	.db #0x62	; 98	'b'
      00136D A0                    5473 	.db #0xa0	; 160
      00136E 0A                    5474 	.db #0x0a	; 10
      00136F 01                    5475 	.db #0x01	; 1
      001370 62                    5476 	.db #0x62	; 98	'b'
      001371 A0                    5477 	.db #0xa0	; 160
      001372 0A                    5478 	.db #0x0a	; 10
      001373 00                    5479 	.db #0x00	; 0
      001374 61                    5480 	.db #0x61	; 97	'a'
      001375 A9                    5481 	.db #0xa9	; 169
      001376 05                    5482 	.db #0x05	; 5
      001377 A0                    5483 	.db #0xa0	; 160
      001378 08                    5484 	.db #0x08	; 8
      001379 08                    5485 	.db #0x08	; 8
      00137A 7F                    5486 	.db #0x7f	; 127
      00137B 73                    5487 	.db #0x73	; 115	's'
      00137C A0                    5488 	.db #0xa0	; 160
      00137D 09                    5489 	.db #0x09	; 9
      00137E 08                    5490 	.db #0x08	; 8
      00137F 61                    5491 	.db #0x61	; 97	'a'
      001380 C7                    5492 	.db #0xc7	; 199
      001381 02                    5493 	.db #0x02	; 2
      001382 A0                    5494 	.db #0xa0	; 160
      001383 08                    5495 	.db #0x08	; 8
      001384 06                    5496 	.db #0x06	; 6
      001385 7E                    5497 	.db #0x7e	; 126
      001386 A0                    5498 	.db #0xa0	; 160
      001387 09                    5499 	.db #0x09	; 9
      001388 05                    5500 	.db #0x05	; 5
      001389 61                    5501 	.db #0x61	; 97	'a'
      00138A D0                    5502 	.db #0xd0	; 208
      00138B 02                    5503 	.db #0x02	; 2
      00138C A0                    5504 	.db #0xa0	; 160
      00138D 08                    5505 	.db #0x08	; 8
      00138E 03                    5506 	.db #0x03	; 3
      00138F 7E                    5507 	.db #0x7e	; 126
      001390 A0                    5508 	.db #0xa0	; 160
      001391 09                    5509 	.db #0x09	; 9
      001392 03                    5510 	.db #0x03	; 3
      001393 61                    5511 	.db #0x61	; 97	'a'
      001394 D0                    5512 	.db #0xd0	; 208
      001395 02                    5513 	.db #0x02	; 2
      001396 A0                    5514 	.db #0xa0	; 160
      001397 08                    5515 	.db #0x08	; 8
      001398 01                    5516 	.db #0x01	; 1
      001399 7E                    5517 	.db #0x7e	; 126
      00139A A0                    5518 	.db #0xa0	; 160
      00139B 09                    5519 	.db #0x09	; 9
      00139C 01                    5520 	.db #0x01	; 1
      00139D 61                    5521 	.db #0x61	; 97	'a'
      00139E D0                    5522 	.db #0xd0	; 208
      00139F 02                    5523 	.db #0x02	; 2
      0013A0 A0                    5524 	.db #0xa0	; 160
      0013A1 08                    5525 	.db #0x08	; 8
      0013A2 00                    5526 	.db #0x00	; 0
      0013A3 7E                    5527 	.db #0x7e	; 126
      0013A4 A0                    5528 	.db #0xa0	; 160
      0013A5 09                    5529 	.db #0x09	; 9
      0013A6 00                    5530 	.db #0x00	; 0
      0013A7 61                    5531 	.db #0x61	; 97	'a'
      0013A8 B1                    5532 	.db #0xb1	; 177
      0013A9 05                    5533 	.db #0x05	; 5
      0013AA A0                    5534 	.db #0xa0	; 160
      0013AB 00                    5535 	.db #0x00	; 0
      0013AC A0                    5536 	.db #0xa0	; 160
      0013AD 7F                    5537 	.db #0x7f	; 127
      0013AE 73                    5538 	.db #0x73	; 115	's'
      0013AF A0                    5539 	.db #0xa0	; 160
      0013B0 08                    5540 	.db #0x08	; 8
      0013B1 0F                    5541 	.db #0x0f	; 15
      0013B2 7F                    5542 	.db #0x7f	; 127
      0013B3 73                    5543 	.db #0x73	; 115	's'
      0013B4 A0                    5544 	.db #0xa0	; 160
      0013B5 02                    5545 	.db #0x02	; 2
      0013B6 A1                    5546 	.db #0xa1	; 161
      0013B7 7F                    5547 	.db #0x7f	; 127
      0013B8 72                    5548 	.db #0x72	; 114	'r'
      0013B9 A0                    5549 	.db #0xa0	; 160
      0013BA 09                    5550 	.db #0x09	; 9
      0013BB 0E                    5551 	.db #0x0e	; 14
      0013BC 61                    5552 	.db #0x61	; 97	'a'
      0013BD 28                    5553 	.db #0x28	; 40
      0013BE 00                    5554 	.db #0x00	; 0
      0013BF A0                    5555 	.db #0xa0	; 160
      0013C0 0A                    5556 	.db #0x0a	; 10
      0013C1 0F                    5557 	.db #0x0f	; 15
      0013C2 61                    5558 	.db #0x61	; 97	'a'
      0013C3 7A                    5559 	.db #0x7a	; 122	'z'
      0013C4 02                    5560 	.db #0x02	; 2
      0013C5 A0                    5561 	.db #0xa0	; 160
      0013C6 08                    5562 	.db #0x08	; 8
      0013C7 0B                    5563 	.db #0x0b	; 11
      0013C8 7F                    5564 	.db #0x7f	; 127
      0013C9 71                    5565 	.db #0x71	; 113	'q'
      0013CA A0                    5566 	.db #0xa0	; 160
      0013CB 09                    5567 	.db #0x09	; 9
      0013CC 0B                    5568 	.db #0x0b	; 11
      0013CD 7F                    5569 	.db #0x7f	; 127
      0013CE 71                    5570 	.db #0x71	; 113	'q'
      0013CF A0                    5571 	.db #0xa0	; 160
      0013D0 0A                    5572 	.db #0x0a	; 10
      0013D1 0B                    5573 	.db #0x0b	; 11
      0013D2 61                    5574 	.db #0x61	; 97	'a'
      0013D3 85                    5575 	.db #0x85	; 133
      0013D4 08                    5576 	.db #0x08	; 8
      0013D5 A0                    5577 	.db #0xa0	; 160
      0013D6 09                    5578 	.db #0x09	; 9
      0013D7 0A                    5579 	.db #0x0a	; 10
      0013D8 61                    5580 	.db #0x61	; 97	'a'
      0013D9 EE                    5581 	.db #0xee	; 238
      0013DA 16                    5582 	.db #0x16	; 22
      0013DB A0                    5583 	.db #0xa0	; 160
      0013DC 00                    5584 	.db #0x00	; 0
      0013DD 97                    5585 	.db #0x97	; 151
      0013DE 7F                    5586 	.db #0x7f	; 127
      0013DF 73                    5587 	.db #0x73	; 115	's'
      0013E0 A0                    5588 	.db #0xa0	; 160
      0013E1 08                    5589 	.db #0x08	; 8
      0013E2 0F                    5590 	.db #0x0f	; 15
      0013E3 7F                    5591 	.db #0x7f	; 127
      0013E4 73                    5592 	.db #0x73	; 115	's'
      0013E5 A0                    5593 	.db #0xa0	; 160
      0013E6 02                    5594 	.db #0x02	; 2
      0013E7 98                    5595 	.db #0x98	; 152
      0013E8 7F                    5596 	.db #0x7f	; 127
      0013E9 72                    5597 	.db #0x72	; 114	'r'
      0013EA A0                    5598 	.db #0xa0	; 160
      0013EB 09                    5599 	.db #0x09	; 9
      0013EC 0E                    5600 	.db #0x0e	; 14
      0013ED 7F                    5601 	.db #0x7f	; 127
      0013EE 73                    5602 	.db #0x73	; 115	's'
      0013EF A0                    5603 	.db #0xa0	; 160
      0013F0 04                    5604 	.db #0x04	; 4
      0013F1 93                    5605 	.db #0x93	; 147
      0013F2 71                    5606 	.db #0x71	; 113	'q'
      0013F3 A0                    5607 	.db #0xa0	; 160
      0013F4 05                    5608 	.db #0x05	; 5
      0013F5 01                    5609 	.db #0x01	; 1
      0013F6 7F                    5610 	.db #0x7f	; 127
      0013F7 71                    5611 	.db #0x71	; 113	'q'
      0013F8 A0                    5612 	.db #0xa0	; 160
      0013F9 0A                    5613 	.db #0x0a	; 10
      0013FA 0F                    5614 	.db #0x0f	; 15
      0013FB 61                    5615 	.db #0x61	; 97	'a'
      0013FC 7A                    5616 	.db #0x7a	; 122	'z'
      0013FD 02                    5617 	.db #0x02	; 2
      0013FE A0                    5618 	.db #0xa0	; 160
      0013FF 08                    5619 	.db #0x08	; 8
      001400 0B                    5620 	.db #0x0b	; 11
      001401 7F                    5621 	.db #0x7f	; 127
      001402 71                    5622 	.db #0x71	; 113	'q'
      001403 A0                    5623 	.db #0xa0	; 160
      001404 09                    5624 	.db #0x09	; 9
      001405 0B                    5625 	.db #0x0b	; 11
      001406 7F                    5626 	.db #0x7f	; 127
      001407 71                    5627 	.db #0x71	; 113	'q'
      001408 A0                    5628 	.db #0xa0	; 160
      001409 0A                    5629 	.db #0x0a	; 10
      00140A 0B                    5630 	.db #0x0b	; 11
      00140B 61                    5631 	.db #0x61	; 97	'a'
      00140C 85                    5632 	.db #0x85	; 133
      00140D 08                    5633 	.db #0x08	; 8
      00140E A0                    5634 	.db #0xa0	; 160
      00140F 09                    5635 	.db #0x09	; 9
      001410 0A                    5636 	.db #0x0a	; 10
      001411 61                    5637 	.db #0x61	; 97	'a'
      001412 EE                    5638 	.db #0xee	; 238
      001413 16                    5639 	.db #0x16	; 22
      001414 A0                    5640 	.db #0xa0	; 160
      001415 00                    5641 	.db #0x00	; 0
      001416 86                    5642 	.db #0x86	; 134
      001417 7F                    5643 	.db #0x7f	; 127
      001418 73                    5644 	.db #0x73	; 115	's'
      001419 A0                    5645 	.db #0xa0	; 160
      00141A 08                    5646 	.db #0x08	; 8
      00141B 0F                    5647 	.db #0x0f	; 15
      00141C 7F                    5648 	.db #0x7f	; 127
      00141D 73                    5649 	.db #0x73	; 115	's'
      00141E A0                    5650 	.db #0xa0	; 160
      00141F 02                    5651 	.db #0x02	; 2
      001420 87                    5652 	.db #0x87	; 135
      001421 7F                    5653 	.db #0x7f	; 127
      001422 72                    5654 	.db #0x72	; 114	'r'
      001423 A0                    5655 	.db #0xa0	; 160
      001424 09                    5656 	.db #0x09	; 9
      001425 0E                    5657 	.db #0x0e	; 14
      001426 7F                    5658 	.db #0x7f	; 127
      001427 73                    5659 	.db #0x73	; 115	's'
      001428 A0                    5660 	.db #0xa0	; 160
      001429 04                    5661 	.db #0x04	; 4
      00142A 27                    5662 	.db #0x27	; 39
      00142B 71                    5663 	.db #0x71	; 113	'q'
      00142C A0                    5664 	.db #0xa0	; 160
      00142D 05                    5665 	.db #0x05	; 5
      00142E 03                    5666 	.db #0x03	; 3
      00142F 7F                    5667 	.db #0x7f	; 127
      001430 71                    5668 	.db #0x71	; 113	'q'
      001431 A0                    5669 	.db #0xa0	; 160
      001432 0A                    5670 	.db #0x0a	; 10
      001433 0F                    5671 	.db #0x0f	; 15
      001434 61                    5672 	.db #0x61	; 97	'a'
      001435 7A                    5673 	.db #0x7a	; 122	'z'
      001436 02                    5674 	.db #0x02	; 2
      001437 A0                    5675 	.db #0xa0	; 160
      001438 08                    5676 	.db #0x08	; 8
      001439 0B                    5677 	.db #0x0b	; 11
      00143A 7F                    5678 	.db #0x7f	; 127
      00143B 71                    5679 	.db #0x71	; 113	'q'
      00143C A0                    5680 	.db #0xa0	; 160
      00143D 09                    5681 	.db #0x09	; 9
      00143E 0B                    5682 	.db #0x0b	; 11
      00143F 7F                    5683 	.db #0x7f	; 127
      001440 71                    5684 	.db #0x71	; 113	'q'
      001441 A0                    5685 	.db #0xa0	; 160
      001442 0A                    5686 	.db #0x0a	; 10
      001443 0B                    5687 	.db #0x0b	; 11
      001444 61                    5688 	.db #0x61	; 97	'a'
      001445 85                    5689 	.db #0x85	; 133
      001446 08                    5690 	.db #0x08	; 8
      001447 A0                    5691 	.db #0xa0	; 160
      001448 09                    5692 	.db #0x09	; 9
      001449 0A                    5693 	.db #0x0a	; 10
      00144A 61                    5694 	.db #0x61	; 97	'a'
      00144B 06                    5695 	.db #0x06	; 6
      00144C 17                    5696 	.db #0x17	; 23
      00144D A0                    5697 	.db #0xa0	; 160
      00144E 04                    5698 	.db #0x04	; 4
      00144F F9                    5699 	.db #0xf9	; 249
      001450 7F                    5700 	.db #0x7f	; 127
      001451 74                    5701 	.db #0x74	; 116	't'
      001452 A0                    5702 	.db #0xa0	; 160
      001453 0A                    5703 	.db #0x0a	; 10
      001454 0F                    5704 	.db #0x0f	; 15
      001455 61                    5705 	.db #0x61	; 97	'a'
      001456 CA                    5706 	.db #0xca	; 202
      001457 02                    5707 	.db #0x02	; 2
      001458 A0                    5708 	.db #0xa0	; 160
      001459 0A                    5709 	.db #0x0a	; 10
      00145A 0B                    5710 	.db #0x0b	; 11
      00145B 61                    5711 	.db #0x61	; 97	'a'
      00145C 83                    5712 	.db #0x83	; 131
      00145D 08                    5713 	.db #0x08	; 8
      00145E A0                    5714 	.db #0xa0	; 160
      00145F 08                    5715 	.db #0x08	; 8
      001460 0A                    5716 	.db #0x0a	; 10
      001461 61                    5717 	.db #0x61	; 97	'a'
      001462 67                    5718 	.db #0x67	; 103	'g'
      001463 0E                    5719 	.db #0x0e	; 14
      001464 A0                    5720 	.db #0xa0	; 160
      001465 09                    5721 	.db #0x09	; 9
      001466 09                    5722 	.db #0x09	; 9
      001467 61                    5723 	.db #0x61	; 97	'a'
      001468 C0                    5724 	.db #0xc0	; 192
      001469 08                    5725 	.db #0x08	; 8
      00146A A0                    5726 	.db #0xa0	; 160
      00146B 0A                    5727 	.db #0x0a	; 10
      00146C 0F                    5728 	.db #0x0f	; 15
      00146D 61                    5729 	.db #0x61	; 97	'a'
      00146E CA                    5730 	.db #0xca	; 202
      00146F 02                    5731 	.db #0x02	; 2
      001470 A0                    5732 	.db #0xa0	; 160
      001471 0A                    5733 	.db #0x0a	; 10
      001472 0B                    5734 	.db #0x0b	; 11
      001473 61                    5735 	.db #0x61	; 97	'a'
      001474 FF                    5736 	.db #0xff	; 255
      001475 13                    5737 	.db #0x13	; 19
      001476 A0                    5738 	.db #0xa0	; 160
      001477 08                    5739 	.db #0x08	; 8
      001478 09                    5740 	.db #0x09	; 9
      001479 61                    5741 	.db #0x61	; 97	'a'
      00147A 97                    5742 	.db #0x97	; 151
      00147B 0B                    5743 	.db #0x0b	; 11
      00147C A0                    5744 	.db #0xa0	; 160
      00147D 04                    5745 	.db #0x04	; 4
      00147E FC                    5746 	.db #0xfc	; 252
      00147F 71                    5747 	.db #0x71	; 113	'q'
      001480 A0                    5748 	.db #0xa0	; 160
      001481 05                    5749 	.db #0x05	; 5
      001482 01                    5750 	.db #0x01	; 1
      001483 7F                    5751 	.db #0x7f	; 127
      001484 71                    5752 	.db #0x71	; 113	'q'
      001485 A0                    5753 	.db #0xa0	; 160
      001486 0A                    5754 	.db #0x0a	; 10
      001487 0F                    5755 	.db #0x0f	; 15
      001488 61                    5756 	.db #0x61	; 97	'a'
      001489 CA                    5757 	.db #0xca	; 202
      00148A 02                    5758 	.db #0x02	; 2
      00148B A0                    5759 	.db #0xa0	; 160
      00148C 0A                    5760 	.db #0x0a	; 10
      00148D 0B                    5761 	.db #0x0b	; 11
      00148E 61                    5762 	.db #0x61	; 97	'a'
      00148F D1                    5763 	.db #0xd1	; 209
      001490 02                    5764 	.db #0x02	; 2
      001491 A0                    5765 	.db #0xa0	; 160
      001492 09                    5766 	.db #0x09	; 9
      001493 08                    5767 	.db #0x08	; 8
      001494 61                    5768 	.db #0x61	; 97	'a'
      001495 AA                    5769 	.db #0xaa	; 170
      001496 1C                    5770 	.db #0x1c	; 28
      001497 A0                    5771 	.db #0xa0	; 160
      001498 08                    5772 	.db #0x08	; 8
      001499 08                    5773 	.db #0x08	; 8
      00149A 7F                    5774 	.db #0x7f	; 127
      00149B 7C                    5775 	.db #0x7c	; 124
      00149C A0                    5776 	.db #0xa0	; 160
      00149D 04                    5777 	.db #0x04	; 4
      00149E F9                    5778 	.db #0xf9	; 249
      00149F 71                    5779 	.db #0x71	; 113	'q'
      0014A0 A0                    5780 	.db #0xa0	; 160
      0014A1 05                    5781 	.db #0x05	; 5
      0014A2 03                    5782 	.db #0x03	; 3
      0014A3 7F                    5783 	.db #0x7f	; 127
      0014A4 71                    5784 	.db #0x71	; 113	'q'
      0014A5 A0                    5785 	.db #0xa0	; 160
      0014A6 0A                    5786 	.db #0x0a	; 10
      0014A7 0F                    5787 	.db #0x0f	; 15
      0014A8 61                    5788 	.db #0x61	; 97	'a'
      0014A9 C8                    5789 	.db #0xc8	; 200
      0014AA 02                    5790 	.db #0x02	; 2
      0014AB A0                    5791 	.db #0xa0	; 160
      0014AC 0A                    5792 	.db #0x0a	; 10
      0014AD 0B                    5793 	.db #0x0b	; 11
      0014AE 61                    5794 	.db #0x61	; 97	'a'
      0014AF 45                    5795 	.db #0x45	; 69	'E'
      0014B0 0E                    5796 	.db #0x0e	; 14
      0014B1 A0                    5797 	.db #0xa0	; 160
      0014B2 08                    5798 	.db #0x08	; 8
      0014B3 06                    5799 	.db #0x06	; 6
      0014B4 7F                    5800 	.db #0x7f	; 127
      0014B5 73                    5801 	.db #0x73	; 115	's'
      0014B6 A0                    5802 	.db #0xa0	; 160
      0014B7 09                    5803 	.db #0x09	; 9
      0014B8 05                    5804 	.db #0x05	; 5
      0014B9 61                    5805 	.db #0x61	; 97	'a'
      0014BA C7                    5806 	.db #0xc7	; 199
      0014BB 02                    5807 	.db #0x02	; 2
      0014BC A0                    5808 	.db #0xa0	; 160
      0014BD 08                    5809 	.db #0x08	; 8
      0014BE 03                    5810 	.db #0x03	; 3
      0014BF 7E                    5811 	.db #0x7e	; 126
      0014C0 A0                    5812 	.db #0xa0	; 160
      0014C1 09                    5813 	.db #0x09	; 9
      0014C2 03                    5814 	.db #0x03	; 3
      0014C3 61                    5815 	.db #0x61	; 97	'a'
      0014C4 D0                    5816 	.db #0xd0	; 208
      0014C5 02                    5817 	.db #0x02	; 2
      0014C6 A0                    5818 	.db #0xa0	; 160
      0014C7 08                    5819 	.db #0x08	; 8
      0014C8 01                    5820 	.db #0x01	; 1
      0014C9 7E                    5821 	.db #0x7e	; 126
      0014CA A0                    5822 	.db #0xa0	; 160
      0014CB 09                    5823 	.db #0x09	; 9
      0014CC 01                    5824 	.db #0x01	; 1
      0014CD 61                    5825 	.db #0x61	; 97	'a'
      0014CE D0                    5826 	.db #0xd0	; 208
      0014CF 02                    5827 	.db #0x02	; 2
      0014D0 A0                    5828 	.db #0xa0	; 160
      0014D1 08                    5829 	.db #0x08	; 8
      0014D2 00                    5830 	.db #0x00	; 0
      0014D3 7E                    5831 	.db #0x7e	; 126
      0014D4 A0                    5832 	.db #0xa0	; 160
      0014D5 09                    5833 	.db #0x09	; 9
      0014D6 00                    5834 	.db #0x00	; 0
      0014D7 61                    5835 	.db #0x61	; 97	'a'
      0014D8 90                    5836 	.db #0x90	; 144
      0014D9 08                    5837 	.db #0x08	; 8
      0014DA A0                    5838 	.db #0xa0	; 160
      0014DB 00                    5839 	.db #0x00	; 0
      0014DC C9                    5840 	.db #0xc9	; 201
      0014DD 7F                    5841 	.db #0x7f	; 127
      0014DE 73                    5842 	.db #0x73	; 115	's'
      0014DF A0                    5843 	.db #0xa0	; 160
      0014E0 08                    5844 	.db #0x08	; 8
      0014E1 0F                    5845 	.db #0x0f	; 15
      0014E2 7F                    5846 	.db #0x7f	; 127
      0014E3 73                    5847 	.db #0x73	; 115	's'
      0014E4 A0                    5848 	.db #0xa0	; 160
      0014E5 02                    5849 	.db #0x02	; 2
      0014E6 CB                    5850 	.db #0xcb	; 203
      0014E7 7F                    5851 	.db #0x7f	; 127
      0014E8 72                    5852 	.db #0x72	; 114	'r'
      0014E9 A0                    5853 	.db #0xa0	; 160
      0014EA 09                    5854 	.db #0x09	; 9
      0014EB 0E                    5855 	.db #0x0e	; 14
      0014EC 7F                    5856 	.db #0x7f	; 127
      0014ED 76                    5857 	.db #0x76	; 118	'v'
      0014EE A0                    5858 	.db #0xa0	; 160
      0014EF 0A                    5859 	.db #0x0a	; 10
      0014F0 08                    5860 	.db #0x08	; 8
      0014F1 61                    5861 	.db #0x61	; 97	'a'
      0014F2 8B                    5862 	.db #0x8b	; 139
      0014F3 02                    5863 	.db #0x02	; 2
      0014F4 A0                    5864 	.db #0xa0	; 160
      0014F5 08                    5865 	.db #0x08	; 8
      0014F6 0B                    5866 	.db #0x0b	; 11
      0014F7 7F                    5867 	.db #0x7f	; 127
      0014F8 71                    5868 	.db #0x71	; 113	'q'
      0014F9 A0                    5869 	.db #0xa0	; 160
      0014FA 09                    5870 	.db #0x09	; 9
      0014FB 0B                    5871 	.db #0x0b	; 11
      0014FC 7F                    5872 	.db #0x7f	; 127
      0014FD 71                    5873 	.db #0x71	; 113	'q'
      0014FE A0                    5874 	.db #0xa0	; 160
      0014FF 0A                    5875 	.db #0x0a	; 10
      001500 06                    5876 	.db #0x06	; 6
      001501 61                    5877 	.db #0x61	; 97	'a'
      001502 D4                    5878 	.db #0xd4	; 212
      001503 02                    5879 	.db #0x02	; 2
      001504 A0                    5880 	.db #0xa0	; 160
      001505 0A                    5881 	.db #0x0a	; 10
      001506 03                    5882 	.db #0x03	; 3
      001507 62                    5883 	.db #0x62	; 98	'b'
      001508 A0                    5884 	.db #0xa0	; 160
      001509 0A                    5885 	.db #0x0a	; 10
      00150A 01                    5886 	.db #0x01	; 1
      00150B 61                    5887 	.db #0x61	; 97	'a'
      00150C D2                    5888 	.db #0xd2	; 210
      00150D 02                    5889 	.db #0x02	; 2
      00150E A0                    5890 	.db #0xa0	; 160
      00150F 09                    5891 	.db #0x09	; 9
      001510 0A                    5892 	.db #0x0a	; 10
      001511 7F                    5893 	.db #0x7f	; 127
      001512 A0                    5894 	.db #0xa0	; 160
      001513 0A                    5895 	.db #0x0a	; 10
      001514 00                    5896 	.db #0x00	; 0
      001515 61                    5897 	.db #0x61	; 97	'a'
      001516 F7                    5898 	.db #0xf7	; 247
      001517 16                    5899 	.db #0x16	; 22
      001518 A0                    5900 	.db #0xa0	; 160
      001519 04                    5901 	.db #0x04	; 4
      00151A 8A                    5902 	.db #0x8a	; 138
      00151B 7F                    5903 	.db #0x7f	; 127
      00151C 73                    5904 	.db #0x73	; 115	's'
      00151D A0                    5905 	.db #0xa0	; 160
      00151E 0A                    5906 	.db #0x0a	; 10
      00151F 0F                    5907 	.db #0x0f	; 15
      001520 61                    5908 	.db #0x61	; 97	'a'
      001521 CA                    5909 	.db #0xca	; 202
      001522 02                    5910 	.db #0x02	; 2
      001523 A0                    5911 	.db #0xa0	; 160
      001524 0A                    5912 	.db #0x0a	; 10
      001525 0B                    5913 	.db #0x0b	; 11
      001526 61                    5914 	.db #0x61	; 97	'a'
      001527 83                    5915 	.db #0x83	; 131
      001528 08                    5916 	.db #0x08	; 8
      001529 A0                    5917 	.db #0xa0	; 160
      00152A 08                    5918 	.db #0x08	; 8
      00152B 0A                    5919 	.db #0x0a	; 10
      00152C 61                    5920 	.db #0x61	; 97	'a'
      00152D C2                    5921 	.db #0xc2	; 194
      00152E 05                    5922 	.db #0x05	; 5
      00152F A0                    5923 	.db #0xa0	; 160
      001530 08                    5924 	.db #0x08	; 8
      001531 08                    5925 	.db #0x08	; 8
      001532 7F                    5926 	.db #0x7f	; 127
      001533 73                    5927 	.db #0x73	; 115	's'
      001534 A0                    5928 	.db #0xa0	; 160
      001535 09                    5929 	.db #0x09	; 9
      001536 07                    5930 	.db #0x07	; 7
      001537 61                    5931 	.db #0x61	; 97	'a'
      001538 C7                    5932 	.db #0xc7	; 199
      001539 02                    5933 	.db #0x02	; 2
      00153A A0                    5934 	.db #0xa0	; 160
      00153B 08                    5935 	.db #0x08	; 8
      00153C 05                    5936 	.db #0x05	; 5
      00153D 7E                    5937 	.db #0x7e	; 126
      00153E A0                    5938 	.db #0xa0	; 160
      00153F 09                    5939 	.db #0x09	; 9
      001540 05                    5940 	.db #0x05	; 5
      001541 61                    5941 	.db #0x61	; 97	'a'
      001542 D0                    5942 	.db #0xd0	; 208
      001543 02                    5943 	.db #0x02	; 2
      001544 A0                    5944 	.db #0xa0	; 160
      001545 08                    5945 	.db #0x08	; 8
      001546 03                    5946 	.db #0x03	; 3
      001547 7E                    5947 	.db #0x7e	; 126
      001548 A0                    5948 	.db #0xa0	; 160
      001549 09                    5949 	.db #0x09	; 9
      00154A 03                    5950 	.db #0x03	; 3
      00154B 61                    5951 	.db #0x61	; 97	'a'
      00154C D0                    5952 	.db #0xd0	; 208
      00154D 02                    5953 	.db #0x02	; 2
      00154E A0                    5954 	.db #0xa0	; 160
      00154F 08                    5955 	.db #0x08	; 8
      001550 00                    5956 	.db #0x00	; 0
      001551 7E                    5957 	.db #0x7e	; 126
      001552 A0                    5958 	.db #0xa0	; 160
      001553 09                    5959 	.db #0x09	; 9
      001554 00                    5960 	.db #0x00	; 0
      001555 61                    5961 	.db #0x61	; 97	'a'
      001556 90                    5962 	.db #0x90	; 144
      001557 08                    5963 	.db #0x08	; 8
      001558 A0                    5964 	.db #0xa0	; 160
      001559 00                    5965 	.db #0x00	; 0
      00155A B3                    5966 	.db #0xb3	; 179
      00155B 7F                    5967 	.db #0x7f	; 127
      00155C 73                    5968 	.db #0x73	; 115	's'
      00155D A0                    5969 	.db #0xa0	; 160
      00155E 08                    5970 	.db #0x08	; 8
      00155F 0F                    5971 	.db #0x0f	; 15
      001560 7F                    5972 	.db #0x7f	; 127
      001561 73                    5973 	.db #0x73	; 115	's'
      001562 A0                    5974 	.db #0xa0	; 160
      001563 02                    5975 	.db #0x02	; 2
      001564 B5                    5976 	.db #0xb5	; 181
      001565 7F                    5977 	.db #0x7f	; 127
      001566 72                    5978 	.db #0x72	; 114	'r'
      001567 A0                    5979 	.db #0xa0	; 160
      001568 09                    5980 	.db #0x09	; 9
      001569 0E                    5981 	.db #0x0e	; 14
      00156A 7F                    5982 	.db #0x7f	; 127
      00156B 73                    5983 	.db #0x73	; 115	's'
      00156C A0                    5984 	.db #0xa0	; 160
      00156D 04                    5985 	.db #0x04	; 4
      00156E C5                    5986 	.db #0xc5	; 197
      00156F 71                    5987 	.db #0x71	; 113	'q'
      001570 A0                    5988 	.db #0xa0	; 160
      001571 05                    5989 	.db #0x05	; 5
      001572 01                    5990 	.db #0x01	; 1
      001573 7F                    5991 	.db #0x7f	; 127
      001574 71                    5992 	.db #0x71	; 113	'q'
      001575 A0                    5993 	.db #0xa0	; 160
      001576 0A                    5994 	.db #0x0a	; 10
      001577 0F                    5995 	.db #0x0f	; 15
      001578 61                    5996 	.db #0x61	; 97	'a'
      001579 7A                    5997 	.db #0x7a	; 122	'z'
      00157A 02                    5998 	.db #0x02	; 2
      00157B A0                    5999 	.db #0xa0	; 160
      00157C 08                    6000 	.db #0x08	; 8
      00157D 0B                    6001 	.db #0x0b	; 11
      00157E 7F                    6002 	.db #0x7f	; 127
      00157F 71                    6003 	.db #0x71	; 113	'q'
      001580 A0                    6004 	.db #0xa0	; 160
      001581 09                    6005 	.db #0x09	; 9
      001582 0B                    6006 	.db #0x0b	; 11
      001583 7F                    6007 	.db #0x7f	; 127
      001584 71                    6008 	.db #0x71	; 113	'q'
      001585 A0                    6009 	.db #0xa0	; 160
      001586 0A                    6010 	.db #0x0a	; 10
      001587 0B                    6011 	.db #0x0b	; 11
      001588 61                    6012 	.db #0x61	; 97	'a'
      001589 85                    6013 	.db #0x85	; 133
      00158A 08                    6014 	.db #0x08	; 8
      00158B A0                    6015 	.db #0xa0	; 160
      00158C 09                    6016 	.db #0x09	; 9
      00158D 0A                    6017 	.db #0x0a	; 10
      00158E 61                    6018 	.db #0x61	; 97	'a'
      00158F 07                    6019 	.db #0x07	; 7
      001590 17                    6020 	.db #0x17	; 23
      001591 A0                    6021 	.db #0xa0	; 160
      001592 04                    6022 	.db #0x04	; 4
      001593 8A                    6023 	.db #0x8a	; 138
      001594 71                    6024 	.db #0x71	; 113	'q'
      001595 A0                    6025 	.db #0xa0	; 160
      001596 05                    6026 	.db #0x05	; 5
      001597 03                    6027 	.db #0x03	; 3
      001598 7F                    6028 	.db #0x7f	; 127
      001599 71                    6029 	.db #0x71	; 113	'q'
      00159A A0                    6030 	.db #0xa0	; 160
      00159B 0A                    6031 	.db #0x0a	; 10
      00159C 0F                    6032 	.db #0x0f	; 15
      00159D 61                    6033 	.db #0x61	; 97	'a'
      00159E CA                    6034 	.db #0xca	; 202
      00159F 02                    6035 	.db #0x02	; 2
      0015A0 A0                    6036 	.db #0xa0	; 160
      0015A1 0A                    6037 	.db #0x0a	; 10
      0015A2 0B                    6038 	.db #0x0b	; 11
      0015A3 61                    6039 	.db #0x61	; 97	'a'
      0015A4 83                    6040 	.db #0x83	; 131
      0015A5 08                    6041 	.db #0x08	; 8
      0015A6 A0                    6042 	.db #0xa0	; 160
      0015A7 08                    6043 	.db #0x08	; 8
      0015A8 0A                    6044 	.db #0x0a	; 10
      0015A9 61                    6045 	.db #0x61	; 97	'a'
      0015AA C2                    6046 	.db #0xc2	; 194
      0015AB 05                    6047 	.db #0x05	; 5
      0015AC A0                    6048 	.db #0xa0	; 160
      0015AD 08                    6049 	.db #0x08	; 8
      0015AE 08                    6050 	.db #0x08	; 8
      0015AF 7F                    6051 	.db #0x7f	; 127
      0015B0 73                    6052 	.db #0x73	; 115	's'
      0015B1 A0                    6053 	.db #0xa0	; 160
      0015B2 09                    6054 	.db #0x09	; 9
      0015B3 07                    6055 	.db #0x07	; 7
      0015B4 61                    6056 	.db #0x61	; 97	'a'
      0015B5 C7                    6057 	.db #0xc7	; 199
      0015B6 02                    6058 	.db #0x02	; 2
      0015B7 A0                    6059 	.db #0xa0	; 160
      0015B8 08                    6060 	.db #0x08	; 8
      0015B9 05                    6061 	.db #0x05	; 5
      0015BA 7E                    6062 	.db #0x7e	; 126
      0015BB A0                    6063 	.db #0xa0	; 160
      0015BC 09                    6064 	.db #0x09	; 9
      0015BD 05                    6065 	.db #0x05	; 5
      0015BE 61                    6066 	.db #0x61	; 97	'a'
      0015BF D0                    6067 	.db #0xd0	; 208
      0015C0 02                    6068 	.db #0x02	; 2
      0015C1 A0                    6069 	.db #0xa0	; 160
      0015C2 08                    6070 	.db #0x08	; 8
      0015C3 03                    6071 	.db #0x03	; 3
      0015C4 7E                    6072 	.db #0x7e	; 126
      0015C5 A0                    6073 	.db #0xa0	; 160
      0015C6 09                    6074 	.db #0x09	; 9
      0015C7 03                    6075 	.db #0x03	; 3
      0015C8 61                    6076 	.db #0x61	; 97	'a'
      0015C9 D0                    6077 	.db #0xd0	; 208
      0015CA 02                    6078 	.db #0x02	; 2
      0015CB A0                    6079 	.db #0xa0	; 160
      0015CC 08                    6080 	.db #0x08	; 8
      0015CD 00                    6081 	.db #0x00	; 0
      0015CE 7E                    6082 	.db #0x7e	; 126
      0015CF A0                    6083 	.db #0xa0	; 160
      0015D0 09                    6084 	.db #0x09	; 9
      0015D1 00                    6085 	.db #0x00	; 0
      0015D2 61                    6086 	.db #0x61	; 97	'a'
      0015D3 90                    6087 	.db #0x90	; 144
      0015D4 08                    6088 	.db #0x08	; 8
      0015D5 A0                    6089 	.db #0xa0	; 160
      0015D6 00                    6090 	.db #0x00	; 0
      0015D7 A9                    6091 	.db #0xa9	; 169
      0015D8 7F                    6092 	.db #0x7f	; 127
      0015D9 73                    6093 	.db #0x73	; 115	's'
      0015DA A0                    6094 	.db #0xa0	; 160
      0015DB 08                    6095 	.db #0x08	; 8
      0015DC 0F                    6096 	.db #0x0f	; 15
      0015DD 7F                    6097 	.db #0x7f	; 127
      0015DE 73                    6098 	.db #0x73	; 115	's'
      0015DF A0                    6099 	.db #0xa0	; 160
      0015E0 02                    6100 	.db #0x02	; 2
      0015E1 AA                    6101 	.db #0xaa	; 170
      0015E2 7F                    6102 	.db #0x7f	; 127
      0015E3 72                    6103 	.db #0x72	; 114	'r'
      0015E4 A0                    6104 	.db #0xa0	; 160
      0015E5 09                    6105 	.db #0x09	; 9
      0015E6 0E                    6106 	.db #0x0e	; 14
      0015E7 7F                    6107 	.db #0x7f	; 127
      0015E8 72                    6108 	.db #0x72	; 114	'r'
      0015E9 A0                    6109 	.db #0xa0	; 160
      0015EA 04                    6110 	.db #0x04	; 4
      0015EB F9                    6111 	.db #0xf9	; 249
      0015EC 7F                    6112 	.db #0x7f	; 127
      0015ED 74                    6113 	.db #0x74	; 116	't'
      0015EE A0                    6114 	.db #0xa0	; 160
      0015EF 0A                    6115 	.db #0x0a	; 10
      0015F0 0F                    6116 	.db #0x0f	; 15
      0015F1 61                    6117 	.db #0x61	; 97	'a'
      0015F2 7A                    6118 	.db #0x7a	; 122	'z'
      0015F3 02                    6119 	.db #0x02	; 2
      0015F4 A0                    6120 	.db #0xa0	; 160
      0015F5 08                    6121 	.db #0x08	; 8
      0015F6 0B                    6122 	.db #0x0b	; 11
      0015F7 7F                    6123 	.db #0x7f	; 127
      0015F8 71                    6124 	.db #0x71	; 113	'q'
      0015F9 A0                    6125 	.db #0xa0	; 160
      0015FA 09                    6126 	.db #0x09	; 9
      0015FB 0B                    6127 	.db #0x0b	; 11
      0015FC 7F                    6128 	.db #0x7f	; 127
      0015FD 71                    6129 	.db #0x71	; 113	'q'
      0015FE A0                    6130 	.db #0xa0	; 160
      0015FF 0A                    6131 	.db #0x0a	; 10
      001600 0B                    6132 	.db #0x0b	; 11
      001601 61                    6133 	.db #0x61	; 97	'a'
      001602 85                    6134 	.db #0x85	; 133
      001603 08                    6135 	.db #0x08	; 8
      001604 A0                    6136 	.db #0xa0	; 160
      001605 09                    6137 	.db #0x09	; 9
      001606 0A                    6138 	.db #0x0a	; 10
      001607 61                    6139 	.db #0x61	; 97	'a'
      001608 1B                    6140 	.db #0x1b	; 27
      001609 17                    6141 	.db #0x17	; 23
      00160A A0                    6142 	.db #0xa0	; 160
      00160B 0A                    6143 	.db #0x0a	; 10
      00160C 0F                    6144 	.db #0x0f	; 15
      00160D 61                    6145 	.db #0x61	; 97	'a'
      00160E CA                    6146 	.db #0xca	; 202
      00160F 02                    6147 	.db #0x02	; 2
      001610 A0                    6148 	.db #0xa0	; 160
      001611 0A                    6149 	.db #0x0a	; 10
      001612 0B                    6150 	.db #0x0b	; 11
      001613 61                    6151 	.db #0x61	; 97	'a'
      001614 83                    6152 	.db #0x83	; 131
      001615 08                    6153 	.db #0x08	; 8
      001616 A0                    6154 	.db #0xa0	; 160
      001617 08                    6155 	.db #0x08	; 8
      001618 0A                    6156 	.db #0x0a	; 10
      001619 61                    6157 	.db #0x61	; 97	'a'
      00161A 67                    6158 	.db #0x67	; 103	'g'
      00161B 0E                    6159 	.db #0x0e	; 14
      00161C A0                    6160 	.db #0xa0	; 160
      00161D 09                    6161 	.db #0x09	; 9
      00161E 09                    6162 	.db #0x09	; 9
      00161F 61                    6163 	.db #0x61	; 97	'a'
      001620 AC                    6164 	.db #0xac	; 172
      001621 08                    6165 	.db #0x08	; 8
      001622 A0                    6166 	.db #0xa0	; 160
      001623 04                    6167 	.db #0x04	; 4
      001624 FC                    6168 	.db #0xfc	; 252
      001625 71                    6169 	.db #0x71	; 113	'q'
      001626 A0                    6170 	.db #0xa0	; 160
      001627 05                    6171 	.db #0x05	; 5
      001628 01                    6172 	.db #0x01	; 1
      001629 7F                    6173 	.db #0x7f	; 127
      00162A 71                    6174 	.db #0x71	; 113	'q'
      00162B A0                    6175 	.db #0xa0	; 160
      00162C 0A                    6176 	.db #0x0a	; 10
      00162D 0F                    6177 	.db #0x0f	; 15
      00162E 61                    6178 	.db #0x61	; 97	'a'
      00162F CA                    6179 	.db #0xca	; 202
      001630 02                    6180 	.db #0x02	; 2
      001631 A0                    6181 	.db #0xa0	; 160
      001632 0A                    6182 	.db #0x0a	; 10
      001633 0B                    6183 	.db #0x0b	; 11
      001634 61                    6184 	.db #0x61	; 97	'a'
      001635 FF                    6185 	.db #0xff	; 255
      001636 13                    6186 	.db #0x13	; 19
      001637 A0                    6187 	.db #0xa0	; 160
      001638 08                    6188 	.db #0x08	; 8
      001639 09                    6189 	.db #0x09	; 9
      00163A 61                    6190 	.db #0x61	; 97	'a'
      00163B 97                    6191 	.db #0x97	; 151
      00163C 0B                    6192 	.db #0x0b	; 11
      00163D A0                    6193 	.db #0xa0	; 160
      00163E 04                    6194 	.db #0x04	; 4
      00163F F9                    6195 	.db #0xf9	; 249
      001640 71                    6196 	.db #0x71	; 113	'q'
      001641 A0                    6197 	.db #0xa0	; 160
      001642 05                    6198 	.db #0x05	; 5
      001643 03                    6199 	.db #0x03	; 3
      001644 7F                    6200 	.db #0x7f	; 127
      001645 71                    6201 	.db #0x71	; 113	'q'
      001646 A0                    6202 	.db #0xa0	; 160
      001647 0A                    6203 	.db #0x0a	; 10
      001648 0F                    6204 	.db #0x0f	; 15
      001649 61                    6205 	.db #0x61	; 97	'a'
      00164A CA                    6206 	.db #0xca	; 202
      00164B 02                    6207 	.db #0x02	; 2
      00164C A0                    6208 	.db #0xa0	; 160
      00164D 0A                    6209 	.db #0x0a	; 10
      00164E 0B                    6210 	.db #0x0b	; 11
      00164F 61                    6211 	.db #0x61	; 97	'a'
      001650 D1                    6212 	.db #0xd1	; 209
      001651 02                    6213 	.db #0x02	; 2
      001652 A0                    6214 	.db #0xa0	; 160
      001653 09                    6215 	.db #0x09	; 9
      001654 08                    6216 	.db #0x08	; 8
      001655 61                    6217 	.db #0x61	; 97	'a'
      001656 AA                    6218 	.db #0xaa	; 170
      001657 1C                    6219 	.db #0x1c	; 28
      001658 A0                    6220 	.db #0xa0	; 160
      001659 08                    6221 	.db #0x08	; 8
      00165A 08                    6222 	.db #0x08	; 8
      00165B 61                    6223 	.db #0x61	; 97	'a'
      00165C 21                    6224 	.db #0x21	; 33
      00165D 00                    6225 	.db #0x00	; 0
      00165E A0                    6226 	.db #0xa0	; 160
      00165F 0A                    6227 	.db #0x0a	; 10
      001660 08                    6228 	.db #0x08	; 8
      001661 61                    6229 	.db #0x61	; 97	'a'
      001662 D7                    6230 	.db #0xd7	; 215
      001663 02                    6231 	.db #0x02	; 2
      001664 A0                    6232 	.db #0xa0	; 160
      001665 0A                    6233 	.db #0x0a	; 10
      001666 06                    6234 	.db #0x06	; 6
      001667 62                    6235 	.db #0x62	; 98	'b'
      001668 A0                    6236 	.db #0xa0	; 160
      001669 0A                    6237 	.db #0x0a	; 10
      00166A 03                    6238 	.db #0x03	; 3
      00166B 62                    6239 	.db #0x62	; 98	'b'
      00166C A0                    6240 	.db #0xa0	; 160
      00166D 0A                    6241 	.db #0x0a	; 10
      00166E 01                    6242 	.db #0x01	; 1
      00166F 62                    6243 	.db #0x62	; 98	'b'
      001670 A0                    6244 	.db #0xa0	; 160
      001671 0A                    6245 	.db #0x0a	; 10
      001672 00                    6246 	.db #0x00	; 0
      001673 61                    6247 	.db #0x61	; 97	'a'
      001674 90                    6248 	.db #0x90	; 144
      001675 08                    6249 	.db #0x08	; 8
      001676 A0                    6250 	.db #0xa0	; 160
      001677 09                    6251 	.db #0x09	; 9
      001678 07                    6252 	.db #0x07	; 7
      001679 61                    6253 	.db #0x61	; 97	'a'
      00167A 7E                    6254 	.db #0x7e	; 126
      00167B 0E                    6255 	.db #0x0e	; 14
      00167C A0                    6256 	.db #0xa0	; 160
      00167D 0A                    6257 	.db #0x0a	; 10
      00167E 0F                    6258 	.db #0x0f	; 15
      00167F 61                    6259 	.db #0x61	; 97	'a'
      001680 CA                    6260 	.db #0xca	; 202
      001681 02                    6261 	.db #0x02	; 2
      001682 A0                    6262 	.db #0xa0	; 160
      001683 0A                    6263 	.db #0x0a	; 10
      001684 0B                    6264 	.db #0x0b	; 11
      001685 61                    6265 	.db #0x61	; 97	'a'
      001686 83                    6266 	.db #0x83	; 131
      001687 08                    6267 	.db #0x08	; 8
      001688 A0                    6268 	.db #0xa0	; 160
      001689 08                    6269 	.db #0x08	; 8
      00168A 07                    6270 	.db #0x07	; 7
      00168B 61                    6271 	.db #0x61	; 97	'a'
      00168C 04                    6272 	.db #0x04	; 4
      00168D 17                    6273 	.db #0x17	; 23
      00168E A0                    6274 	.db #0xa0	; 160
      00168F 09                    6275 	.db #0x09	; 9
      001690 06                    6276 	.db #0x06	; 6
      001691 7F                    6277 	.db #0x7f	; 127
      001692 70                    6278 	.db #0x70	; 112	'p'
      001693 A0                    6279 	.db #0xa0	; 160
      001694 04                    6280 	.db #0x04	; 4
      001695 FC                    6281 	.db #0xfc	; 252
      001696 71                    6282 	.db #0x71	; 113	'q'
      001697 A0                    6283 	.db #0xa0	; 160
      001698 05                    6284 	.db #0x05	; 5
      001699 01                    6285 	.db #0x01	; 1
      00169A 7F                    6286 	.db #0x7f	; 127
      00169B 72                    6287 	.db #0x72	; 114	'r'
      00169C A0                    6288 	.db #0xa0	; 160
      00169D 0A                    6289 	.db #0x0a	; 10
      00169E 0F                    6290 	.db #0x0f	; 15
      00169F 61                    6291 	.db #0x61	; 97	'a'
      0016A0 C7                    6292 	.db #0xc7	; 199
      0016A1 02                    6293 	.db #0x02	; 2
      0016A2 A0                    6294 	.db #0xa0	; 160
      0016A3 0A                    6295 	.db #0x0a	; 10
      0016A4 0B                    6296 	.db #0x0b	; 11
      0016A5 61                    6297 	.db #0x61	; 97	'a'
      0016A6 FF                    6298 	.db #0xff	; 255
      0016A7 13                    6299 	.db #0x13	; 19
      0016A8 A0                    6300 	.db #0xa0	; 160
      0016A9 08                    6301 	.db #0x08	; 8
      0016AA 06                    6302 	.db #0x06	; 6
      0016AB 61                    6303 	.db #0x61	; 97	'a'
      0016AC 96                    6304 	.db #0x96	; 150
      0016AD 0B                    6305 	.db #0x0b	; 11
      0016AE A0                    6306 	.db #0xa0	; 160
      0016AF 04                    6307 	.db #0x04	; 4
      0016B0 F9                    6308 	.db #0xf9	; 249
      0016B1 71                    6309 	.db #0x71	; 113	'q'
      0016B2 A0                    6310 	.db #0xa0	; 160
      0016B3 05                    6311 	.db #0x05	; 5
      0016B4 03                    6312 	.db #0x03	; 3
      0016B5 7F                    6313 	.db #0x7f	; 127
      0016B6 72                    6314 	.db #0x72	; 114	'r'
      0016B7 A0                    6315 	.db #0xa0	; 160
      0016B8 0A                    6316 	.db #0x0a	; 10
      0016B9 0F                    6317 	.db #0x0f	; 15
      0016BA 61                    6318 	.db #0x61	; 97	'a'
      0016BB CA                    6319 	.db #0xca	; 202
      0016BC 02                    6320 	.db #0x02	; 2
      0016BD A0                    6321 	.db #0xa0	; 160
      0016BE 0A                    6322 	.db #0x0a	; 10
      0016BF 0B                    6323 	.db #0x0b	; 11
      0016C0 61                    6324 	.db #0x61	; 97	'a'
      0016C1 6E                    6325 	.db #0x6e	; 110	'n'
      0016C2 0B                    6326 	.db #0x0b	; 11
      0016C3 A0                    6327 	.db #0xa0	; 160
      0016C4 09                    6328 	.db #0x09	; 9
      0016C5 05                    6329 	.db #0x05	; 5
      0016C6 61                    6330 	.db #0x61	; 97	'a'
      0016C7 0F                    6331 	.db #0x0f	; 15
      0016C8 14                    6332 	.db #0x14	; 20
      0016C9 A0                    6333 	.db #0xa0	; 160
      0016CA 00                    6334 	.db #0x00	; 0
      0016CB B3                    6335 	.db #0xb3	; 179
      0016CC 7F                    6336 	.db #0x7f	; 127
      0016CD 73                    6337 	.db #0x73	; 115	's'
      0016CE A0                    6338 	.db #0xa0	; 160
      0016CF 08                    6339 	.db #0x08	; 8
      0016D0 0F                    6340 	.db #0x0f	; 15
      0016D1 7F                    6341 	.db #0x7f	; 127
      0016D2 73                    6342 	.db #0x73	; 115	's'
      0016D3 A0                    6343 	.db #0xa0	; 160
      0016D4 02                    6344 	.db #0x02	; 2
      0016D5 B5                    6345 	.db #0xb5	; 181
      0016D6 7F                    6346 	.db #0x7f	; 127
      0016D7 72                    6347 	.db #0x72	; 114	'r'
      0016D8 A0                    6348 	.db #0xa0	; 160
      0016D9 09                    6349 	.db #0x09	; 9
      0016DA 0E                    6350 	.db #0x0e	; 14
      0016DB 7F                    6351 	.db #0x7f	; 127
      0016DC 72                    6352 	.db #0x72	; 114	'r'
      0016DD A0                    6353 	.db #0xa0	; 160
      0016DE 04                    6354 	.db #0x04	; 4
      0016DF 8A                    6355 	.db #0x8a	; 138
      0016E0 7F                    6356 	.db #0x7f	; 127
      0016E1 74                    6357 	.db #0x74	; 116	't'
      0016E2 A0                    6358 	.db #0xa0	; 160
      0016E3 0A                    6359 	.db #0x0a	; 10
      0016E4 0F                    6360 	.db #0x0f	; 15
      0016E5 61                    6361 	.db #0x61	; 97	'a'
      0016E6 7A                    6362 	.db #0x7a	; 122	'z'
      0016E7 02                    6363 	.db #0x02	; 2
      0016E8 A0                    6364 	.db #0xa0	; 160
      0016E9 08                    6365 	.db #0x08	; 8
      0016EA 0B                    6366 	.db #0x0b	; 11
      0016EB 7F                    6367 	.db #0x7f	; 127
      0016EC 71                    6368 	.db #0x71	; 113	'q'
      0016ED A0                    6369 	.db #0xa0	; 160
      0016EE 09                    6370 	.db #0x09	; 9
      0016EF 0B                    6371 	.db #0x0b	; 11
      0016F0 7F                    6372 	.db #0x7f	; 127
      0016F1 71                    6373 	.db #0x71	; 113	'q'
      0016F2 A0                    6374 	.db #0xa0	; 160
      0016F3 0A                    6375 	.db #0x0a	; 10
      0016F4 0B                    6376 	.db #0x0b	; 11
      0016F5 61                    6377 	.db #0x61	; 97	'a'
      0016F6 85                    6378 	.db #0x85	; 133
      0016F7 08                    6379 	.db #0x08	; 8
      0016F8 A0                    6380 	.db #0xa0	; 160
      0016F9 09                    6381 	.db #0x09	; 9
      0016FA 0A                    6382 	.db #0x0a	; 10
      0016FB 61                    6383 	.db #0x61	; 97	'a'
      0016FC 1B                    6384 	.db #0x1b	; 27
      0016FD 17                    6385 	.db #0x17	; 23
      0016FE A0                    6386 	.db #0xa0	; 160
      0016FF 0A                    6387 	.db #0x0a	; 10
      001700 0F                    6388 	.db #0x0f	; 15
      001701 61                    6389 	.db #0x61	; 97	'a'
      001702 CA                    6390 	.db #0xca	; 202
      001703 02                    6391 	.db #0x02	; 2
      001704 A0                    6392 	.db #0xa0	; 160
      001705 0A                    6393 	.db #0x0a	; 10
      001706 0B                    6394 	.db #0x0b	; 11
      001707 61                    6395 	.db #0x61	; 97	'a'
      001708 83                    6396 	.db #0x83	; 131
      001709 08                    6397 	.db #0x08	; 8
      00170A A0                    6398 	.db #0xa0	; 160
      00170B 08                    6399 	.db #0x08	; 8
      00170C 0A                    6400 	.db #0x0a	; 10
      00170D 61                    6401 	.db #0x61	; 97	'a'
      00170E 67                    6402 	.db #0x67	; 103	'g'
      00170F 0E                    6403 	.db #0x0e	; 14
      001710 A0                    6404 	.db #0xa0	; 160
      001711 09                    6405 	.db #0x09	; 9
      001712 09                    6406 	.db #0x09	; 9
      001713 61                    6407 	.db #0x61	; 97	'a'
      001714 AC                    6408 	.db #0xac	; 172
      001715 08                    6409 	.db #0x08	; 8
      001716 A0                    6410 	.db #0xa0	; 160
      001717 04                    6411 	.db #0x04	; 4
      001718 C5                    6412 	.db #0xc5	; 197
      001719 71                    6413 	.db #0x71	; 113	'q'
      00171A A0                    6414 	.db #0xa0	; 160
      00171B 05                    6415 	.db #0x05	; 5
      00171C 01                    6416 	.db #0x01	; 1
      00171D 7F                    6417 	.db #0x7f	; 127
      00171E 71                    6418 	.db #0x71	; 113	'q'
      00171F A0                    6419 	.db #0xa0	; 160
      001720 0A                    6420 	.db #0x0a	; 10
      001721 0F                    6421 	.db #0x0f	; 15
      001722 61                    6422 	.db #0x61	; 97	'a'
      001723 CA                    6423 	.db #0xca	; 202
      001724 02                    6424 	.db #0x02	; 2
      001725 A0                    6425 	.db #0xa0	; 160
      001726 0A                    6426 	.db #0x0a	; 10
      001727 0B                    6427 	.db #0x0b	; 11
      001728 61                    6428 	.db #0x61	; 97	'a'
      001729 FF                    6429 	.db #0xff	; 255
      00172A 13                    6430 	.db #0x13	; 19
      00172B A0                    6431 	.db #0xa0	; 160
      00172C 08                    6432 	.db #0x08	; 8
      00172D 09                    6433 	.db #0x09	; 9
      00172E 61                    6434 	.db #0x61	; 97	'a'
      00172F 97                    6435 	.db #0x97	; 151
      001730 0B                    6436 	.db #0x0b	; 11
      001731 A0                    6437 	.db #0xa0	; 160
      001732 04                    6438 	.db #0x04	; 4
      001733 8A                    6439 	.db #0x8a	; 138
      001734 71                    6440 	.db #0x71	; 113	'q'
      001735 A0                    6441 	.db #0xa0	; 160
      001736 05                    6442 	.db #0x05	; 5
      001737 03                    6443 	.db #0x03	; 3
      001738 7F                    6444 	.db #0x7f	; 127
      001739 71                    6445 	.db #0x71	; 113	'q'
      00173A A0                    6446 	.db #0xa0	; 160
      00173B 0A                    6447 	.db #0x0a	; 10
      00173C 0F                    6448 	.db #0x0f	; 15
      00173D 61                    6449 	.db #0x61	; 97	'a'
      00173E CA                    6450 	.db #0xca	; 202
      00173F 02                    6451 	.db #0x02	; 2
      001740 A0                    6452 	.db #0xa0	; 160
      001741 0A                    6453 	.db #0x0a	; 10
      001742 0B                    6454 	.db #0x0b	; 11
      001743 61                    6455 	.db #0x61	; 97	'a'
      001744 D1                    6456 	.db #0xd1	; 209
      001745 02                    6457 	.db #0x02	; 2
      001746 A0                    6458 	.db #0xa0	; 160
      001747 09                    6459 	.db #0x09	; 9
      001748 08                    6460 	.db #0x08	; 8
      001749 61                    6461 	.db #0x61	; 97	'a'
      00174A AC                    6462 	.db #0xac	; 172
      00174B 1C                    6463 	.db #0x1c	; 28
      00174C A0                    6464 	.db #0xa0	; 160
      00174D 00                    6465 	.db #0x00	; 0
      00174E 97                    6466 	.db #0x97	; 151
      00174F 7F                    6467 	.db #0x7f	; 127
      001750 73                    6468 	.db #0x73	; 115	's'
      001751 A0                    6469 	.db #0xa0	; 160
      001752 08                    6470 	.db #0x08	; 8
      001753 0F                    6471 	.db #0x0f	; 15
      001754 7F                    6472 	.db #0x7f	; 127
      001755 73                    6473 	.db #0x73	; 115	's'
      001756 A0                    6474 	.db #0xa0	; 160
      001757 02                    6475 	.db #0x02	; 2
      001758 98                    6476 	.db #0x98	; 152
      001759 7F                    6477 	.db #0x7f	; 127
      00175A 72                    6478 	.db #0x72	; 114	'r'
      00175B A0                    6479 	.db #0xa0	; 160
      00175C 09                    6480 	.db #0x09	; 9
      00175D 0E                    6481 	.db #0x0e	; 14
      00175E 7F                    6482 	.db #0x7f	; 127
      00175F 76                    6483 	.db #0x76	; 118	'v'
      001760 A0                    6484 	.db #0xa0	; 160
      001761 0A                    6485 	.db #0x0a	; 10
      001762 08                    6486 	.db #0x08	; 8
      001763 61                    6487 	.db #0x61	; 97	'a'
      001764 8B                    6488 	.db #0x8b	; 139
      001765 02                    6489 	.db #0x02	; 2
      001766 A0                    6490 	.db #0xa0	; 160
      001767 08                    6491 	.db #0x08	; 8
      001768 0B                    6492 	.db #0x0b	; 11
      001769 7F                    6493 	.db #0x7f	; 127
      00176A 71                    6494 	.db #0x71	; 113	'q'
      00176B A0                    6495 	.db #0xa0	; 160
      00176C 09                    6496 	.db #0x09	; 9
      00176D 0B                    6497 	.db #0x0b	; 11
      00176E 7F                    6498 	.db #0x7f	; 127
      00176F 71                    6499 	.db #0x71	; 113	'q'
      001770 A0                    6500 	.db #0xa0	; 160
      001771 0A                    6501 	.db #0x0a	; 10
      001772 06                    6502 	.db #0x06	; 6
      001773 61                    6503 	.db #0x61	; 97	'a'
      001774 D4                    6504 	.db #0xd4	; 212
      001775 02                    6505 	.db #0x02	; 2
      001776 A0                    6506 	.db #0xa0	; 160
      001777 0A                    6507 	.db #0x0a	; 10
      001778 03                    6508 	.db #0x03	; 3
      001779 62                    6509 	.db #0x62	; 98	'b'
      00177A A0                    6510 	.db #0xa0	; 160
      00177B 0A                    6511 	.db #0x0a	; 10
      00177C 01                    6512 	.db #0x01	; 1
      00177D 61                    6513 	.db #0x61	; 97	'a'
      00177E D2                    6514 	.db #0xd2	; 210
      00177F 02                    6515 	.db #0x02	; 2
      001780 A0                    6516 	.db #0xa0	; 160
      001781 09                    6517 	.db #0x09	; 9
      001782 0A                    6518 	.db #0x0a	; 10
      001783 7F                    6519 	.db #0x7f	; 127
      001784 A0                    6520 	.db #0xa0	; 160
      001785 0A                    6521 	.db #0x0a	; 10
      001786 00                    6522 	.db #0x00	; 0
      001787 61                    6523 	.db #0x61	; 97	'a'
      001788 0B                    6524 	.db #0x0b	; 11
      001789 17                    6525 	.db #0x17	; 23
      00178A A0                    6526 	.db #0xa0	; 160
      00178B 0A                    6527 	.db #0x0a	; 10
      00178C 0F                    6528 	.db #0x0f	; 15
      00178D 61                    6529 	.db #0x61	; 97	'a'
      00178E CA                    6530 	.db #0xca	; 202
      00178F 02                    6531 	.db #0x02	; 2
      001790 A0                    6532 	.db #0xa0	; 160
      001791 0A                    6533 	.db #0x0a	; 10
      001792 0B                    6534 	.db #0x0b	; 11
      001793 61                    6535 	.db #0x61	; 97	'a'
      001794 83                    6536 	.db #0x83	; 131
      001795 08                    6537 	.db #0x08	; 8
      001796 A0                    6538 	.db #0xa0	; 160
      001797 08                    6539 	.db #0x08	; 8
      001798 0A                    6540 	.db #0x0a	; 10
      001799 61                    6541 	.db #0x61	; 97	'a'
      00179A 67                    6542 	.db #0x67	; 103	'g'
      00179B 0E                    6543 	.db #0x0e	; 14
      00179C A0                    6544 	.db #0xa0	; 160
      00179D 09                    6545 	.db #0x09	; 9
      00179E 09                    6546 	.db #0x09	; 9
      00179F 61                    6547 	.db #0x61	; 97	'a'
      0017A0 AC                    6548 	.db #0xac	; 172
      0017A1 08                    6549 	.db #0x08	; 8
      0017A2 A0                    6550 	.db #0xa0	; 160
      0017A3 04                    6551 	.db #0x04	; 4
      0017A4 C5                    6552 	.db #0xc5	; 197
      0017A5 71                    6553 	.db #0x71	; 113	'q'
      0017A6 A0                    6554 	.db #0xa0	; 160
      0017A7 05                    6555 	.db #0x05	; 5
      0017A8 01                    6556 	.db #0x01	; 1
      0017A9 7F                    6557 	.db #0x7f	; 127
      0017AA 71                    6558 	.db #0x71	; 113	'q'
      0017AB A0                    6559 	.db #0xa0	; 160
      0017AC 0A                    6560 	.db #0x0a	; 10
      0017AD 0F                    6561 	.db #0x0f	; 15
      0017AE 61                    6562 	.db #0x61	; 97	'a'
      0017AF CA                    6563 	.db #0xca	; 202
      0017B0 02                    6564 	.db #0x02	; 2
      0017B1 A0                    6565 	.db #0xa0	; 160
      0017B2 0A                    6566 	.db #0x0a	; 10
      0017B3 0B                    6567 	.db #0x0b	; 11
      0017B4 61                    6568 	.db #0x61	; 97	'a'
      0017B5 FF                    6569 	.db #0xff	; 255
      0017B6 13                    6570 	.db #0x13	; 19
      0017B7 A0                    6571 	.db #0xa0	; 160
      0017B8 08                    6572 	.db #0x08	; 8
      0017B9 09                    6573 	.db #0x09	; 9
      0017BA 61                    6574 	.db #0x61	; 97	'a'
      0017BB 96                    6575 	.db #0x96	; 150
      0017BC 0B                    6576 	.db #0x0b	; 11
      0017BD A0                    6577 	.db #0xa0	; 160
      0017BE 04                    6578 	.db #0x04	; 4
      0017BF 8A                    6579 	.db #0x8a	; 138
      0017C0 71                    6580 	.db #0x71	; 113	'q'
      0017C1 A0                    6581 	.db #0xa0	; 160
      0017C2 05                    6582 	.db #0x05	; 5
      0017C3 03                    6583 	.db #0x03	; 3
      0017C4 7F                    6584 	.db #0x7f	; 127
      0017C5 72                    6585 	.db #0x72	; 114	'r'
      0017C6 A0                    6586 	.db #0xa0	; 160
      0017C7 0A                    6587 	.db #0x0a	; 10
      0017C8 0F                    6588 	.db #0x0f	; 15
      0017C9 61                    6589 	.db #0x61	; 97	'a'
      0017CA CA                    6590 	.db #0xca	; 202
      0017CB 02                    6591 	.db #0x02	; 2
      0017CC A0                    6592 	.db #0xa0	; 160
      0017CD 0A                    6593 	.db #0x0a	; 10
      0017CE 0B                    6594 	.db #0x0b	; 11
      0017CF 61                    6595 	.db #0x61	; 97	'a'
      0017D0 D1                    6596 	.db #0xd1	; 209
      0017D1 02                    6597 	.db #0x02	; 2
      0017D2 A0                    6598 	.db #0xa0	; 160
      0017D3 09                    6599 	.db #0x09	; 9
      0017D4 08                    6600 	.db #0x08	; 8
      0017D5 61                    6601 	.db #0x61	; 97	'a'
      0017D6 C0                    6602 	.db #0xc0	; 192
      0017D7 1C                    6603 	.db #0x1c	; 28
      0017D8 A0                    6604 	.db #0xa0	; 160
      0017D9 08                    6605 	.db #0x08	; 8
      0017DA 0F                    6606 	.db #0x0f	; 15
      0017DB 61                    6607 	.db #0x61	; 97	'a'
      0017DC 27                    6608 	.db #0x27	; 39
      0017DD 00                    6609 	.db #0x00	; 0
      0017DE A0                    6610 	.db #0xa0	; 160
      0017DF 09                    6611 	.db #0x09	; 9
      0017E0 0E                    6612 	.db #0x0e	; 14
      0017E1 7F                    6613 	.db #0x7f	; 127
      0017E2 73                    6614 	.db #0x73	; 115	's'
      0017E3 A0                    6615 	.db #0xa0	; 160
      0017E4 04                    6616 	.db #0x04	; 4
      0017E5 27                    6617 	.db #0x27	; 39
      0017E6 7F                    6618 	.db #0x7f	; 127
      0017E7 73                    6619 	.db #0x73	; 115	's'
      0017E8 A0                    6620 	.db #0xa0	; 160
      0017E9 0A                    6621 	.db #0x0a	; 10
      0017EA 0F                    6622 	.db #0x0f	; 15
      0017EB 61                    6623 	.db #0x61	; 97	'a'
      0017EC 7A                    6624 	.db #0x7a	; 122	'z'
      0017ED 02                    6625 	.db #0x02	; 2
      0017EE A0                    6626 	.db #0xa0	; 160
      0017EF 08                    6627 	.db #0x08	; 8
      0017F0 0B                    6628 	.db #0x0b	; 11
      0017F1 7F                    6629 	.db #0x7f	; 127
      0017F2 71                    6630 	.db #0x71	; 113	'q'
      0017F3 A0                    6631 	.db #0xa0	; 160
      0017F4 09                    6632 	.db #0x09	; 9
      0017F5 0B                    6633 	.db #0x0b	; 11
      0017F6 7F                    6634 	.db #0x7f	; 127
      0017F7 71                    6635 	.db #0x71	; 113	'q'
      0017F8 A0                    6636 	.db #0xa0	; 160
      0017F9 0A                    6637 	.db #0x0a	; 10
      0017FA 0B                    6638 	.db #0x0b	; 11
      0017FB 61                    6639 	.db #0x61	; 97	'a'
      0017FC 85                    6640 	.db #0x85	; 133
      0017FD 08                    6641 	.db #0x08	; 8
      0017FE A0                    6642 	.db #0xa0	; 160
      0017FF 09                    6643 	.db #0x09	; 9
      001800 0A                    6644 	.db #0x0a	; 10
      001801 61                    6645 	.db #0x61	; 97	'a'
      001802 EE                    6646 	.db #0xee	; 238
      001803 16                    6647 	.db #0x16	; 22
      001804 A0                    6648 	.db #0xa0	; 160
      001805 00                    6649 	.db #0x00	; 0
      001806 A0                    6650 	.db #0xa0	; 160
      001807 7F                    6651 	.db #0x7f	; 127
      001808 73                    6652 	.db #0x73	; 115	's'
      001809 A0                    6653 	.db #0xa0	; 160
      00180A 08                    6654 	.db #0x08	; 8
      00180B 0F                    6655 	.db #0x0f	; 15
      00180C 7F                    6656 	.db #0x7f	; 127
      00180D 73                    6657 	.db #0x73	; 115	's'
      00180E A0                    6658 	.db #0xa0	; 160
      00180F 02                    6659 	.db #0x02	; 2
      001810 A1                    6660 	.db #0xa1	; 161
      001811 7F                    6661 	.db #0x7f	; 127
      001812 72                    6662 	.db #0x72	; 114	'r'
      001813 A0                    6663 	.db #0xa0	; 160
      001814 09                    6664 	.db #0x09	; 9
      001815 0E                    6665 	.db #0x0e	; 14
      001816 61                    6666 	.db #0x61	; 97	'a'
      001817 28                    6667 	.db #0x28	; 40
      001818 00                    6668 	.db #0x00	; 0
      001819 A0                    6669 	.db #0xa0	; 160
      00181A 0A                    6670 	.db #0x0a	; 10
      00181B 0F                    6671 	.db #0x0f	; 15
      00181C 61                    6672 	.db #0x61	; 97	'a'
      00181D 7A                    6673 	.db #0x7a	; 122	'z'
      00181E 02                    6674 	.db #0x02	; 2
      00181F A0                    6675 	.db #0xa0	; 160
      001820 08                    6676 	.db #0x08	; 8
      001821 0B                    6677 	.db #0x0b	; 11
      001822 7F                    6678 	.db #0x7f	; 127
      001823 71                    6679 	.db #0x71	; 113	'q'
      001824 A0                    6680 	.db #0xa0	; 160
      001825 09                    6681 	.db #0x09	; 9
      001826 0B                    6682 	.db #0x0b	; 11
      001827 7F                    6683 	.db #0x7f	; 127
      001828 71                    6684 	.db #0x71	; 113	'q'
      001829 A0                    6685 	.db #0xa0	; 160
      00182A 0A                    6686 	.db #0x0a	; 10
      00182B 0B                    6687 	.db #0x0b	; 11
      00182C 61                    6688 	.db #0x61	; 97	'a'
      00182D 85                    6689 	.db #0x85	; 133
      00182E 08                    6690 	.db #0x08	; 8
      00182F A0                    6691 	.db #0xa0	; 160
      001830 09                    6692 	.db #0x09	; 9
      001831 0A                    6693 	.db #0x0a	; 10
      001832 61                    6694 	.db #0x61	; 97	'a'
      001833 EE                    6695 	.db #0xee	; 238
      001834 16                    6696 	.db #0x16	; 22
      001835 A0                    6697 	.db #0xa0	; 160
      001836 00                    6698 	.db #0x00	; 0
      001837 97                    6699 	.db #0x97	; 151
      001838 7F                    6700 	.db #0x7f	; 127
      001839 73                    6701 	.db #0x73	; 115	's'
      00183A A0                    6702 	.db #0xa0	; 160
      00183B 08                    6703 	.db #0x08	; 8
      00183C 0F                    6704 	.db #0x0f	; 15
      00183D 7F                    6705 	.db #0x7f	; 127
      00183E 73                    6706 	.db #0x73	; 115	's'
      00183F A0                    6707 	.db #0xa0	; 160
      001840 02                    6708 	.db #0x02	; 2
      001841 98                    6709 	.db #0x98	; 152
      001842 7F                    6710 	.db #0x7f	; 127
      001843 72                    6711 	.db #0x72	; 114	'r'
      001844 A0                    6712 	.db #0xa0	; 160
      001845 09                    6713 	.db #0x09	; 9
      001846 0E                    6714 	.db #0x0e	; 14
      001847 7F                    6715 	.db #0x7f	; 127
      001848 73                    6716 	.db #0x73	; 115	's'
      001849 A0                    6717 	.db #0xa0	; 160
      00184A 04                    6718 	.db #0x04	; 4
      00184B 93                    6719 	.db #0x93	; 147
      00184C 71                    6720 	.db #0x71	; 113	'q'
      00184D A0                    6721 	.db #0xa0	; 160
      00184E 05                    6722 	.db #0x05	; 5
      00184F 01                    6723 	.db #0x01	; 1
      001850 7F                    6724 	.db #0x7f	; 127
      001851 72                    6725 	.db #0x72	; 114	'r'
      001852 A0                    6726 	.db #0xa0	; 160
      001853 0A                    6727 	.db #0x0a	; 10
      001854 0F                    6728 	.db #0x0f	; 15
      001855 61                    6729 	.db #0x61	; 97	'a'
      001856 79                    6730 	.db #0x79	; 121	'y'
      001857 02                    6731 	.db #0x02	; 2
      001858 A0                    6732 	.db #0xa0	; 160
      001859 08                    6733 	.db #0x08	; 8
      00185A 0B                    6734 	.db #0x0b	; 11
      00185B 7F                    6735 	.db #0x7f	; 127
      00185C 71                    6736 	.db #0x71	; 113	'q'
      00185D A0                    6737 	.db #0xa0	; 160
      00185E 09                    6738 	.db #0x09	; 9
      00185F 0B                    6739 	.db #0x0b	; 11
      001860 7F                    6740 	.db #0x7f	; 127
      001861 71                    6741 	.db #0x71	; 113	'q'
      001862 A0                    6742 	.db #0xa0	; 160
      001863 0A                    6743 	.db #0x0a	; 10
      001864 0B                    6744 	.db #0x0b	; 11
      001865 61                    6745 	.db #0x61	; 97	'a'
      001866 85                    6746 	.db #0x85	; 133
      001867 08                    6747 	.db #0x08	; 8
      001868 A0                    6748 	.db #0xa0	; 160
      001869 09                    6749 	.db #0x09	; 9
      00186A 0A                    6750 	.db #0x0a	; 10
      00186B 61                    6751 	.db #0x61	; 97	'a'
      00186C EE                    6752 	.db #0xee	; 238
      00186D 16                    6753 	.db #0x16	; 22
      00186E A0                    6754 	.db #0xa0	; 160
      00186F 00                    6755 	.db #0x00	; 0
      001870 A0                    6756 	.db #0xa0	; 160
      001871 7F                    6757 	.db #0x7f	; 127
      001872 73                    6758 	.db #0x73	; 115	's'
      001873 A0                    6759 	.db #0xa0	; 160
      001874 08                    6760 	.db #0x08	; 8
      001875 0F                    6761 	.db #0x0f	; 15
      001876 7F                    6762 	.db #0x7f	; 127
      001877 73                    6763 	.db #0x73	; 115	's'
      001878 A0                    6764 	.db #0xa0	; 160
      001879 02                    6765 	.db #0x02	; 2
      00187A A1                    6766 	.db #0xa1	; 161
      00187B 7F                    6767 	.db #0x7f	; 127
      00187C 72                    6768 	.db #0x72	; 114	'r'
      00187D A0                    6769 	.db #0xa0	; 160
      00187E 09                    6770 	.db #0x09	; 9
      00187F 0E                    6771 	.db #0x0e	; 14
      001880 7F                    6772 	.db #0x7f	; 127
      001881 73                    6773 	.db #0x73	; 115	's'
      001882 A0                    6774 	.db #0xa0	; 160
      001883 04                    6775 	.db #0x04	; 4
      001884 27                    6776 	.db #0x27	; 39
      001885 71                    6777 	.db #0x71	; 113	'q'
      001886 A0                    6778 	.db #0xa0	; 160
      001887 05                    6779 	.db #0x05	; 5
      001888 03                    6780 	.db #0x03	; 3
      001889 7F                    6781 	.db #0x7f	; 127
      00188A 71                    6782 	.db #0x71	; 113	'q'
      00188B A0                    6783 	.db #0xa0	; 160
      00188C 0A                    6784 	.db #0x0a	; 10
      00188D 0F                    6785 	.db #0x0f	; 15
      00188E 61                    6786 	.db #0x61	; 97	'a'
      00188F 7A                    6787 	.db #0x7a	; 122	'z'
      001890 02                    6788 	.db #0x02	; 2
      001891 A0                    6789 	.db #0xa0	; 160
      001892 08                    6790 	.db #0x08	; 8
      001893 0B                    6791 	.db #0x0b	; 11
      001894 7F                    6792 	.db #0x7f	; 127
      001895 71                    6793 	.db #0x71	; 113	'q'
      001896 A0                    6794 	.db #0xa0	; 160
      001897 09                    6795 	.db #0x09	; 9
      001898 0B                    6796 	.db #0x0b	; 11
      001899 7F                    6797 	.db #0x7f	; 127
      00189A 71                    6798 	.db #0x71	; 113	'q'
      00189B A0                    6799 	.db #0xa0	; 160
      00189C 0A                    6800 	.db #0x0a	; 10
      00189D 0B                    6801 	.db #0x0b	; 11
      00189E 61                    6802 	.db #0x61	; 97	'a'
      00189F 85                    6803 	.db #0x85	; 133
      0018A0 08                    6804 	.db #0x08	; 8
      0018A1 A0                    6805 	.db #0xa0	; 160
      0018A2 09                    6806 	.db #0x09	; 9
      0018A3 0A                    6807 	.db #0x0a	; 10
      0018A4 61                    6808 	.db #0x61	; 97	'a'
      0018A5 0A                    6809 	.db #0x0a	; 10
      0018A6 17                    6810 	.db #0x17	; 23
      0018A7 A0                    6811 	.db #0xa0	; 160
      0018A8 0A                    6812 	.db #0x0a	; 10
      0018A9 08                    6813 	.db #0x08	; 8
      0018AA 61                    6814 	.db #0x61	; 97	'a'
      0018AB DA                    6815 	.db #0xda	; 218
      0018AC 02                    6816 	.db #0x02	; 2
      0018AD A0                    6817 	.db #0xa0	; 160
      0018AE 0A                    6818 	.db #0x0a	; 10
      0018AF 06                    6819 	.db #0x06	; 6
      0018B0 62                    6820 	.db #0x62	; 98	'b'
      0018B1 A0                    6821 	.db #0xa0	; 160
      0018B2 0A                    6822 	.db #0x0a	; 10
      0018B3 03                    6823 	.db #0x03	; 3
      0018B4 62                    6824 	.db #0x62	; 98	'b'
      0018B5 A0                    6825 	.db #0xa0	; 160
      0018B6 0A                    6826 	.db #0x0a	; 10
      0018B7 01                    6827 	.db #0x01	; 1
      0018B8 61                    6828 	.db #0x61	; 97	'a'
      0018B9 C6                    6829 	.db #0xc6	; 198
      0018BA 02                    6830 	.db #0x02	; 2
      0018BB A0                    6831 	.db #0xa0	; 160
      0018BC 08                    6832 	.db #0x08	; 8
      0018BD 0A                    6833 	.db #0x0a	; 10
      0018BE 7F                    6834 	.db #0x7f	; 127
      0018BF 7B                    6835 	.db #0x7b	; 123
      0018C0 A0                    6836 	.db #0xa0	; 160
      0018C1 0A                    6837 	.db #0x0a	; 10
      0018C2 00                    6838 	.db #0x00	; 0
      0018C3 61                    6839 	.db #0x61	; 97	'a'
      0018C4 4B                    6840 	.db #0x4b	; 75	'K'
      0018C5 0E                    6841 	.db #0x0e	; 14
      0018C6 A0                    6842 	.db #0xa0	; 160
      0018C7 09                    6843 	.db #0x09	; 9
      0018C8 09                    6844 	.db #0x09	; 9
      0018C9 61                    6845 	.db #0x61	; 97	'a'
      0018CA 95                    6846 	.db #0x95	; 149
      0018CB 08                    6847 	.db #0x08	; 8
      0018CC A0                    6848 	.db #0xa0	; 160
      0018CD 08                    6849 	.db #0x08	; 8
      0018CE 08                    6850 	.db #0x08	; 8
      0018CF 7F                    6851 	.db #0x7f	; 127
      0018D0 73                    6852 	.db #0x73	; 115	's'
      0018D1 A0                    6853 	.db #0xa0	; 160
      0018D2 09                    6854 	.db #0x09	; 9
      0018D3 07                    6855 	.db #0x07	; 7
      0018D4 61                    6856 	.db #0x61	; 97	'a'
      0018D5 26                    6857 	.db #0x26	; 38
      0018D6 00                    6858 	.db #0x00	; 0
      0018D7 A0                    6859 	.db #0xa0	; 160
      0018D8 0A                    6860 	.db #0x0a	; 10
      0018D9 0F                    6861 	.db #0x0f	; 15
      0018DA 61                    6862 	.db #0x61	; 97	'a'
      0018DB A1                    6863 	.db #0xa1	; 161
      0018DC 02                    6864 	.db #0x02	; 2
      0018DD A0                    6865 	.db #0xa0	; 160
      0018DE 08                    6866 	.db #0x08	; 8
      0018DF 05                    6867 	.db #0x05	; 5
      0018E0 7E                    6868 	.db #0x7e	; 126
      0018E1 A0                    6869 	.db #0xa0	; 160
      0018E2 09                    6870 	.db #0x09	; 9
      0018E3 05                    6871 	.db #0x05	; 5
      0018E4 7F                    6872 	.db #0x7f	; 127
      0018E5 A0                    6873 	.db #0xa0	; 160
      0018E6 0A                    6874 	.db #0x0a	; 10
      0018E7 0B                    6875 	.db #0x0b	; 11
      0018E8 61                    6876 	.db #0x61	; 97	'a'
      0018E9 C0                    6877 	.db #0xc0	; 192
      0018EA 02                    6878 	.db #0x02	; 2
      0018EB A0                    6879 	.db #0xa0	; 160
      0018EC 08                    6880 	.db #0x08	; 8
      0018ED 03                    6881 	.db #0x03	; 3
      0018EE 7E                    6882 	.db #0x7e	; 126
      0018EF A0                    6883 	.db #0xa0	; 160
      0018F0 09                    6884 	.db #0x09	; 9
      0018F1 02                    6885 	.db #0x02	; 2
      0018F2 61                    6886 	.db #0x61	; 97	'a'
      0018F3 D0                    6887 	.db #0xd0	; 208
      0018F4 02                    6888 	.db #0x02	; 2
      0018F5 A0                    6889 	.db #0xa0	; 160
      0018F6 08                    6890 	.db #0x08	; 8
      0018F7 00                    6891 	.db #0x00	; 0
      0018F8 7E                    6892 	.db #0x7e	; 126
      0018F9 A0                    6893 	.db #0xa0	; 160
      0018FA 09                    6894 	.db #0x09	; 9
      0018FB 00                    6895 	.db #0x00	; 0
      0018FC 61                    6896 	.db #0x61	; 97	'a'
      0018FD CA                    6897 	.db #0xca	; 202
      0018FE 19                    6898 	.db #0x19	; 25
      0018FF A0                    6899 	.db #0xa0	; 160
      001900 00                    6900 	.db #0x00	; 0
      001901 2E                    6901 	.db #0x2e	; 46
      001902 71                    6902 	.db #0x71	; 113	'q'
      001903 A0                    6903 	.db #0xa0	; 160
      001904 01                    6904 	.db #0x01	; 1
      001905 01                    6905 	.db #0x01	; 1
      001906 7F                    6906 	.db #0x7f	; 127
      001907 70                    6907 	.db #0x70	; 112	'p'
      001908 A0                    6908 	.db #0xa0	; 160
      001909 08                    6909 	.db #0x08	; 8
      00190A 0F                    6910 	.db #0x0f	; 15
      00190B 7F                    6911 	.db #0x7f	; 127
      00190C 73                    6912 	.db #0x73	; 115	's'
      00190D A0                    6913 	.db #0xa0	; 160
      00190E 02                    6914 	.db #0x02	; 2
      00190F 30                    6915 	.db #0x30	; 48	'0'
      001910 71                    6916 	.db #0x71	; 113	'q'
      001911 A0                    6917 	.db #0xa0	; 160
      001912 03                    6918 	.db #0x03	; 3
      001913 01                    6919 	.db #0x01	; 1
      001914 7F                    6920 	.db #0x7f	; 127
      001915 71                    6921 	.db #0x71	; 113	'q'
      001916 A0                    6922 	.db #0xa0	; 160
      001917 09                    6923 	.db #0x09	; 9
      001918 0E                    6924 	.db #0x0e	; 14
      001919 7F                    6925 	.db #0x7f	; 127
      00191A 72                    6926 	.db #0x72	; 114	'r'
      00191B A0                    6927 	.db #0xa0	; 160
      00191C 04                    6928 	.db #0x04	; 4
      00191D 93                    6929 	.db #0x93	; 147
      00191E 71                    6930 	.db #0x71	; 113	'q'
      00191F A0                    6931 	.db #0xa0	; 160
      001920 05                    6932 	.db #0x05	; 5
      001921 01                    6933 	.db #0x01	; 1
      001922 7F                    6934 	.db #0x7f	; 127
      001923 72                    6935 	.db #0x72	; 114	'r'
      001924 A0                    6936 	.db #0xa0	; 160
      001925 0A                    6937 	.db #0x0a	; 10
      001926 0F                    6938 	.db #0x0f	; 15
      001927 61                    6939 	.db #0x61	; 97	'a'
      001928 7A                    6940 	.db #0x7a	; 122	'z'
      001929 02                    6941 	.db #0x02	; 2
      00192A A0                    6942 	.db #0xa0	; 160
      00192B 08                    6943 	.db #0x08	; 8
      00192C 0B                    6944 	.db #0x0b	; 11
      00192D 7F                    6945 	.db #0x7f	; 127
      00192E 71                    6946 	.db #0x71	; 113	'q'
      00192F A0                    6947 	.db #0xa0	; 160
      001930 09                    6948 	.db #0x09	; 9
      001931 0B                    6949 	.db #0x0b	; 11
      001932 7F                    6950 	.db #0x7f	; 127
      001933 71                    6951 	.db #0x71	; 113	'q'
      001934 A0                    6952 	.db #0xa0	; 160
      001935 0A                    6953 	.db #0x0a	; 10
      001936 0B                    6954 	.db #0x0b	; 11
      001937 61                    6955 	.db #0x61	; 97	'a'
      001938 85                    6956 	.db #0x85	; 133
      001939 08                    6957 	.db #0x08	; 8
      00193A A0                    6958 	.db #0xa0	; 160
      00193B 09                    6959 	.db #0x09	; 9
      00193C 0A                    6960 	.db #0x0a	; 10
      00193D 61                    6961 	.db #0x61	; 97	'a'
      00193E EE                    6962 	.db #0xee	; 238
      00193F 16                    6963 	.db #0x16	; 22
      001940 A0                    6964 	.db #0xa0	; 160
      001941 00                    6965 	.db #0x00	; 0
      001942 40                    6966 	.db #0x40	; 64
      001943 7F                    6967 	.db #0x7f	; 127
      001944 72                    6968 	.db #0x72	; 114	'r'
      001945 A0                    6969 	.db #0xa0	; 160
      001946 08                    6970 	.db #0x08	; 8
      001947 0F                    6971 	.db #0x0f	; 15
      001948 7F                    6972 	.db #0x7f	; 127
      001949 73                    6973 	.db #0x73	; 115	's'
      00194A A0                    6974 	.db #0xa0	; 160
      00194B 02                    6975 	.db #0x02	; 2
      00194C 42                    6976 	.db #0x42	; 66	'B'
      00194D 7F                    6977 	.db #0x7f	; 127
      00194E 73                    6978 	.db #0x73	; 115	's'
      00194F A0                    6979 	.db #0xa0	; 160
      001950 09                    6980 	.db #0x09	; 9
      001951 0E                    6981 	.db #0x0e	; 14
      001952 7F                    6982 	.db #0x7f	; 127
      001953 72                    6983 	.db #0x72	; 114	'r'
      001954 A0                    6984 	.db #0xa0	; 160
      001955 04                    6985 	.db #0x04	; 4
      001956 27                    6986 	.db #0x27	; 39
      001957 71                    6987 	.db #0x71	; 113	'q'
      001958 A0                    6988 	.db #0xa0	; 160
      001959 05                    6989 	.db #0x05	; 5
      00195A 03                    6990 	.db #0x03	; 3
      00195B 7F                    6991 	.db #0x7f	; 127
      00195C 71                    6992 	.db #0x71	; 113	'q'
      00195D A0                    6993 	.db #0xa0	; 160
      00195E 0A                    6994 	.db #0x0a	; 10
      00195F 0F                    6995 	.db #0x0f	; 15
      001960 61                    6996 	.db #0x61	; 97	'a'
      001961 7B                    6997 	.db #0x7b	; 123
      001962 02                    6998 	.db #0x02	; 2
      001963 A0                    6999 	.db #0xa0	; 160
      001964 08                    7000 	.db #0x08	; 8
      001965 0B                    7001 	.db #0x0b	; 11
      001966 7F                    7002 	.db #0x7f	; 127
      001967 71                    7003 	.db #0x71	; 113	'q'
      001968 A0                    7004 	.db #0xa0	; 160
      001969 09                    7005 	.db #0x09	; 9
      00196A 0B                    7006 	.db #0x0b	; 11
      00196B 7F                    7007 	.db #0x7f	; 127
      00196C 71                    7008 	.db #0x71	; 113	'q'
      00196D A0                    7009 	.db #0xa0	; 160
      00196E 0A                    7010 	.db #0x0a	; 10
      00196F 0B                    7011 	.db #0x0b	; 11
      001970 61                    7012 	.db #0x61	; 97	'a'
      001971 85                    7013 	.db #0x85	; 133
      001972 08                    7014 	.db #0x08	; 8
      001973 A0                    7015 	.db #0xa0	; 160
      001974 09                    7016 	.db #0x09	; 9
      001975 0A                    7017 	.db #0x0a	; 10
      001976 61                    7018 	.db #0x61	; 97	'a'
      001977 EE                    7019 	.db #0xee	; 238
      001978 16                    7020 	.db #0x16	; 22
      001979 A0                    7021 	.db #0xa0	; 160
      00197A 00                    7022 	.db #0x00	; 0
      00197B 2E                    7023 	.db #0x2e	; 46
      00197C 7F                    7024 	.db #0x7f	; 127
      00197D 72                    7025 	.db #0x72	; 114	'r'
      00197E A0                    7026 	.db #0xa0	; 160
      00197F 08                    7027 	.db #0x08	; 8
      001980 0F                    7028 	.db #0x0f	; 15
      001981 7F                    7029 	.db #0x7f	; 127
      001982 73                    7030 	.db #0x73	; 115	's'
      001983 A0                    7031 	.db #0xa0	; 160
      001984 02                    7032 	.db #0x02	; 2
      001985 30                    7033 	.db #0x30	; 48	'0'
      001986 7F                    7034 	.db #0x7f	; 127
      001987 73                    7035 	.db #0x73	; 115	's'
      001988 A0                    7036 	.db #0xa0	; 160
      001989 09                    7037 	.db #0x09	; 9
      00198A 0E                    7038 	.db #0x0e	; 14
      00198B 61                    7039 	.db #0x61	; 97	'a'
      00198C 27                    7040 	.db #0x27	; 39
      00198D 00                    7041 	.db #0x00	; 0
      00198E A0                    7042 	.db #0xa0	; 160
      00198F 0A                    7043 	.db #0x0a	; 10
      001990 0F                    7044 	.db #0x0f	; 15
      001991 61                    7045 	.db #0x61	; 97	'a'
      001992 7B                    7046 	.db #0x7b	; 123
      001993 02                    7047 	.db #0x02	; 2
      001994 A0                    7048 	.db #0xa0	; 160
      001995 08                    7049 	.db #0x08	; 8
      001996 0B                    7050 	.db #0x0b	; 11
      001997 7F                    7051 	.db #0x7f	; 127
      001998 71                    7052 	.db #0x71	; 113	'q'
      001999 A0                    7053 	.db #0xa0	; 160
      00199A 09                    7054 	.db #0x09	; 9
      00199B 0B                    7055 	.db #0x0b	; 11
      00199C 7F                    7056 	.db #0x7f	; 127
      00199D 71                    7057 	.db #0x71	; 113	'q'
      00199E A0                    7058 	.db #0xa0	; 160
      00199F 0A                    7059 	.db #0x0a	; 10
      0019A0 0B                    7060 	.db #0x0b	; 11
      0019A1 61                    7061 	.db #0x61	; 97	'a'
      0019A2 85                    7062 	.db #0x85	; 133
      0019A3 08                    7063 	.db #0x08	; 8
      0019A4 A0                    7064 	.db #0xa0	; 160
      0019A5 09                    7065 	.db #0x09	; 9
      0019A6 0A                    7066 	.db #0x0a	; 10
      0019A7 61                    7067 	.db #0x61	; 97	'a'
      0019A8 EE                    7068 	.db #0xee	; 238
      0019A9 16                    7069 	.db #0x16	; 22
      0019AA A0                    7070 	.db #0xa0	; 160
      0019AB 00                    7071 	.db #0x00	; 0
      0019AC 40                    7072 	.db #0x40	; 64
      0019AD 7F                    7073 	.db #0x7f	; 127
      0019AE 72                    7074 	.db #0x72	; 114	'r'
      0019AF A0                    7075 	.db #0xa0	; 160
      0019B0 08                    7076 	.db #0x08	; 8
      0019B1 0F                    7077 	.db #0x0f	; 15
      0019B2 7F                    7078 	.db #0x7f	; 127
      0019B3 73                    7079 	.db #0x73	; 115	's'
      0019B4 A0                    7080 	.db #0xa0	; 160
      0019B5 02                    7081 	.db #0x02	; 2
      0019B6 42                    7082 	.db #0x42	; 66	'B'
      0019B7 7F                    7083 	.db #0x7f	; 127
      0019B8 73                    7084 	.db #0x73	; 115	's'
      0019B9 A0                    7085 	.db #0xa0	; 160
      0019BA 09                    7086 	.db #0x09	; 9
      0019BB 0E                    7087 	.db #0x0e	; 14
      0019BC 61                    7088 	.db #0x61	; 97	'a'
      0019BD 27                    7089 	.db #0x27	; 39
      0019BE 00                    7090 	.db #0x00	; 0
      0019BF A0                    7091 	.db #0xa0	; 160
      0019C0 0A                    7092 	.db #0x0a	; 10
      0019C1 0F                    7093 	.db #0x0f	; 15
      0019C2 61                    7094 	.db #0x61	; 97	'a'
      0019C3 7B                    7095 	.db #0x7b	; 123
      0019C4 02                    7096 	.db #0x02	; 2
      0019C5 A0                    7097 	.db #0xa0	; 160
      0019C6 08                    7098 	.db #0x08	; 8
      0019C7 0B                    7099 	.db #0x0b	; 11
      0019C8 7F                    7100 	.db #0x7f	; 127
      0019C9 71                    7101 	.db #0x71	; 113	'q'
      0019CA A0                    7102 	.db #0xa0	; 160
      0019CB 09                    7103 	.db #0x09	; 9
      0019CC 0B                    7104 	.db #0x0b	; 11
      0019CD 7F                    7105 	.db #0x7f	; 127
      0019CE 71                    7106 	.db #0x71	; 113	'q'
      0019CF A0                    7107 	.db #0xa0	; 160
      0019D0 0A                    7108 	.db #0x0a	; 10
      0019D1 0B                    7109 	.db #0x0b	; 11
      0019D2 61                    7110 	.db #0x61	; 97	'a'
      0019D3 85                    7111 	.db #0x85	; 133
      0019D4 08                    7112 	.db #0x08	; 8
      0019D5 A0                    7113 	.db #0xa0	; 160
      0019D6 09                    7114 	.db #0x09	; 9
      0019D7 0A                    7115 	.db #0x0a	; 10
      0019D8 61                    7116 	.db #0x61	; 97	'a'
      0019D9 07                    7117 	.db #0x07	; 7
      0019DA 17                    7118 	.db #0x17	; 23
      0019DB A0                    7119 	.db #0xa0	; 160
      0019DC 04                    7120 	.db #0x04	; 4
      0019DD 93                    7121 	.db #0x93	; 147
      0019DE 71                    7122 	.db #0x71	; 113	'q'
      0019DF A0                    7123 	.db #0xa0	; 160
      0019E0 05                    7124 	.db #0x05	; 5
      0019E1 01                    7125 	.db #0x01	; 1
      0019E2 7F                    7126 	.db #0x7f	; 127
      0019E3 72                    7127 	.db #0x72	; 114	'r'
      0019E4 A0                    7128 	.db #0xa0	; 160
      0019E5 0A                    7129 	.db #0x0a	; 10
      0019E6 0F                    7130 	.db #0x0f	; 15
      0019E7 61                    7131 	.db #0x61	; 97	'a'
      0019E8 C9                    7132 	.db #0xc9	; 201
      0019E9 02                    7133 	.db #0x02	; 2
      0019EA A0                    7134 	.db #0xa0	; 160
      0019EB 0A                    7135 	.db #0x0a	; 10
      0019EC 0B                    7136 	.db #0x0b	; 11
      0019ED 61                    7137 	.db #0x61	; 97	'a'
      0019EE 83                    7138 	.db #0x83	; 131
      0019EF 08                    7139 	.db #0x08	; 8
      0019F0 A0                    7140 	.db #0xa0	; 160
      0019F1 08                    7141 	.db #0x08	; 8
      0019F2 0A                    7142 	.db #0x0a	; 10
      0019F3 61                    7143 	.db #0x61	; 97	'a'
      0019F4 67                    7144 	.db #0x67	; 103	'g'
      0019F5 0E                    7145 	.db #0x0e	; 14
      0019F6 A0                    7146 	.db #0xa0	; 160
      0019F7 09                    7147 	.db #0x09	; 9
      0019F8 09                    7148 	.db #0x09	; 9
      0019F9 61                    7149 	.db #0x61	; 97	'a'
      0019FA 95                    7150 	.db #0x95	; 149
      0019FB 08                    7151 	.db #0x08	; 8
      0019FC A0                    7152 	.db #0xa0	; 160
      0019FD 08                    7153 	.db #0x08	; 8
      0019FE 08                    7154 	.db #0x08	; 8
      0019FF 7F                    7155 	.db #0x7f	; 127
      001A00 73                    7156 	.db #0x73	; 115	's'
      001A01 A0                    7157 	.db #0xa0	; 160
      001A02 09                    7158 	.db #0x09	; 9
      001A03 07                    7159 	.db #0x07	; 7
      001A04 7F                    7160 	.db #0x7f	; 127
      001A05 71                    7161 	.db #0x71	; 113	'q'
      001A06 A0                    7162 	.db #0xa0	; 160
      001A07 04                    7163 	.db #0x04	; 4
      001A08 27                    7164 	.db #0x27	; 39
      001A09 71                    7165 	.db #0x71	; 113	'q'
      001A0A A0                    7166 	.db #0xa0	; 160
      001A0B 05                    7167 	.db #0x05	; 5
      001A0C 03                    7168 	.db #0x03	; 3
      001A0D 7F                    7169 	.db #0x7f	; 127
      001A0E 71                    7170 	.db #0x71	; 113	'q'
      001A0F A0                    7171 	.db #0xa0	; 160
      001A10 0A                    7172 	.db #0x0a	; 10
      001A11 0F                    7173 	.db #0x0f	; 15
      001A12 61                    7174 	.db #0x61	; 97	'a'
      001A13 A1                    7175 	.db #0xa1	; 161
      001A14 02                    7176 	.db #0x02	; 2
      001A15 A0                    7177 	.db #0xa0	; 160
      001A16 08                    7178 	.db #0x08	; 8
      001A17 05                    7179 	.db #0x05	; 5
      001A18 7E                    7180 	.db #0x7e	; 126
      001A19 A0                    7181 	.db #0xa0	; 160
      001A1A 09                    7182 	.db #0x09	; 9
      001A1B 05                    7183 	.db #0x05	; 5
      001A1C 7F                    7184 	.db #0x7f	; 127
      001A1D A0                    7185 	.db #0xa0	; 160
      001A1E 0A                    7186 	.db #0x0a	; 10
      001A1F 0B                    7187 	.db #0x0b	; 11
      001A20 61                    7188 	.db #0x61	; 97	'a'
      001A21 C0                    7189 	.db #0xc0	; 192
      001A22 02                    7190 	.db #0x02	; 2
      001A23 A0                    7191 	.db #0xa0	; 160
      001A24 08                    7192 	.db #0x08	; 8
      001A25 03                    7193 	.db #0x03	; 3
      001A26 7E                    7194 	.db #0x7e	; 126
      001A27 A0                    7195 	.db #0xa0	; 160
      001A28 09                    7196 	.db #0x09	; 9
      001A29 02                    7197 	.db #0x02	; 2
      001A2A 61                    7198 	.db #0x61	; 97	'a'
      001A2B D0                    7199 	.db #0xd0	; 208
      001A2C 02                    7200 	.db #0x02	; 2
      001A2D A0                    7201 	.db #0xa0	; 160
      001A2E 08                    7202 	.db #0x08	; 8
      001A2F 00                    7203 	.db #0x00	; 0
      001A30 7E                    7204 	.db #0x7e	; 126
      001A31 A0                    7205 	.db #0xa0	; 160
      001A32 09                    7206 	.db #0x09	; 9
      001A33 00                    7207 	.db #0x00	; 0
      001A34 61                    7208 	.db #0x61	; 97	'a'
      001A35 CA                    7209 	.db #0xca	; 202
      001A36 19                    7210 	.db #0x19	; 25
      001A37 A0                    7211 	.db #0xa0	; 160
      001A38 00                    7212 	.db #0x00	; 0
      001A39 93                    7213 	.db #0x93	; 147
      001A3A 7F                    7214 	.db #0x7f	; 127
      001A3B 72                    7215 	.db #0x72	; 114	'r'
      001A3C A0                    7216 	.db #0xa0	; 160
      001A3D 08                    7217 	.db #0x08	; 8
      001A3E 0F                    7218 	.db #0x0f	; 15
      001A3F 7F                    7219 	.db #0x7f	; 127
      001A40 73                    7220 	.db #0x73	; 115	's'
      001A41 A0                    7221 	.db #0xa0	; 160
      001A42 02                    7222 	.db #0x02	; 2
      001A43 96                    7223 	.db #0x96	; 150
      001A44 7F                    7224 	.db #0x7f	; 127
      001A45 73                    7225 	.db #0x73	; 115	's'
      001A46 A0                    7226 	.db #0xa0	; 160
      001A47 09                    7227 	.db #0x09	; 9
      001A48 0E                    7228 	.db #0x0e	; 14
      001A49 7F                    7229 	.db #0x7f	; 127
      001A4A 75                    7230 	.db #0x75	; 117	'u'
      001A4B A0                    7231 	.db #0xa0	; 160
      001A4C 0A                    7232 	.db #0x0a	; 10
      001A4D 08                    7233 	.db #0x08	; 8
      001A4E 61                    7234 	.db #0x61	; 97	'a'
      001A4F 8C                    7235 	.db #0x8c	; 140
      001A50 02                    7236 	.db #0x02	; 2
      001A51 A0                    7237 	.db #0xa0	; 160
      001A52 08                    7238 	.db #0x08	; 8
      001A53 0B                    7239 	.db #0x0b	; 11
      001A54 7F                    7240 	.db #0x7f	; 127
      001A55 71                    7241 	.db #0x71	; 113	'q'
      001A56 A0                    7242 	.db #0xa0	; 160
      001A57 09                    7243 	.db #0x09	; 9
      001A58 0B                    7244 	.db #0x0b	; 11
      001A59 7F                    7245 	.db #0x7f	; 127
      001A5A 71                    7246 	.db #0x71	; 113	'q'
      001A5B A0                    7247 	.db #0xa0	; 160
      001A5C 0A                    7248 	.db #0x0a	; 10
      001A5D 06                    7249 	.db #0x06	; 6
      001A5E 61                    7250 	.db #0x61	; 97	'a'
      001A5F D4                    7251 	.db #0xd4	; 212
      001A60 02                    7252 	.db #0x02	; 2
      001A61 A0                    7253 	.db #0xa0	; 160
      001A62 0A                    7254 	.db #0x0a	; 10
      001A63 03                    7255 	.db #0x03	; 3
      001A64 62                    7256 	.db #0x62	; 98	'b'
      001A65 A0                    7257 	.db #0xa0	; 160
      001A66 0A                    7258 	.db #0x0a	; 10
      001A67 01                    7259 	.db #0x01	; 1
      001A68 61                    7260 	.db #0x61	; 97	'a'
      001A69 D2                    7261 	.db #0xd2	; 210
      001A6A 02                    7262 	.db #0x02	; 2
      001A6B A0                    7263 	.db #0xa0	; 160
      001A6C 09                    7264 	.db #0x09	; 9
      001A6D 0A                    7265 	.db #0x0a	; 10
      001A6E 7F                    7266 	.db #0x7f	; 127
      001A6F A0                    7267 	.db #0xa0	; 160
      001A70 0A                    7268 	.db #0x0a	; 10
      001A71 00                    7269 	.db #0x00	; 0
      001A72 61                    7270 	.db #0x61	; 97	'a'
      001A73 DE                    7271 	.db #0xde	; 222
      001A74 16                    7272 	.db #0x16	; 22
      001A75 A0                    7273 	.db #0xa0	; 160
      001A76 00                    7274 	.db #0x00	; 0
      001A77 0D                    7275 	.db #0x0d	; 13
      001A78 7F                    7276 	.db #0x7f	; 127
      001A79 72                    7277 	.db #0x72	; 114	'r'
      001A7A A0                    7278 	.db #0xa0	; 160
      001A7B 08                    7279 	.db #0x08	; 8
      001A7C 0F                    7280 	.db #0x0f	; 15
      001A7D 7F                    7281 	.db #0x7f	; 127
      001A7E 73                    7282 	.db #0x73	; 115	's'
      001A7F A0                    7283 	.db #0xa0	; 160
      001A80 02                    7284 	.db #0x02	; 2
      001A81 0F                    7285 	.db #0x0f	; 15
      001A82 7F                    7286 	.db #0x7f	; 127
      001A83 73                    7287 	.db #0x73	; 115	's'
      001A84 A0                    7288 	.db #0xa0	; 160
      001A85 09                    7289 	.db #0x09	; 9
      001A86 0E                    7290 	.db #0x0e	; 14
      001A87 61                    7291 	.db #0x61	; 97	'a'
      001A88 27                    7292 	.db #0x27	; 39
      001A89 00                    7293 	.db #0x00	; 0
      001A8A A0                    7294 	.db #0xa0	; 160
      001A8B 0A                    7295 	.db #0x0a	; 10
      001A8C 0F                    7296 	.db #0x0f	; 15
      001A8D 61                    7297 	.db #0x61	; 97	'a'
      001A8E 7B                    7298 	.db #0x7b	; 123
      001A8F 02                    7299 	.db #0x02	; 2
      001A90 A0                    7300 	.db #0xa0	; 160
      001A91 08                    7301 	.db #0x08	; 8
      001A92 0B                    7302 	.db #0x0b	; 11
      001A93 7F                    7303 	.db #0x7f	; 127
      001A94 71                    7304 	.db #0x71	; 113	'q'
      001A95 A0                    7305 	.db #0xa0	; 160
      001A96 09                    7306 	.db #0x09	; 9
      001A97 0B                    7307 	.db #0x0b	; 11
      001A98 7F                    7308 	.db #0x7f	; 127
      001A99 71                    7309 	.db #0x71	; 113	'q'
      001A9A A0                    7310 	.db #0xa0	; 160
      001A9B 0A                    7311 	.db #0x0a	; 10
      001A9C 0B                    7312 	.db #0x0b	; 11
      001A9D 61                    7313 	.db #0x61	; 97	'a'
      001A9E 85                    7314 	.db #0x85	; 133
      001A9F 08                    7315 	.db #0x08	; 8
      001AA0 A0                    7316 	.db #0xa0	; 160
      001AA1 09                    7317 	.db #0x09	; 9
      001AA2 0A                    7318 	.db #0x0a	; 10
      001AA3 61                    7319 	.db #0x61	; 97	'a'
      001AA4 EE                    7320 	.db #0xee	; 238
      001AA5 16                    7321 	.db #0x16	; 22
      001AA6 A0                    7322 	.db #0xa0	; 160
      001AA7 00                    7323 	.db #0x00	; 0
      001AA8 C9                    7324 	.db #0xc9	; 201
      001AA9 71                    7325 	.db #0x71	; 113	'q'
      001AAA A0                    7326 	.db #0xa0	; 160
      001AAB 01                    7327 	.db #0x01	; 1
      001AAC 00                    7328 	.db #0x00	; 0
      001AAD 7F                    7329 	.db #0x7f	; 127
      001AAE 71                    7330 	.db #0x71	; 113	'q'
      001AAF A0                    7331 	.db #0xa0	; 160
      001AB0 08                    7332 	.db #0x08	; 8
      001AB1 0F                    7333 	.db #0x0f	; 15
      001AB2 7F                    7334 	.db #0x7f	; 127
      001AB3 73                    7335 	.db #0x73	; 115	's'
      001AB4 A0                    7336 	.db #0xa0	; 160
      001AB5 02                    7337 	.db #0x02	; 2
      001AB6 CB                    7338 	.db #0xcb	; 203
      001AB7 71                    7339 	.db #0x71	; 113	'q'
      001AB8 A0                    7340 	.db #0xa0	; 160
      001AB9 03                    7341 	.db #0x03	; 3
      001ABA 00                    7342 	.db #0x00	; 0
      001ABB 7F                    7343 	.db #0x7f	; 127
      001ABC 70                    7344 	.db #0x70	; 112	'p'
      001ABD A0                    7345 	.db #0xa0	; 160
      001ABE 09                    7346 	.db #0x09	; 9
      001ABF 0E                    7347 	.db #0x0e	; 14
      001AC0 7F                    7348 	.db #0x7f	; 127
      001AC1 73                    7349 	.db #0x73	; 115	's'
      001AC2 A0                    7350 	.db #0xa0	; 160
      001AC3 04                    7351 	.db #0x04	; 4
      001AC4 93                    7352 	.db #0x93	; 147
      001AC5 71                    7353 	.db #0x71	; 113	'q'
      001AC6 A0                    7354 	.db #0xa0	; 160
      001AC7 05                    7355 	.db #0x05	; 5
      001AC8 01                    7356 	.db #0x01	; 1
      001AC9 7F                    7357 	.db #0x7f	; 127
      001ACA 72                    7358 	.db #0x72	; 114	'r'
      001ACB A0                    7359 	.db #0xa0	; 160
      001ACC 0A                    7360 	.db #0x0a	; 10
      001ACD 0F                    7361 	.db #0x0f	; 15
      001ACE 61                    7362 	.db #0x61	; 97	'a'
      001ACF 79                    7363 	.db #0x79	; 121	'y'
      001AD0 02                    7364 	.db #0x02	; 2
      001AD1 A0                    7365 	.db #0xa0	; 160
      001AD2 08                    7366 	.db #0x08	; 8
      001AD3 0B                    7367 	.db #0x0b	; 11
      001AD4 7F                    7368 	.db #0x7f	; 127
      001AD5 71                    7369 	.db #0x71	; 113	'q'
      001AD6 A0                    7370 	.db #0xa0	; 160
      001AD7 09                    7371 	.db #0x09	; 9
      001AD8 0B                    7372 	.db #0x0b	; 11
      001AD9 7F                    7373 	.db #0x7f	; 127
      001ADA 71                    7374 	.db #0x71	; 113	'q'
      001ADB A0                    7375 	.db #0xa0	; 160
      001ADC 0A                    7376 	.db #0x0a	; 10
      001ADD 0B                    7377 	.db #0x0b	; 11
      001ADE 61                    7378 	.db #0x61	; 97	'a'
      001ADF 85                    7379 	.db #0x85	; 133
      001AE0 08                    7380 	.db #0x08	; 8
      001AE1 A0                    7381 	.db #0xa0	; 160
      001AE2 09                    7382 	.db #0x09	; 9
      001AE3 0A                    7383 	.db #0x0a	; 10
      001AE4 61                    7384 	.db #0x61	; 97	'a'
      001AE5 EE                    7385 	.db #0xee	; 238
      001AE6 16                    7386 	.db #0x16	; 22
      001AE7 A0                    7387 	.db #0xa0	; 160
      001AE8 00                    7388 	.db #0x00	; 0
      001AE9 B3                    7389 	.db #0xb3	; 179
      001AEA 7F                    7390 	.db #0x7f	; 127
      001AEB 73                    7391 	.db #0x73	; 115	's'
      001AEC A0                    7392 	.db #0xa0	; 160
      001AED 08                    7393 	.db #0x08	; 8
      001AEE 0F                    7394 	.db #0x0f	; 15
      001AEF 7F                    7395 	.db #0x7f	; 127
      001AF0 73                    7396 	.db #0x73	; 115	's'
      001AF1 A0                    7397 	.db #0xa0	; 160
      001AF2 02                    7398 	.db #0x02	; 2
      001AF3 B5                    7399 	.db #0xb5	; 181
      001AF4 7F                    7400 	.db #0x7f	; 127
      001AF5 72                    7401 	.db #0x72	; 114	'r'
      001AF6 A0                    7402 	.db #0xa0	; 160
      001AF7 09                    7403 	.db #0x09	; 9
      001AF8 0E                    7404 	.db #0x0e	; 14
      001AF9 7F                    7405 	.db #0x7f	; 127
      001AFA 73                    7406 	.db #0x73	; 115	's'
      001AFB A0                    7407 	.db #0xa0	; 160
      001AFC 04                    7408 	.db #0x04	; 4
      001AFD 27                    7409 	.db #0x27	; 39
      001AFE 71                    7410 	.db #0x71	; 113	'q'
      001AFF A0                    7411 	.db #0xa0	; 160
      001B00 05                    7412 	.db #0x05	; 5
      001B01 03                    7413 	.db #0x03	; 3
      001B02 7F                    7414 	.db #0x7f	; 127
      001B03 71                    7415 	.db #0x71	; 113	'q'
      001B04 A0                    7416 	.db #0xa0	; 160
      001B05 0A                    7417 	.db #0x0a	; 10
      001B06 0F                    7418 	.db #0x0f	; 15
      001B07 61                    7419 	.db #0x61	; 97	'a'
      001B08 7A                    7420 	.db #0x7a	; 122	'z'
      001B09 02                    7421 	.db #0x02	; 2
      001B0A A0                    7422 	.db #0xa0	; 160
      001B0B 08                    7423 	.db #0x08	; 8
      001B0C 0B                    7424 	.db #0x0b	; 11
      001B0D 7F                    7425 	.db #0x7f	; 127
      001B0E 71                    7426 	.db #0x71	; 113	'q'
      001B0F A0                    7427 	.db #0xa0	; 160
      001B10 09                    7428 	.db #0x09	; 9
      001B11 0B                    7429 	.db #0x0b	; 11
      001B12 7F                    7430 	.db #0x7f	; 127
      001B13 71                    7431 	.db #0x71	; 113	'q'
      001B14 A0                    7432 	.db #0xa0	; 160
      001B15 0A                    7433 	.db #0x0a	; 10
      001B16 0B                    7434 	.db #0x0b	; 11
      001B17 61                    7435 	.db #0x61	; 97	'a'
      001B18 85                    7436 	.db #0x85	; 133
      001B19 08                    7437 	.db #0x08	; 8
      001B1A A0                    7438 	.db #0xa0	; 160
      001B1B 09                    7439 	.db #0x09	; 9
      001B1C 0A                    7440 	.db #0x0a	; 10
      001B1D 61                    7441 	.db #0x61	; 97	'a'
      001B1E EE                    7442 	.db #0xee	; 238
      001B1F 16                    7443 	.db #0x16	; 22
      001B20 A0                    7444 	.db #0xa0	; 160
      001B21 00                    7445 	.db #0x00	; 0
      001B22 A9                    7446 	.db #0xa9	; 169
      001B23 7F                    7447 	.db #0x7f	; 127
      001B24 73                    7448 	.db #0x73	; 115	's'
      001B25 A0                    7449 	.db #0xa0	; 160
      001B26 08                    7450 	.db #0x08	; 8
      001B27 0F                    7451 	.db #0x0f	; 15
      001B28 7F                    7452 	.db #0x7f	; 127
      001B29 73                    7453 	.db #0x73	; 115	's'
      001B2A A0                    7454 	.db #0xa0	; 160
      001B2B 02                    7455 	.db #0x02	; 2
      001B2C AA                    7456 	.db #0xaa	; 170
      001B2D 7F                    7457 	.db #0x7f	; 127
      001B2E 72                    7458 	.db #0x72	; 114	'r'
      001B2F A0                    7459 	.db #0xa0	; 160
      001B30 09                    7460 	.db #0x09	; 9
      001B31 0E                    7461 	.db #0x0e	; 14
      001B32 7F                    7462 	.db #0x7f	; 127
      001B33 72                    7463 	.db #0x72	; 114	'r'
      001B34 A0                    7464 	.db #0xa0	; 160
      001B35 04                    7465 	.db #0x04	; 4
      001B36 F9                    7466 	.db #0xf9	; 249
      001B37 7F                    7467 	.db #0x7f	; 127
      001B38 74                    7468 	.db #0x74	; 116	't'
      001B39 A0                    7469 	.db #0xa0	; 160
      001B3A 0A                    7470 	.db #0x0a	; 10
      001B3B 0F                    7471 	.db #0x0f	; 15
      001B3C 61                    7472 	.db #0x61	; 97	'a'
      001B3D 7A                    7473 	.db #0x7a	; 122	'z'
      001B3E 02                    7474 	.db #0x02	; 2
      001B3F A0                    7475 	.db #0xa0	; 160
      001B40 08                    7476 	.db #0x08	; 8
      001B41 0B                    7477 	.db #0x0b	; 11
      001B42 7F                    7478 	.db #0x7f	; 127
      001B43 71                    7479 	.db #0x71	; 113	'q'
      001B44 A0                    7480 	.db #0xa0	; 160
      001B45 09                    7481 	.db #0x09	; 9
      001B46 0B                    7482 	.db #0x0b	; 11
      001B47 7F                    7483 	.db #0x7f	; 127
      001B48 71                    7484 	.db #0x71	; 113	'q'
      001B49 A0                    7485 	.db #0xa0	; 160
      001B4A 0A                    7486 	.db #0x0a	; 10
      001B4B 0B                    7487 	.db #0x0b	; 11
      001B4C 61                    7488 	.db #0x61	; 97	'a'
      001B4D 85                    7489 	.db #0x85	; 133
      001B4E 08                    7490 	.db #0x08	; 8
      001B4F A0                    7491 	.db #0xa0	; 160
      001B50 09                    7492 	.db #0x09	; 9
      001B51 0A                    7493 	.db #0x0a	; 10
      001B52 61                    7494 	.db #0x61	; 97	'a'
      001B53 1B                    7495 	.db #0x1b	; 27
      001B54 17                    7496 	.db #0x17	; 23
      001B55 A0                    7497 	.db #0xa0	; 160
      001B56 0A                    7498 	.db #0x0a	; 10
      001B57 0F                    7499 	.db #0x0f	; 15
      001B58 61                    7500 	.db #0x61	; 97	'a'
      001B59 CA                    7501 	.db #0xca	; 202
      001B5A 02                    7502 	.db #0x02	; 2
      001B5B A0                    7503 	.db #0xa0	; 160
      001B5C 0A                    7504 	.db #0x0a	; 10
      001B5D 0B                    7505 	.db #0x0b	; 11
      001B5E 61                    7506 	.db #0x61	; 97	'a'
      001B5F 83                    7507 	.db #0x83	; 131
      001B60 08                    7508 	.db #0x08	; 8
      001B61 A0                    7509 	.db #0xa0	; 160
      001B62 08                    7510 	.db #0x08	; 8
      001B63 0A                    7511 	.db #0x0a	; 10
      001B64 61                    7512 	.db #0x61	; 97	'a'
      001B65 67                    7513 	.db #0x67	; 103	'g'
      001B66 0E                    7514 	.db #0x0e	; 14
      001B67 A0                    7515 	.db #0xa0	; 160
      001B68 09                    7516 	.db #0x09	; 9
      001B69 09                    7517 	.db #0x09	; 9
      001B6A 61                    7518 	.db #0x61	; 97	'a'
      001B6B AC                    7519 	.db #0xac	; 172
      001B6C 08                    7520 	.db #0x08	; 8
      001B6D A0                    7521 	.db #0xa0	; 160
      001B6E 04                    7522 	.db #0x04	; 4
      001B6F FC                    7523 	.db #0xfc	; 252
      001B70 71                    7524 	.db #0x71	; 113	'q'
      001B71 A0                    7525 	.db #0xa0	; 160
      001B72 05                    7526 	.db #0x05	; 5
      001B73 01                    7527 	.db #0x01	; 1
      001B74 7F                    7528 	.db #0x7f	; 127
      001B75 71                    7529 	.db #0x71	; 113	'q'
      001B76 A0                    7530 	.db #0xa0	; 160
      001B77 0A                    7531 	.db #0x0a	; 10
      001B78 0F                    7532 	.db #0x0f	; 15
      001B79 61                    7533 	.db #0x61	; 97	'a'
      001B7A CA                    7534 	.db #0xca	; 202
      001B7B 02                    7535 	.db #0x02	; 2
      001B7C A0                    7536 	.db #0xa0	; 160
      001B7D 0A                    7537 	.db #0x0a	; 10
      001B7E 0B                    7538 	.db #0x0b	; 11
      001B7F 61                    7539 	.db #0x61	; 97	'a'
      001B80 FF                    7540 	.db #0xff	; 255
      001B81 13                    7541 	.db #0x13	; 19
      001B82 A0                    7542 	.db #0xa0	; 160
      001B83 08                    7543 	.db #0x08	; 8
      001B84 09                    7544 	.db #0x09	; 9
      001B85 61                    7545 	.db #0x61	; 97	'a'
      001B86 97                    7546 	.db #0x97	; 151
      001B87 0B                    7547 	.db #0x0b	; 11
      001B88 A0                    7548 	.db #0xa0	; 160
      001B89 04                    7549 	.db #0x04	; 4
      001B8A F9                    7550 	.db #0xf9	; 249
      001B8B 71                    7551 	.db #0x71	; 113	'q'
      001B8C A0                    7552 	.db #0xa0	; 160
      001B8D 05                    7553 	.db #0x05	; 5
      001B8E 03                    7554 	.db #0x03	; 3
      001B8F 7F                    7555 	.db #0x7f	; 127
      001B90 71                    7556 	.db #0x71	; 113	'q'
      001B91 A0                    7557 	.db #0xa0	; 160
      001B92 0A                    7558 	.db #0x0a	; 10
      001B93 0F                    7559 	.db #0x0f	; 15
      001B94 61                    7560 	.db #0x61	; 97	'a'
      001B95 CA                    7561 	.db #0xca	; 202
      001B96 02                    7562 	.db #0x02	; 2
      001B97 A0                    7563 	.db #0xa0	; 160
      001B98 0A                    7564 	.db #0x0a	; 10
      001B99 0B                    7565 	.db #0x0b	; 11
      001B9A 61                    7566 	.db #0x61	; 97	'a'
      001B9B D1                    7567 	.db #0xd1	; 209
      001B9C 02                    7568 	.db #0x02	; 2
      001B9D A0                    7569 	.db #0xa0	; 160
      001B9E 09                    7570 	.db #0x09	; 9
      001B9F 08                    7571 	.db #0x08	; 8
      001BA0 61                    7572 	.db #0x61	; 97	'a'
      001BA1 AA                    7573 	.db #0xaa	; 170
      001BA2 1C                    7574 	.db #0x1c	; 28
      001BA3 A0                    7575 	.db #0xa0	; 160
      001BA4 08                    7576 	.db #0x08	; 8
      001BA5 08                    7577 	.db #0x08	; 8
      001BA6 61                    7578 	.db #0x61	; 97	'a'
      001BA7 21                    7579 	.db #0x21	; 33
      001BA8 00                    7580 	.db #0x00	; 0
      001BA9 A0                    7581 	.db #0xa0	; 160
      001BAA 0A                    7582 	.db #0x0a	; 10
      001BAB 08                    7583 	.db #0x08	; 8
      001BAC 61                    7584 	.db #0x61	; 97	'a'
      001BAD D7                    7585 	.db #0xd7	; 215
      001BAE 02                    7586 	.db #0x02	; 2
      001BAF A0                    7587 	.db #0xa0	; 160
      001BB0 0A                    7588 	.db #0x0a	; 10
      001BB1 06                    7589 	.db #0x06	; 6
      001BB2 62                    7590 	.db #0x62	; 98	'b'
      001BB3 A0                    7591 	.db #0xa0	; 160
      001BB4 0A                    7592 	.db #0x0a	; 10
      001BB5 03                    7593 	.db #0x03	; 3
      001BB6 62                    7594 	.db #0x62	; 98	'b'
      001BB7 A0                    7595 	.db #0xa0	; 160
      001BB8 0A                    7596 	.db #0x0a	; 10
      001BB9 01                    7597 	.db #0x01	; 1
      001BBA 62                    7598 	.db #0x62	; 98	'b'
      001BBB A0                    7599 	.db #0xa0	; 160
      001BBC 0A                    7600 	.db #0x0a	; 10
      001BBD 00                    7601 	.db #0x00	; 0
      001BBE 61                    7602 	.db #0x61	; 97	'a'
      001BBF 90                    7603 	.db #0x90	; 144
      001BC0 08                    7604 	.db #0x08	; 8
      001BC1 A0                    7605 	.db #0xa0	; 160
      001BC2 09                    7606 	.db #0x09	; 9
      001BC3 07                    7607 	.db #0x07	; 7
      001BC4 61                    7608 	.db #0x61	; 97	'a'
      001BC5 7E                    7609 	.db #0x7e	; 126
      001BC6 0E                    7610 	.db #0x0e	; 14
      001BC7 A0                    7611 	.db #0xa0	; 160
      001BC8 0A                    7612 	.db #0x0a	; 10
      001BC9 0F                    7613 	.db #0x0f	; 15
      001BCA 61                    7614 	.db #0x61	; 97	'a'
      001BCB CA                    7615 	.db #0xca	; 202
      001BCC 02                    7616 	.db #0x02	; 2
      001BCD A0                    7617 	.db #0xa0	; 160
      001BCE 0A                    7618 	.db #0x0a	; 10
      001BCF 0B                    7619 	.db #0x0b	; 11
      001BD0 61                    7620 	.db #0x61	; 97	'a'
      001BD1 83                    7621 	.db #0x83	; 131
      001BD2 08                    7622 	.db #0x08	; 8
      001BD3 A0                    7623 	.db #0xa0	; 160
      001BD4 08                    7624 	.db #0x08	; 8
      001BD5 07                    7625 	.db #0x07	; 7
      001BD6 61                    7626 	.db #0x61	; 97	'a'
      001BD7 04                    7627 	.db #0x04	; 4
      001BD8 17                    7628 	.db #0x17	; 23
      001BD9 A0                    7629 	.db #0xa0	; 160
      001BDA 09                    7630 	.db #0x09	; 9
      001BDB 06                    7631 	.db #0x06	; 6
      001BDC 7F                    7632 	.db #0x7f	; 127
      001BDD 70                    7633 	.db #0x70	; 112	'p'
      001BDE A0                    7634 	.db #0xa0	; 160
      001BDF 04                    7635 	.db #0x04	; 4
      001BE0 FC                    7636 	.db #0xfc	; 252
      001BE1 72                    7637 	.db #0x72	; 114	'r'
      001BE2 A0                    7638 	.db #0xa0	; 160
      001BE3 05                    7639 	.db #0x05	; 5
      001BE4 01                    7640 	.db #0x01	; 1
      001BE5 7F                    7641 	.db #0x7f	; 127
      001BE6 71                    7642 	.db #0x71	; 113	'q'
      001BE7 A0                    7643 	.db #0xa0	; 160
      001BE8 0A                    7644 	.db #0x0a	; 10
      001BE9 0F                    7645 	.db #0x0f	; 15
      001BEA 61                    7646 	.db #0x61	; 97	'a'
      001BEB C7                    7647 	.db #0xc7	; 199
      001BEC 02                    7648 	.db #0x02	; 2
      001BED A0                    7649 	.db #0xa0	; 160
      001BEE 0A                    7650 	.db #0x0a	; 10
      001BEF 0B                    7651 	.db #0x0b	; 11
      001BF0 61                    7652 	.db #0x61	; 97	'a'
      001BF1 FF                    7653 	.db #0xff	; 255
      001BF2 13                    7654 	.db #0x13	; 19
      001BF3 A0                    7655 	.db #0xa0	; 160
      001BF4 08                    7656 	.db #0x08	; 8
      001BF5 06                    7657 	.db #0x06	; 6
      001BF6 61                    7658 	.db #0x61	; 97	'a'
      001BF7 97                    7659 	.db #0x97	; 151
      001BF8 0B                    7660 	.db #0x0b	; 11
      001BF9 A0                    7661 	.db #0xa0	; 160
      001BFA 04                    7662 	.db #0x04	; 4
      001BFB F9                    7663 	.db #0xf9	; 249
      001BFC 71                    7664 	.db #0x71	; 113	'q'
      001BFD A0                    7665 	.db #0xa0	; 160
      001BFE 05                    7666 	.db #0x05	; 5
      001BFF 03                    7667 	.db #0x03	; 3
      001C00 7F                    7668 	.db #0x7f	; 127
      001C01 71                    7669 	.db #0x71	; 113	'q'
      001C02 A0                    7670 	.db #0xa0	; 160
      001C03 0A                    7671 	.db #0x0a	; 10
      001C04 0F                    7672 	.db #0x0f	; 15
      001C05 61                    7673 	.db #0x61	; 97	'a'
      001C06 CA                    7674 	.db #0xca	; 202
      001C07 02                    7675 	.db #0x02	; 2
      001C08 A0                    7676 	.db #0xa0	; 160
      001C09 0A                    7677 	.db #0x0a	; 10
      001C0A 0B                    7678 	.db #0x0b	; 11
      001C0B 61                    7679 	.db #0x61	; 97	'a'
      001C0C 6E                    7680 	.db #0x6e	; 110	'n'
      001C0D 0B                    7681 	.db #0x0b	; 11
      001C0E A0                    7682 	.db #0xa0	; 160
      001C0F 09                    7683 	.db #0x09	; 9
      001C10 05                    7684 	.db #0x05	; 5
      001C11 61                    7685 	.db #0x61	; 97	'a'
      001C12 0F                    7686 	.db #0x0f	; 15
      001C13 14                    7687 	.db #0x14	; 20
      001C14 A0                    7688 	.db #0xa0	; 160
      001C15 00                    7689 	.db #0x00	; 0
      001C16 B3                    7690 	.db #0xb3	; 179
      001C17 7F                    7691 	.db #0x7f	; 127
      001C18 73                    7692 	.db #0x73	; 115	's'
      001C19 A0                    7693 	.db #0xa0	; 160
      001C1A 08                    7694 	.db #0x08	; 8
      001C1B 0F                    7695 	.db #0x0f	; 15
      001C1C 7F                    7696 	.db #0x7f	; 127
      001C1D 73                    7697 	.db #0x73	; 115	's'
      001C1E A0                    7698 	.db #0xa0	; 160
      001C1F 02                    7699 	.db #0x02	; 2
      001C20 B5                    7700 	.db #0xb5	; 181
      001C21 7F                    7701 	.db #0x7f	; 127
      001C22 72                    7702 	.db #0x72	; 114	'r'
      001C23 A0                    7703 	.db #0xa0	; 160
      001C24 09                    7704 	.db #0x09	; 9
      001C25 0E                    7705 	.db #0x0e	; 14
      001C26 7F                    7706 	.db #0x7f	; 127
      001C27 72                    7707 	.db #0x72	; 114	'r'
      001C28 A0                    7708 	.db #0xa0	; 160
      001C29 04                    7709 	.db #0x04	; 4
      001C2A 8A                    7710 	.db #0x8a	; 138
      001C2B 7F                    7711 	.db #0x7f	; 127
      001C2C 74                    7712 	.db #0x74	; 116	't'
      001C2D A0                    7713 	.db #0xa0	; 160
      001C2E 0A                    7714 	.db #0x0a	; 10
      001C2F 0F                    7715 	.db #0x0f	; 15
      001C30 61                    7716 	.db #0x61	; 97	'a'
      001C31 7A                    7717 	.db #0x7a	; 122	'z'
      001C32 02                    7718 	.db #0x02	; 2
      001C33 A0                    7719 	.db #0xa0	; 160
      001C34 08                    7720 	.db #0x08	; 8
      001C35 0B                    7721 	.db #0x0b	; 11
      001C36 7F                    7722 	.db #0x7f	; 127
      001C37 71                    7723 	.db #0x71	; 113	'q'
      001C38 A0                    7724 	.db #0xa0	; 160
      001C39 09                    7725 	.db #0x09	; 9
      001C3A 0B                    7726 	.db #0x0b	; 11
      001C3B 7F                    7727 	.db #0x7f	; 127
      001C3C 71                    7728 	.db #0x71	; 113	'q'
      001C3D A0                    7729 	.db #0xa0	; 160
      001C3E 0A                    7730 	.db #0x0a	; 10
      001C3F 0B                    7731 	.db #0x0b	; 11
      001C40 61                    7732 	.db #0x61	; 97	'a'
      001C41 85                    7733 	.db #0x85	; 133
      001C42 08                    7734 	.db #0x08	; 8
      001C43 A0                    7735 	.db #0xa0	; 160
      001C44 09                    7736 	.db #0x09	; 9
      001C45 0A                    7737 	.db #0x0a	; 10
      001C46 61                    7738 	.db #0x61	; 97	'a'
      001C47 1B                    7739 	.db #0x1b	; 27
      001C48 17                    7740 	.db #0x17	; 23
      001C49 A0                    7741 	.db #0xa0	; 160
      001C4A 0A                    7742 	.db #0x0a	; 10
      001C4B 0F                    7743 	.db #0x0f	; 15
      001C4C 61                    7744 	.db #0x61	; 97	'a'
      001C4D CA                    7745 	.db #0xca	; 202
      001C4E 02                    7746 	.db #0x02	; 2
      001C4F A0                    7747 	.db #0xa0	; 160
      001C50 0A                    7748 	.db #0x0a	; 10
      001C51 0B                    7749 	.db #0x0b	; 11
      001C52 61                    7750 	.db #0x61	; 97	'a'
      001C53 83                    7751 	.db #0x83	; 131
      001C54 08                    7752 	.db #0x08	; 8
      001C55 A0                    7753 	.db #0xa0	; 160
      001C56 08                    7754 	.db #0x08	; 8
      001C57 0A                    7755 	.db #0x0a	; 10
      001C58 61                    7756 	.db #0x61	; 97	'a'
      001C59 67                    7757 	.db #0x67	; 103	'g'
      001C5A 0E                    7758 	.db #0x0e	; 14
      001C5B A0                    7759 	.db #0xa0	; 160
      001C5C 09                    7760 	.db #0x09	; 9
      001C5D 09                    7761 	.db #0x09	; 9
      001C5E 61                    7762 	.db #0x61	; 97	'a'
      001C5F AC                    7763 	.db #0xac	; 172
      001C60 08                    7764 	.db #0x08	; 8
      001C61 A0                    7765 	.db #0xa0	; 160
      001C62 04                    7766 	.db #0x04	; 4
      001C63 C5                    7767 	.db #0xc5	; 197
      001C64 71                    7768 	.db #0x71	; 113	'q'
      001C65 A0                    7769 	.db #0xa0	; 160
      001C66 05                    7770 	.db #0x05	; 5
      001C67 01                    7771 	.db #0x01	; 1
      001C68 7F                    7772 	.db #0x7f	; 127
      001C69 71                    7773 	.db #0x71	; 113	'q'
      001C6A A0                    7774 	.db #0xa0	; 160
      001C6B 0A                    7775 	.db #0x0a	; 10
      001C6C 0F                    7776 	.db #0x0f	; 15
      001C6D 61                    7777 	.db #0x61	; 97	'a'
      001C6E CA                    7778 	.db #0xca	; 202
      001C6F 02                    7779 	.db #0x02	; 2
      001C70 A0                    7780 	.db #0xa0	; 160
      001C71 0A                    7781 	.db #0x0a	; 10
      001C72 0B                    7782 	.db #0x0b	; 11
      001C73 61                    7783 	.db #0x61	; 97	'a'
      001C74 FF                    7784 	.db #0xff	; 255
      001C75 13                    7785 	.db #0x13	; 19
      001C76 A0                    7786 	.db #0xa0	; 160
      001C77 08                    7787 	.db #0x08	; 8
      001C78 09                    7788 	.db #0x09	; 9
      001C79 61                    7789 	.db #0x61	; 97	'a'
      001C7A 97                    7790 	.db #0x97	; 151
      001C7B 0B                    7791 	.db #0x0b	; 11
      001C7C A0                    7792 	.db #0xa0	; 160
      001C7D 04                    7793 	.db #0x04	; 4
      001C7E 8A                    7794 	.db #0x8a	; 138
      001C7F 71                    7795 	.db #0x71	; 113	'q'
      001C80 A0                    7796 	.db #0xa0	; 160
      001C81 05                    7797 	.db #0x05	; 5
      001C82 03                    7798 	.db #0x03	; 3
      001C83 7F                    7799 	.db #0x7f	; 127
      001C84 71                    7800 	.db #0x71	; 113	'q'
      001C85 A0                    7801 	.db #0xa0	; 160
      001C86 0A                    7802 	.db #0x0a	; 10
      001C87 0F                    7803 	.db #0x0f	; 15
      001C88 61                    7804 	.db #0x61	; 97	'a'
      001C89 CA                    7805 	.db #0xca	; 202
      001C8A 02                    7806 	.db #0x02	; 2
      001C8B A0                    7807 	.db #0xa0	; 160
      001C8C 0A                    7808 	.db #0x0a	; 10
      001C8D 0B                    7809 	.db #0x0b	; 11
      001C8E 61                    7810 	.db #0x61	; 97	'a'
      001C8F D1                    7811 	.db #0xd1	; 209
      001C90 02                    7812 	.db #0x02	; 2
      001C91 A0                    7813 	.db #0xa0	; 160
      001C92 09                    7814 	.db #0x09	; 9
      001C93 08                    7815 	.db #0x08	; 8
      001C94 61                    7816 	.db #0x61	; 97	'a'
      001C95 AC                    7817 	.db #0xac	; 172
      001C96 1C                    7818 	.db #0x1c	; 28
      001C97 A0                    7819 	.db #0xa0	; 160
      001C98 00                    7820 	.db #0x00	; 0
      001C99 97                    7821 	.db #0x97	; 151
      001C9A 7F                    7822 	.db #0x7f	; 127
      001C9B 73                    7823 	.db #0x73	; 115	's'
      001C9C A0                    7824 	.db #0xa0	; 160
      001C9D 08                    7825 	.db #0x08	; 8
      001C9E 0F                    7826 	.db #0x0f	; 15
      001C9F 7F                    7827 	.db #0x7f	; 127
      001CA0 73                    7828 	.db #0x73	; 115	's'
      001CA1 A0                    7829 	.db #0xa0	; 160
      001CA2 02                    7830 	.db #0x02	; 2
      001CA3 98                    7831 	.db #0x98	; 152
      001CA4 7F                    7832 	.db #0x7f	; 127
      001CA5 72                    7833 	.db #0x72	; 114	'r'
      001CA6 A0                    7834 	.db #0xa0	; 160
      001CA7 09                    7835 	.db #0x09	; 9
      001CA8 0E                    7836 	.db #0x0e	; 14
      001CA9 7F                    7837 	.db #0x7f	; 127
      001CAA 76                    7838 	.db #0x76	; 118	'v'
      001CAB A0                    7839 	.db #0xa0	; 160
      001CAC 0A                    7840 	.db #0x0a	; 10
      001CAD 08                    7841 	.db #0x08	; 8
      001CAE 61                    7842 	.db #0x61	; 97	'a'
      001CAF 8B                    7843 	.db #0x8b	; 139
      001CB0 02                    7844 	.db #0x02	; 2
      001CB1 A0                    7845 	.db #0xa0	; 160
      001CB2 08                    7846 	.db #0x08	; 8
      001CB3 0B                    7847 	.db #0x0b	; 11
      001CB4 7F                    7848 	.db #0x7f	; 127
      001CB5 71                    7849 	.db #0x71	; 113	'q'
      001CB6 A0                    7850 	.db #0xa0	; 160
      001CB7 09                    7851 	.db #0x09	; 9
      001CB8 0B                    7852 	.db #0x0b	; 11
      001CB9 7F                    7853 	.db #0x7f	; 127
      001CBA 71                    7854 	.db #0x71	; 113	'q'
      001CBB A0                    7855 	.db #0xa0	; 160
      001CBC 0A                    7856 	.db #0x0a	; 10
      001CBD 06                    7857 	.db #0x06	; 6
      001CBE 61                    7858 	.db #0x61	; 97	'a'
      001CBF D4                    7859 	.db #0xd4	; 212
      001CC0 02                    7860 	.db #0x02	; 2
      001CC1 A0                    7861 	.db #0xa0	; 160
      001CC2 0A                    7862 	.db #0x0a	; 10
      001CC3 03                    7863 	.db #0x03	; 3
      001CC4 62                    7864 	.db #0x62	; 98	'b'
      001CC5 A0                    7865 	.db #0xa0	; 160
      001CC6 0A                    7866 	.db #0x0a	; 10
      001CC7 01                    7867 	.db #0x01	; 1
      001CC8 61                    7868 	.db #0x61	; 97	'a'
      001CC9 D2                    7869 	.db #0xd2	; 210
      001CCA 02                    7870 	.db #0x02	; 2
      001CCB A0                    7871 	.db #0xa0	; 160
      001CCC 09                    7872 	.db #0x09	; 9
      001CCD 0A                    7873 	.db #0x0a	; 10
      001CCE 7F                    7874 	.db #0x7f	; 127
      001CCF A0                    7875 	.db #0xa0	; 160
      001CD0 0A                    7876 	.db #0x0a	; 10
      001CD1 00                    7877 	.db #0x00	; 0
      001CD2 61                    7878 	.db #0x61	; 97	'a'
      001CD3 0B                    7879 	.db #0x0b	; 11
      001CD4 17                    7880 	.db #0x17	; 23
      001CD5 A0                    7881 	.db #0xa0	; 160
      001CD6 0A                    7882 	.db #0x0a	; 10
      001CD7 0F                    7883 	.db #0x0f	; 15
      001CD8 61                    7884 	.db #0x61	; 97	'a'
      001CD9 CA                    7885 	.db #0xca	; 202
      001CDA 02                    7886 	.db #0x02	; 2
      001CDB A0                    7887 	.db #0xa0	; 160
      001CDC 0A                    7888 	.db #0x0a	; 10
      001CDD 0B                    7889 	.db #0x0b	; 11
      001CDE 61                    7890 	.db #0x61	; 97	'a'
      001CDF 83                    7891 	.db #0x83	; 131
      001CE0 08                    7892 	.db #0x08	; 8
      001CE1 A0                    7893 	.db #0xa0	; 160
      001CE2 08                    7894 	.db #0x08	; 8
      001CE3 0A                    7895 	.db #0x0a	; 10
      001CE4 61                    7896 	.db #0x61	; 97	'a'
      001CE5 67                    7897 	.db #0x67	; 103	'g'
      001CE6 0E                    7898 	.db #0x0e	; 14
      001CE7 A0                    7899 	.db #0xa0	; 160
      001CE8 09                    7900 	.db #0x09	; 9
      001CE9 09                    7901 	.db #0x09	; 9
      001CEA 61                    7902 	.db #0x61	; 97	'a'
      001CEB AC                    7903 	.db #0xac	; 172
      001CEC 08                    7904 	.db #0x08	; 8
      001CED A0                    7905 	.db #0xa0	; 160
      001CEE 04                    7906 	.db #0x04	; 4
      001CEF C5                    7907 	.db #0xc5	; 197
      001CF0 71                    7908 	.db #0x71	; 113	'q'
      001CF1 A0                    7909 	.db #0xa0	; 160
      001CF2 05                    7910 	.db #0x05	; 5
      001CF3 01                    7911 	.db #0x01	; 1
      001CF4 7F                    7912 	.db #0x7f	; 127
      001CF5 71                    7913 	.db #0x71	; 113	'q'
      001CF6 A0                    7914 	.db #0xa0	; 160
      001CF7 0A                    7915 	.db #0x0a	; 10
      001CF8 0F                    7916 	.db #0x0f	; 15
      001CF9 61                    7917 	.db #0x61	; 97	'a'
      001CFA CA                    7918 	.db #0xca	; 202
      001CFB 02                    7919 	.db #0x02	; 2
      001CFC A0                    7920 	.db #0xa0	; 160
      001CFD 0A                    7921 	.db #0x0a	; 10
      001CFE 0B                    7922 	.db #0x0b	; 11
      001CFF 61                    7923 	.db #0x61	; 97	'a'
      001D00 FF                    7924 	.db #0xff	; 255
      001D01 13                    7925 	.db #0x13	; 19
      001D02 A0                    7926 	.db #0xa0	; 160
      001D03 08                    7927 	.db #0x08	; 8
      001D04 09                    7928 	.db #0x09	; 9
      001D05 61                    7929 	.db #0x61	; 97	'a'
      001D06 97                    7930 	.db #0x97	; 151
      001D07 0B                    7931 	.db #0x0b	; 11
      001D08 A0                    7932 	.db #0xa0	; 160
      001D09 04                    7933 	.db #0x04	; 4
      001D0A 8A                    7934 	.db #0x8a	; 138
      001D0B 71                    7935 	.db #0x71	; 113	'q'
      001D0C A0                    7936 	.db #0xa0	; 160
      001D0D 05                    7937 	.db #0x05	; 5
      001D0E 03                    7938 	.db #0x03	; 3
      001D0F 7F                    7939 	.db #0x7f	; 127
      001D10 71                    7940 	.db #0x71	; 113	'q'
      001D11 A0                    7941 	.db #0xa0	; 160
      001D12 0A                    7942 	.db #0x0a	; 10
      001D13 0F                    7943 	.db #0x0f	; 15
      001D14 61                    7944 	.db #0x61	; 97	'a'
      001D15 CA                    7945 	.db #0xca	; 202
      001D16 02                    7946 	.db #0x02	; 2
      001D17 A0                    7947 	.db #0xa0	; 160
      001D18 0A                    7948 	.db #0x0a	; 10
      001D19 0B                    7949 	.db #0x0b	; 11
      001D1A 61                    7950 	.db #0x61	; 97	'a'
      001D1B D1                    7951 	.db #0xd1	; 209
      001D1C 02                    7952 	.db #0x02	; 2
      001D1D A0                    7953 	.db #0xa0	; 160
      001D1E 09                    7954 	.db #0x09	; 9
      001D1F 08                    7955 	.db #0x08	; 8
      001D20 61                    7956 	.db #0x61	; 97	'a'
      001D21 C0                    7957 	.db #0xc0	; 192
      001D22 1C                    7958 	.db #0x1c	; 28
      001D23 A0                    7959 	.db #0xa0	; 160
      001D24 08                    7960 	.db #0x08	; 8
      001D25 0F                    7961 	.db #0x0f	; 15
      001D26 61                    7962 	.db #0x61	; 97	'a'
      001D27 27                    7963 	.db #0x27	; 39
      001D28 00                    7964 	.db #0x00	; 0
      001D29 A0                    7965 	.db #0xa0	; 160
      001D2A 09                    7966 	.db #0x09	; 9
      001D2B 0E                    7967 	.db #0x0e	; 14
      001D2C 7F                    7968 	.db #0x7f	; 127
      001D2D 73                    7969 	.db #0x73	; 115	's'
      001D2E A0                    7970 	.db #0xa0	; 160
      001D2F 04                    7971 	.db #0x04	; 4
      001D30 27                    7972 	.db #0x27	; 39
      001D31 7F                    7973 	.db #0x7f	; 127
      001D32 73                    7974 	.db #0x73	; 115	's'
      001D33 A0                    7975 	.db #0xa0	; 160
      001D34 0A                    7976 	.db #0x0a	; 10
      001D35 0F                    7977 	.db #0x0f	; 15
      001D36 61                    7978 	.db #0x61	; 97	'a'
      001D37 7A                    7979 	.db #0x7a	; 122	'z'
      001D38 02                    7980 	.db #0x02	; 2
      001D39 A0                    7981 	.db #0xa0	; 160
      001D3A 08                    7982 	.db #0x08	; 8
      001D3B 0B                    7983 	.db #0x0b	; 11
      001D3C 7F                    7984 	.db #0x7f	; 127
      001D3D 71                    7985 	.db #0x71	; 113	'q'
      001D3E A0                    7986 	.db #0xa0	; 160
      001D3F 09                    7987 	.db #0x09	; 9
      001D40 0B                    7988 	.db #0x0b	; 11
      001D41 7F                    7989 	.db #0x7f	; 127
      001D42 71                    7990 	.db #0x71	; 113	'q'
      001D43 A0                    7991 	.db #0xa0	; 160
      001D44 0A                    7992 	.db #0x0a	; 10
      001D45 0B                    7993 	.db #0x0b	; 11
      001D46 61                    7994 	.db #0x61	; 97	'a'
      001D47 85                    7995 	.db #0x85	; 133
      001D48 08                    7996 	.db #0x08	; 8
      001D49 A0                    7997 	.db #0xa0	; 160
      001D4A 09                    7998 	.db #0x09	; 9
      001D4B 0A                    7999 	.db #0x0a	; 10
      001D4C 61                    8000 	.db #0x61	; 97	'a'
      001D4D EE                    8001 	.db #0xee	; 238
      001D4E 16                    8002 	.db #0x16	; 22
      001D4F A0                    8003 	.db #0xa0	; 160
      001D50 00                    8004 	.db #0x00	; 0
      001D51 C9                    8005 	.db #0xc9	; 201
      001D52 7F                    8006 	.db #0x7f	; 127
      001D53 73                    8007 	.db #0x73	; 115	's'
      001D54 A0                    8008 	.db #0xa0	; 160
      001D55 08                    8009 	.db #0x08	; 8
      001D56 0F                    8010 	.db #0x0f	; 15
      001D57 7F                    8011 	.db #0x7f	; 127
      001D58 73                    8012 	.db #0x73	; 115	's'
      001D59 A0                    8013 	.db #0xa0	; 160
      001D5A 02                    8014 	.db #0x02	; 2
      001D5B CB                    8015 	.db #0xcb	; 203
      001D5C 7F                    8016 	.db #0x7f	; 127
      001D5D 72                    8017 	.db #0x72	; 114	'r'
      001D5E A0                    8018 	.db #0xa0	; 160
      001D5F 09                    8019 	.db #0x09	; 9
      001D60 0E                    8020 	.db #0x0e	; 14
      001D61 61                    8021 	.db #0x61	; 97	'a'
      001D62 28                    8022 	.db #0x28	; 40
      001D63 00                    8023 	.db #0x00	; 0
      001D64 A0                    8024 	.db #0xa0	; 160
      001D65 0A                    8025 	.db #0x0a	; 10
      001D66 0F                    8026 	.db #0x0f	; 15
      001D67 61                    8027 	.db #0x61	; 97	'a'
      001D68 7A                    8028 	.db #0x7a	; 122	'z'
      001D69 02                    8029 	.db #0x02	; 2
      001D6A A0                    8030 	.db #0xa0	; 160
      001D6B 08                    8031 	.db #0x08	; 8
      001D6C 0B                    8032 	.db #0x0b	; 11
      001D6D 7F                    8033 	.db #0x7f	; 127
      001D6E 71                    8034 	.db #0x71	; 113	'q'
      001D6F A0                    8035 	.db #0xa0	; 160
      001D70 09                    8036 	.db #0x09	; 9
      001D71 0B                    8037 	.db #0x0b	; 11
      001D72 7F                    8038 	.db #0x7f	; 127
      001D73 71                    8039 	.db #0x71	; 113	'q'
      001D74 A0                    8040 	.db #0xa0	; 160
      001D75 0A                    8041 	.db #0x0a	; 10
      001D76 0B                    8042 	.db #0x0b	; 11
      001D77 61                    8043 	.db #0x61	; 97	'a'
      001D78 85                    8044 	.db #0x85	; 133
      001D79 08                    8045 	.db #0x08	; 8
      001D7A A0                    8046 	.db #0xa0	; 160
      001D7B 09                    8047 	.db #0x09	; 9
      001D7C 0A                    8048 	.db #0x0a	; 10
      001D7D 61                    8049 	.db #0x61	; 97	'a'
      001D7E EE                    8050 	.db #0xee	; 238
      001D7F 16                    8051 	.db #0x16	; 22
      001D80 A0                    8052 	.db #0xa0	; 160
      001D81 00                    8053 	.db #0x00	; 0
      001D82 B3                    8054 	.db #0xb3	; 179
      001D83 7F                    8055 	.db #0x7f	; 127
      001D84 73                    8056 	.db #0x73	; 115	's'
      001D85 A0                    8057 	.db #0xa0	; 160
      001D86 08                    8058 	.db #0x08	; 8
      001D87 0F                    8059 	.db #0x0f	; 15
      001D88 7F                    8060 	.db #0x7f	; 127
      001D89 73                    8061 	.db #0x73	; 115	's'
      001D8A A0                    8062 	.db #0xa0	; 160
      001D8B 02                    8063 	.db #0x02	; 2
      001D8C B5                    8064 	.db #0xb5	; 181
      001D8D 7F                    8065 	.db #0x7f	; 127
      001D8E 72                    8066 	.db #0x72	; 114	'r'
      001D8F A0                    8067 	.db #0xa0	; 160
      001D90 09                    8068 	.db #0x09	; 9
      001D91 0E                    8069 	.db #0x0e	; 14
      001D92 7F                    8070 	.db #0x7f	; 127
      001D93 73                    8071 	.db #0x73	; 115	's'
      001D94 A0                    8072 	.db #0xa0	; 160
      001D95 04                    8073 	.db #0x04	; 4
      001D96 93                    8074 	.db #0x93	; 147
      001D97 71                    8075 	.db #0x71	; 113	'q'
      001D98 A0                    8076 	.db #0xa0	; 160
      001D99 05                    8077 	.db #0x05	; 5
      001D9A 01                    8078 	.db #0x01	; 1
      001D9B 7F                    8079 	.db #0x7f	; 127
      001D9C 72                    8080 	.db #0x72	; 114	'r'
      001D9D A0                    8081 	.db #0xa0	; 160
      001D9E 0A                    8082 	.db #0x0a	; 10
      001D9F 0F                    8083 	.db #0x0f	; 15
      001DA0 61                    8084 	.db #0x61	; 97	'a'
      001DA1 79                    8085 	.db #0x79	; 121	'y'
      001DA2 02                    8086 	.db #0x02	; 2
      001DA3 A0                    8087 	.db #0xa0	; 160
      001DA4 08                    8088 	.db #0x08	; 8
      001DA5 0B                    8089 	.db #0x0b	; 11
      001DA6 7F                    8090 	.db #0x7f	; 127
      001DA7 71                    8091 	.db #0x71	; 113	'q'
      001DA8 A0                    8092 	.db #0xa0	; 160
      001DA9 09                    8093 	.db #0x09	; 9
      001DAA 0B                    8094 	.db #0x0b	; 11
      001DAB 7F                    8095 	.db #0x7f	; 127
      001DAC 71                    8096 	.db #0x71	; 113	'q'
      001DAD A0                    8097 	.db #0xa0	; 160
      001DAE 0A                    8098 	.db #0x0a	; 10
      001DAF 0B                    8099 	.db #0x0b	; 11
      001DB0 61                    8100 	.db #0x61	; 97	'a'
      001DB1 85                    8101 	.db #0x85	; 133
      001DB2 08                    8102 	.db #0x08	; 8
      001DB3 A0                    8103 	.db #0xa0	; 160
      001DB4 09                    8104 	.db #0x09	; 9
      001DB5 0A                    8105 	.db #0x0a	; 10
      001DB6 61                    8106 	.db #0x61	; 97	'a'
      001DB7 EE                    8107 	.db #0xee	; 238
      001DB8 16                    8108 	.db #0x16	; 22
      001DB9 A0                    8109 	.db #0xa0	; 160
      001DBA 00                    8110 	.db #0x00	; 0
      001DBB A0                    8111 	.db #0xa0	; 160
      001DBC 7F                    8112 	.db #0x7f	; 127
      001DBD 73                    8113 	.db #0x73	; 115	's'
      001DBE A0                    8114 	.db #0xa0	; 160
      001DBF 08                    8115 	.db #0x08	; 8
      001DC0 0F                    8116 	.db #0x0f	; 15
      001DC1 7F                    8117 	.db #0x7f	; 127
      001DC2 73                    8118 	.db #0x73	; 115	's'
      001DC3 A0                    8119 	.db #0xa0	; 160
      001DC4 02                    8120 	.db #0x02	; 2
      001DC5 A1                    8121 	.db #0xa1	; 161
      001DC6 7F                    8122 	.db #0x7f	; 127
      001DC7 72                    8123 	.db #0x72	; 114	'r'
      001DC8 A0                    8124 	.db #0xa0	; 160
      001DC9 09                    8125 	.db #0x09	; 9
      001DCA 0E                    8126 	.db #0x0e	; 14
      001DCB 7F                    8127 	.db #0x7f	; 127
      001DCC 73                    8128 	.db #0x73	; 115	's'
      001DCD A0                    8129 	.db #0xa0	; 160
      001DCE 04                    8130 	.db #0x04	; 4
      001DCF 27                    8131 	.db #0x27	; 39
      001DD0 71                    8132 	.db #0x71	; 113	'q'
      001DD1 A0                    8133 	.db #0xa0	; 160
      001DD2 05                    8134 	.db #0x05	; 5
      001DD3 03                    8135 	.db #0x03	; 3
      001DD4 7F                    8136 	.db #0x7f	; 127
      001DD5 71                    8137 	.db #0x71	; 113	'q'
      001DD6 A0                    8138 	.db #0xa0	; 160
      001DD7 0A                    8139 	.db #0x0a	; 10
      001DD8 0F                    8140 	.db #0x0f	; 15
      001DD9 61                    8141 	.db #0x61	; 97	'a'
      001DDA 7A                    8142 	.db #0x7a	; 122	'z'
      001DDB 02                    8143 	.db #0x02	; 2
      001DDC A0                    8144 	.db #0xa0	; 160
      001DDD 08                    8145 	.db #0x08	; 8
      001DDE 0B                    8146 	.db #0x0b	; 11
      001DDF 7F                    8147 	.db #0x7f	; 127
      001DE0 71                    8148 	.db #0x71	; 113	'q'
      001DE1 A0                    8149 	.db #0xa0	; 160
      001DE2 09                    8150 	.db #0x09	; 9
      001DE3 0B                    8151 	.db #0x0b	; 11
      001DE4 7F                    8152 	.db #0x7f	; 127
      001DE5 71                    8153 	.db #0x71	; 113	'q'
      001DE6 A0                    8154 	.db #0xa0	; 160
      001DE7 0A                    8155 	.db #0x0a	; 10
      001DE8 0B                    8156 	.db #0x0b	; 11
      001DE9 61                    8157 	.db #0x61	; 97	'a'
      001DEA 85                    8158 	.db #0x85	; 133
      001DEB 08                    8159 	.db #0x08	; 8
      001DEC A0                    8160 	.db #0xa0	; 160
      001DED 09                    8161 	.db #0x09	; 9
      001DEE 0A                    8162 	.db #0x0a	; 10
      001DEF 61                    8163 	.db #0x61	; 97	'a'
      001DF0 0A                    8164 	.db #0x0a	; 10
      001DF1 17                    8165 	.db #0x17	; 23
      001DF2 A0                    8166 	.db #0xa0	; 160
      001DF3 0A                    8167 	.db #0x0a	; 10
      001DF4 08                    8168 	.db #0x08	; 8
      001DF5 61                    8169 	.db #0x61	; 97	'a'
      001DF6 DA                    8170 	.db #0xda	; 218
      001DF7 02                    8171 	.db #0x02	; 2
      001DF8 A0                    8172 	.db #0xa0	; 160
      001DF9 0A                    8173 	.db #0x0a	; 10
      001DFA 06                    8174 	.db #0x06	; 6
      001DFB 62                    8175 	.db #0x62	; 98	'b'
      001DFC A0                    8176 	.db #0xa0	; 160
      001DFD 0A                    8177 	.db #0x0a	; 10
      001DFE 03                    8178 	.db #0x03	; 3
      001DFF 62                    8179 	.db #0x62	; 98	'b'
      001E00 A0                    8180 	.db #0xa0	; 160
      001E01 0A                    8181 	.db #0x0a	; 10
      001E02 01                    8182 	.db #0x01	; 1
      001E03 61                    8183 	.db #0x61	; 97	'a'
      001E04 C6                    8184 	.db #0xc6	; 198
      001E05 02                    8185 	.db #0x02	; 2
      001E06 A0                    8186 	.db #0xa0	; 160
      001E07 08                    8187 	.db #0x08	; 8
      001E08 0A                    8188 	.db #0x0a	; 10
      001E09 7F                    8189 	.db #0x7f	; 127
      001E0A 7B                    8190 	.db #0x7b	; 123
      001E0B A0                    8191 	.db #0xa0	; 160
      001E0C 0A                    8192 	.db #0x0a	; 10
      001E0D 00                    8193 	.db #0x00	; 0
      001E0E 61                    8194 	.db #0x61	; 97	'a'
      001E0F 4B                    8195 	.db #0x4b	; 75	'K'
      001E10 0E                    8196 	.db #0x0e	; 14
      001E11 A0                    8197 	.db #0xa0	; 160
      001E12 09                    8198 	.db #0x09	; 9
      001E13 09                    8199 	.db #0x09	; 9
      001E14 61                    8200 	.db #0x61	; 97	'a'
      001E15 C0                    8201 	.db #0xc0	; 192
      001E16 08                    8202 	.db #0x08	; 8
      001E17 A0                    8203 	.db #0xa0	; 160
      001E18 0A                    8204 	.db #0x0a	; 10
      001E19 0F                    8205 	.db #0x0f	; 15
      001E1A 61                    8206 	.db #0x61	; 97	'a'
      001E1B CA                    8207 	.db #0xca	; 202
      001E1C 02                    8208 	.db #0x02	; 2
      001E1D A0                    8209 	.db #0xa0	; 160
      001E1E 0A                    8210 	.db #0x0a	; 10
      001E1F 0B                    8211 	.db #0x0b	; 11
      001E20 61                    8212 	.db #0x61	; 97	'a'
      001E21 FF                    8213 	.db #0xff	; 255
      001E22 13                    8214 	.db #0x13	; 19
      001E23 A0                    8215 	.db #0xa0	; 160
      001E24 08                    8216 	.db #0x08	; 8
      001E25 09                    8217 	.db #0x09	; 9
      001E26 61                    8218 	.db #0x61	; 97	'a'
      001E27 97                    8219 	.db #0x97	; 151
      001E28 0B                    8220 	.db #0x0b	; 11
      001E29 A0                    8221 	.db #0xa0	; 160
      001E2A 04                    8222 	.db #0x04	; 4
      001E2B 93                    8223 	.db #0x93	; 147
      001E2C 71                    8224 	.db #0x71	; 113	'q'
      001E2D A0                    8225 	.db #0xa0	; 160
      001E2E 05                    8226 	.db #0x05	; 5
      001E2F 01                    8227 	.db #0x01	; 1
      001E30 7F                    8228 	.db #0x7f	; 127
      001E31 72                    8229 	.db #0x72	; 114	'r'
      001E32 A0                    8230 	.db #0xa0	; 160
      001E33 0A                    8231 	.db #0x0a	; 10
      001E34 0F                    8232 	.db #0x0f	; 15
      001E35 61                    8233 	.db #0x61	; 97	'a'
      001E36 C9                    8234 	.db #0xc9	; 201
      001E37 02                    8235 	.db #0x02	; 2
      001E38 A0                    8236 	.db #0xa0	; 160
      001E39 0A                    8237 	.db #0x0a	; 10
      001E3A 0B                    8238 	.db #0x0b	; 11
      001E3B 61                    8239 	.db #0x61	; 97	'a'
      001E3C D1                    8240 	.db #0xd1	; 209
      001E3D 02                    8241 	.db #0x02	; 2
      001E3E A0                    8242 	.db #0xa0	; 160
      001E3F 09                    8243 	.db #0x09	; 9
      001E40 08                    8244 	.db #0x08	; 8
      001E41 61                    8245 	.db #0x61	; 97	'a'
      001E42 AA                    8246 	.db #0xaa	; 170
      001E43 1C                    8247 	.db #0x1c	; 28
      001E44 A0                    8248 	.db #0xa0	; 160
      001E45 08                    8249 	.db #0x08	; 8
      001E46 08                    8250 	.db #0x08	; 8
      001E47 7F                    8251 	.db #0x7f	; 127
      001E48 7C                    8252 	.db #0x7c	; 124
      001E49 A0                    8253 	.db #0xa0	; 160
      001E4A 04                    8254 	.db #0x04	; 4
      001E4B 27                    8255 	.db #0x27	; 39
      001E4C 71                    8256 	.db #0x71	; 113	'q'
      001E4D A0                    8257 	.db #0xa0	; 160
      001E4E 05                    8258 	.db #0x05	; 5
      001E4F 03                    8259 	.db #0x03	; 3
      001E50 7F                    8260 	.db #0x7f	; 127
      001E51 72                    8261 	.db #0x72	; 114	'r'
      001E52 A0                    8262 	.db #0xa0	; 160
      001E53 0A                    8263 	.db #0x0a	; 10
      001E54 0F                    8264 	.db #0x0f	; 15
      001E55 61                    8265 	.db #0x61	; 97	'a'
      001E56 C7                    8266 	.db #0xc7	; 199
      001E57 02                    8267 	.db #0x02	; 2
      001E58 A0                    8268 	.db #0xa0	; 160
      001E59 0A                    8269 	.db #0x0a	; 10
      001E5A 0B                    8270 	.db #0x0b	; 11
      001E5B 61                    8271 	.db #0x61	; 97	'a'
      001E5C 2C                    8272 	.db #0x2c	; 44
      001E5D 11                    8273 	.db #0x11	; 17
      001E5E A0                    8274 	.db #0xa0	; 160
      001E5F 09                    8275 	.db #0x09	; 9
      001E60 07                    8276 	.db #0x07	; 7
      001E61 61                    8277 	.db #0x61	; 97	'a'
      001E62 7E                    8278 	.db #0x7e	; 126
      001E63 0E                    8279 	.db #0x0e	; 14
      001E64 A0                    8280 	.db #0xa0	; 160
      001E65 0A                    8281 	.db #0x0a	; 10
      001E66 0F                    8282 	.db #0x0f	; 15
      001E67 61                    8283 	.db #0x61	; 97	'a'
      001E68 CA                    8284 	.db #0xca	; 202
      001E69 02                    8285 	.db #0x02	; 2
      001E6A A0                    8286 	.db #0xa0	; 160
      001E6B 0A                    8287 	.db #0x0a	; 10
      001E6C 0B                    8288 	.db #0x0b	; 11
      001E6D 61                    8289 	.db #0x61	; 97	'a'
      001E6E 83                    8290 	.db #0x83	; 131
      001E6F 08                    8291 	.db #0x08	; 8
      001E70 A0                    8292 	.db #0xa0	; 160
      001E71 08                    8293 	.db #0x08	; 8
      001E72 07                    8294 	.db #0x07	; 7
      001E73 61                    8295 	.db #0x61	; 97	'a'
      001E74 04                    8296 	.db #0x04	; 4
      001E75 17                    8297 	.db #0x17	; 23
      001E76 A0                    8298 	.db #0xa0	; 160
      001E77 09                    8299 	.db #0x09	; 9
      001E78 06                    8300 	.db #0x06	; 6
      001E79 61                    8301 	.db #0x61	; 97	'a'
      001E7A 26                    8302 	.db #0x26	; 38
      001E7B 00                    8303 	.db #0x00	; 0
      001E7C A0                    8304 	.db #0xa0	; 160
      001E7D 0A                    8305 	.db #0x0a	; 10
      001E7E 0F                    8306 	.db #0x0f	; 15
      001E7F 61                    8307 	.db #0x61	; 97	'a'
      001E80 C7                    8308 	.db #0xc7	; 199
      001E81 02                    8309 	.db #0x02	; 2
      001E82 A0                    8310 	.db #0xa0	; 160
      001E83 0A                    8311 	.db #0x0a	; 10
      001E84 0B                    8312 	.db #0x0b	; 11
      001E85 61                    8313 	.db #0x61	; 97	'a'
      001E86 FF                    8314 	.db #0xff	; 255
      001E87 13                    8315 	.db #0x13	; 19
      001E88 A0                    8316 	.db #0xa0	; 160
      001E89 08                    8317 	.db #0x08	; 8
      001E8A 06                    8318 	.db #0x06	; 6
      001E8B 61                    8319 	.db #0x61	; 97	'a'
      001E8C 97                    8320 	.db #0x97	; 151
      001E8D 0B                    8321 	.db #0x0b	; 11
      001E8E A0                    8322 	.db #0xa0	; 160
      001E8F 04                    8323 	.db #0x04	; 4
      001E90 93                    8324 	.db #0x93	; 147
      001E91 71                    8325 	.db #0x71	; 113	'q'
      001E92 A0                    8326 	.db #0xa0	; 160
      001E93 05                    8327 	.db #0x05	; 5
      001E94 01                    8328 	.db #0x01	; 1
      001E95 7F                    8329 	.db #0x7f	; 127
      001E96 72                    8330 	.db #0x72	; 114	'r'
      001E97 A0                    8331 	.db #0xa0	; 160
      001E98 0A                    8332 	.db #0x0a	; 10
      001E99 0F                    8333 	.db #0x0f	; 15
      001E9A 61                    8334 	.db #0x61	; 97	'a'
      001E9B C9                    8335 	.db #0xc9	; 201
      001E9C 02                    8336 	.db #0x02	; 2
      001E9D A0                    8337 	.db #0xa0	; 160
      001E9E 0A                    8338 	.db #0x0a	; 10
      001E9F 0B                    8339 	.db #0x0b	; 11
      001EA0 61                    8340 	.db #0x61	; 97	'a'
      001EA1 6E                    8341 	.db #0x6e	; 110	'n'
      001EA2 0B                    8342 	.db #0x0b	; 11
      001EA3 A0                    8343 	.db #0xa0	; 160
      001EA4 09                    8344 	.db #0x09	; 9
      001EA5 05                    8345 	.db #0x05	; 5
      001EA6 61                    8346 	.db #0x61	; 97	'a'
      001EA7 0D                    8347 	.db #0x0d	; 13
      001EA8 14                    8348 	.db #0x14	; 20
      001EA9 A0                    8349 	.db #0xa0	; 160
      001EAA 08                    8350 	.db #0x08	; 8
      001EAB 05                    8351 	.db #0x05	; 5
      001EAC 7F                    8352 	.db #0x7f	; 127
      001EAD 7D                    8353 	.db #0x7d	; 125
      001EAE A0                    8354 	.db #0xa0	; 160
      001EAF 04                    8355 	.db #0x04	; 4
      001EB0 27                    8356 	.db #0x27	; 39
      001EB1 71                    8357 	.db #0x71	; 113	'q'
      001EB2 A0                    8358 	.db #0xa0	; 160
      001EB3 05                    8359 	.db #0x05	; 5
      001EB4 03                    8360 	.db #0x03	; 3
      001EB5 7F                    8361 	.db #0x7f	; 127
      001EB6 71                    8362 	.db #0x71	; 113	'q'
      001EB7 A0                    8363 	.db #0xa0	; 160
      001EB8 0A                    8364 	.db #0x0a	; 10
      001EB9 0F                    8365 	.db #0x0f	; 15
      001EBA 61                    8366 	.db #0x61	; 97	'a'
      001EBB C7                    8367 	.db #0xc7	; 199
      001EBC 02                    8368 	.db #0x02	; 2
      001EBD A0                    8369 	.db #0xa0	; 160
      001EBE 0A                    8370 	.db #0x0a	; 10
      001EBF 0B                    8371 	.db #0x0b	; 11
      001EC0 61                    8372 	.db #0x61	; 97	'a'
      001EC1 C9                    8373 	.db #0xc9	; 201
      001EC2 19                    8374 	.db #0x19	; 25
      001EC3 A0                    8375 	.db #0xa0	; 160
      001EC4 09                    8376 	.db #0x09	; 9
      001EC5 04                    8377 	.db #0x04	; 4
      001EC6 61                    8378 	.db #0x61	; 97	'a'
      001EC7 B6                    8379 	.db #0xb6	; 182
      001EC8 05                    8380 	.db #0x05	; 5
      001EC9 A0                    8381 	.db #0xa0	; 160
      001ECA 08                    8382 	.db #0x08	; 8
      001ECB 02                    8383 	.db #0x02	; 2
      001ECC 7F                    8384 	.db #0x7f	; 127
      001ECD 73                    8385 	.db #0x73	; 115	's'
      001ECE A0                    8386 	.db #0xa0	; 160
      001ECF 09                    8387 	.db #0x09	; 9
      001ED0 02                    8388 	.db #0x02	; 2
      001ED1 7F                    8389 	.db #0x7f	; 127
      001ED2 74                    8390 	.db #0x74	; 116	't'
      001ED3 A0                    8391 	.db #0xa0	; 160
      001ED4 0A                    8392 	.db #0x0a	; 10
      001ED5 08                    8393 	.db #0x08	; 8
      001ED6 61                    8394 	.db #0x61	; 97	'a'
      001ED7 B2                    8395 	.db #0xb2	; 178
      001ED8 02                    8396 	.db #0x02	; 2
      001ED9 A0                    8397 	.db #0xa0	; 160
      001EDA 08                    8398 	.db #0x08	; 8
      001EDB 00                    8399 	.db #0x00	; 0
      001EDC 7E                    8400 	.db #0x7e	; 126
      001EDD A0                    8401 	.db #0xa0	; 160
      001EDE 09                    8402 	.db #0x09	; 9
      001EDF 00                    8403 	.db #0x00	; 0
      001EE0 7F                    8404 	.db #0x7f	; 127
      001EE1 A0                    8405 	.db #0xa0	; 160
      001EE2 0A                    8406 	.db #0x0a	; 10
      001EE3 06                    8407 	.db #0x06	; 6
      001EE4 61                    8408 	.db #0x61	; 97	'a'
      001EE5 DA                    8409 	.db #0xda	; 218
      001EE6 02                    8410 	.db #0x02	; 2
      001EE7 A0                    8411 	.db #0xa0	; 160
      001EE8 0A                    8412 	.db #0x0a	; 10
      001EE9 03                    8413 	.db #0x03	; 3
      001EEA 62                    8414 	.db #0x62	; 98	'b'
      001EEB A0                    8415 	.db #0xa0	; 160
      001EEC 0A                    8416 	.db #0x0a	; 10
      001EED 01                    8417 	.db #0x01	; 1
      001EEE 62                    8418 	.db #0x62	; 98	'b'
      001EEF A0                    8419 	.db #0xa0	; 160
      001EF0 0A                    8420 	.db #0x0a	; 10
      001EF1 00                    8421 	.db #0x00	; 0
      001EF2 61                    8422 	.db #0x61	; 97	'a'
      001EF3 0E                    8423 	.db #0x0e	; 14
      001EF4 17                    8424 	.db #0x17	; 23
      001EF5 A0                    8425 	.db #0xa0	; 160
      001EF6 0A                    8426 	.db #0x0a	; 10
      001EF7 0F                    8427 	.db #0x0f	; 15
      001EF8 61                    8428 	.db #0x61	; 97	'a'
      001EF9 C9                    8429 	.db #0xc9	; 201
      001EFA 02                    8430 	.db #0x02	; 2
      001EFB A0                    8431 	.db #0xa0	; 160
      001EFC 0A                    8432 	.db #0x0a	; 10
      001EFD 0B                    8433 	.db #0x0b	; 11
      001EFE 61                    8434 	.db #0x61	; 97	'a'
      001EFF 97                    8435 	.db #0x97	; 151
      001F00 1F                    8436 	.db #0x1f	; 31
      001F01 A0                    8437 	.db #0xa0	; 160
      001F02 04                    8438 	.db #0x04	; 4
      001F03 93                    8439 	.db #0x93	; 147
      001F04 71                    8440 	.db #0x71	; 113	'q'
      001F05 A0                    8441 	.db #0xa0	; 160
      001F06 05                    8442 	.db #0x05	; 5
      001F07 01                    8443 	.db #0x01	; 1
      001F08 7F                    8444 	.db #0x7f	; 127
      001F09 71                    8445 	.db #0x71	; 113	'q'
      001F0A A0                    8446 	.db #0xa0	; 160
      001F0B 0A                    8447 	.db #0x0a	; 10
      001F0C 0F                    8448 	.db #0x0f	; 15
      001F0D 61                    8449 	.db #0x61	; 97	'a'
      001F0E C9                    8450 	.db #0xc9	; 201
      001F0F 02                    8451 	.db #0x02	; 2
      001F10 A0                    8452 	.db #0xa0	; 160
      001F11 0A                    8453 	.db #0x0a	; 10
      001F12 0B                    8454 	.db #0x0b	; 11
      001F13 61                    8455 	.db #0x61	; 97	'a'
      001F14 97                    8456 	.db #0x97	; 151
      001F15 1F                    8457 	.db #0x1f	; 31
      001F16 A0                    8458 	.db #0xa0	; 160
      001F17 04                    8459 	.db #0x04	; 4
      001F18 27                    8460 	.db #0x27	; 39
      001F19 71                    8461 	.db #0x71	; 113	'q'
      001F1A A0                    8462 	.db #0xa0	; 160
      001F1B 05                    8463 	.db #0x05	; 5
      001F1C 03                    8464 	.db #0x03	; 3
      001F1D 7F                    8465 	.db #0x7f	; 127
      001F1E 71                    8466 	.db #0x71	; 113	'q'
      001F1F A0                    8467 	.db #0xa0	; 160
      001F20 0A                    8468 	.db #0x0a	; 10
      001F21 0F                    8469 	.db #0x0f	; 15
      001F22 61                    8470 	.db #0x61	; 97	'a'
      001F23 CA                    8471 	.db #0xca	; 202
      001F24 02                    8472 	.db #0x02	; 2
      001F25 A0                    8473 	.db #0xa0	; 160
      001F26 0A                    8474 	.db #0x0a	; 10
      001F27 0B                    8475 	.db #0x0b	; 11
      001F28 61                    8476 	.db #0x61	; 97	'a'
      001F29 8A                    8477 	.db #0x8a	; 138
      001F2A 1F                    8478 	.db #0x1f	; 31
      001F2B A0                    8479 	.db #0xa0	; 160
      001F2C 00                    8480 	.db #0x00	; 0
      001F2D 40                    8481 	.db #0x40	; 64
      001F2E 71                    8482 	.db #0x71	; 113	'q'
      001F2F A0                    8483 	.db #0xa0	; 160
      001F30 01                    8484 	.db #0x01	; 1
      001F31 01                    8485 	.db #0x01	; 1
      001F32 7F                    8486 	.db #0x7f	; 127
      001F33 70                    8487 	.db #0x70	; 112	'p'
      001F34 A0                    8488 	.db #0xa0	; 160
      001F35 08                    8489 	.db #0x08	; 8
      001F36 0F                    8490 	.db #0x0f	; 15
      001F37 61                    8491 	.db #0x61	; 97	'a'
      001F38 25                    8492 	.db #0x25	; 37
      001F39 00                    8493 	.db #0x00	; 0
      001F3A A0                    8494 	.db #0xa0	; 160
      001F3B 02                    8495 	.db #0x02	; 2
      001F3C 42                    8496 	.db #0x42	; 66	'B'
      001F3D 71                    8497 	.db #0x71	; 113	'q'
      001F3E A0                    8498 	.db #0xa0	; 160
      001F3F 03                    8499 	.db #0x03	; 3
      001F40 01                    8500 	.db #0x01	; 1
      001F41 7F                    8501 	.db #0x7f	; 127
      001F42 71                    8502 	.db #0x71	; 113	'q'
      001F43 66                    8503 	.db #0x66	; 102	'f'
      001F44 47                    8504 	.db #0x47	; 71	'G'
      001F45 64                    8505 	.db #0x64	; 100	'd'
      001F46 33                    8506 	.db #0x33	; 51	'3'
      001F47 20                    8507 	.db #0x20	; 32
      001F48 00                    8508 	.db #0x00	; 0
      001F49 01                    8509 	.db #0x01	; 1
      001F4A 00                    8510 	.db #0x00	; 0
      001F4B 00                    8511 	.db #0x00	; 0
      001F4C 2C                    8512 	.db #0x2c	; 44
      001F4D 01                    8513 	.db #0x01	; 1
      001F4E 00                    8514 	.db #0x00	; 0
      001F4F 00                    8515 	.db #0x00	; 0
      001F50 54                    8516 	.db #0x54	; 84	'T'
      001F51 00                    8517 	.db #0x00	; 0
      001F52 68                    8518 	.db #0x68	; 104	'h'
      001F53 00                    8519 	.db #0x00	; 0
      001F54 65                    8520 	.db #0x65	; 101	'e'
      001F55 00                    8521 	.db #0x00	; 0
      001F56 6D                    8522 	.db #0x6d	; 109	'm'
      001F57 00                    8523 	.db #0x00	; 0
      001F58 65                    8524 	.db #0x65	; 101	'e'
      001F59 00                    8525 	.db #0x00	; 0
      001F5A 20                    8526 	.db #0x20	; 32
      001F5B 00                    8527 	.db #0x00	; 0
      001F5C 6F                    8528 	.db #0x6f	; 111	'o'
      001F5D 00                    8529 	.db #0x00	; 0
      001F5E 66                    8530 	.db #0x66	; 102	'f'
      001F5F 00                    8531 	.db #0x00	; 0
      001F60 20                    8532 	.db #0x20	; 32
      001F61 00                    8533 	.db #0x00	; 0
      001F62 49                    8534 	.db #0x49	; 73	'I'
      001F63 00                    8535 	.db #0x00	; 0
      001F64 6E                    8536 	.db #0x6e	; 110	'n'
      001F65 00                    8537 	.db #0x00	; 0
      001F66 6E                    8538 	.db #0x6e	; 110	'n'
      001F67 00                    8539 	.db #0x00	; 0
      001F68 20                    8540 	.db #0x20	; 32
      001F69 00                    8541 	.db #0x00	; 0
      001F6A 26                    8542 	.db #0x26	; 38
      001F6B 00                    8543 	.db #0x00	; 0
      001F6C 20                    8544 	.db #0x20	; 32
      001F6D 00                    8545 	.db #0x00	; 0
      001F6E 48                    8546 	.db #0x48	; 72	'H'
      001F6F 00                    8547 	.db #0x00	; 0
      001F70 6F                    8548 	.db #0x6f	; 111	'o'
      001F71 00                    8549 	.db #0x00	; 0
      001F72 6D                    8550 	.db #0x6d	; 109	'm'
      001F73 00                    8551 	.db #0x00	; 0
      001F74 65                    8552 	.db #0x65	; 101	'e'
      001F75 00                    8553 	.db #0x00	; 0
      001F76 00                    8554 	.db #0x00	; 0
      001F77 00                    8555 	.db #0x00	; 0
      001F78 BF                    8556 	.db #0xbf	; 191
      001F79 5B                    8557 	.db #0x5b	; 91
      001F7A 4B                    8558 	.db #0x4b	; 75	'K'
      001F7B 5C                    8559 	.db #0x5c	; 92
      001F7C 26                    8560 	.db #0x26	; 38
      001F7D 00                    8561 	.db #0x00	; 0
      001F7E B6                    8562 	.db #0xb6	; 182
      001F7F 5B                    8563 	.db #0x5b	; 91
      001F80 6E                    8564 	.db #0x6e	; 110	'n'
      001F81 30                    8565 	.db #0x30	; 48	'0'
      001F82 C6                    8566 	.db #0xc6	; 198
      001F83 30                    8567 	.db #0x30	; 48	'0'
      001F84 FC                    8568 	.db #0xfc	; 252
      001F85 30                    8569 	.db #0x30	; 48	'0'
      001F86 DE                    8570 	.db #0xde	; 222
      001F87 30                    8571 	.db #0x30	; 48	'0'
      001F88 00                    8572 	.db #0x00	; 0
      001F89 00                    8573 	.db #0x00	; 0
      001F8A 44                    8574 	.db #0x44	; 68	'D'
      001F8B 00                    8575 	.db #0x00	; 0
      001F8C 72                    8576 	.db #0x72	; 114	'r'
      001F8D 00                    8577 	.db #0x00	; 0
      001F8E 61                    8578 	.db #0x61	; 97	'a'
      001F8F 00                    8579 	.db #0x00	; 0
      001F90 67                    8580 	.db #0x67	; 103	'g'
      001F91 00                    8581 	.db #0x00	; 0
      001F92 6F                    8582 	.db #0x6f	; 111	'o'
      001F93 00                    8583 	.db #0x00	; 0
      001F94 6E                    8584 	.db #0x6e	; 110	'n'
      001F95 00                    8585 	.db #0x00	; 0
      001F96 20                    8586 	.db #0x20	; 32
      001F97 00                    8587 	.db #0x00	; 0
      001F98 53                    8588 	.db #0x53	; 83	'S'
      001F99 00                    8589 	.db #0x00	; 0
      001F9A 6C                    8590 	.db #0x6c	; 108	'l'
      001F9B 00                    8591 	.db #0x00	; 0
      001F9C 61                    8592 	.db #0x61	; 97	'a'
      001F9D 00                    8593 	.db #0x00	; 0
      001F9E 79                    8594 	.db #0x79	; 121	'y'
      001F9F 00                    8595 	.db #0x00	; 0
      001FA0 65                    8596 	.db #0x65	; 101	'e'
      001FA1 00                    8597 	.db #0x00	; 0
      001FA2 72                    8598 	.db #0x72	; 114	'r'
      001FA3 00                    8599 	.db #0x00	; 0
      001FA4 20                    8600 	.db #0x20	; 32
      001FA5 00                    8601 	.db #0x00	; 0
      001FA6 49                    8602 	.db #0x49	; 73	'I'
      001FA7 00                    8603 	.db #0x00	; 0
      001FA8 56                    8604 	.db #0x56	; 86	'V'
      001FA9 00                    8605 	.db #0x00	; 0
      001FAA 3A                    8606 	.db #0x3a	; 58
      001FAB 00                    8607 	.db #0x00	; 0
      001FAC 20                    8608 	.db #0x20	; 32
      001FAD 00                    8609 	.db #0x00	; 0
      001FAE 44                    8610 	.db #0x44	; 68	'D'
      001FAF 00                    8611 	.db #0x00	; 0
      001FB0 72                    8612 	.db #0x72	; 114	'r'
      001FB1 00                    8613 	.db #0x00	; 0
      001FB2 61                    8614 	.db #0x61	; 97	'a'
      001FB3 00                    8615 	.db #0x00	; 0
      001FB4 73                    8616 	.db #0x73	; 115	's'
      001FB5 00                    8617 	.db #0x00	; 0
      001FB6 6C                    8618 	.db #0x6c	; 108	'l'
      001FB7 00                    8619 	.db #0x00	; 0
      001FB8 65                    8620 	.db #0x65	; 101	'e'
      001FB9 00                    8621 	.db #0x00	; 0
      001FBA 20                    8622 	.db #0x20	; 32
      001FBB 00                    8623 	.db #0x00	; 0
      001FBC 46                    8624 	.db #0x46	; 70	'F'
      001FBD 00                    8625 	.db #0x00	; 0
      001FBE 61                    8626 	.db #0x61	; 97	'a'
      001FBF 00                    8627 	.db #0x00	; 0
      001FC0 6D                    8628 	.db #0x6d	; 109	'm'
      001FC1 00                    8629 	.db #0x00	; 0
      001FC2 69                    8630 	.db #0x69	; 105	'i'
      001FC3 00                    8631 	.db #0x00	; 0
      001FC4 6C                    8632 	.db #0x6c	; 108	'l'
      001FC5 00                    8633 	.db #0x00	; 0
      001FC6 79                    8634 	.db #0x79	; 121	'y'
      001FC7 00                    8635 	.db #0x00	; 0
      001FC8 00                    8636 	.db #0x00	; 0
      001FC9 00                    8637 	.db #0x00	; 0
      001FCA C9                    8638 	.db #0xc9	; 201
      001FCB 30                    8639 	.db #0x30	; 48	'0'
      001FCC E9                    8640 	.db #0xe9	; 233
      001FCD 30                    8641 	.db #0x30	; 48	'0'
      001FCE B4                    8642 	.db #0xb4	; 180
      001FCF 30                    8643 	.db #0x30	; 48	'0'
      001FD0 F3                    8644 	.db #0xf3	; 243
      001FD1 30                    8645 	.db #0x30	; 48	'0'
      001FD2 B9                    8646 	.db #0xb9	; 185
      001FD3 30                    8647 	.db #0x30	; 48	'0'
      001FD4 EC                    8648 	.db #0xec	; 236
      001FD5 30                    8649 	.db #0x30	; 48	'0'
      001FD6 A4                    8650 	.db #0xa4	; 164
      001FD7 30                    8651 	.db #0x30	; 48	'0'
      001FD8 E4                    8652 	.db #0xe4	; 228
      001FD9 30                    8653 	.db #0x30	; 48	'0'
      001FDA FC                    8654 	.db #0xfc	; 252
      001FDB 30                    8655 	.db #0x30	; 48	'0'
      001FDC 49                    8656 	.db #0x49	; 73	'I'
      001FDD 00                    8657 	.db #0x00	; 0
      001FDE 56                    8658 	.db #0x56	; 86	'V'
      001FDF 00                    8659 	.db #0x00	; 0
      001FE0 20                    8660 	.db #0x20	; 32
      001FE1 00                    8661 	.db #0x00	; 0
      001FE2 C9                    8662 	.db #0xc9	; 201
      001FE3 30                    8663 	.db #0x30	; 48	'0'
      001FE4 E9                    8664 	.db #0xe9	; 233
      001FE5 30                    8665 	.db #0x30	; 48	'0'
      001FE6 B9                    8666 	.db #0xb9	; 185
      001FE7 30                    8667 	.db #0x30	; 48	'0'
      001FE8 EC                    8668 	.db #0xec	; 236
      001FE9 30                    8669 	.db #0x30	; 48	'0'
      001FEA D5                    8670 	.db #0xd5	; 213
      001FEB 30                    8671 	.db #0x30	; 48	'0'
      001FEC A1                    8672 	.db #0xa1	; 161
      001FED 30                    8673 	.db #0x30	; 48	'0'
      001FEE DF                    8674 	.db #0xdf	; 223
      001FEF 30                    8675 	.db #0x30	; 48	'0'
      001FF0 EA                    8676 	.db #0xea	; 234
      001FF1 30                    8677 	.db #0x30	; 48	'0'
      001FF2 FC                    8678 	.db #0xfc	; 252
      001FF3 30                    8679 	.db #0x30	; 48	'0'
      001FF4 00                    8680 	.db #0x00	; 0
      001FF5 00                    8681 	.db #0x00	; 0
      001FF6 4D                    8682 	.db #0x4d	; 77	'M'
      001FF7 00                    8683 	.db #0x00	; 0
      001FF8 53                    8684 	.db #0x53	; 83	'S'
      001FF9 00                    8685 	.db #0x00	; 0
      001FFA 58                    8686 	.db #0x58	; 88	'X'
      001FFB 00                    8687 	.db #0x00	; 0
      001FFC 20                    8688 	.db #0x20	; 32
      001FFD 00                    8689 	.db #0x00	; 0
      001FFE 2F                    8690 	.db #0x2f	; 47
      001FFF 00                    8691 	.db #0x00	; 0
      002000 20                    8692 	.db #0x20	; 32
      002001 00                    8693 	.db #0x00	; 0
      002002 4D                    8694 	.db #0x4d	; 77	'M'
      002003 00                    8695 	.db #0x00	; 0
      002004 53                    8696 	.db #0x53	; 83	'S'
      002005 00                    8697 	.db #0x00	; 0
      002006 58                    8698 	.db #0x58	; 88	'X'
      002007 00                    8699 	.db #0x00	; 0
      002008 32                    8700 	.db #0x32	; 50	'2'
      002009 00                    8701 	.db #0x00	; 0
      00200A 00                    8702 	.db #0x00	; 0
      00200B 00                    8703 	.db #0x00	; 0
      00200C 00                    8704 	.db #0x00	; 0
      00200D 00                    8705 	.db #0x00	; 0
      00200E 59                    8706 	.db #0x59	; 89	'Y'
      00200F 00                    8707 	.db #0x00	; 0
      002010 75                    8708 	.db #0x75	; 117	'u'
      002011 00                    8709 	.db #0x00	; 0
      002012 7A                    8710 	.db #0x7a	; 122	'z'
      002013 00                    8711 	.db #0x00	; 0
      002014 6F                    8712 	.db #0x6f	; 111	'o'
      002015 00                    8713 	.db #0x00	; 0
      002016 20                    8714 	.db #0x20	; 32
      002017 00                    8715 	.db #0x00	; 0
      002018 4B                    8716 	.db #0x4b	; 75	'K'
      002019 00                    8717 	.db #0x00	; 0
      00201A 6F                    8718 	.db #0x6f	; 111	'o'
      00201B 00                    8719 	.db #0x00	; 0
      00201C 73                    8720 	.db #0x73	; 115	's'
      00201D 00                    8721 	.db #0x00	; 0
      00201E 68                    8722 	.db #0x68	; 104	'h'
      00201F 00                    8723 	.db #0x00	; 0
      002020 69                    8724 	.db #0x69	; 105	'i'
      002021 00                    8725 	.db #0x00	; 0
      002022 72                    8726 	.db #0x72	; 114	'r'
      002023 00                    8727 	.db #0x00	; 0
      002024 6F                    8728 	.db #0x6f	; 111	'o'
      002025 00                    8729 	.db #0x00	; 0
      002026 2C                    8730 	.db #0x2c	; 44
      002027 00                    8731 	.db #0x00	; 0
      002028 20                    8732 	.db #0x20	; 32
      002029 00                    8733 	.db #0x00	; 0
      00202A 4D                    8734 	.db #0x4d	; 77	'M'
      00202B 00                    8735 	.db #0x00	; 0
      00202C 69                    8736 	.db #0x69	; 105	'i'
      00202D 00                    8737 	.db #0x00	; 0
      00202E 65                    8738 	.db #0x65	; 101	'e'
      00202F 00                    8739 	.db #0x00	; 0
      002030 6B                    8740 	.db #0x6b	; 107	'k'
      002031 00                    8741 	.db #0x00	; 0
      002032 6F                    8742 	.db #0x6f	; 111	'o'
      002033 00                    8743 	.db #0x00	; 0
      002034 20                    8744 	.db #0x20	; 32
      002035 00                    8745 	.db #0x00	; 0
      002036 49                    8746 	.db #0x49	; 73	'I'
      002037 00                    8747 	.db #0x00	; 0
      002038 73                    8748 	.db #0x73	; 115	's'
      002039 00                    8749 	.db #0x00	; 0
      00203A 68                    8750 	.db #0x68	; 104	'h'
      00203B 00                    8751 	.db #0x00	; 0
      00203C 69                    8752 	.db #0x69	; 105	'i'
      00203D 00                    8753 	.db #0x00	; 0
      00203E 6B                    8754 	.db #0x6b	; 107	'k'
      00203F 00                    8755 	.db #0x00	; 0
      002040 61                    8756 	.db #0x61	; 97	'a'
      002041 00                    8757 	.db #0x00	; 0
      002042 77                    8758 	.db #0x77	; 119	'w'
      002043 00                    8759 	.db #0x00	; 0
      002044 61                    8760 	.db #0x61	; 97	'a'
      002045 00                    8761 	.db #0x00	; 0
      002046 00                    8762 	.db #0x00	; 0
      002047 00                    8763 	.db #0x00	; 0
      002048 E4                    8764 	.db #0xe4	; 228
      002049 53                    8765 	.db #0x53	; 83	'S'
      00204A E3                    8766 	.db #0xe3	; 227
      00204B 4E                    8767 	.db #0x4e	; 78	'N'
      00204C 50                    8768 	.db #0x50	; 80	'P'
      00204D 79                    8769 	.db #0x79	; 121	'y'
      00204E 09                    8770 	.db #0x09	; 9
      00204F 4E                    8771 	.db #0x4e	; 78	'N'
      002050 01                    8772 	.db #0x01	; 1
      002051 30                    8773 	.db #0x30	; 48	'0'
      002052 F3                    8774 	.db #0xf3	; 243
      002053 77                    8775 	.db #0x77	; 119	'w'
      002054 DD                    8776 	.db #0xdd	; 221
      002055 5D                    8777 	.db #0x5d	; 93
      002056 09                    8778 	.db #0x09	; 9
      002057 4E                    8779 	.db #0x4e	; 78	'N'
      002058 75                    8780 	.db #0x75	; 117	'u'
      002059 60                    8781 	.db #0x60	; 96
      00205A 50                    8782 	.db #0x50	; 80	'P'
      00205B 5B                    8783 	.db #0x5b	; 91
      00205C 00                    8784 	.db #0x00	; 0
      00205D 00                    8785 	.db #0x00	; 0
      00205E 31                    8786 	.db #0x31	; 49	'1'
      00205F 00                    8787 	.db #0x00	; 0
      002060 39                    8788 	.db #0x39	; 57	'9'
      002061 00                    8789 	.db #0x00	; 0
      002062 38                    8790 	.db #0x38	; 56	'8'
      002063 00                    8791 	.db #0x00	; 0
      002064 37                    8792 	.db #0x37	; 55	'7'
      002065 00                    8793 	.db #0x00	; 0
      002066 2D                    8794 	.db #0x2d	; 45
      002067 00                    8795 	.db #0x00	; 0
      002068 31                    8796 	.db #0x31	; 49	'1'
      002069 00                    8797 	.db #0x00	; 0
      00206A 30                    8798 	.db #0x30	; 48	'0'
      00206B 00                    8799 	.db #0x00	; 0
      00206C 00                    8800 	.db #0x00	; 0
      00206D 00                    8801 	.db #0x00	; 0
      00206E 32                    8802 	.db #0x32	; 50	'2'
      00206F 00                    8803 	.db #0x00	; 0
      002070 63                    8804 	.db #0x63	; 99	'c'
      002071 00                    8805 	.db #0x00	; 0
      002072 68                    8806 	.db #0x68	; 104	'h'
      002073 00                    8807 	.db #0x00	; 0
      002074 2D                    8808 	.db #0x2d	; 45
      002075 00                    8809 	.db #0x00	; 0
      002076 48                    8810 	.db #0x48	; 72	'H'
      002077 00                    8811 	.db #0x00	; 0
      002078 00                    8812 	.db #0x00	; 0
      002079 00                    8813 	.db #0x00	; 0
      00207A 00                    8814 	.db #0x00	; 0
      00207B 00                    8815 	.db #0x00	; 0
      00207C                       8816 _g_ChrAnim:
      00207C 2D                    8817 	.db #0x2d	; 45
      00207D 2F                    8818 	.db #0x2f	; 47
      00207E 7C                    8819 	.db #0x7c	; 124
      00207F 5C                    8820 	.db #0x5c	; 92
      002080                       8821 _test_color:
      002080 07                    8822 	.db #0x07	; 7
      002081 07                    8823 	.db #0x07	; 7
      002082 07                    8824 	.db #0x07	; 7
      002083 07                    8825 	.db #0x07	; 7
      002084 07                    8826 	.db #0x07	; 7
      002085 05                    8827 	.db #0x05	; 5
      002086 05                    8828 	.db #0x05	; 5
      002087 05                    8829 	.db #0x05	; 5
      002088 05                    8830 	.db #0x05	; 5
      002089 05                    8831 	.db #0x05	; 5
      00208A 05                    8832 	.db #0x05	; 5
      00208B 04                    8833 	.db #0x04	; 4
      00208C 04                    8834 	.db #0x04	; 4
      00208D 04                    8835 	.db #0x04	; 4
      00208E 04                    8836 	.db #0x04	; 4
      00208F 04                    8837 	.db #0x04	; 4
      002090                       8838 __str_0:
      002090 4B 6E 69 67 68 74 6D  8839 	.ascii "Knightmare"
             61 72 65
      00209A 00                    8840 	.db 0x00
                                   8841 ;./template.c:511: void main() {
                                   8842 ;	---------------------------------
                                   8843 ; Function main
                                   8844 ; ---------------------------------
      00209B                       8845 _main::
      00209B DD E5            [15] 8846 	push	ix
      00209D DD 21 00 00      [14] 8847 	ld	ix,#0
      0020A1 DD 39            [15] 8848 	add	ix,sp
      0020A3 3B               [ 6] 8849 	dec	sp
                                   8850 ;./template.c:512: VDP_SetMode(VDP_MODE_SCREEN5);
      0020A4 3E 06            [ 7] 8851 	ld	a, #0x06
      0020A6 CDr00r00         [17] 8852 	call	_VDP_SetMode
                                   8853 ;/home/bruno/dev/MSXgl/engine/src/vdp.h:688: inline void VDP_SetColor(u8 color) { VDP_RegWrite(7, color); }
      0020A9 2E 02            [ 7] 8854 	ld	l, #0x02
                                   8855 ;	spillPairReg hl
                                   8856 ;	spillPairReg hl
      0020AB 3E 07            [ 7] 8857 	ld	a, #0x07
      0020AD CDr00r00         [17] 8858 	call	_VDP_RegWrite
                                   8859 ;/home/bruno/dev/MSXgl/engine/src/vdp.h:681: inline void VDP_EnableVBlank(bool enable) { VDP_RegWriteBakMask(1, (u8)~R01_IE0, enable ? R01_IE0 : 0); }
      0020B0 3E 20            [ 7] 8860 	ld	a, #0x20
      0020B2 F5               [11] 8861 	push	af
      0020B3 33               [ 6] 8862 	inc	sp
      0020B4 2E DF            [ 7] 8863 	ld	l, #0xdf
                                   8864 ;	spillPairReg hl
                                   8865 ;	spillPairReg hl
      0020B6 3E 01            [ 7] 8866 	ld	a, #0x01
      0020B8 CDr00r00         [17] 8867 	call	_VDP_RegWriteBakMask
                                   8868 ;./template.c:515: VDP_ClearVRAM();
      0020BB CDr00r00         [17] 8869 	call	_VDP_ClearVRAM
                                   8870 ;./template.c:517: Print_SetBitmapFont(g_Font_MGL_Sample6);
      0020BE 21r44r00         [10] 8871 	ld	hl, #_g_Font_MGL_Sample6
      0020C1 CDr00r00         [17] 8872 	call	_Print_SetBitmapFont
                                   8873 ;./template.c:518: Print_SetColor(COLOR_WHITE, COLOR_MEDIUM_GREEN);
      0020C4 2E 02            [ 7] 8874 	ld	l, #0x02
                                   8875 ;	spillPairReg hl
                                   8876 ;	spillPairReg hl
      0020C6 3E 0F            [ 7] 8877 	ld	a, #0x0f
      0020C8 CDr00r00         [17] 8878 	call	_Print_SetColor
                                   8879 ;/home/bruno/dev/MSXgl/engine/src/print.h:226: g_PrintData.CursorX = x;
      0020CB 21 00 00         [10] 8880 	ld	hl, #0x0000
      0020CE 22r05r00         [16] 8881 	ld	((_g_PrintData + 5)), hl
                                   8882 ;/home/bruno/dev/MSXgl/engine/src/print.h:227: g_PrintData.CursorY = y;
      0020D1 21r07r00         [10] 8883 	ld	hl, #(_g_PrintData + 7)
      0020D4 36 00            [10] 8884 	ld	(hl), #0x00
                                   8885 ;/home/bruno/dev/MSXgl/engine/src/vdp.h:707: inline void VDP_EnableSprite(u8 enable) { VDP_RegWriteBakMask(8, (u8)~R08_SPD, !enable ? R08_SPD : 0); }
      0020D6 AF               [ 4] 8886 	xor	a, a
      0020D7 F5               [11] 8887 	push	af
      0020D8 33               [ 6] 8888 	inc	sp
      0020D9 2E FD            [ 7] 8889 	ld	l, #0xfd
                                   8890 ;	spillPairReg hl
                                   8891 ;	spillPairReg hl
      0020DB 3E 08            [ 7] 8892 	ld	a, #0x08
      0020DD CDr00r00         [17] 8893 	call	_VDP_RegWriteBakMask
                                   8894 ;./template.c:525: VDP_SetSpritePatternTable(0x17000);
      0020E0 11 00 70         [10] 8895 	ld	de, #0x7000
      0020E3 21 01 00         [10] 8896 	ld	hl, #0x0001
      0020E6 CDr00r00         [17] 8897 	call	_VDP_SetSpritePatternTable
                                   8898 ;./template.c:526: VDP_SetSpriteAttributeTable(0x17A00);
      0020E9 11 00 7A         [10] 8899 	ld	de, #0x7a00
      0020EC 21 01 00         [10] 8900 	ld	hl, #0x0001
      0020EF CDr00r00         [17] 8901 	call	_VDP_SetSpriteAttributeTable
                                   8902 ;/home/bruno/dev/MSXgl/engine/src/vdp.h:1051: inline void VDP_SetSpriteFlag(u8 flag) { VDP_RegWriteBakMask(1, (u8)~(R01_ST|R01_MAG), flag); }
      0020F2 3E 02            [ 7] 8903 	ld	a, #0x02
      0020F4 F5               [11] 8904 	push	af
      0020F5 33               [ 6] 8905 	inc	sp
      0020F6 2E FC            [ 7] 8906 	ld	l, #0xfc
                                   8907 ;	spillPairReg hl
                                   8908 ;	spillPairReg hl
      0020F8 3E 01            [ 7] 8909 	ld	a, #0x01
      0020FA CDr00r00         [17] 8910 	call	_VDP_RegWriteBakMask
                                   8911 ;./template.c:530: Load_Sprite(0, COLOR_MEDIUM_RED, 100, 100); // detalhe
      0020FD 21 64 00         [10] 8912 	ld	hl, #0x0064
      002100 E5               [11] 8913 	push	hl
      002101 E5               [11] 8914 	push	hl
      002102 11 08 00         [10] 8915 	ld	de, #0x0008
      002105 6C               [ 4] 8916 	ld	l, h
      002106 CDr00r00         [17] 8917 	call	_Load_Sprite
                                   8918 ;./template.c:531: Load_Sprite(1, COLOR_BLACK, 100, 100); // borda
      002109 21 64 00         [10] 8919 	ld	hl, #0x0064
      00210C E5               [11] 8920 	push	hl
      00210D E5               [11] 8921 	push	hl
      00210E 11 01 00         [10] 8922 	ld	de, #0x0001
      002111 2E 01            [ 7] 8923 	ld	l, #0x01
      002113 CDr00r00         [17] 8924 	call	_Load_Sprite
                                   8925 ;./template.c:532: Load_Sprite(2, COLOR_WHITE, 100, 100); // fundo
      002116 21 64 00         [10] 8926 	ld	hl, #0x0064
      002119 E5               [11] 8927 	push	hl
      00211A E5               [11] 8928 	push	hl
      00211B 11 0F 00         [10] 8929 	ld	de, #0x000f
      00211E 2E 02            [ 7] 8930 	ld	l, #0x02
      002120 CDr00r00         [17] 8931 	call	_Load_Sprite
                                   8932 ;./template.c:533: VDP_SetSpriteExMultiColor(2, 100, 100, 2 * 4, test_color); // fundo tem múltiplas cores
      002123 21r80r20         [10] 8933 	ld	hl, #_test_color
      002126 E5               [11] 8934 	push	hl
      002127 21 64 08         [10] 8935 	ld	hl, #0x864
      00212A E5               [11] 8936 	push	hl
      00212B 2E 64            [ 7] 8937 	ld	l, #0x64
                                   8938 ;	spillPairReg hl
                                   8939 ;	spillPairReg hl
      00212D 3E 02            [ 7] 8940 	ld	a, #0x02
      00212F CDr00r00         [17] 8941 	call	_VDP_SetSpriteExMultiColor
                                   8942 ;./template.c:537: SCC_Initialize();
      002132 CDr00r00         [17] 8943 	call	_SCC_Initialize
                                   8944 ;./template.c:540: MSXMusic_Initialize();
      002135 CDr00r00         [17] 8945 	call	_MSXMusic_Initialize
                                   8946 ;./template.c:543: MSXAudio_Initialize();
      002138 CDr00r00         [17] 8947 	call	_MSXAudio_Initialize
                                   8948 ;./template.c:549: Print_DrawText(MSX_GL"SETTING THE SEGMENT..."); 
      00213B 21r22r22         [10] 8949 	ld	hl, #___str_1
      00213E CDr00r00         [17] 8950 	call	_Print_DrawText
                                   8951 ;/home/bruno/dev/MSXgl/engine/src/print.h:226: g_PrintData.CursorX = x;
      002141 21 00 00         [10] 8952 	ld	hl, #0x0000
      002144 22r05r00         [16] 8953 	ld	((_g_PrintData + 5)), hl
                                   8954 ;/home/bruno/dev/MSXgl/engine/src/print.h:227: g_PrintData.CursorY = y;
      002147 21r07r00         [10] 8955 	ld	hl, #(_g_PrintData + 7)
      00214A 36 0A            [10] 8956 	ld	(hl), #0x0a
                                   8957 ;./template.c:552: Print_DrawText(MSX_GL"PLAYING THE VGM..."); 
      00214C 21r3Fr22         [10] 8958 	ld	hl, #___str_2
      00214F CDr00r00         [17] 8959 	call	_Print_DrawText
                                   8960 ;./template.c:553: bool ok = VGM_Play(g_MusicEntry[current_song].Data, TRUE);
      002152 2ArAAr06         [16] 8961 	ld	hl, (#(_g_MusicEntry + 2) + 0)
      002155 3E 01            [ 7] 8962 	ld	a, #0x01
      002157 F5               [11] 8963 	push	af
      002158 33               [ 6] 8964 	inc	sp
      002159 CDr00r00         [17] 8965 	call	_VGM_Play
      00215C 4F               [ 4] 8966 	ld	c, a
                                   8967 ;/home/bruno/dev/MSXgl/engine/src/print.h:226: g_PrintData.CursorX = x;
      00215D 21 00 00         [10] 8968 	ld	hl, #0x0000
      002160 22r05r00         [16] 8969 	ld	((_g_PrintData + 5)), hl
                                   8970 ;/home/bruno/dev/MSXgl/engine/src/print.h:227: g_PrintData.CursorY = y;
      002163 21r07r00         [10] 8971 	ld	hl, #(_g_PrintData + 7)
      002166 36 14            [10] 8972 	ld	(hl), #0x14
                                   8973 ;./template.c:557: if(!ok)
      002168 79               [ 4] 8974 	ld	a, c
      002169 B7               [ 4] 8975 	or	a, a
      00216A 20 0A            [12] 8976 	jr	NZ, 00105$
                                   8977 ;./template.c:559: Print_DrawText(MSX_GL"VGM INVALID!");
      00216C 21r58r22         [10] 8978 	ld	hl, #___str_3
      00216F CDr00r00         [17] 8979 	call	_Print_DrawText
                                   8980 ;./template.c:560: while(1) {
      002172                       8981 00102$:
                                   8982 ;/home/bruno/dev/MSXgl/engine/src/system.h:160: inline void Halt() { __asm__("halt"); }
      002172 76               [ 4] 8983 	halt
                                   8984 ;./template.c:561: Halt();
      002173 C3r72r21         [10] 8985 	jp	00102$
      002176                       8986 00105$:
                                   8987 ;./template.c:564: Print_DrawText(MSX_GL"THE VGM FILE IS VALID!");
      002176 21r6Br22         [10] 8988 	ld	hl, #___str_4
      002179 CDr00r00         [17] 8989 	call	_Print_DrawText
                                   8990 ;./template.c:568: while(!Keyboard_IsKeyPressed(KEY_ESC)) {
      00217C DD 36 FF 00      [19] 8991 	ld	-1 (ix), #0x00
      002180                       8992 00110$:
      002180 3E 27            [ 7] 8993 	ld	a, #0x27
      002182 CDr00r00         [17] 8994 	call	_Keyboard_IsKeyPressed
      002185 B7               [ 4] 8995 	or	a, a
      002186 C2r1Ar22         [10] 8996 	jp	NZ, 00112$
                                   8997 ;/home/bruno/dev/MSXgl/engine/src/system.h:160: inline void Halt() { __asm__("halt"); }
      002189 76               [ 4] 8998 	halt
                                   8999 ;./template.c:572: VGM_Decode();
      00218A CDr00r00         [17] 9000 	call	_VGM_Decode
                                   9001 ;./template.c:574: PSG_Apply();
      00218D CDr00r00         [17] 9002 	call	_PSG_Apply
                                   9003 ;./template.c:578: x += dx;
      002190 21r04r00         [10] 9004 	ld	hl, #_dx
      002193 D5               [11] 9005 	push	de
      002194 FD 21r00r00      [14] 9006 	ld	iy, #_x
      002198 FD E5            [15] 9007 	push	iy
      00219A D1               [10] 9008 	pop	de
      00219B 1A               [ 7] 9009 	ld	a, (de)
      00219C 86               [ 7] 9010 	add	a, (hl)
      00219D 23               [ 6] 9011 	inc	hl
      00219E 12               [ 7] 9012 	ld	(de), a
      00219F 13               [ 6] 9013 	inc	de
      0021A0 1A               [ 7] 9014 	ld	a, (de)
      0021A1 8E               [ 7] 9015 	adc	a, (hl)
      0021A2 12               [ 7] 9016 	ld	(de), a
      0021A3 D1               [10] 9017 	pop	de
                                   9018 ;./template.c:581: if(x <= 0 || x >= 240) // ~256 - sprite width
      0021A4 AF               [ 4] 9019 	xor	a, a
      0021A5 FD BE 00         [19] 9020 	cp	a, 0 (iy)
      0021A8 FD 9E 01         [19] 9021 	sbc	a, 1 (iy)
      0021AB E2rB0r21         [10] 9022 	jp	PO, 00157$
      0021AE EE 80            [ 7] 9023 	xor	a, #0x80
      0021B0                       9024 00157$:
      0021B0 F2rC2r21         [10] 9025 	jp	P, 00107$
      0021B3 3Ar00r00         [13] 9026 	ld	a, (_x+0)
      0021B6 D6 F0            [ 7] 9027 	sub	a, #0xf0
      0021B8 3Ar01r00         [13] 9028 	ld	a, (_x+1)
      0021BB 17               [ 4] 9029 	rla
      0021BC 3F               [ 4] 9030 	ccf
      0021BD 1F               [ 4] 9031 	rra
      0021BE DE 80            [ 7] 9032 	sbc	a, #0x80
      0021C0 38 0A            [12] 9033 	jr	C, 00108$
      0021C2                       9034 00107$:
                                   9035 ;./template.c:582: dx = -dx;
      0021C2 21r04r00         [10] 9036 	ld	hl, #_dx
      0021C5 AF               [ 4] 9037 	xor	a, a
      0021C6 96               [ 7] 9038 	sub	a, (hl)
      0021C7 77               [ 7] 9039 	ld	(hl), a
      0021C8 23               [ 6] 9040 	inc	hl
      0021C9 9F               [ 4] 9041 	sbc	a, a
      0021CA 96               [ 7] 9042 	sub	a, (hl)
      0021CB 77               [ 7] 9043 	ld	(hl), a
      0021CC                       9044 00108$:
                                   9045 ;./template.c:585: VDP_SetSpritePosition(0, x, y);    
      0021CC 3Ar02r00         [13] 9046 	ld	a, (_y+0)
      0021CF 4F               [ 4] 9047 	ld	c, a
      0021D0 3Ar00r00         [13] 9048 	ld	a, (_x+0)
      0021D3 6F               [ 4] 9049 	ld	l, a
                                   9050 ;	spillPairReg hl
                                   9051 ;	spillPairReg hl
      0021D4 79               [ 4] 9052 	ld	a, c
      0021D5 F5               [11] 9053 	push	af
      0021D6 33               [ 6] 9054 	inc	sp
      0021D7 AF               [ 4] 9055 	xor	a, a
      0021D8 CDr00r00         [17] 9056 	call	_VDP_SetSpritePosition
                                   9057 ;./template.c:586: VDP_SetSpritePosition(1, x, y);    
      0021DB 3Ar02r00         [13] 9058 	ld	a, (_y+0)
      0021DE 47               [ 4] 9059 	ld	b, a
      0021DF 3Ar00r00         [13] 9060 	ld	a, (_x+0)
      0021E2 6F               [ 4] 9061 	ld	l, a
                                   9062 ;	spillPairReg hl
                                   9063 ;	spillPairReg hl
      0021E3 C5               [11] 9064 	push	bc
      0021E4 33               [ 6] 9065 	inc	sp
      0021E5 3E 01            [ 7] 9066 	ld	a, #0x01
      0021E7 CDr00r00         [17] 9067 	call	_VDP_SetSpritePosition
                                   9068 ;./template.c:587: VDP_SetSpritePosition(2, x, y);    
      0021EA 3Ar02r00         [13] 9069 	ld	a, (_y+0)
      0021ED 47               [ 4] 9070 	ld	b, a
      0021EE 3Ar00r00         [13] 9071 	ld	a, (_x+0)
      0021F1 6F               [ 4] 9072 	ld	l, a
                                   9073 ;	spillPairReg hl
                                   9074 ;	spillPairReg hl
      0021F2 C5               [11] 9075 	push	bc
      0021F3 33               [ 6] 9076 	inc	sp
      0021F4 3E 02            [ 7] 9077 	ld	a, #0x02
      0021F6 CDr00r00         [17] 9078 	call	_VDP_SetSpritePosition
                                   9079 ;/home/bruno/dev/MSXgl/engine/src/print.h:226: g_PrintData.CursorX = x;
      0021F9 21 F7 00         [10] 9080 	ld	hl, #0x00f7
      0021FC 22r05r00         [16] 9081 	ld	((_g_PrintData + 5)), hl
                                   9082 ;/home/bruno/dev/MSXgl/engine/src/print.h:227: g_PrintData.CursorY = y;
      0021FF 21r07r00         [10] 9083 	ld	hl, #(_g_PrintData + 7)
      002202 36 00            [10] 9084 	ld	(hl), #0x00
                                   9085 ;./template.c:591: Print_DrawChar(g_ChrAnim[count++ % 4]);
      002204 DD 34 FF         [23] 9086 	inc	-1 (ix)
      002207 DD 7E FF         [19] 9087 	ld	a, -1 (ix)
      00220A E6 03            [ 7] 9088 	and	a, #0x03
      00220C 4F               [ 4] 9089 	ld	c, a
      00220D 06 00            [ 7] 9090 	ld	b, #0x00
      00220F 21r7Cr20         [10] 9091 	ld	hl, #_g_ChrAnim
      002212 09               [11] 9092 	add	hl, bc
      002213 7E               [ 7] 9093 	ld	a, (hl)
      002214 CDr00r00         [17] 9094 	call	_Print_DrawChar
      002217 C3r80r21         [10] 9095 	jp	00110$
      00221A                       9096 00112$:
                                   9097 ;./template.c:594: Bios_Exit(0);
      00221A AF               [ 4] 9098 	xor	a, a
      00221B CDr00r00         [17] 9099 	call	_Bios_Exit
                                   9100 ;./template.c:595: }
      00221E 33               [ 6] 9101 	inc	sp
      00221F DD E1            [14] 9102 	pop	ix
      002221 C9               [10] 9103 	ret
      002222                       9104 ___str_1:
      002222 01                    9105 	.db 0x01
      002223 02                    9106 	.db 0x02
      002224 03                    9107 	.db 0x03
      002225 04                    9108 	.db 0x04
      002226 05                    9109 	.db 0x05
      002227 06                    9110 	.db 0x06
      002228 53 45 54 54 49 4E 47  9111 	.ascii "SETTING THE SEGMENT..."
             20 54 48 45 20 53 45
             47 4D 45 4E 54 2E 2E
             2E
      00223E 00                    9112 	.db 0x00
      00223F                       9113 ___str_2:
      00223F 01                    9114 	.db 0x01
      002240 02                    9115 	.db 0x02
      002241 03                    9116 	.db 0x03
      002242 04                    9117 	.db 0x04
      002243 05                    9118 	.db 0x05
      002244 06                    9119 	.db 0x06
      002245 50 4C 41 59 49 4E 47  9120 	.ascii "PLAYING THE VGM..."
             20 54 48 45 20 56 47
             4D 2E 2E 2E
      002257 00                    9121 	.db 0x00
      002258                       9122 ___str_3:
      002258 01                    9123 	.db 0x01
      002259 02                    9124 	.db 0x02
      00225A 03                    9125 	.db 0x03
      00225B 04                    9126 	.db 0x04
      00225C 05                    9127 	.db 0x05
      00225D 06                    9128 	.db 0x06
      00225E 56 47 4D 20 49 4E 56  9129 	.ascii "VGM INVALID!"
             41 4C 49 44 21
      00226A 00                    9130 	.db 0x00
      00226B                       9131 ___str_4:
      00226B 01                    9132 	.db 0x01
      00226C 02                    9133 	.db 0x02
      00226D 03                    9134 	.db 0x03
      00226E 04                    9135 	.db 0x04
      00226F 05                    9136 	.db 0x05
      002270 06                    9137 	.db 0x06
      002271 54 48 45 20 56 47 4D  9138 	.ascii "THE VGM FILE IS VALID!"
             20 46 49 4C 45 20 49
             53 20 56 41 4C 49 44
             21
      002287 00                    9139 	.db 0x00
                                   9140 	.area _CODE
                                   9141 	.area _INITIALIZER
      000000                       9142 __xinit__x:
      000000 64 00                 9143 	.dw #0x0064
      000002                       9144 __xinit__y:
      000002 64 00                 9145 	.dw #0x0064
      000004                       9146 __xinit__dx:
      000004 01 00                 9147 	.dw #0x0001
                                   9148 	.area _CABS (ABS)
