                                      1 ;--------------------------------------------------------
                                      2 ; File Created by SDCC : free open source ANSI-C Compiler
                                      3 ; Version 4.2.0 #13081 (Linux)
                                      4 ;--------------------------------------------------------
                                      5 	.module vdp
                                      6 	.optsdcc -mz80
                                      7 	
                                      8 ;--------------------------------------------------------
                                      9 ; Public variables in this module
                                     10 ;--------------------------------------------------------
                                     11 	.globl _g_VDPInitilized
                                     12 	.globl _g_SpriteColorHigh
                                     13 	.globl _g_SpritePatternHigh
                                     14 	.globl _g_SpriteAtributeHigh
                                     15 	.globl _g_ScreenPatternHigh
                                     16 	.globl _g_ScreenColorHigh
                                     17 	.globl _g_ScreenLayoutHigh
                                     18 	.globl _g_SpriteColorLow
                                     19 	.globl _g_SpritePatternLow
                                     20 	.globl _g_SpriteAttributeLow
                                     21 	.globl _g_ScreenPatternLow
                                     22 	.globl _g_ScreenColorLow
                                     23 	.globl _g_ScreenLayoutLow
                                     24 	.globl _g_VDP_Sprite
                                     25 	.globl _g_VDP_Command
                                     26 	.globl _g_VDP_Data
                                     27 	.globl _g_VDP_REGSAV
                                     28 	.globl _g_SLTSL
                                     29 	.globl _g_GRPACY
                                     30 	.globl _g_GRPACX
                                     31 	.globl _g_LOGOPR
                                     32 	.globl _g_CMASK
                                     33 	.globl _g_CLOC
                                     34 	.globl _g_FNKSTR
                                     35 	.globl _g_ATRBYT
                                     36 	.globl _g_BDRCLR
                                     37 	.globl _g_BAKCLR
                                     38 	.globl _g_FORCLR
                                     39 	.globl _g_CSRX
                                     40 	.globl _g_CSRY
                                     41 	.globl _g_CLIKSW
                                     42 	.globl _g_MLTPAT
                                     43 	.globl _g_MLTATR
                                     44 	.globl _g_MLTCGP
                                     45 	.globl _g_MLTCOL
                                     46 	.globl _g_MLTNAM
                                     47 	.globl _g_GRPPAT
                                     48 	.globl _g_GRPATR
                                     49 	.globl _g_GRPCGP
                                     50 	.globl _g_GRPCOL
                                     51 	.globl _g_GRPNAM
                                     52 	.globl _g_T32PAT
                                     53 	.globl _g_T32ATR
                                     54 	.globl _g_T32CGP
                                     55 	.globl _g_T32COL
                                     56 	.globl _g_T32NAM
                                     57 	.globl _g_TXTPAT
                                     58 	.globl _g_TXTATR
                                     59 	.globl _g_TXTCGP
                                     60 	.globl _g_TXTCOL
                                     61 	.globl _g_TXTNAM
                                     62 	.globl _g_CLMLST
                                     63 	.globl _g_CRTCNT
                                     64 	.globl _g_LINLEN
                                     65 	.globl _g_LINL32
                                     66 	.globl _g_LINL40
                                     67 	.globl _g_CHAR_16
                                     68 	.globl _g_MSXMID
                                     69 	.globl _g_MSXVER
                                     70 	.globl _g_ROMVersion
                                     71 	.globl _g_BASRVN
                                     72 	.globl _g_VDP_DW
                                     73 	.globl _g_VDP_DR
                                     74 	.globl _g_CGTABL
                                     75 	.globl _g_SVFFFD
                                     76 	.globl _g_RG27SAV
                                     77 	.globl _g_RG26SAV
                                     78 	.globl _g_RG25SAV
                                     79 	.globl _g_SVFFF8
                                     80 	.globl _g_MINROM
                                     81 	.globl _g_RG23SAV
                                     82 	.globl _g_RG22SAV
                                     83 	.globl _g_RG21SAV
                                     84 	.globl _g_RG20SAV
                                     85 	.globl _g_RG19SAV
                                     86 	.globl _g_RG18SAV
                                     87 	.globl _g_RG17SAV
                                     88 	.globl _g_RG16SAV
                                     89 	.globl _g_RG15SAV
                                     90 	.globl _g_RG14SAV
                                     91 	.globl _g_RG13SAV
                                     92 	.globl _g_RG12SAV
                                     93 	.globl _g_RG11SAV
                                     94 	.globl _g_RG10SAV
                                     95 	.globl _g_RG09SAV
                                     96 	.globl _g_RG08SAV
                                     97 	.globl _g_PROCNM
                                     98 	.globl _g_SLTWRK
                                     99 	.globl _g_SLTATR
                                    100 	.globl _g_SLTTBL
                                    101 	.globl _g_EXPTBL
                                    102 	.globl _g_MNROM
                                    103 	.globl _g_DRWANG
                                    104 	.globl _g_DRWSCL
                                    105 	.globl _g_DRWFLG
                                    106 	.globl _g_GYPOS
                                    107 	.globl _g_GXPOS
                                    108 	.globl _g_BRDATR
                                    109 	.globl _g_CASPRV
                                    110 	.globl _g_OLDSCR
                                    111 	.globl _g_SCRMOD
                                    112 	.globl _g_FLBMEM
                                    113 	.globl _g_KANAMD
                                    114 	.globl _g_KANAST
                                    115 	.globl _g_CAPST
                                    116 	.globl _g_CSTYLE
                                    117 	.globl _g_CSRSW
                                    118 	.globl _g_INSFLG
                                    119 	.globl _g_ESCCNT
                                    120 	.globl _g_GRPHED
                                    121 	.globl _g_WINWID
                                    122 	.globl _g_LOWLIM
                                    123 	.globl _g_INTCNT
                                    124 	.globl _g_INTVAL
                                    125 	.globl _g_JIFFY
                                    126 	.globl _g_PADX
                                    127 	.globl _g_PADY
                                    128 	.globl _g_INTFLG
                                    129 	.globl _g_RTYCNT
                                    130 	.globl _g_TRPTBL
                                    131 	.globl _g_HIMEM
                                    132 	.globl _g_BOTTOM
                                    133 	.globl _g_PATWRK
                                    134 	.globl _g_LINWRK
                                    135 	.globl _g_KEYBUF
                                    136 	.globl _g_NEWKEY
                                    137 	.globl _g_OLDKEY
                                    138 	.globl _g_CLIKFL
                                    139 	.globl _g_ONGSBF
                                    140 	.globl _g_FNKFLG
                                    141 	.globl _g_FNKSWI
                                    142 	.globl _g_CODSAV
                                    143 	.globl _g_FSTPOS
                                    144 	.globl _g_LINTTB
                                    145 	.globl _g_BASROM
                                    146 	.globl _g_ENSTOP
                                    147 	.globl _g_VCBC
                                    148 	.globl _g_VCBB
                                    149 	.globl _g_VCBA
                                    150 	.globl _g_PLYCNT
                                    151 	.globl _g_MUSICF
                                    152 	.globl _g_QUEUEN
                                    153 	.globl _g_MCLPTR
                                    154 	.globl _g_MCLLEN
                                    155 	.globl _g_SAVVOL
                                    156 	.globl _g_VOICEN
                                    157 	.globl _g_SAVSP
                                    158 	.globl _g_PRSCNT
                                    159 	.globl _g_LSTMOD
                                    160 	.globl _g_LSTCOM
                                    161 	.globl _g_COMMSK
                                    162 	.globl _g_ESTBLS
                                    163 	.globl _g_FLAGS
                                    164 	.globl _g_ERRORS
                                    165 	.globl _g_DATCNT
                                    166 	.globl _g_DEVNUM
                                    167 	.globl _g_OLDINT
                                    168 	.globl _g_OLDSTT
                                    169 	.globl _g_MEXBIh
                                    170 	.globl _g_RSIQLN
                                    171 	.globl _g_RSFCB
                                    172 	.globl _g_TOCNT
                                    173 	.globl _g_RSTMP
                                    174 	.globl _g_YSAVE
                                    175 	.globl _g_XSAVE
                                    176 	.globl _g_NORUSE
                                    177 	.globl _g_MODE
                                    178 	.globl _g_ROMA
                                    179 	.globl _g_CHRCNT
                                    180 	.globl _g_EXBRSA
                                    181 	.globl _g_AVCSAV
                                    182 	.globl _g_ACPAGE
                                    183 	.globl _g_DPPAGE
                                    184 	.globl _g_RS2IQ
                                    185 	.globl _g_VOICCQ
                                    186 	.globl _g_VOICBQ
                                    187 	.globl _g_VOICAQ
                                    188 	.globl _g_QUEBAK
                                    189 	.globl _g_QUETAB
                                    190 	.globl _g_ASPCT2
                                    191 	.globl _g_ASPCT1
                                    192 	.globl _g_HEADER
                                    193 	.globl _g_HIGH
                                    194 	.globl _g_LOW
                                    195 	.globl _g_CS240
                                    196 	.globl _g_CS120
                                    197 	.globl _g_GETPNT
                                    198 	.globl _g_PUTPNT
                                    199 	.globl _g_REPCNT
                                    200 	.globl _g_SCNCNT
                                    201 	.globl _g_FRCNEW
                                    202 	.globl _g_QUEUES
                                    203 	.globl _g_MINUPD
                                    204 	.globl _g_MAXUPD
                                    205 	.globl _g_TRGFLG
                                    206 	.globl _g_STATFL
                                    207 	.globl _g_RG7SAV
                                    208 	.globl _g_RG6SAV
                                    209 	.globl _g_RG5SAV
                                    210 	.globl _g_RG4SAV
                                    211 	.globl _g_RG3SAV
                                    212 	.globl _g_RG2SAV
                                    213 	.globl _g_RG1SAV
                                    214 	.globl _g_RG0SAV
                                    215 	.globl _g_CNSDFG
                                    216 	.globl _g_USRTAB
                                    217 	.globl _g_CLPRIM
                                    218 	.globl _g_WRPRIM
                                    219 	.globl _g_RDPRIM
                                    220 	.globl _VDP_SetModeFlag
                                    221 	.globl _VDP_SetModeText1
                                    222 	.globl _VDP_SetModeMultiColor
                                    223 	.globl _VDP_SetModeGraphic1
                                    224 	.globl _VDP_SetModeGraphic2
                                    225 	.globl _VDP_ClearVRAM
                                    226 	.globl _VDP_WriteVRAM_16K
                                    227 	.globl _VDP_FillVRAM_16K
                                    228 	.globl _VDP_ReadVRAM_16K
                                    229 	.globl _VDP_Peek_16K
                                    230 	.globl _VDP_Poke_16K
                                    231 	.globl _VDP_SetModeText2
                                    232 	.globl _VDP_SetModeGraphic3
                                    233 	.globl _VDP_SetModeGraphic4
                                    234 	.globl _VDP_SetModeGraphic5
                                    235 	.globl _VDP_SetModeGraphic6
                                    236 	.globl _VDP_SetModeGraphic7
                                    237 	.globl _VDP_ReadStatus
                                    238 	.globl _VDP_SetAdjustOffset
                                    239 	.globl _VDP_SetPalette
                                    240 	.globl _VDP_SetPaletteEntry
                                    241 	.globl _VDP_WriteVRAM_128K
                                    242 	.globl _VDP_FillVRAM_128K
                                    243 	.globl _VDP_ReadVRAM_128K
                                    244 	.globl _VDP_Poke_128K
                                    245 	.globl _VDP_Peek_128K
                                    246 	.globl _VDP_CommandWait
                                    247 	.globl _VPD_CommandSetupR32
                                    248 	.globl _VPD_CommandSetupR36
                                    249 	.globl _VPD_CommandWriteLoop
                                    250 	.globl _VDP_SetHorizontalOffset
                                    251 	.globl _VDP_Initialize
                                    252 	.globl _VDP_SetMode
                                    253 	.globl _VDP_GetVersion
                                    254 	.globl _VDP_RegWrite
                                    255 	.globl _VDP_RegWriteBak
                                    256 	.globl _VDP_RegWriteBakMask
                                    257 	.globl _VDP_ReadDefaultStatus
                                    258 	.globl _VDP_SetPage
                                    259 	.globl _VDP_SetLayoutTable
                                    260 	.globl _VDP_SetColorTable
                                    261 	.globl _VDP_SetPatternTable
                                    262 	.globl _VDP_SetSpriteAttributeTable
                                    263 	.globl _VDP_SetSpritePatternTable
                                    264 	.globl _VDP_LoadSpritePattern
                                    265 	.globl _VDP_SetSpriteSM1
                                    266 	.globl _VDP_SetSprite
                                    267 	.globl _VDP_SetSpriteExMultiColor
                                    268 	.globl _VDP_SetSpriteExUniColor
                                    269 	.globl _VDP_SetSpritePosition
                                    270 	.globl _VDP_SetSpritePositionX
                                    271 	.globl _VDP_SetSpritePositionY
                                    272 	.globl _VDP_SetSpritePattern
                                    273 	.globl _VDP_SetSpriteColorSM1
                                    274 	.globl _VDP_SetSpriteUniColor
                                    275 	.globl _VDP_SetSpriteMultiColor
                                    276 	.globl _VDP_SetSpriteData
                                    277 	.globl _VDP_DisableSpritesFrom
                                    278 	.globl _VDP_SetBlinkTile
                                    279 	.globl _VDP_LoadPattern_GM2
                                    280 	.globl _VDP_LoadColor_GM2
                                    281 	.globl _VDP_WriteLayout_GM2
                                    282 	.globl _VDP_FillLayout_GM2
                                    283 ;--------------------------------------------------------
                                    284 ; special function registers
                                    285 ;--------------------------------------------------------
                           0000A8   286 _g_PortPrimarySlot	=	0x00a8
                           0000A9   287 _g_PortReadKeyboard	=	0x00a9
                           0000AA   288 _g_PortAccessKeyboard	=	0x00aa
                           0000AB   289 _g_PortControl	=	0x00ab
                           000098   290 _g_VDP_DataPort	=	0x0098
                           000099   291 _g_VDP_RegPort	=	0x0099
                           000099   292 _g_VDP_AddrPort	=	0x0099
                           000099   293 _g_VDP_StatPort	=	0x0099
                           00009A   294 _g_VDP_PalPort	=	0x009a
                           00009B   295 _g_VDP_IRegPort	=	0x009b
                           0000A0   296 _g_PSG_RegPort	=	0x00a0
                           0000A1   297 _g_PSG_DataPort	=	0x00a1
                           0000A2   298 _g_PSG_StatPort	=	0x00a2
                           000010   299 _g_PSG_Ext_RegPort	=	0x0010
                           000011   300 _g_PSG_Ext_DataPort	=	0x0011
                           000012   301 _g_PSG_Ext_StatPort	=	0x0012
                           00007C   302 _g_MSXMusic_IndexPort	=	0x007c
                           00007D   303 _g_MSXMusic_DataPort	=	0x007d
                           0000C0   304 _g_MSXAudio_IndexPort	=	0x00c0
                           0000C1   305 _g_MSXAudio_DataPort	=	0x00c1
                           0000C2   306 _g_MSXAudio_IndexPort2	=	0x00c2
                           0000C3   307 _g_MSXAudio_DataPort2	=	0x00c3
                           0000B4   308 _g_RTC_AddrPort	=	0x00b4
                           0000B5   309 _g_RTC_DataPort	=	0x00b5
                                    310 ;--------------------------------------------------------
                                    311 ; ram data
                                    312 ;--------------------------------------------------------
                                    313 	.area _DATA
                           00F3AE   314 _g_LINL40	=	0xf3ae
                           00F3AF   315 _g_LINL32	=	0xf3af
                           00F3B0   316 _g_LINLEN	=	0xf3b0
                           00F3B1   317 _g_CRTCNT	=	0xf3b1
                           00F3B2   318 _g_CLMLST	=	0xf3b2
                           00F3B3   319 _g_TXTNAM	=	0xf3b3
                           00F3B5   320 _g_TXTCOL	=	0xf3b5
                           00F3B7   321 _g_TXTCGP	=	0xf3b7
                           00F3B9   322 _g_TXTATR	=	0xf3b9
                           00F3BB   323 _g_TXTPAT	=	0xf3bb
                           00F3BD   324 _g_T32NAM	=	0xf3bd
                           00F3BF   325 _g_T32COL	=	0xf3bf
                           00F3C1   326 _g_T32CGP	=	0xf3c1
                           00F3C3   327 _g_T32ATR	=	0xf3c3
                           00F3C5   328 _g_T32PAT	=	0xf3c5
                           00F3C7   329 _g_GRPNAM	=	0xf3c7
                           00F3C9   330 _g_GRPCOL	=	0xf3c9
                           00F3CB   331 _g_GRPCGP	=	0xf3cb
                           00F3CD   332 _g_GRPATR	=	0xf3cd
                           00F3CF   333 _g_GRPPAT	=	0xf3cf
                           00F3D1   334 _g_MLTNAM	=	0xf3d1
                           00F3D3   335 _g_MLTCOL	=	0xf3d3
                           00F3D5   336 _g_MLTCGP	=	0xf3d5
                           00F3D7   337 _g_MLTATR	=	0xf3d7
                           00F3D9   338 _g_MLTPAT	=	0xf3d9
                           00F3DB   339 _g_CLIKSW	=	0xf3db
                           00F3DC   340 _g_CSRY	=	0xf3dc
                           00F3DD   341 _g_CSRX	=	0xf3dd
                           00F3E9   342 _g_FORCLR	=	0xf3e9
                           00F3EA   343 _g_BAKCLR	=	0xf3ea
                           00F3EB   344 _g_BDRCLR	=	0xf3eb
                           00F3F2   345 _g_ATRBYT	=	0xf3f2
                           00F87F   346 _g_FNKSTR	=	0xf87f
                           00F92A   347 _g_CLOC	=	0xf92a
                           00F92C   348 _g_CMASK	=	0xf92c
                           00FB02   349 _g_LOGOPR	=	0xfb02
                           00FCB7   350 _g_GRPACX	=	0xfcb7
                           00FCB9   351 _g_GRPACY	=	0xfcb9
                           00FFFF   352 _g_SLTSL	=	0xffff
      000000                        353 _g_VDP_REGSAV::
      000000                        354 	.ds 28
      00001C                        355 _g_VDP_Data::
      00001C                        356 	.ds 2
      00001E                        357 _g_VDP_Command::
      00001E                        358 	.ds 15
      00002D                        359 _g_VDP_Sprite::
      00002D                        360 	.ds 4
      000031                        361 _g_ScreenLayoutLow::
      000031                        362 	.ds 2
      000033                        363 _g_ScreenColorLow::
      000033                        364 	.ds 2
      000035                        365 _g_ScreenPatternLow::
      000035                        366 	.ds 2
      000037                        367 _g_SpriteAttributeLow::
      000037                        368 	.ds 2
      000039                        369 _g_SpritePatternLow::
      000039                        370 	.ds 2
      00003B                        371 _g_SpriteColorLow::
      00003B                        372 	.ds 2
      00003D                        373 _g_ScreenLayoutHigh::
      00003D                        374 	.ds 1
      00003E                        375 _g_ScreenColorHigh::
      00003E                        376 	.ds 1
      00003F                        377 _g_ScreenPatternHigh::
      00003F                        378 	.ds 1
      000040                        379 _g_SpriteAtributeHigh::
      000040                        380 	.ds 1
      000041                        381 _g_SpritePatternHigh::
      000041                        382 	.ds 1
      000042                        383 _g_SpriteColorHigh::
      000042                        384 	.ds 1
                                    385 ;--------------------------------------------------------
                                    386 ; ram data
                                    387 ;--------------------------------------------------------
                                    388 	.area _INITIALIZED
      000000                        389 _g_VDPInitilized::
      000000                        390 	.ds 1
                                    391 ;--------------------------------------------------------
                                    392 ; absolute external ram data
                                    393 ;--------------------------------------------------------
                                    394 	.area _DABS (ABS)
                                    395 ;--------------------------------------------------------
                                    396 ; global & static initialisations
                                    397 ;--------------------------------------------------------
                                    398 	.area _HOME
                                    399 	.area _GSINIT
                                    400 	.area _GSFINAL
                                    401 	.area _GSINIT
                                    402 ;--------------------------------------------------------
                                    403 ; Home
                                    404 ;--------------------------------------------------------
                                    405 	.area _HOME
                                    406 	.area _HOME
                                    407 ;--------------------------------------------------------
                                    408 ; code
                                    409 ;--------------------------------------------------------
                                    410 	.area _CODE
                                    411 ;/home/bruno/dev/MSXgl/engine/src/vdp.c:165: void VDP_SetModeFlag(u8 flag)
                                    412 ;	---------------------------------
                                    413 ; Function VDP_SetModeFlag
                                    414 ; ---------------------------------
      000000                        415 _VDP_SetModeFlag::
      000000 5F               [ 4]  416 	ld	e, a
                                    417 ;/home/bruno/dev/MSXgl/engine/src/vdp.c:168: u8 reg1 = g_VDP_REGSAV[1];
      000001 3Ar01r00         [13]  418 	ld	a, (#_g_VDP_REGSAV + 1)
                                    419 ;/home/bruno/dev/MSXgl/engine/src/vdp.c:169: reg1 &= 0b11100111;
      000004 E6 E7            [ 7]  420 	and	a, #0xe7
      000006 6F               [ 4]  421 	ld	l, a
                                    422 ;	spillPairReg hl
                                    423 ;	spillPairReg hl
                                    424 ;/home/bruno/dev/MSXgl/engine/src/vdp.c:170: if(flag & 0b00001)
      000007 CB 43            [ 8]  425 	bit	0, e
      000009 28 02            [12]  426 	jr	Z, 00102$
                                    427 ;/home/bruno/dev/MSXgl/engine/src/vdp.c:171: reg1 |= 0b00010000;
      00000B CB E5            [ 8]  428 	set	4, l
      00000D                        429 00102$:
                                    430 ;/home/bruno/dev/MSXgl/engine/src/vdp.c:172: if(flag & 0b00010)
      00000D CB 4B            [ 8]  431 	bit	1, e
      00000F 28 02            [12]  432 	jr	Z, 00104$
                                    433 ;/home/bruno/dev/MSXgl/engine/src/vdp.c:173: reg1 |= 0b00001000;
      000011 CB DD            [ 8]  434 	set	3, l
      000013                        435 00104$:
                                    436 ;/home/bruno/dev/MSXgl/engine/src/vdp.c:174: VDP_RegWriteBak(1, reg1);
      000013 3E 01            [ 7]  437 	ld	a, #0x01
      000015 CDr8Br06         [17]  438 	call	_VDP_RegWriteBak
                                    439 ;/home/bruno/dev/MSXgl/engine/src/vdp.c:177: u8 reg0 = g_VDP_REGSAV[0];
      000018 3Ar00r00         [13]  440 	ld	a, (#_g_VDP_REGSAV + 0)
                                    441 ;/home/bruno/dev/MSXgl/engine/src/vdp.c:178: reg0 &= 0b11110001;
      00001B E6 F1            [ 7]  442 	and	a, #0xf1
      00001D 4F               [ 4]  443 	ld	c, a
                                    444 ;/home/bruno/dev/MSXgl/engine/src/vdp.c:179: flag >>= 1;
      00001E 7B               [ 4]  445 	ld	a, e
      00001F CB 3F            [ 8]  446 	srl	a
                                    447 ;/home/bruno/dev/MSXgl/engine/src/vdp.c:180: flag &= 0b00001110;
      000021 E6 0E            [ 7]  448 	and	a, #0x0e
                                    449 ;/home/bruno/dev/MSXgl/engine/src/vdp.c:181: reg0 |= flag;
      000023 B1               [ 4]  450 	or	a, c
      000024 6F               [ 4]  451 	ld	l, a
                                    452 ;	spillPairReg hl
                                    453 ;	spillPairReg hl
                                    454 ;/home/bruno/dev/MSXgl/engine/src/vdp.c:182: VDP_RegWriteBak(0, reg0);
      000025 AF               [ 4]  455 	xor	a, a
                                    456 ;/home/bruno/dev/MSXgl/engine/src/vdp.c:183: }
      000026 C3r8Br06         [10]  457 	jp	_VDP_RegWriteBak
                           00F380   458 _g_RDPRIM	=	0xf380
                           00F385   459 _g_WRPRIM	=	0xf385
                           00F38C   460 _g_CLPRIM	=	0xf38c
                           00F39A   461 _g_USRTAB	=	0xf39a
                           00F3DE   462 _g_CNSDFG	=	0xf3de
                           00F3DF   463 _g_RG0SAV	=	0xf3df
                           00F3E0   464 _g_RG1SAV	=	0xf3e0
                           00F3E1   465 _g_RG2SAV	=	0xf3e1
                           00F3E2   466 _g_RG3SAV	=	0xf3e2
                           00F3E3   467 _g_RG4SAV	=	0xf3e3
                           00F3E4   468 _g_RG5SAV	=	0xf3e4
                           00F3E5   469 _g_RG6SAV	=	0xf3e5
                           00F3E6   470 _g_RG7SAV	=	0xf3e6
                           00F3E7   471 _g_STATFL	=	0xf3e7
                           00F3E8   472 _g_TRGFLG	=	0xf3e8
                           00F3EC   473 _g_MAXUPD	=	0xf3ec
                           00F3EF   474 _g_MINUPD	=	0xf3ef
                           00F3F3   475 _g_QUEUES	=	0xf3f3
                           00F3F5   476 _g_FRCNEW	=	0xf3f5
                           00F3F6   477 _g_SCNCNT	=	0xf3f6
                           00F3F7   478 _g_REPCNT	=	0xf3f7
                           00F3F8   479 _g_PUTPNT	=	0xf3f8
                           00F3FA   480 _g_GETPNT	=	0xf3fa
                           00F3FC   481 _g_CS120	=	0xf3fc
                           00F401   482 _g_CS240	=	0xf401
                           00F406   483 _g_LOW	=	0xf406
                           00F408   484 _g_HIGH	=	0xf408
                           00F40A   485 _g_HEADER	=	0xf40a
                           00F40B   486 _g_ASPCT1	=	0xf40b
                           00F40D   487 _g_ASPCT2	=	0xf40d
                           00F959   488 _g_QUETAB	=	0xf959
                           00F971   489 _g_QUEBAK	=	0xf971
                           00F975   490 _g_VOICAQ	=	0xf975
                           00F9F5   491 _g_VOICBQ	=	0xf9f5
                           00FA75   492 _g_VOICCQ	=	0xfa75
                           00FAF5   493 _g_RS2IQ	=	0xfaf5
                           00FAF5   494 _g_DPPAGE	=	0xfaf5
                           00FAF6   495 _g_ACPAGE	=	0xfaf6
                           00FAF7   496 _g_AVCSAV	=	0xfaf7
                           00FAF8   497 _g_EXBRSA	=	0xfaf8
                           00FAF9   498 _g_CHRCNT	=	0xfaf9
                           00FAFA   499 _g_ROMA	=	0xfafa
                           00FAFC   500 _g_MODE	=	0xfafc
                           00FAFD   501 _g_NORUSE	=	0xfafd
                           00FAFE   502 _g_XSAVE	=	0xfafe
                           00FB00   503 _g_YSAVE	=	0xfb00
                           00FB03   504 _g_RSTMP	=	0xfb03
                           00FB03   505 _g_TOCNT	=	0xfb03
                           00FB04   506 _g_RSFCB	=	0xfb04
                           00FB06   507 _g_RSIQLN	=	0xfb06
                           00FB07   508 _g_MEXBIh	=	0xfb07
                           00FB0C   509 _g_OLDSTT	=	0xfb0c
                           00FB0C   510 _g_OLDINT	=	0xfb0c
                           00FB16   511 _g_DEVNUM	=	0xfb16
                           00FB17   512 _g_DATCNT	=	0xfb17
                           00FB1A   513 _g_ERRORS	=	0xfb1a
                           00FB1B   514 _g_FLAGS	=	0xfb1b
                           00FB1C   515 _g_ESTBLS	=	0xfb1c
                           00FB1D   516 _g_COMMSK	=	0xfb1d
                           00FB1E   517 _g_LSTCOM	=	0xfb1e
                           00FB1F   518 _g_LSTMOD	=	0xfb1f
                           00FB35   519 _g_PRSCNT	=	0xfb35
                           00FB36   520 _g_SAVSP	=	0xfb36
                           00FB38   521 _g_VOICEN	=	0xfb38
                           00FB39   522 _g_SAVVOL	=	0xfb39
                           00FB3B   523 _g_MCLLEN	=	0xfb3b
                           00FB3C   524 _g_MCLPTR	=	0xfb3c
                           00FB3E   525 _g_QUEUEN	=	0xfb3e
                           00FB3F   526 _g_MUSICF	=	0xfb3f
                           00FB40   527 _g_PLYCNT	=	0xfb40
                           00FB41   528 _g_VCBA	=	0xfb41
                           00FB66   529 _g_VCBB	=	0xfb66
                           00FB8B   530 _g_VCBC	=	0xfb8b
                           00FBB0   531 _g_ENSTOP	=	0xfbb0
                           00FBB1   532 _g_BASROM	=	0xfbb1
                           00FBB2   533 _g_LINTTB	=	0xfbb2
                           00FBCA   534 _g_FSTPOS	=	0xfbca
                           00FBCC   535 _g_CODSAV	=	0xfbcc
                           00FBCD   536 _g_FNKSWI	=	0xfbcd
                           00FBCE   537 _g_FNKFLG	=	0xfbce
                           00FBD8   538 _g_ONGSBF	=	0xfbd8
                           00FBD9   539 _g_CLIKFL	=	0xfbd9
                           00FBDA   540 _g_OLDKEY	=	0xfbda
                           00FBE5   541 _g_NEWKEY	=	0xfbe5
                           00FBF0   542 _g_KEYBUF	=	0xfbf0
                           00FC18   543 _g_LINWRK	=	0xfc18
                           00FC40   544 _g_PATWRK	=	0xfc40
                           00FC48   545 _g_BOTTOM	=	0xfc48
                           00FC4A   546 _g_HIMEM	=	0xfc4a
                           00FC4C   547 _g_TRPTBL	=	0xfc4c
                           00FC9A   548 _g_RTYCNT	=	0xfc9a
                           00FC9B   549 _g_INTFLG	=	0xfc9b
                           00FC9C   550 _g_PADY	=	0xfc9c
                           00FC9D   551 _g_PADX	=	0xfc9d
                           00FC9E   552 _g_JIFFY	=	0xfc9e
                           00FCA0   553 _g_INTVAL	=	0xfca0
                           00FCA2   554 _g_INTCNT	=	0xfca2
                           00FCA4   555 _g_LOWLIM	=	0xfca4
                           00FCA5   556 _g_WINWID	=	0xfca5
                           00FCA6   557 _g_GRPHED	=	0xfca6
                           00FCA7   558 _g_ESCCNT	=	0xfca7
                           00FCA8   559 _g_INSFLG	=	0xfca8
                           00FCA9   560 _g_CSRSW	=	0xfca9
                           00FCAA   561 _g_CSTYLE	=	0xfcaa
                           00FCAB   562 _g_CAPST	=	0xfcab
                           00FCAC   563 _g_KANAST	=	0xfcac
                           00FCAD   564 _g_KANAMD	=	0xfcad
                           00FCAE   565 _g_FLBMEM	=	0xfcae
                           00FCAF   566 _g_SCRMOD	=	0xfcaf
                           00FCB0   567 _g_OLDSCR	=	0xfcb0
                           00FCB1   568 _g_CASPRV	=	0xfcb1
                           00FCB2   569 _g_BRDATR	=	0xfcb2
                           00FCB3   570 _g_GXPOS	=	0xfcb3
                           00FCB5   571 _g_GYPOS	=	0xfcb5
                           00FCBB   572 _g_DRWFLG	=	0xfcbb
                           00FCBC   573 _g_DRWSCL	=	0xfcbc
                           00FCBD   574 _g_DRWANG	=	0xfcbd
                           00FCC1   575 _g_MNROM	=	0xfcc1
                           00FCC1   576 _g_EXPTBL	=	0xfcc1
                           00FCC5   577 _g_SLTTBL	=	0xfcc5
                           00FCC9   578 _g_SLTATR	=	0xfcc9
                           00FD09   579 _g_SLTWRK	=	0xfd09
                           00FD89   580 _g_PROCNM	=	0xfd89
                           00FFE7   581 _g_RG08SAV	=	0xffe7
                           00FFE8   582 _g_RG09SAV	=	0xffe8
                           00FFE9   583 _g_RG10SAV	=	0xffe9
                           00FFEA   584 _g_RG11SAV	=	0xffea
                           00FFEB   585 _g_RG12SAV	=	0xffeb
                           00FFEC   586 _g_RG13SAV	=	0xffec
                           00FFED   587 _g_RG14SAV	=	0xffed
                           00FFEE   588 _g_RG15SAV	=	0xffee
                           00FFEF   589 _g_RG16SAV	=	0xffef
                           00FFF0   590 _g_RG17SAV	=	0xfff0
                           00FFF1   591 _g_RG18SAV	=	0xfff1
                           00FFF2   592 _g_RG19SAV	=	0xfff2
                           00FFF3   593 _g_RG20SAV	=	0xfff3
                           00FFF4   594 _g_RG21SAV	=	0xfff4
                           00FFF5   595 _g_RG22SAV	=	0xfff5
                           00FFF6   596 _g_RG23SAV	=	0xfff6
                           00FFF7   597 _g_MINROM	=	0xfff7
                           00FFF8   598 _g_SVFFF8	=	0xfff8
                           00FFFA   599 _g_RG25SAV	=	0xfffa
                           00FFFB   600 _g_RG26SAV	=	0xfffb
                           00FFFC   601 _g_RG27SAV	=	0xfffc
                           00FFFD   602 _g_SVFFFD	=	0xfffd
                           000004   603 _g_CGTABL	=	0x0004
                           000006   604 _g_VDP_DR	=	0x0006
                           000007   605 _g_VDP_DW	=	0x0007
                           00002B   606 _g_BASRVN	=	0x002b
                           00002B   607 _g_ROMVersion	=	0x002b
                           00002D   608 _g_MSXVER	=	0x002d
                           00002E   609 _g_MSXMID	=	0x002e
                           000034   610 _g_CHAR_16	=	0x0034
                                    611 ;/home/bruno/dev/MSXgl/engine/src/vdp.c:188: void VDP_SetModeText1()
                                    612 ;	---------------------------------
                                    613 ; Function VDP_SetModeText1
                                    614 ; ---------------------------------
      000029                        615 _VDP_SetModeText1::
                                    616 ;/home/bruno/dev/MSXgl/engine/src/vdp.c:190: VDP_SetModeFlag(VDP_T1_MODE);
      000029 3E 01            [ 7]  617 	ld	a, #0x01
      00002B CDr00r00         [17]  618 	call	_VDP_SetModeFlag
                                    619 ;/home/bruno/dev/MSXgl/engine/src/vdp.c:191: VDP_SetLayoutTable(VDP_T1_ADDR_NT);
      00002E 11 00 00         [10]  620 	ld	de, #0x0000
      000031 21 00 00         [10]  621 	ld	hl, #0x0000
      000034 CDrCEr06         [17]  622 	call	_VDP_SetLayoutTable
                                    623 ;/home/bruno/dev/MSXgl/engine/src/vdp.c:192: VDP_SetPatternTable(VDP_T1_ADDR_PT);
      000037 11 00 08         [10]  624 	ld	de, #0x0800
      00003A 21 00 00         [10]  625 	ld	hl, #0x0000
                                    626 ;/home/bruno/dev/MSXgl/engine/src/vdp.c:193: }
      00003D C3rD6r07         [10]  627 	jp	_VDP_SetPatternTable
                                    628 ;/home/bruno/dev/MSXgl/engine/src/vdp.c:199: void VDP_SetModeMultiColor()
                                    629 ;	---------------------------------
                                    630 ; Function VDP_SetModeMultiColor
                                    631 ; ---------------------------------
      000040                        632 _VDP_SetModeMultiColor::
                                    633 ;/home/bruno/dev/MSXgl/engine/src/vdp.c:201: VDP_SetModeFlag(VDP_MC_MODE);
      000040 3E 02            [ 7]  634 	ld	a, #0x02
      000042 CDr00r00         [17]  635 	call	_VDP_SetModeFlag
                                    636 ;/home/bruno/dev/MSXgl/engine/src/vdp.c:202: VDP_SetLayoutTable(VDP_MC_ADDR_NT);
      000045 11 00 08         [10]  637 	ld	de, #0x0800
      000048 21 00 00         [10]  638 	ld	hl, #0x0000
      00004B CDrCEr06         [17]  639 	call	_VDP_SetLayoutTable
                                    640 ;/home/bruno/dev/MSXgl/engine/src/vdp.c:203: VDP_SetPatternTable(VDP_MC_ADDR_PT);
      00004E 11 00 00         [10]  641 	ld	de, #0x0000
      000051 21 00 00         [10]  642 	ld	hl, #0x0000
      000054 CDrD6r07         [17]  643 	call	_VDP_SetPatternTable
                                    644 ;/home/bruno/dev/MSXgl/engine/src/vdp.c:205: VDP_SetSpriteAttributeTable(VDP_MC_ADDR_SAT);
      000057 11 00 1B         [10]  645 	ld	de, #0x1b00
      00005A 21 00 00         [10]  646 	ld	hl, #0x0000
      00005D CDr36r08         [17]  647 	call	_VDP_SetSpriteAttributeTable
                                    648 ;/home/bruno/dev/MSXgl/engine/src/vdp.c:206: VDP_SetSpritePatternTable(VDP_MC_ADDR_SPT);
      000060 11 00 38         [10]  649 	ld	de, #0x3800
      000063 21 00 00         [10]  650 	ld	hl, #0x0000
                                    651 ;/home/bruno/dev/MSXgl/engine/src/vdp.c:208: }
      000066 C3rE5r08         [10]  652 	jp	_VDP_SetSpritePatternTable
                                    653 ;/home/bruno/dev/MSXgl/engine/src/vdp.c:214: void VDP_SetModeGraphic1()
                                    654 ;	---------------------------------
                                    655 ; Function VDP_SetModeGraphic1
                                    656 ; ---------------------------------
      000069                        657 _VDP_SetModeGraphic1::
                                    658 ;/home/bruno/dev/MSXgl/engine/src/vdp.c:216: VDP_SetModeFlag(VDP_G1_MODE);
      000069 AF               [ 4]  659 	xor	a, a
      00006A CDr00r00         [17]  660 	call	_VDP_SetModeFlag
                                    661 ;/home/bruno/dev/MSXgl/engine/src/vdp.c:217: VDP_SetLayoutTable(VDP_G1_ADDR_NT);
      00006D 11 00 18         [10]  662 	ld	de, #0x1800
      000070 21 00 00         [10]  663 	ld	hl, #0x0000
      000073 CDrCEr06         [17]  664 	call	_VDP_SetLayoutTable
                                    665 ;/home/bruno/dev/MSXgl/engine/src/vdp.c:218: VDP_SetColorTable(VDP_G1_ADDR_CT);
      000076 11 00 20         [10]  666 	ld	de, #0x2000
      000079 21 00 00         [10]  667 	ld	hl, #0x0000
      00007C CDr3Dr07         [17]  668 	call	_VDP_SetColorTable
                                    669 ;/home/bruno/dev/MSXgl/engine/src/vdp.c:219: VDP_SetPatternTable(VDP_G1_ADDR_PT);
      00007F 11 00 00         [10]  670 	ld	de, #0x0000
      000082 21 00 00         [10]  671 	ld	hl, #0x0000
      000085 CDrD6r07         [17]  672 	call	_VDP_SetPatternTable
                                    673 ;/home/bruno/dev/MSXgl/engine/src/vdp.c:221: VDP_SetSpriteAttributeTable(VDP_G1_ADDR_SAT);
      000088 11 00 1B         [10]  674 	ld	de, #0x1b00
      00008B 21 00 00         [10]  675 	ld	hl, #0x0000
      00008E CDr36r08         [17]  676 	call	_VDP_SetSpriteAttributeTable
                                    677 ;/home/bruno/dev/MSXgl/engine/src/vdp.c:222: VDP_SetSpritePatternTable(VDP_G1_ADDR_SPT);
      000091 11 00 38         [10]  678 	ld	de, #0x3800
      000094 21 00 00         [10]  679 	ld	hl, #0x0000
                                    680 ;/home/bruno/dev/MSXgl/engine/src/vdp.c:224: }
      000097 C3rE5r08         [10]  681 	jp	_VDP_SetSpritePatternTable
                                    682 ;/home/bruno/dev/MSXgl/engine/src/vdp.c:230: void VDP_SetModeGraphic2()
                                    683 ;	---------------------------------
                                    684 ; Function VDP_SetModeGraphic2
                                    685 ; ---------------------------------
      00009A                        686 _VDP_SetModeGraphic2::
                                    687 ;/home/bruno/dev/MSXgl/engine/src/vdp.c:232: VDP_SetModeFlag(VDP_G2_MODE);
      00009A 3E 04            [ 7]  688 	ld	a, #0x04
      00009C CDr00r00         [17]  689 	call	_VDP_SetModeFlag
                                    690 ;/home/bruno/dev/MSXgl/engine/src/vdp.c:233: VDP_SetLayoutTable(VDP_G2_ADDR_NT);
      00009F 11 00 18         [10]  691 	ld	de, #0x1800
      0000A2 21 00 00         [10]  692 	ld	hl, #0x0000
      0000A5 CDrCEr06         [17]  693 	call	_VDP_SetLayoutTable
                                    694 ;/home/bruno/dev/MSXgl/engine/src/vdp.c:234: VDP_SetColorTable(VDP_G2_ADDR_CT);
      0000A8 11 00 20         [10]  695 	ld	de, #0x2000
      0000AB 21 00 00         [10]  696 	ld	hl, #0x0000
      0000AE CDr3Dr07         [17]  697 	call	_VDP_SetColorTable
                                    698 ;/home/bruno/dev/MSXgl/engine/src/vdp.c:235: VDP_SetPatternTable(VDP_G2_ADDR_PT);
      0000B1 11 00 00         [10]  699 	ld	de, #0x0000
      0000B4 21 00 00         [10]  700 	ld	hl, #0x0000
      0000B7 CDrD6r07         [17]  701 	call	_VDP_SetPatternTable
                                    702 ;/home/bruno/dev/MSXgl/engine/src/vdp.c:237: VDP_SetSpriteAttributeTable(VDP_G2_ADDR_SAT);
      0000BA 11 00 1B         [10]  703 	ld	de, #0x1b00
      0000BD 21 00 00         [10]  704 	ld	hl, #0x0000
      0000C0 CDr36r08         [17]  705 	call	_VDP_SetSpriteAttributeTable
                                    706 ;/home/bruno/dev/MSXgl/engine/src/vdp.c:238: VDP_SetSpritePatternTable(VDP_G2_ADDR_SPT);
      0000C3 11 00 38         [10]  707 	ld	de, #0x3800
      0000C6 21 00 00         [10]  708 	ld	hl, #0x0000
                                    709 ;/home/bruno/dev/MSXgl/engine/src/vdp.c:240: }
      0000C9 C3rE5r08         [10]  710 	jp	_VDP_SetSpritePatternTable
                                    711 ;/home/bruno/dev/MSXgl/engine/src/vdp.c:251: void VDP_ClearVRAM()
                                    712 ;	---------------------------------
                                    713 ; Function VDP_ClearVRAM
                                    714 ; ---------------------------------
      0000CC                        715 _VDP_ClearVRAM::
                                    716 ;/home/bruno/dev/MSXgl/engine/src/vdp.c:256: VDP_FillVRAM(0, 0x0000, 0, 0x8000); // Clear VRAM by 32 KB step
      0000CC 21 00 80         [10]  717 	ld	hl, #0x8000
      0000CF E5               [11]  718 	push	hl
      0000D0 AF               [ 4]  719 	xor	a, a
      0000D1 F5               [11]  720 	push	af
      0000D2 33               [ 6]  721 	inc	sp
      0000D3 11 00 00         [10]  722 	ld	de, #0x0000
      0000D6 AF               [ 4]  723 	xor	a, a
      0000D7 CDr1Er03         [17]  724 	call	_VDP_FillVRAM_128K
                                    725 ;/home/bruno/dev/MSXgl/engine/src/vdp.c:257: VDP_FillVRAM(0, 0x8000, 0, 0x8000); // Clear VRAM by 32 KB step
      0000DA 21 00 80         [10]  726 	ld	hl, #0x8000
      0000DD E5               [11]  727 	push	hl
      0000DE AF               [ 4]  728 	xor	a, a
      0000DF F5               [11]  729 	push	af
      0000E0 33               [ 6]  730 	inc	sp
      0000E1 11 00 80         [10]  731 	ld	de, #0x8000
      0000E4 AF               [ 4]  732 	xor	a, a
      0000E5 CDr1Er03         [17]  733 	call	_VDP_FillVRAM_128K
                                    734 ;/home/bruno/dev/MSXgl/engine/src/vdp.c:258: VDP_FillVRAM(0, 0x0000, 1, 0x8000); // Clear VRAM by 32 KB step
      0000E8 21 00 80         [10]  735 	ld	hl, #0x8000
      0000EB E5               [11]  736 	push	hl
      0000EC 3E 01            [ 7]  737 	ld	a, #0x01
      0000EE F5               [11]  738 	push	af
      0000EF 33               [ 6]  739 	inc	sp
      0000F0 11 00 00         [10]  740 	ld	de, #0x0000
      0000F3 AF               [ 4]  741 	xor	a, a
      0000F4 CDr1Er03         [17]  742 	call	_VDP_FillVRAM_128K
                                    743 ;/home/bruno/dev/MSXgl/engine/src/vdp.c:259: VDP_FillVRAM(0, 0x8000, 1, 0x8000); // Clear VRAM by 32 KB step
      0000F7 21 00 80         [10]  744 	ld	hl, #0x8000
      0000FA E5               [11]  745 	push	hl
      0000FB 3E 01            [ 7]  746 	ld	a, #0x01
      0000FD F5               [11]  747 	push	af
      0000FE 33               [ 6]  748 	inc	sp
      0000FF 11 00 80         [10]  749 	ld	de, #0x8000
      000102 AF               [ 4]  750 	xor	a, a
      000103 CDr1Er03         [17]  751 	call	_VDP_FillVRAM_128K
                                    752 ;/home/bruno/dev/MSXgl/engine/src/vdp.c:261: }
      000106 C9               [10]  753 	ret
                                    754 ;/home/bruno/dev/MSXgl/engine/src/vdp.c:272: void VDP_WriteVRAM_16K(const u8* src, u16 dest, u16 count)
                                    755 ;	---------------------------------
                                    756 ; Function VDP_WriteVRAM_16K
                                    757 ; ---------------------------------
      000107                        758 _VDP_WriteVRAM_16K::
                                    759 ;/home/bruno/dev/MSXgl/engine/src/vdp.c:341: __endasm;
      000107 AF               [ 4]  760 	xor	a
      000108 D3 99            [11]  761 	out	(0x99), a
      00010A 3E 8E            [ 7]  762 	ld	a, #(0x80 | 14)
      00010C D3 99            [11]  763 	out	(0x99), a
      00010E FD 21 02 00      [14]  764 	ld	iy, #2
      000112 FD 39            [15]  765 	add	iy, sp
      000114 7B               [ 4]  766 	ld	a, e
      000115 F3               [ 4]  767 	di
      000116 D3 99            [11]  768 	out	(0x99), a
      000118 7A               [ 4]  769 	ld	a, d
      000119 E6 3F            [ 7]  770 	and	a, #0x3F
      00011B F6 40            [ 7]  771 	or	a, #0x40
      00011D FB               [ 4]  772 	ei
      00011E D3 99            [11]  773 	out	(0x99), a
      000120 0E 98            [ 7]  774 	ld	c, #0x98
      000122 FD 7E 00         [19]  775 	ld	a, 0(iy)
      000125 FE 00            [ 7]  776 	cp	a, #0
      000127 CAr2Dr01         [10]  777 	jp	z, wrt16_loop_init
      00012A 47               [ 4]  778 	ld	b, a
      00012B ED B3            [21]  779 	otir
      00012D                        780 	 wrt16_loop_init:
      00012D FD 7E 01         [19]  781 	ld	a, 1(iy)
      000130                        782 	 wrt16_loop_start:
      000130 FE 00            [ 7]  783 	cp	a, #0
      000132 CAr3Dr01         [10]  784 	jp	z, wrt16_loop_end
      000135 06 00            [ 7]  785 	ld	b, #0
      000137 ED B3            [21]  786 	otir
      000139 3D               [ 4]  787 	dec	a
      00013A C3r30r01         [10]  788 	jp	wrt16_loop_start
      00013D                        789 	 wrt16_loop_end:
                                    790 ;/home/bruno/dev/MSXgl/engine/src/vdp.c:342: }
      00013D E1               [10]  791 	pop	hl
      00013E F1               [10]  792 	pop	af
      00013F E9               [ 4]  793 	jp	(hl)
                                    794 ;/home/bruno/dev/MSXgl/engine/src/vdp.c:351: void VDP_FillVRAM_16K(u8 value, u16 dest, u16 count) __NAKED // Stack: 4 bytes
                                    795 ;	---------------------------------
                                    796 ; Function VDP_FillVRAM_16K
                                    797 ; ---------------------------------
      000140                        798 _VDP_FillVRAM_16K::
                                    799 ;/home/bruno/dev/MSXgl/engine/src/vdp.c:402: __endasm;
      000140 4F               [ 4]  800 	ld	c, a
      000141 AF               [ 4]  801 	xor	a
      000142 D3 99            [11]  802 	out	(0x99), a
      000144 3E 8E            [ 7]  803 	ld	a, #(0x80 | 14)
      000146 D3 99            [11]  804 	out	(0x99), a
      000148 7B               [ 4]  805 	ld	a, e
      000149 F3               [ 4]  806 	di
      00014A D3 99            [11]  807 	out	(0x99), a
      00014C 7A               [ 4]  808 	ld	a, d
      00014D E6 3F            [ 7]  809 	and	a, #0x3F
      00014F F6 40            [ 7]  810 	or	a, #0x40
      000151 D3 99            [11]  811 	out	(0x99), a
      000153 FD E1            [14]  812 	pop	iy
      000155 D1               [10]  813 	pop	de
      000156 79               [ 4]  814 	ld	a, c
      000157 43               [ 4]  815 	ld	b, e
      000158 1B               [ 6]  816 	dec	de
      000159 14               [ 4]  817 	inc	d
      00015A                        818 	 fll16_loop_start:
      00015A D3 98            [11]  819 	out	(0x98), a
      00015C 10 FC            [13]  820 	djnz	fll16_loop_start
      00015E 15               [ 4]  821 	dec	d
      00015F C2r5Ar01         [10]  822 	jp	nz, fll16_loop_start
      000162                        823 	 fll16_loop_end:
      000162 FB               [ 4]  824 	ei
      000163 FD E9            [ 8]  825 	jp	(iy)
                                    826 ;/home/bruno/dev/MSXgl/engine/src/vdp.c:403: }
                                    827 ;/home/bruno/dev/MSXgl/engine/src/vdp.c:516: void VDP_ReadVRAM_16K(u16 src, u8* dest, u16 count)
                                    828 ;	---------------------------------
                                    829 ; Function VDP_ReadVRAM_16K
                                    830 ; ---------------------------------
      000165                        831 _VDP_ReadVRAM_16K::
                                    832 ;/home/bruno/dev/MSXgl/engine/src/vdp.c:586: __endasm;
      000165 AF               [ 4]  833 	xor	a
      000166 D3 99            [11]  834 	out	(0x99), a
      000168 3E 8E            [ 7]  835 	ld	a, #(0x80 | 14)
      00016A D3 99            [11]  836 	out	(0x99), a
      00016C FD 21 02 00      [14]  837 	ld	iy, #2
      000170 FD 39            [15]  838 	add	iy, sp
      000172 7D               [ 4]  839 	ld	a, l
      000173 F3               [ 4]  840 	di
      000174 D3 99            [11]  841 	out	(0x99), a
      000176 7C               [ 4]  842 	ld	a, h
      000177 E6 3F            [ 7]  843 	and	a, #0x3F
      000179 FB               [ 4]  844 	ei
      00017A D3 99            [11]  845 	out	(0x99), a
      00017C EB               [ 4]  846 	ex	de, hl
      00017D 0E 98            [ 7]  847 	ld	c, #0x98
      00017F FD 7E 00         [19]  848 	ld	a, 0(iy)
      000182 FE 00            [ 7]  849 	cp	a, #0
      000184 CAr8Ar01         [10]  850 	jp	z, rd16_loop_init
      000187 47               [ 4]  851 	ld	b, a
      000188 ED B2            [21]  852 	inir
      00018A                        853 	 rd16_loop_init:
      00018A FD 7E 01         [19]  854 	ld	a, 1(iy)
      00018D                        855 	 rd16_loop_start:
      00018D FE 00            [ 7]  856 	cp	a, #0
      00018F CAr9Ar01         [10]  857 	jp	z, rd16_loop_end
      000192 06 00            [ 7]  858 	ld	b, #0
      000194 ED B2            [21]  859 	inir
      000196 3D               [ 4]  860 	dec	a
      000197 C3r8Dr01         [10]  861 	jp	rd16_loop_start
      00019A                        862 	 rd16_loop_end:
                                    863 ;/home/bruno/dev/MSXgl/engine/src/vdp.c:587: }
      00019A E1               [10]  864 	pop	hl
      00019B F1               [10]  865 	pop	af
      00019C E9               [ 4]  866 	jp	(hl)
                                    867 ;/home/bruno/dev/MSXgl/engine/src/vdp.c:597: u8 VDP_Peek_16K(u16 dest) __PRESERVES(b, c, d, e, iyl, iyh)
                                    868 ;	---------------------------------
                                    869 ; Function VDP_Peek_16K
                                    870 ; ---------------------------------
      00019D                        871 _VDP_Peek_16K::
                                    872 ;/home/bruno/dev/MSXgl/engine/src/vdp.c:632: __endasm;
      00019D AF               [ 4]  873 	xor	a
      00019E D3 99            [11]  874 	out	(0x99), a
      0001A0 3E 8E            [ 7]  875 	ld	a, #(0x80 | 14)
      0001A2 D3 99            [11]  876 	out	(0x99), a
      0001A4 7D               [ 4]  877 	ld	a, l
      0001A5 F3               [ 4]  878 	di
      0001A6 D3 99            [11]  879 	out	(0x99), a
      0001A8 7C               [ 4]  880 	ld	a, h
      0001A9 E6 3F            [ 7]  881 	and	a, #0x3F
      0001AB D3 99            [11]  882 	out	(0x99), a
      0001AD 00               [ 4]  883 	nop
      0001AE FB               [ 4]  884 	ei
      0001AF DB 98            [11]  885 	in	a, (0x98)
                                    886 ;/home/bruno/dev/MSXgl/engine/src/vdp.c:633: }
      0001B1 C9               [10]  887 	ret
                                    888 ;/home/bruno/dev/MSXgl/engine/src/vdp.c:641: void VDP_Poke_16K(u8 val, u16 dest) __PRESERVES(c, h, l, iyl, iyh)
                                    889 ;	---------------------------------
                                    890 ; Function VDP_Poke_16K
                                    891 ; ---------------------------------
      0001B2                        892 _VDP_Poke_16K::
                                    893 ;/home/bruno/dev/MSXgl/engine/src/vdp.c:678: __endasm;
      0001B2 47               [ 4]  894 	ld	b, a
      0001B3 AF               [ 4]  895 	xor	a
      0001B4 D3 99            [11]  896 	out	(0x99), a
      0001B6 3E 8E            [ 7]  897 	ld	a, #(0x80 | 14)
      0001B8 D3 99            [11]  898 	out	(0x99), a
      0001BA 7B               [ 4]  899 	ld	a, e
      0001BB F3               [ 4]  900 	di
      0001BC D3 99            [11]  901 	out	(0x99), a
      0001BE 7A               [ 4]  902 	ld	a, d
      0001BF E6 3F            [ 7]  903 	and	a, #0x3F
      0001C1 F6 40            [ 7]  904 	or	a, #0x40
      0001C3 D3 99            [11]  905 	out	(0x99), a
      0001C5 78               [ 4]  906 	ld	a, b
      0001C6 FB               [ 4]  907 	ei
      0001C7 D3 98            [11]  908 	out	(0x98), a
                                    909 ;/home/bruno/dev/MSXgl/engine/src/vdp.c:679: }
      0001C9 C9               [10]  910 	ret
                                    911 ;/home/bruno/dev/MSXgl/engine/src/vdp.c:777: void VDP_SetModeText2()
                                    912 ;	---------------------------------
                                    913 ; Function VDP_SetModeText2
                                    914 ; ---------------------------------
      0001CA                        915 _VDP_SetModeText2::
                                    916 ;/home/bruno/dev/MSXgl/engine/src/vdp.c:779: VDP_SetModeFlag(VDP_T2_MODE);
      0001CA 3E 09            [ 7]  917 	ld	a, #0x09
      0001CC CDr00r00         [17]  918 	call	_VDP_SetModeFlag
                                    919 ;/home/bruno/dev/MSXgl/engine/src/vdp.c:780: VDP_SetLayoutTable(VDP_T2_ADDR_NT);
      0001CF 11 00 00         [10]  920 	ld	de, #0x0000
      0001D2 21 00 00         [10]  921 	ld	hl, #0x0000
      0001D5 CDrCEr06         [17]  922 	call	_VDP_SetLayoutTable
                                    923 ;/home/bruno/dev/MSXgl/engine/src/vdp.c:781: VDP_SetColorTable(VDP_T2_ADDR_CT);
      0001D8 11 00 3E         [10]  924 	ld	de, #0x3e00
      0001DB 21 00 00         [10]  925 	ld	hl, #0x0000
      0001DE CDr3Dr07         [17]  926 	call	_VDP_SetColorTable
                                    927 ;/home/bruno/dev/MSXgl/engine/src/vdp.c:782: VDP_SetPatternTable(VDP_T2_ADDR_PT);
      0001E1 11 00 10         [10]  928 	ld	de, #0x1000
      0001E4 21 00 00         [10]  929 	ld	hl, #0x0000
                                    930 ;/home/bruno/dev/MSXgl/engine/src/vdp.c:783: }
      0001E7 C3rD6r07         [10]  931 	jp	_VDP_SetPatternTable
                                    932 ;/home/bruno/dev/MSXgl/engine/src/vdp.c:789: void VDP_SetModeGraphic3()
                                    933 ;	---------------------------------
                                    934 ; Function VDP_SetModeGraphic3
                                    935 ; ---------------------------------
      0001EA                        936 _VDP_SetModeGraphic3::
                                    937 ;/home/bruno/dev/MSXgl/engine/src/vdp.c:791: VDP_SetModeFlag(VDP_G3_MODE);
      0001EA 3E 08            [ 7]  938 	ld	a, #0x08
      0001EC CDr00r00         [17]  939 	call	_VDP_SetModeFlag
                                    940 ;/home/bruno/dev/MSXgl/engine/src/vdp.c:792: VDP_SetLayoutTable(VDP_G3_ADDR_NT);
      0001EF 11 00 18         [10]  941 	ld	de, #0x1800
      0001F2 21 00 00         [10]  942 	ld	hl, #0x0000
      0001F5 CDrCEr06         [17]  943 	call	_VDP_SetLayoutTable
                                    944 ;/home/bruno/dev/MSXgl/engine/src/vdp.c:793: VDP_SetColorTable(VDP_G3_ADDR_CT);
      0001F8 11 00 20         [10]  945 	ld	de, #0x2000
      0001FB 21 00 00         [10]  946 	ld	hl, #0x0000
      0001FE CDr3Dr07         [17]  947 	call	_VDP_SetColorTable
                                    948 ;/home/bruno/dev/MSXgl/engine/src/vdp.c:794: VDP_SetPatternTable(VDP_G3_ADDR_PT);
      000201 11 00 00         [10]  949 	ld	de, #0x0000
      000204 21 00 00         [10]  950 	ld	hl, #0x0000
      000207 CDrD6r07         [17]  951 	call	_VDP_SetPatternTable
                                    952 ;/home/bruno/dev/MSXgl/engine/src/vdp.c:796: VDP_SetSpriteAttributeTable(VDP_G3_ADDR_SAT);
      00020A 11 00 1E         [10]  953 	ld	de, #0x1e00
      00020D 21 00 00         [10]  954 	ld	hl, #0x0000
      000210 CDr36r08         [17]  955 	call	_VDP_SetSpriteAttributeTable
                                    956 ;/home/bruno/dev/MSXgl/engine/src/vdp.c:797: VDP_SetSpritePatternTable(VDP_G3_ADDR_SPT);
      000213 11 00 38         [10]  957 	ld	de, #0x3800
      000216 21 00 00         [10]  958 	ld	hl, #0x0000
                                    959 ;/home/bruno/dev/MSXgl/engine/src/vdp.c:799: }
      000219 C3rE5r08         [10]  960 	jp	_VDP_SetSpritePatternTable
                                    961 ;/home/bruno/dev/MSXgl/engine/src/vdp.c:805: void VDP_SetModeGraphic4()
                                    962 ;	---------------------------------
                                    963 ; Function VDP_SetModeGraphic4
                                    964 ; ---------------------------------
      00021C                        965 _VDP_SetModeGraphic4::
                                    966 ;/home/bruno/dev/MSXgl/engine/src/vdp.c:807: VDP_SetModeFlag(VDP_G4_MODE);
      00021C 3E 0C            [ 7]  967 	ld	a, #0x0c
      00021E CDr00r00         [17]  968 	call	_VDP_SetModeFlag
                                    969 ;/home/bruno/dev/MSXgl/engine/src/vdp.c:808: VDP_SetLayoutTable(VDP_G4_ADDR_NT);
      000221 11 00 00         [10]  970 	ld	de, #0x0000
      000224 21 00 00         [10]  971 	ld	hl, #0x0000
      000227 CDrCEr06         [17]  972 	call	_VDP_SetLayoutTable
                                    973 ;/home/bruno/dev/MSXgl/engine/src/vdp.c:810: VDP_SetSpriteAttributeTable(VDP_G4_ADDR_SAT);
      00022A 11 00 76         [10]  974 	ld	de, #0x7600
      00022D 21 00 00         [10]  975 	ld	hl, #0x0000
      000230 CDr36r08         [17]  976 	call	_VDP_SetSpriteAttributeTable
                                    977 ;/home/bruno/dev/MSXgl/engine/src/vdp.c:811: VDP_SetSpritePatternTable(VDP_G4_ADDR_SPT);
      000233 11 00 78         [10]  978 	ld	de, #0x7800
      000236 21 00 00         [10]  979 	ld	hl, #0x0000
                                    980 ;/home/bruno/dev/MSXgl/engine/src/vdp.c:813: }
      000239 C3rE5r08         [10]  981 	jp	_VDP_SetSpritePatternTable
                                    982 ;/home/bruno/dev/MSXgl/engine/src/vdp.c:819: void VDP_SetModeGraphic5()
                                    983 ;	---------------------------------
                                    984 ; Function VDP_SetModeGraphic5
                                    985 ; ---------------------------------
      00023C                        986 _VDP_SetModeGraphic5::
                                    987 ;/home/bruno/dev/MSXgl/engine/src/vdp.c:821: VDP_SetModeFlag(VDP_G5_MODE);
      00023C 3E 10            [ 7]  988 	ld	a, #0x10
      00023E CDr00r00         [17]  989 	call	_VDP_SetModeFlag
                                    990 ;/home/bruno/dev/MSXgl/engine/src/vdp.c:822: VDP_SetLayoutTable(VDP_G5_ADDR_NT);
      000241 11 00 00         [10]  991 	ld	de, #0x0000
      000244 21 00 00         [10]  992 	ld	hl, #0x0000
      000247 CDrCEr06         [17]  993 	call	_VDP_SetLayoutTable
                                    994 ;/home/bruno/dev/MSXgl/engine/src/vdp.c:824: VDP_SetSpriteAttributeTable(VDP_G5_ADDR_SAT);
      00024A 11 00 76         [10]  995 	ld	de, #0x7600
      00024D 21 00 00         [10]  996 	ld	hl, #0x0000
      000250 CDr36r08         [17]  997 	call	_VDP_SetSpriteAttributeTable
                                    998 ;/home/bruno/dev/MSXgl/engine/src/vdp.c:825: VDP_SetSpritePatternTable(VDP_G5_ADDR_SPT);
      000253 11 00 78         [10]  999 	ld	de, #0x7800
      000256 21 00 00         [10] 1000 	ld	hl, #0x0000
                                   1001 ;/home/bruno/dev/MSXgl/engine/src/vdp.c:827: }
      000259 C3rE5r08         [10] 1002 	jp	_VDP_SetSpritePatternTable
                                   1003 ;/home/bruno/dev/MSXgl/engine/src/vdp.c:833: void VDP_SetModeGraphic6()
                                   1004 ;	---------------------------------
                                   1005 ; Function VDP_SetModeGraphic6
                                   1006 ; ---------------------------------
      00025C                       1007 _VDP_SetModeGraphic6::
                                   1008 ;/home/bruno/dev/MSXgl/engine/src/vdp.c:835: VDP_SetModeFlag(VDP_G6_MODE);
      00025C 3E 14            [ 7] 1009 	ld	a, #0x14
      00025E CDr00r00         [17] 1010 	call	_VDP_SetModeFlag
                                   1011 ;/home/bruno/dev/MSXgl/engine/src/vdp.c:836: VDP_SetLayoutTable(VDP_G6_ADDR_NT);
      000261 11 00 00         [10] 1012 	ld	de, #0x0000
      000264 21 00 00         [10] 1013 	ld	hl, #0x0000
      000267 CDrCEr06         [17] 1014 	call	_VDP_SetLayoutTable
                                   1015 ;/home/bruno/dev/MSXgl/engine/src/vdp.c:838: VDP_SetSpriteAttributeTable(VDP_G6_ADDR_SAT);
      00026A 11 00 FA         [10] 1016 	ld	de, #0xfa00
      00026D 21 00 00         [10] 1017 	ld	hl, #0x0000
      000270 CDr36r08         [17] 1018 	call	_VDP_SetSpriteAttributeTable
                                   1019 ;/home/bruno/dev/MSXgl/engine/src/vdp.c:839: VDP_SetSpritePatternTable(VDP_G6_ADDR_SPT);
      000273 11 00 F0         [10] 1020 	ld	de, #0xf000
      000276 21 00 00         [10] 1021 	ld	hl, #0x0000
                                   1022 ;/home/bruno/dev/MSXgl/engine/src/vdp.c:841: }
      000279 C3rE5r08         [10] 1023 	jp	_VDP_SetSpritePatternTable
                                   1024 ;/home/bruno/dev/MSXgl/engine/src/vdp.c:847: void VDP_SetModeGraphic7()
                                   1025 ;	---------------------------------
                                   1026 ; Function VDP_SetModeGraphic7
                                   1027 ; ---------------------------------
      00027C                       1028 _VDP_SetModeGraphic7::
                                   1029 ;/home/bruno/dev/MSXgl/engine/src/vdp.c:849: VDP_SetModeFlag(VDP_G7_MODE);
      00027C 3E 1C            [ 7] 1030 	ld	a, #0x1c
      00027E CDr00r00         [17] 1031 	call	_VDP_SetModeFlag
                                   1032 ;/home/bruno/dev/MSXgl/engine/src/vdp.c:850: VDP_SetLayoutTable(VDP_G7_ADDR_NT);
      000281 11 00 00         [10] 1033 	ld	de, #0x0000
      000284 21 00 00         [10] 1034 	ld	hl, #0x0000
      000287 CDrCEr06         [17] 1035 	call	_VDP_SetLayoutTable
                                   1036 ;/home/bruno/dev/MSXgl/engine/src/vdp.c:852: VDP_SetSpriteAttributeTable(VDP_G7_ADDR_SAT);
      00028A 11 00 FA         [10] 1037 	ld	de, #0xfa00
      00028D 21 00 00         [10] 1038 	ld	hl, #0x0000
      000290 CDr36r08         [17] 1039 	call	_VDP_SetSpriteAttributeTable
                                   1040 ;/home/bruno/dev/MSXgl/engine/src/vdp.c:853: VDP_SetSpritePatternTable(VDP_G7_ADDR_SPT);
      000293 11 00 F0         [10] 1041 	ld	de, #0xf000
      000296 21 00 00         [10] 1042 	ld	hl, #0x0000
                                   1043 ;/home/bruno/dev/MSXgl/engine/src/vdp.c:855: }
      000299 C3rE5r08         [10] 1044 	jp	_VDP_SetSpritePatternTable
                                   1045 ;/home/bruno/dev/MSXgl/engine/src/vdp.c:869: u8 VDP_ReadStatus(u8 stat) __PRESERVES(b, c, d, e, h, iyl, iyh)
                                   1046 ;	---------------------------------
                                   1047 ; Function VDP_ReadStatus
                                   1048 ; ---------------------------------
      00029C                       1049 _VDP_ReadStatus::
                                   1050 ;/home/bruno/dev/MSXgl/engine/src/vdp.c:896: __endasm;
      00029C F3               [ 4] 1051 	di
      00029D D3 99            [11] 1052 	out	(0x99), a
      00029F 3E 8F            [ 7] 1053 	ld	a, #(0x80 | 15)
      0002A1 D3 99            [11] 1054 	out	(0x99), a
      0002A3 DB 99            [11] 1055 	in	a, (0x99)
      0002A5 6F               [ 4] 1056 	ld	l, a
      0002A6 AF               [ 4] 1057 	xor	a
      0002A7 D3 99            [11] 1058 	out	(0x99), a
      0002A9 3E 8F            [ 7] 1059 	ld	a, #(0x80 | 15)
      0002AB FB               [ 4] 1060 	ei
      0002AC D3 99            [11] 1061 	out	(0x99),a
      0002AE 7D               [ 4] 1062 	ld	a, l
                                   1063 ;/home/bruno/dev/MSXgl/engine/src/vdp.c:897: }
      0002AF C9               [10] 1064 	ret
                                   1065 ;/home/bruno/dev/MSXgl/engine/src/vdp.c:901: void VDP_SetAdjustOffset(u8 offset)
                                   1066 ;	---------------------------------
                                   1067 ; Function VDP_SetAdjustOffset
                                   1068 ; ---------------------------------
      0002B0                       1069 _VDP_SetAdjustOffset::
      0002B0 4F               [ 4] 1070 	ld	c, a
                                   1071 ;/home/bruno/dev/MSXgl/engine/src/vdp.c:904: VDP_CommandWait(); // @todo Check if it's really needed. Cf. https://www.msx.org/wiki/VDP_Display_Registers#Control_Register_18
      0002B1 CDrF6r03         [17] 1072 	call	_VDP_CommandWait
                                   1073 ;/home/bruno/dev/MSXgl/engine/src/vdp.c:906: VDP_RegWrite(18, offset);
      0002B4 69               [ 4] 1074 	ld	l, c
                                   1075 ;	spillPairReg hl
                                   1076 ;	spillPairReg hl
      0002B5 3E 12            [ 7] 1077 	ld	a, #0x12
                                   1078 ;/home/bruno/dev/MSXgl/engine/src/vdp.c:907: }
      0002B7 C3r7Fr06         [10] 1079 	jp	_VDP_RegWrite
                                   1080 ;/home/bruno/dev/MSXgl/engine/src/vdp.c:913: void VDP_SetPalette(const u8* pal) __FASTCALL __PRESERVES(d, e, iyl, iyh)
                                   1081 ;	---------------------------------
                                   1082 ; Function VDP_SetPalette
                                   1083 ; ---------------------------------
      0002BA                       1084 _VDP_SetPalette::
                                   1085 ;/home/bruno/dev/MSXgl/engine/src/vdp.c:937: __endasm;
      0002BA 3E 01            [ 7] 1086 	ld	a, #1
      0002BC D3 99            [11] 1087 	out	(0x99), a
      0002BE 3E 90            [ 7] 1088 	ld	a, #(0x80 | 16)
      0002C0 FB               [ 4] 1089 	ei
      0002C1 D3 99            [11] 1090 	out	(0x99), a
      0002C3 0E 9A            [ 7] 1091 	ld	c, #0x9A
      0002C5 06 1E            [ 7] 1092 	ld	b, #30
      0002C7 ED B3            [21] 1093 	otir
                                   1094 ;/home/bruno/dev/MSXgl/engine/src/vdp.c:938: }
      0002C9 C9               [10] 1095 	ret
                                   1096 ;/home/bruno/dev/MSXgl/engine/src/vdp.c:964: void VDP_SetPaletteEntry(u8 index, u16 color)
                                   1097 ;	---------------------------------
                                   1098 ; Function VDP_SetPaletteEntry
                                   1099 ; ---------------------------------
      0002CA                       1100 _VDP_SetPaletteEntry::
                                   1101 ;/home/bruno/dev/MSXgl/engine/src/vdp.c:978: __endasm;
      0002CA F3               [ 4] 1102 	di
      0002CB D3 99            [11] 1103 	out	(_g_VDP_RegPort), a
      0002CD 3E 90            [ 7] 1104 	ld	a, #(0x80 | 16)
      0002CF D3 99            [11] 1105 	out	(_g_VDP_RegPort), a
      0002D1 7B               [ 4] 1106 	ld	a, e
      0002D2 D3 9A            [11] 1107 	out	(_g_VDP_PalPort), a
      0002D4 7A               [ 4] 1108 	ld	a, d
      0002D5 FB               [ 4] 1109 	ei
      0002D6 D3 9A            [11] 1110 	out	(_g_VDP_PalPort), a
                                   1111 ;/home/bruno/dev/MSXgl/engine/src/vdp.c:979: }
      0002D8 C9               [10] 1112 	ret
                                   1113 ;/home/bruno/dev/MSXgl/engine/src/vdp.c:997: void VDP_WriteVRAM_128K(const u8* src, u16 destLow, u8 destHigh, u16 count)
                                   1114 ;	---------------------------------
                                   1115 ; Function VDP_WriteVRAM_128K
                                   1116 ; ---------------------------------
      0002D9                       1117 _VDP_WriteVRAM_128K::
                                   1118 ;/home/bruno/dev/MSXgl/engine/src/vdp.c:1049: __endasm;
      0002D9 FD 21 02 00      [14] 1119 	ld	iy, #2
      0002DD FD 39            [15] 1120 	add	iy, sp
      0002DF FD 7E 00         [19] 1121 	ld	a, 0(iy)
      0002E2 87               [ 4] 1122 	add	a, a
      0002E3 87               [ 4] 1123 	add	a, a
      0002E4 4F               [ 4] 1124 	ld	c, a
      0002E5 7A               [ 4] 1125 	ld	a, d
      0002E6 07               [ 4] 1126 	rlca
      0002E7 07               [ 4] 1127 	rlca
      0002E8 E6 03            [ 7] 1128 	and	a, #0x03
      0002EA 81               [ 4] 1129 	add	a, c
      0002EB F3               [ 4] 1130 	di
      0002EC D3 99            [11] 1131 	out	(0x99), a
      0002EE 3E 8E            [ 7] 1132 	ld	a, #(0x80 | 14)
      0002F0 D3 99            [11] 1133 	out	(0x99), a
      0002F2 7B               [ 4] 1134 	ld	a, e
      0002F3 D3 99            [11] 1135 	out	(0x99), a
      0002F5 7A               [ 4] 1136 	ld	a, d
      0002F6 E6 3F            [ 7] 1137 	and	a, #0x3F
      0002F8 F6 40            [ 7] 1138 	or	a, #0x40
      0002FA FB               [ 4] 1139 	ei
      0002FB D3 99            [11] 1140 	out	(0x99), a
      0002FD 0E 98            [ 7] 1141 	ld	c, #0x98
      0002FF FD 7E 01         [19] 1142 	ld	a, 1(iy)
      000302 FE 00            [ 7] 1143 	cp	a, #0
      000304 CAr0Ar03         [10] 1144 	jp	z, wrt_loop_init
      000307 47               [ 4] 1145 	ld	b, a
      000308 ED B3            [21] 1146 	otir
      00030A                       1147 	 wrt_loop_init:
      00030A FD 7E 02         [19] 1148 	ld	a, 2(iy)
      00030D                       1149 	 wrt_loop_start:
      00030D FE 00            [ 7] 1150 	cp	a, #0
      00030F CAr1Ar03         [10] 1151 	jp	z, wrt_loop_end
      000312 06 00            [ 7] 1152 	ld	b, #0
      000314 ED B3            [21] 1153 	otir
      000316 3D               [ 4] 1154 	dec	a
      000317 C3r0Dr03         [10] 1155 	jp	wrt_loop_start
      00031A                       1156 	 wrt_loop_end:
                                   1157 ;/home/bruno/dev/MSXgl/engine/src/vdp.c:1050: }
      00031A E1               [10] 1158 	pop	hl
      00031B F1               [10] 1159 	pop	af
      00031C 33               [ 6] 1160 	inc	sp
      00031D E9               [ 4] 1161 	jp	(hl)
                                   1162 ;/home/bruno/dev/MSXgl/engine/src/vdp.c:1060: void VDP_FillVRAM_128K(u8 value, u16 destLow, u8 destHigh, u16 count)
                                   1163 ;	---------------------------------
                                   1164 ; Function VDP_FillVRAM_128K
                                   1165 ; ---------------------------------
      00031E                       1166 _VDP_FillVRAM_128K::
                                   1167 ;/home/bruno/dev/MSXgl/engine/src/vdp.c:1108: __endasm;
      00031E 47               [ 4] 1168 	ld	b, a
      00031F FD 21 02 00      [14] 1169 	ld	iy, #2
      000323 FD 39            [15] 1170 	add	iy, sp
      000325 FD 7E 00         [19] 1171 	ld	a, 0(iy)
      000328 87               [ 4] 1172 	add	a, a
      000329 87               [ 4] 1173 	add	a, a
      00032A 4F               [ 4] 1174 	ld	c, a
      00032B 7A               [ 4] 1175 	ld	a, d
      00032C 07               [ 4] 1176 	rlca
      00032D 07               [ 4] 1177 	rlca
      00032E E6 03            [ 7] 1178 	and	a, #0x03
      000330 81               [ 4] 1179 	add	a, c
      000331 F3               [ 4] 1180 	di
      000332 D3 99            [11] 1181 	out	(0x99), a
      000334 3E 8E            [ 7] 1182 	ld	a, #(0x80 | 14)
      000336 D3 99            [11] 1183 	out	(0x99), a
      000338 7B               [ 4] 1184 	ld	a, e
      000339 D3 99            [11] 1185 	out	(0x99), a
      00033B 7A               [ 4] 1186 	ld	a, d
      00033C E6 3F            [ 7] 1187 	and	a, #0x3F
      00033E F6 40            [ 7] 1188 	or	a, #0x40
      000340 FB               [ 4] 1189 	ei
      000341 D3 99            [11] 1190 	out	(0x99), a
      000343 FD 5E 01         [19] 1191 	ld	e, 1(iy)
      000346 FD 56 02         [19] 1192 	ld	d, 2(iy)
      000349 78               [ 4] 1193 	ld	a, b
      00034A 43               [ 4] 1194 	ld	b, e
      00034B 1B               [ 6] 1195 	dec	de
      00034C 14               [ 4] 1196 	inc	d
      00034D                       1197 	 fll_loop_start:
      00034D D3 98            [11] 1198 	out	(0x98), a
      00034F 10 FC            [13] 1199 	djnz	fll_loop_start
      000351 15               [ 4] 1200 	dec	d
      000352 C2r4Dr03         [10] 1201 	jp	nz, fll_loop_start
      000355                       1202 	 fll_loop_end:
                                   1203 ;/home/bruno/dev/MSXgl/engine/src/vdp.c:1109: }
      000355 E1               [10] 1204 	pop	hl
      000356 F1               [10] 1205 	pop	af
      000357 33               [ 6] 1206 	inc	sp
      000358 E9               [ 4] 1207 	jp	(hl)
                                   1208 ;/home/bruno/dev/MSXgl/engine/src/vdp.c:1117: void VDP_ReadVRAM_128K(u16 srcLow, u8 srcHigh, u8* dest, u16 count)
                                   1209 ;	---------------------------------
                                   1210 ; Function VDP_ReadVRAM_128K
                                   1211 ; ---------------------------------
      000359                       1212 _VDP_ReadVRAM_128K::
                                   1213 ;/home/bruno/dev/MSXgl/engine/src/vdp.c:1170: __endasm;
      000359 FD 21 02 00      [14] 1214 	ld	iy, #2
      00035D FD 39            [15] 1215 	add	iy, sp
      00035F FD 7E 00         [19] 1216 	ld	a, 0(iy)
      000362 87               [ 4] 1217 	add	a, a
      000363 87               [ 4] 1218 	add	a, a
      000364 4F               [ 4] 1219 	ld	c, a
      000365 7C               [ 4] 1220 	ld	a, h
      000366 07               [ 4] 1221 	rlca
      000367 07               [ 4] 1222 	rlca
      000368 E6 03            [ 7] 1223 	and	a, #0x03
      00036A 81               [ 4] 1224 	add	a, c
      00036B F3               [ 4] 1225 	di
      00036C D3 99            [11] 1226 	out	(0x99), a
      00036E 3E 8E            [ 7] 1227 	ld	a, #(0x80 | 14)
      000370 D3 99            [11] 1228 	out	(0x99), a
      000372 7D               [ 4] 1229 	ld	a, l
      000373 D3 99            [11] 1230 	out	(0x99), a
      000375 7C               [ 4] 1231 	ld	a, h
      000376 E6 3F            [ 7] 1232 	and	a, #0x3F
      000378 FB               [ 4] 1233 	ei
      000379 D3 99            [11] 1234 	out	(0x99), a
      00037B FD 6E 01         [19] 1235 	ld	l, 1(iy)
      00037E FD 66 02         [19] 1236 	ld	h, 2(iy)
      000381 0E 98            [ 7] 1237 	ld	c, #0x98
      000383 FD 7E 03         [19] 1238 	ld	a, 3(iy)
      000386 FE 00            [ 7] 1239 	cp	a, #0
      000388 CAr8Er03         [10] 1240 	jp	z, rd_loop_init
      00038B 47               [ 4] 1241 	ld	b, a
      00038C ED B2            [21] 1242 	inir
      00038E                       1243 	 rd_loop_init:
      00038E FD 7E 04         [19] 1244 	ld	a, 4(iy)
      000391                       1245 	 rd_loop_start:
      000391 FE 00            [ 7] 1246 	cp	a, #0
      000393 CAr9Er03         [10] 1247 	jp	z, rd_loop_end
      000396 06 00            [ 7] 1248 	ld	b, #0
      000398 ED B2            [21] 1249 	inir
      00039A 3D               [ 4] 1250 	dec	a
      00039B C3r91r03         [10] 1251 	jp	rd_loop_start
      00039E                       1252 	 rd_loop_end:
                                   1253 ;/home/bruno/dev/MSXgl/engine/src/vdp.c:1171: }
      00039E E1               [10] 1254 	pop	hl
      00039F F1               [10] 1255 	pop	af
      0003A0 F1               [10] 1256 	pop	af
      0003A1 33               [ 6] 1257 	inc	sp
      0003A2 E9               [ 4] 1258 	jp	(hl)
                                   1259 ;/home/bruno/dev/MSXgl/engine/src/vdp.c:1180: void VDP_Poke_128K(u8 val, u16 destLow, u8 destHigh)
                                   1260 ;	---------------------------------
                                   1261 ; Function VDP_Poke_128K
                                   1262 ; ---------------------------------
      0003A3                       1263 _VDP_Poke_128K::
                                   1264 ;/home/bruno/dev/MSXgl/engine/src/vdp.c:1222: __endasm;
      0003A3 47               [ 4] 1265 	ld	b, a
      0003A4 FD 21 02 00      [14] 1266 	ld	iy, #2
      0003A8 FD 39            [15] 1267 	add	iy, sp
      0003AA FD 7E 00         [19] 1268 	ld	a, 0(iy)
      0003AD 87               [ 4] 1269 	add	a, a
      0003AE 87               [ 4] 1270 	add	a, a
      0003AF 4F               [ 4] 1271 	ld	c, a
      0003B0 7A               [ 4] 1272 	ld	a, d
      0003B1 07               [ 4] 1273 	rlca
      0003B2 07               [ 4] 1274 	rlca
      0003B3 E6 03            [ 7] 1275 	and	a, #0x03
      0003B5 81               [ 4] 1276 	add	a, c
      0003B6 F3               [ 4] 1277 	di
      0003B7 D3 99            [11] 1278 	out	(0x99), a
      0003B9 3E 8E            [ 7] 1279 	ld	a, #(0x80 | 14)
      0003BB D3 99            [11] 1280 	out	(0x99), a
      0003BD 7B               [ 4] 1281 	ld	a, e
      0003BE D3 99            [11] 1282 	out	(0x99), a
      0003C0 7A               [ 4] 1283 	ld	a, d
      0003C1 E6 3F            [ 7] 1284 	and	a, #0x3F
      0003C3 F6 40            [ 7] 1285 	or	a, #0x40
      0003C5 D3 99            [11] 1286 	out	(0x99), a
      0003C7 78               [ 4] 1287 	ld	a, b
      0003C8 FB               [ 4] 1288 	ei
      0003C9 D3 98            [11] 1289 	out	(0x98), a
                                   1290 ;/home/bruno/dev/MSXgl/engine/src/vdp.c:1223: }
      0003CB E1               [10] 1291 	pop	hl
      0003CC 33               [ 6] 1292 	inc	sp
      0003CD E9               [ 4] 1293 	jp	(hl)
                                   1294 ;/home/bruno/dev/MSXgl/engine/src/vdp.c:1234: u8 VDP_Peek_128K(u16 srcLow, u8 srcHigh)
                                   1295 ;	---------------------------------
                                   1296 ; Function VDP_Peek_128K
                                   1297 ; ---------------------------------
      0003CE                       1298 _VDP_Peek_128K::
                                   1299 ;/home/bruno/dev/MSXgl/engine/src/vdp.c:1276: __endasm;
      0003CE FD 21 02 00      [14] 1300 	ld	iy, #2
      0003D2 FD 39            [15] 1301 	add	iy, sp
      0003D4 FD 7E 00         [19] 1302 	ld	a, 0(iy)
      0003D7 87               [ 4] 1303 	add	a, a
      0003D8 87               [ 4] 1304 	add	a, a
      0003D9 4F               [ 4] 1305 	ld	c, a
      0003DA 7C               [ 4] 1306 	ld	a, h
      0003DB 07               [ 4] 1307 	rlca
      0003DC 07               [ 4] 1308 	rlca
      0003DD E6 03            [ 7] 1309 	and	a, #0x03
      0003DF 81               [ 4] 1310 	add	a, c
      0003E0 F3               [ 4] 1311 	di
      0003E1 D3 99            [11] 1312 	out	(0x99), a
      0003E3 3E 8E            [ 7] 1313 	ld	a, #(0x80 | 14)
      0003E5 D3 99            [11] 1314 	out	(0x99), a
      0003E7 7D               [ 4] 1315 	ld	a, l
      0003E8 D3 99            [11] 1316 	out	(0x99), a
      0003EA 7C               [ 4] 1317 	ld	a, h
      0003EB E6 3F            [ 7] 1318 	and	a, #0x3F
      0003ED D3 99            [11] 1319 	out	(0x99), a
      0003EF 00               [ 4] 1320 	nop
      0003F0 FB               [ 4] 1321 	ei
      0003F1 DB 98            [11] 1322 	in	a, (0x98)
                                   1323 ;/home/bruno/dev/MSXgl/engine/src/vdp.c:1277: }
      0003F3 E1               [10] 1324 	pop	hl
      0003F4 33               [ 6] 1325 	inc	sp
      0003F5 E9               [ 4] 1326 	jp	(hl)
                                   1327 ;/home/bruno/dev/MSXgl/engine/src/vdp.c:1295: void VDP_CommandWait() __PRESERVES(b, c, d, e, h, l, iyl, iyh)
                                   1328 ;	---------------------------------
                                   1329 ; Function VDP_CommandWait
                                   1330 ; ---------------------------------
      0003F6                       1331 _VDP_CommandWait::
                                   1332 ;/home/bruno/dev/MSXgl/engine/src/vdp.c:1326: __endasm;
      0003F6                       1333 	 wait_vdp_ready:
      0003F6 3E 02            [ 7] 1334 	ld	a, #2
      0003F8 F3               [ 4] 1335 	di
      0003F9 D3 99            [11] 1336 	out	(0x99), a
      0003FB 3E 8F            [ 7] 1337 	ld	a, #(0x80 | 15)
      0003FD D3 99            [11] 1338 	out	(0x99), a
      0003FF DB 99            [11] 1339 	in	a, (0x99)
      000401 1F               [ 4] 1340 	rra
      000402 3E 00            [ 7] 1341 	ld	a, #0
      000404 D3 99            [11] 1342 	out	(0x99), a
      000406 3E 8F            [ 7] 1343 	ld	a, #(0x80 | 15)
      000408 FB               [ 4] 1344 	ei
      000409 D3 99            [11] 1345 	out	(0x99), a
      00040B DArF6r03         [10] 1346 	jp	c, wait_vdp_ready
                                   1347 ;/home/bruno/dev/MSXgl/engine/src/vdp.c:1327: }
      00040E C9               [10] 1348 	ret
                                   1349 ;/home/bruno/dev/MSXgl/engine/src/vdp.c:1331: void VPD_CommandSetupR32()
                                   1350 ;	---------------------------------
                                   1351 ; Function VPD_CommandSetupR32
                                   1352 ; ---------------------------------
      00040F                       1353 _VPD_CommandSetupR32::
                                   1354 ;/home/bruno/dev/MSXgl/engine/src/vdp.c:1333: VDP_CommandWait();
      00040F CDrF6r03         [17] 1355 	call	_VDP_CommandWait
                                   1356 ;/home/bruno/dev/MSXgl/engine/src/vdp.c:1334: ASM_REG_WRITE_INC(g_VDP_Command, 32, 15);
      000412 3E 20            [ 7] 1357 	ld a, #(32) 
      000414 F3               [ 4] 1358 	di 
      000415 D3 99            [11] 1359 	out (0x99), a 
      000417 3E 91            [ 7] 1360 	ld a, #((0x80 | 17)) 
      000419 FB               [ 4] 1361 	ei 
      00041A D3 99            [11] 1362 	out (0x99), a 
      00041C 21r1Er00         [10] 1363 	ld hl, #(_g_VDP_Command) 
      00041F 0E 9B            [ 7] 1364 	ld c, #(0x9B) 
      000421 F3               [ 4] 1365 	di 
                                   1366 	.rept 15 -1 
                                   1367 	outi 
                                   1368 	.endm 
      000422 ED A3            [16]    1 	outi 
      000424 ED A3            [16]    1 	outi 
      000426 ED A3            [16]    1 	outi 
      000428 ED A3            [16]    1 	outi 
      00042A ED A3            [16]    1 	outi 
      00042C ED A3            [16]    1 	outi 
      00042E ED A3            [16]    1 	outi 
      000430 ED A3            [16]    1 	outi 
      000432 ED A3            [16]    1 	outi 
      000434 ED A3            [16]    1 	outi 
      000436 ED A3            [16]    1 	outi 
      000438 ED A3            [16]    1 	outi 
      00043A ED A3            [16]    1 	outi 
      00043C ED A3            [16]    1 	outi 
      00043E FB               [ 4] 1369 	ei 
      00043F ED A3            [16] 1370 	outi ; 'ei' included 
                                   1371 ;/home/bruno/dev/MSXgl/engine/src/vdp.c:1335: }
      000441 C9               [10] 1372 	ret
                                   1373 ;/home/bruno/dev/MSXgl/engine/src/vdp.c:1339: void VPD_CommandSetupR36()
                                   1374 ;	---------------------------------
                                   1375 ; Function VPD_CommandSetupR36
                                   1376 ; ---------------------------------
      000442                       1377 _VPD_CommandSetupR36::
                                   1378 ;/home/bruno/dev/MSXgl/engine/src/vdp.c:1341: VDP_CommandWait();
      000442 CDrF6r03         [17] 1379 	call	_VDP_CommandWait
                                   1380 ;/home/bruno/dev/MSXgl/engine/src/vdp.c:1342: ASM_REG_WRITE_INC(g_VDP_Command + 4, 36, 11);
      000445 3E 24            [ 7] 1381 	ld a, #(36) 
      000447 F3               [ 4] 1382 	di 
      000448 D3 99            [11] 1383 	out (0x99), a 
      00044A 3E 91            [ 7] 1384 	ld a, #((0x80 | 17)) 
      00044C FB               [ 4] 1385 	ei 
      00044D D3 99            [11] 1386 	out (0x99), a 
      00044F 21r22r00         [10] 1387 	ld hl, #(_g_VDP_Command + 4) 
      000452 0E 9B            [ 7] 1388 	ld c, #(0x9B) 
      000454 F3               [ 4] 1389 	di 
                                   1390 	.rept 11 -1 
                                   1391 	outi 
                                   1392 	.endm 
      000455 ED A3            [16]    1 	outi 
      000457 ED A3            [16]    1 	outi 
      000459 ED A3            [16]    1 	outi 
      00045B ED A3            [16]    1 	outi 
      00045D ED A3            [16]    1 	outi 
      00045F ED A3            [16]    1 	outi 
      000461 ED A3            [16]    1 	outi 
      000463 ED A3            [16]    1 	outi 
      000465 ED A3            [16]    1 	outi 
      000467 ED A3            [16]    1 	outi 
      000469 FB               [ 4] 1393 	ei 
      00046A ED A3            [16] 1394 	outi ; 'ei' included 
                                   1395 ;/home/bruno/dev/MSXgl/engine/src/vdp.c:1343: }
      00046C C9               [10] 1396 	ret
                                   1397 ;/home/bruno/dev/MSXgl/engine/src/vdp.c:1349: void VPD_CommandWriteLoop(const u8* addr) __FASTCALL __PRESERVES(b, d, e, iyl, iyh)
                                   1398 ;	---------------------------------
                                   1399 ; Function VPD_CommandWriteLoop
                                   1400 ; ---------------------------------
      00046D                       1401 _VPD_CommandWriteLoop::
                                   1402 ;/home/bruno/dev/MSXgl/engine/src/vdp.c:1387: __endasm;
      00046D 3E AC            [ 7] 1403 	ld	a, #(0x80 | 44)
      00046F F3               [ 4] 1404 	di
      000470 D3 99            [11] 1405 	out	(0x99), a
      000472 3E 91            [ 7] 1406 	ld	a, #(0x80 | 17)
      000474 D3 99            [11] 1407 	out	(0x99), a
      000476 3E 02            [ 7] 1408 	ld	a, #2
      000478 D3 99            [11] 1409 	out	(0x99), a
      00047A 3E 8F            [ 7] 1410 	ld	a, #(0x80 | 15)
      00047C D3 99            [11] 1411 	out	(0x99), a
      00047E 23               [ 6] 1412 	inc	hl
      00047F 0E 9B            [ 7] 1413 	ld	c, #0x9B
      000481                       1414 	 write_loop:
      000481 DB 99            [11] 1415 	in	a, (0x99)
      000483 1F               [ 4] 1416 	rra
      000484 D2r8Cr04         [10] 1417 	jp	nc, write_finished
      000487 ED A3            [16] 1418 	outi
      000489 C3r81r04         [10] 1419 	jp	write_loop
      00048C                       1420 	 write_finished:
      00048C AF               [ 4] 1421 	xor	a
      00048D D3 99            [11] 1422 	out	(0x99), a
      00048F 3E 8F            [ 7] 1423 	ld	a, #(0x80 | 15)
      000491 FB               [ 4] 1424 	ei
      000492 D3 99            [11] 1425 	out	(0x99), a
                                   1426 ;/home/bruno/dev/MSXgl/engine/src/vdp.c:1388: }
      000494 C9               [10] 1427 	ret
                                   1428 ;/home/bruno/dev/MSXgl/engine/src/vdp.c:1425: void VDP_SetHorizontalOffset(u16 offset)
                                   1429 ;	---------------------------------
                                   1430 ; Function VDP_SetHorizontalOffset
                                   1431 ; ---------------------------------
      000495                       1432 _VDP_SetHorizontalOffset::
      000495 EB               [ 4] 1433 	ex	de, hl
                                   1434 ;/home/bruno/dev/MSXgl/engine/src/vdp.c:1427: u8 reg = (8 - (offset & 0xFF)) & 0x07;
      000496 4B               [ 4] 1435 	ld	c, e
      000497 3E 08            [ 7] 1436 	ld	a, #0x08
      000499 91               [ 4] 1437 	sub	a, c
      00049A E6 07            [ 7] 1438 	and	a, #0x07
      00049C 6F               [ 4] 1439 	ld	l, a
                                   1440 ;	spillPairReg hl
                                   1441 ;	spillPairReg hl
                                   1442 ;/home/bruno/dev/MSXgl/engine/src/vdp.c:1428: VDP_RegWrite(27, reg);
      00049D 3E 1B            [ 7] 1443 	ld	a, #0x1b
      00049F CDr7Fr06         [17] 1444 	call	_VDP_RegWrite
                                   1445 ;/home/bruno/dev/MSXgl/engine/src/vdp.c:1429: reg = (offset + 7 ) >> 3;
      0004A2 21 07 00         [10] 1446 	ld	hl, #0x0007
      0004A5 19               [11] 1447 	add	hl, de
      0004A6 CB 3C            [ 8] 1448 	srl	h
      0004A8 CB 1D            [ 8] 1449 	rr	l
      0004AA CB 3C            [ 8] 1450 	srl	h
      0004AC CB 1D            [ 8] 1451 	rr	l
      0004AE CB 3C            [ 8] 1452 	srl	h
      0004B0 CB 1D            [ 8] 1453 	rr	l
                                   1454 ;/home/bruno/dev/MSXgl/engine/src/vdp.c:1430: VDP_RegWrite(26, reg);
      0004B2 3E 1A            [ 7] 1455 	ld	a, #0x1a
                                   1456 ;/home/bruno/dev/MSXgl/engine/src/vdp.c:1431: }
      0004B4 C3r7Fr06         [10] 1457 	jp	_VDP_RegWrite
                                   1458 ;/home/bruno/dev/MSXgl/engine/src/vdp.c:1447: void VDP_Initialize()
                                   1459 ;	---------------------------------
                                   1460 ; Function VDP_Initialize
                                   1461 ; ---------------------------------
      0004B7                       1462 _VDP_Initialize::
                                   1463 ;/home/bruno/dev/MSXgl/engine/src/vdp.c:1455: __endasm;
      0004B7 21 DF F3         [10] 1464 	ld	hl, #0xF3DF
      0004BA 11r00r00         [10] 1465 	ld	de, #_g_VDP_REGSAV+0
      0004BD 01 08 00         [10] 1466 	ld	bc, #8
      0004C0 ED B0            [21] 1467 	ldir
                                   1468 ;/home/bruno/dev/MSXgl/engine/src/vdp.c:1464: __endasm;
      0004C2 21 E7 FF         [10] 1469 	ld	hl, #0xFFE7
      0004C5 11r08r00         [10] 1470 	ld	de, #_g_VDP_REGSAV+8
      0004C8 01 10 00         [10] 1471 	ld	bc, #16
      0004CB ED B0            [21] 1472 	ldir
                                   1473 ;/home/bruno/dev/MSXgl/engine/src/vdp.c:1474: __endasm;
      0004CD 21 FA FF         [10] 1474 	ld	hl, #0xFFFA
      0004D0 11r19r00         [10] 1475 	ld	de, #_g_VDP_REGSAV+25
      0004D3 01 03 00         [10] 1476 	ld	bc, #3
      0004D6 ED B0            [21] 1477 	ldir
                                   1478 ;/home/bruno/dev/MSXgl/engine/src/vdp.c:1478: g_VDPInitilized = TRUE;
      0004D8 21r00r00         [10] 1479 	ld	hl, #_g_VDPInitilized
      0004DB 36 01            [10] 1480 	ld	(hl), #0x01
                                   1481 ;/home/bruno/dev/MSXgl/engine/src/vdp.c:1480: }
      0004DD C9               [10] 1482 	ret
                                   1483 ;/home/bruno/dev/MSXgl/engine/src/vdp.c:1488: void VDP_SetMode(const u8 mode)
                                   1484 ;	---------------------------------
                                   1485 ; Function VDP_SetMode
                                   1486 ; ---------------------------------
      0004DE                       1487 _VDP_SetMode::
      0004DE 3B               [ 6] 1488 	dec	sp
      0004DF FD 21 00 00      [14] 1489 	ld	iy, #0
      0004E3 FD 39            [15] 1490 	add	iy, sp
      0004E5 FD 77 00         [19] 1491 	ld	0 (iy), a
                                   1492 ;/home/bruno/dev/MSXgl/engine/src/vdp.c:1491: if(!g_VDPInitilized)
      0004E8 3Ar00r00         [13] 1493 	ld	a, (_g_VDPInitilized+0)
      0004EB B7               [ 4] 1494 	or	a, a
      0004EC 20 03            [12] 1495 	jr	NZ, 00102$
                                   1496 ;/home/bruno/dev/MSXgl/engine/src/vdp.c:1492: VDP_Initialize();
      0004EE CDrB7r04         [17] 1497 	call	_VDP_Initialize
      0004F1                       1498 00102$:
                                   1499 ;/home/bruno/dev/MSXgl/engine/src/vdp.c:1496: VDP_RegWriteBak(25, 0);
      0004F1 2E 00            [ 7] 1500 	ld	l, #0x00
                                   1501 ;	spillPairReg hl
                                   1502 ;	spillPairReg hl
      0004F3 3E 19            [ 7] 1503 	ld	a, #0x19
      0004F5 CDr8Br06         [17] 1504 	call	_VDP_RegWriteBak
                                   1505 ;/home/bruno/dev/MSXgl/engine/src/vdp.c:1499: g_VDP_Data.Mode = mode;
      0004F8 21r1Cr00         [10] 1506 	ld	hl, #_g_VDP_Data
      0004FB FD 21 00 00      [14] 1507 	ld	iy, #0
      0004FF FD 39            [15] 1508 	add	iy, sp
      000501 FD 7E 00         [19] 1509 	ld	a, 0 (iy)
      000504 77               [ 7] 1510 	ld	(hl), a
                                   1511 ;/home/bruno/dev/MSXgl/engine/src/vdp.c:1500: switch(mode)
      000505 3E 14            [ 7] 1512 	ld	a, #0x14
      000507 FD 96 00         [19] 1513 	sub	a, 0 (iy)
      00050A DArC9r05         [10] 1514 	jp	C, 00140$
      00050D FD 4E 00         [19] 1515 	ld	c, 0 (iy)
      000510 06 00            [ 7] 1516 	ld	b, #0x00
      000512 21r19r05         [10] 1517 	ld	hl, #00169$
      000515 09               [11] 1518 	add	hl, bc
      000516 09               [11] 1519 	add	hl, bc
      000517 09               [11] 1520 	add	hl, bc
      000518 E9               [ 4] 1521 	jp	(hl)
      000519                       1522 00169$:
      000519 C3r58r05         [10] 1523 	jp	00103$
      00051C C3r5Er05         [10] 1524 	jp	00104$
      00051F C3r64r05         [10] 1525 	jp	00105$
      000522 C3r6Ar05         [10] 1526 	jp	00106$
      000525 C3r70r05         [10] 1527 	jp	00107$
      000528 C3r76r05         [10] 1528 	jp	00111$
      00052B C3r7Cr05         [10] 1529 	jp	00112$
      00052E C3r82r05         [10] 1530 	jp	00113$
      000531 C3r88r05         [10] 1531 	jp	00114$
      000534 C3r8Er05         [10] 1532 	jp	00115$
      000537 C3rA4r05         [10] 1533 	jp	00117$
      00053A C3r9Er05         [10] 1534 	jp	00116$
      00053D C3rAAr05         [10] 1535 	jp	00119$
      000540 C3rAAr05         [10] 1536 	jp	00119$
      000543 C3rBBr05         [10] 1537 	jp	00120$
      000546 C3rC9r05         [10] 1538 	jp	00140$
      000549 C3rC9r05         [10] 1539 	jp	00140$
      00054C C3rC9r05         [10] 1540 	jp	00140$
      00054F C3r76r05         [10] 1541 	jp	00111$
      000552 C3r76r05         [10] 1542 	jp	00111$
      000555 C3r76r05         [10] 1543 	jp	00111$
                                   1544 ;/home/bruno/dev/MSXgl/engine/src/vdp.c:1507: case VDP_MODE_TEXT1:		VDP_SetModeText1(); break;
      000558                       1545 00103$:
      000558 CDr29r00         [17] 1546 	call	_VDP_SetModeText1
      00055B C3rC9r05         [10] 1547 	jp	00140$
                                   1548 ;/home/bruno/dev/MSXgl/engine/src/vdp.c:1512: case VDP_MODE_MULTICOLOR:	VDP_SetModeMultiColor(); break;
      00055E                       1549 00104$:
      00055E CDr40r00         [17] 1550 	call	_VDP_SetModeMultiColor
      000561 C3rC9r05         [10] 1551 	jp	00140$
                                   1552 ;/home/bruno/dev/MSXgl/engine/src/vdp.c:1517: case VDP_MODE_GRAPHIC1:		VDP_SetModeGraphic1(); break;
      000564                       1553 00105$:
      000564 CDr69r00         [17] 1554 	call	_VDP_SetModeGraphic1
      000567 C3rC9r05         [10] 1555 	jp	00140$
                                   1556 ;/home/bruno/dev/MSXgl/engine/src/vdp.c:1522: case VDP_MODE_GRAPHIC2:		VDP_SetModeGraphic2(); break;
      00056A                       1557 00106$:
      00056A CDr9Ar00         [17] 1558 	call	_VDP_SetModeGraphic2
      00056D C3rC9r05         [10] 1559 	jp	00140$
                                   1560 ;/home/bruno/dev/MSXgl/engine/src/vdp.c:1531: case VDP_MODE_TEXT2:		VDP_SetModeText2(); break;
      000570                       1561 00107$:
      000570 CDrCAr01         [17] 1562 	call	_VDP_SetModeText2
      000573 C3rC9r05         [10] 1563 	jp	00140$
                                   1564 ;/home/bruno/dev/MSXgl/engine/src/vdp.c:1541: case VDP_MODE_GRAPHIC3:		VDP_SetModeGraphic3(); break;
      000576                       1565 00111$:
      000576 CDrEAr01         [17] 1566 	call	_VDP_SetModeGraphic3
      000579 C3rC9r05         [10] 1567 	jp	00140$
                                   1568 ;/home/bruno/dev/MSXgl/engine/src/vdp.c:1547: case VDP_MODE_GRAPHIC4:		VDP_SetModeGraphic4(); break;
      00057C                       1569 00112$:
      00057C CDr1Cr02         [17] 1570 	call	_VDP_SetModeGraphic4
      00057F C3rC9r05         [10] 1571 	jp	00140$
                                   1572 ;/home/bruno/dev/MSXgl/engine/src/vdp.c:1552: case VDP_MODE_GRAPHIC5:		VDP_SetModeGraphic5(); break;
      000582                       1573 00113$:
      000582 CDr3Cr02         [17] 1574 	call	_VDP_SetModeGraphic5
      000585 C3rC9r05         [10] 1575 	jp	00140$
                                   1576 ;/home/bruno/dev/MSXgl/engine/src/vdp.c:1557: case VDP_MODE_GRAPHIC6:		VDP_SetModeGraphic6(); break;
      000588                       1577 00114$:
      000588 CDr5Cr02         [17] 1578 	call	_VDP_SetModeGraphic6
      00058B C3rC9r05         [10] 1579 	jp	00140$
                                   1580 ;/home/bruno/dev/MSXgl/engine/src/vdp.c:1562: case VDP_MODE_GRAPHIC7:		
      00058E                       1581 00115$:
                                   1582 ;/home/bruno/dev/MSXgl/engine/src/vdp.c:1563: VDP_SetModeGraphic7();
      00058E CDr7Cr02         [17] 1583 	call	_VDP_SetModeGraphic7
                                   1584 ;/home/bruno/dev/MSXgl/engine/src/vdp.h:877: inline void VDP_SetYJK(u8 mode) { VDP_RegWriteBakMask(25, (u8)~VDP_YJK_YAE, mode); }
      000591 AF               [ 4] 1585 	xor	a, a
      000592 F5               [11] 1586 	push	af
      000593 33               [ 6] 1587 	inc	sp
      000594 2E E7            [ 7] 1588 	ld	l, #0xe7
                                   1589 ;	spillPairReg hl
                                   1590 ;	spillPairReg hl
      000596 3E 19            [ 7] 1591 	ld	a, #0x19
      000598 CDr9Er06         [17] 1592 	call	_VDP_RegWriteBakMask
                                   1593 ;/home/bruno/dev/MSXgl/engine/src/vdp.c:1567: break;
      00059B C3rC9r05         [10] 1594 	jp	00140$
                                   1595 ;/home/bruno/dev/MSXgl/engine/src/vdp.c:1572: case VDP_MODE_SCREEN9_80:	VDP_SetModeGraphic5();
      00059E                       1596 00116$:
      00059E CDr3Cr02         [17] 1597 	call	_VDP_SetModeGraphic5
                                   1598 ;/home/bruno/dev/MSXgl/engine/src/vdp.c:1574: break;
      0005A1 C3rC9r05         [10] 1599 	jp	00140$
                                   1600 ;/home/bruno/dev/MSXgl/engine/src/vdp.c:1578: case VDP_MODE_SCREEN9_40:	VDP_SetModeGraphic4();
      0005A4                       1601 00117$:
      0005A4 CDr1Cr02         [17] 1602 	call	_VDP_SetModeGraphic4
                                   1603 ;/home/bruno/dev/MSXgl/engine/src/vdp.c:1580: break;
      0005A7 C3rC9r05         [10] 1604 	jp	00140$
                                   1605 ;/home/bruno/dev/MSXgl/engine/src/vdp.c:1589: case VDP_MODE_SCREEN11:
      0005AA                       1606 00119$:
                                   1607 ;/home/bruno/dev/MSXgl/engine/src/vdp.c:1590: VDP_SetModeGraphic7();
      0005AA CDr7Cr02         [17] 1608 	call	_VDP_SetModeGraphic7
                                   1609 ;/home/bruno/dev/MSXgl/engine/src/vdp.h:877: inline void VDP_SetYJK(u8 mode) { VDP_RegWriteBakMask(25, (u8)~VDP_YJK_YAE, mode); }
      0005AD 3E 18            [ 7] 1610 	ld	a, #0x18
      0005AF F5               [11] 1611 	push	af
      0005B0 33               [ 6] 1612 	inc	sp
      0005B1 2E E7            [ 7] 1613 	ld	l, #0xe7
                                   1614 ;	spillPairReg hl
                                   1615 ;	spillPairReg hl
      0005B3 3E 19            [ 7] 1616 	ld	a, #0x19
      0005B5 CDr9Er06         [17] 1617 	call	_VDP_RegWriteBakMask
                                   1618 ;/home/bruno/dev/MSXgl/engine/src/vdp.c:1592: break;
      0005B8 C3rC9r05         [10] 1619 	jp	00140$
                                   1620 ;/home/bruno/dev/MSXgl/engine/src/vdp.c:1594: case VDP_MODE_SCREEN12:
      0005BB                       1621 00120$:
                                   1622 ;/home/bruno/dev/MSXgl/engine/src/vdp.c:1595: VDP_SetModeGraphic7();
      0005BB CDr7Cr02         [17] 1623 	call	_VDP_SetModeGraphic7
                                   1624 ;/home/bruno/dev/MSXgl/engine/src/vdp.h:877: inline void VDP_SetYJK(u8 mode) { VDP_RegWriteBakMask(25, (u8)~VDP_YJK_YAE, mode); }
      0005BE 3E 08            [ 7] 1625 	ld	a, #0x08
      0005C0 F5               [11] 1626 	push	af
      0005C1 33               [ 6] 1627 	inc	sp
      0005C2 2E E7            [ 7] 1628 	ld	l, #0xe7
                                   1629 ;	spillPairReg hl
                                   1630 ;	spillPairReg hl
      0005C4 3E 19            [ 7] 1631 	ld	a, #0x19
      0005C6 CDr9Er06         [17] 1632 	call	_VDP_RegWriteBakMask
                                   1633 ;/home/bruno/dev/MSXgl/engine/src/vdp.h:674: inline void VDP_EnableDisplay(bool enable) { VDP_RegWriteBakMask(1, (u8)~R01_BL, enable ? R01_BL : 0); }
      0005C9                       1634 00140$:
      0005C9 3E 40            [ 7] 1635 	ld	a, #0x40
      0005CB F5               [11] 1636 	push	af
      0005CC 33               [ 6] 1637 	inc	sp
      0005CD 2E BF            [ 7] 1638 	ld	l, #0xbf
                                   1639 ;	spillPairReg hl
                                   1640 ;	spillPairReg hl
      0005CF 3E 01            [ 7] 1641 	ld	a, #0x01
      0005D1 CDr9Er06         [17] 1642 	call	_VDP_RegWriteBakMask
                                   1643 ;/home/bruno/dev/MSXgl/engine/src/vdp.h:681: inline void VDP_EnableVBlank(bool enable) { VDP_RegWriteBakMask(1, (u8)~R01_IE0, enable ? R01_IE0 : 0); }
      0005D4 3E 20            [ 7] 1644 	ld	a, #0x20
      0005D6 F5               [11] 1645 	push	af
      0005D7 33               [ 6] 1646 	inc	sp
      0005D8 2E DF            [ 7] 1647 	ld	l, #0xdf
                                   1648 ;	spillPairReg hl
                                   1649 ;	spillPairReg hl
      0005DA 3E 01            [ 7] 1650 	ld	a, #0x01
      0005DC CDr9Er06         [17] 1651 	call	_VDP_RegWriteBakMask
                                   1652 ;/home/bruno/dev/MSXgl/engine/src/vdp.h:775: inline void VDP_SetFrequency(u8 freq) { VDP_RegWriteBakMask(9, (u8)~R09_NT, freq); }
      0005DF 3E 02            [ 7] 1653 	ld	a, #0x02
      0005E1 F5               [11] 1654 	push	af
      0005E2 33               [ 6] 1655 	inc	sp
      0005E3 2E FD            [ 7] 1656 	ld	l, #0xfd
                                   1657 ;	spillPairReg hl
                                   1658 ;	spillPairReg hl
      0005E5 3E 09            [ 7] 1659 	ld	a, #0x09
      0005E7 CDr9Er06         [17] 1660 	call	_VDP_RegWriteBakMask
                                   1661 ;/home/bruno/dev/MSXgl/engine/src/vdp.h:707: inline void VDP_EnableSprite(u8 enable) { VDP_RegWriteBakMask(8, (u8)~R08_SPD, !enable ? R08_SPD : 0); }
      0005EA AF               [ 4] 1662 	xor	a, a
      0005EB F5               [11] 1663 	push	af
      0005EC 33               [ 6] 1664 	inc	sp
      0005ED 2E FD            [ 7] 1665 	ld	l, #0xfd
                                   1666 ;	spillPairReg hl
                                   1667 ;	spillPairReg hl
      0005EF 3E 08            [ 7] 1668 	ld	a, #0x08
      0005F1 CDr9Er06         [17] 1669 	call	_VDP_RegWriteBakMask
                                   1670 ;/home/bruno/dev/MSXgl/engine/src/vdp.h:463: return mode >= VDP_MODE_GRAPHIC4;
      0005F4 21 00 00         [10] 1671 	ld	hl, #0
      0005F7 39               [11] 1672 	add	hl, sp
      0005F8 7E               [ 7] 1673 	ld	a, (hl)
      0005F9 D6 06            [ 7] 1674 	sub	a, #0x06
      0005FB 3E 00            [ 7] 1675 	ld	a, #0x00
      0005FD 17               [ 4] 1676 	rla
                                   1677 ;/home/bruno/dev/MSXgl/engine/src/vdp.c:1620: if(VDP_IsBitmapMode(mode)) // Activate 212 lines for bitmap mode
      0005FE EE 01            [ 7] 1678 	xor	a,#0x01
      000600 28 0E            [12] 1679 	jr	Z, 00123$
                                   1680 ;/home/bruno/dev/MSXgl/engine/src/vdp.h:796: inline void VDP_SetLineCount(u8 lines) { VDP_RegWriteBakMask(9, (u8)~R09_LN, lines); }
      000602 3E 80            [ 7] 1681 	ld	a, #0x80
      000604 F5               [11] 1682 	push	af
      000605 33               [ 6] 1683 	inc	sp
      000606 2E 7F            [ 7] 1684 	ld	l, #0x7f
                                   1685 ;	spillPairReg hl
                                   1686 ;	spillPairReg hl
      000608 3E 09            [ 7] 1687 	ld	a, #0x09
      00060A CDr9Er06         [17] 1688 	call	_VDP_RegWriteBakMask
                                   1689 ;/home/bruno/dev/MSXgl/engine/src/vdp.c:1621: VDP_SetLineCount(VDP_LINE_212);
      00060D C3r1Ar06         [10] 1690 	jp	00145$
      000610                       1691 00123$:
                                   1692 ;/home/bruno/dev/MSXgl/engine/src/vdp.h:796: inline void VDP_SetLineCount(u8 lines) { VDP_RegWriteBakMask(9, (u8)~R09_LN, lines); }
      000610 AF               [ 4] 1693 	xor	a, a
      000611 F5               [11] 1694 	push	af
      000612 33               [ 6] 1695 	inc	sp
      000613 2E 7F            [ 7] 1696 	ld	l, #0x7f
                                   1697 ;	spillPairReg hl
                                   1698 ;	spillPairReg hl
      000615 3E 09            [ 7] 1699 	ld	a, #0x09
      000617 CDr9Er06         [17] 1700 	call	_VDP_RegWriteBakMask
                                   1701 ;/home/bruno/dev/MSXgl/engine/src/vdp.h:811: inline void VDP_SetInterlace(bool enable) { VDP_RegWriteBakMask(9, (u8)~R09_IL, enable ? R09_IL : 0); }
      00061A                       1702 00145$:
      00061A AF               [ 4] 1703 	xor	a, a
      00061B F5               [11] 1704 	push	af
      00061C 33               [ 6] 1705 	inc	sp
      00061D 2E F7            [ 7] 1706 	ld	l, #0xf7
                                   1707 ;	spillPairReg hl
                                   1708 ;	spillPairReg hl
      00061F 3E 09            [ 7] 1709 	ld	a, #0x09
      000621 CDr9Er06         [17] 1710 	call	_VDP_RegWriteBakMask
                                   1711 ;/home/bruno/dev/MSXgl/engine/src/vdp.h:803: inline void VDP_SetPageAlternance(bool enable) { VDP_RegWriteBakMask(9, (u8)~R09_EO, enable ? R09_EO : 0); }
      000624 AF               [ 4] 1712 	xor	a, a
      000625 F5               [11] 1713 	push	af
      000626 33               [ 6] 1714 	inc	sp
      000627 2E FB            [ 7] 1715 	ld	l, #0xfb
                                   1716 ;	spillPairReg hl
                                   1717 ;	spillPairReg hl
      000629 3E 09            [ 7] 1718 	ld	a, #0x09
      00062B CDr9Er06         [17] 1719 	call	_VDP_RegWriteBakMask
                                   1720 ;/home/bruno/dev/MSXgl/engine/src/vdp.c:1625: VDP_SetPageAlternance(FALSE);
                                   1721 ;/home/bruno/dev/MSXgl/engine/src/vdp.c:1628: }
      00062E 33               [ 6] 1722 	inc	sp
      00062F C9               [10] 1723 	ret
                                   1724 ;/home/bruno/dev/MSXgl/engine/src/vdp.c:1634: u8 VDP_GetVersion() __NAKED
                                   1725 ;	---------------------------------
                                   1726 ; Function VDP_GetVersion
                                   1727 ; ---------------------------------
      000630                       1728 _VDP_GetVersion::
                                   1729 ;/home/bruno/dev/MSXgl/engine/src/vdp.c:1703: __endasm;
      000630                       1730 	 VDP_GetVersionAsm:
      000630 CDr4Fr06         [17] 1731 	call	VDP_IsTMS9918A
      000633 C8               [11] 1732 	ret	z
      000634 3E 01            [ 7] 1733 	ld	a, #1
      000636 F3               [ 4] 1734 	di
      000637 D3 99            [11] 1735 	out	(0x99), a
      000639 3E 8F            [ 7] 1736 	ld	a, #(0x80 | 15)
      00063B D3 99            [11] 1737 	out	(0x99), a
      00063D DB 99            [11] 1738 	in	a, (0x99)
      00063F E6 3E            [ 7] 1739 	and	#0b00111110
      000641 0F               [ 4] 1740 	rrca
      000642 08               [ 4] 1741 	ex	af, af'					; '
      000643 AF               [ 4] 1742 	xor	a
      000644 D3 99            [11] 1743 	out	(0x99), a
      000646 3E 8F            [ 7] 1744 	ld	a, #(0x80 | 15)
      000648 FB               [ 4] 1745 	ei
      000649 D3 99            [11] 1746 	out	(0x99), a
      00064B 08               [ 4] 1747 	ex	af, af'					; '
      00064C C0               [11] 1748 	ret	nz
      00064D 3C               [ 4] 1749 	inc	a
      00064E C9               [10] 1750 	ret
      00064F                       1751 	 VDP_IsTMS9918A:
      00064F AF               [ 4] 1752 	xor	a
      000650 F3               [ 4] 1753 	di
      000651 D3 99            [11] 1754 	out	(0x99), a
      000653 3E 8F            [ 7] 1755 	ld	a, #(0x80 | 15)
      000655 D3 99            [11] 1756 	out	(0x99), a
      000657 DB 99            [11] 1757 	in	a, (0x99)
      000659                       1758 	 VDP_IsTMS9918A_Wait:
      000659 DB 99            [11] 1759 	in	a,(0x99)
      00065B A7               [ 4] 1760 	and	a
      00065C F2r59r06         [10] 1761 	jp	p, VDP_IsTMS9918A_Wait
      00065F 3E 02            [ 7] 1762 	ld	a, #2
      000661 D3 99            [11] 1763 	out	(0x99), a
      000663 3E 8F            [ 7] 1764 	ld	a, #(0x80 | 15)
      000665 D3 99            [11] 1765 	out	(0x99), a
      000667 DB 99            [11] 1766 	in	a, (0x99)
      000669 08               [ 4] 1767 	ex	af, af'					; '
      00066A AF               [ 4] 1768 	xor	a
      00066B D3 99            [11] 1769 	out	(0x99), a
      00066D 3E 8F            [ 7] 1770 	ld	a, #(0x80 | 15)
      00066F D3 99            [11] 1771 	out	(0x99), a
      000671 3A E6 F3         [13] 1772 	ld	a, (0xF3E6)
      000674 D3 99            [11] 1773 	out	(0x99), a
      000676 3E 87            [ 7] 1774 	ld	a, #(0x80 | 7)
      000678 FB               [ 4] 1775 	ei
      000679 D3 99            [11] 1776 	out	(0x99), a
      00067B 08               [ 4] 1777 	ex	af, af'					; '
      00067C E6 40            [ 7] 1778 	and	#0b01000000
      00067E C9               [10] 1779 	ret
                                   1780 ;/home/bruno/dev/MSXgl/engine/src/vdp.c:1704: }
                                   1781 ;/home/bruno/dev/MSXgl/engine/src/vdp.c:1712: void VDP_RegWrite(u8 reg, u8 value) __PRESERVES(b, c, d, e, iyl, iyh)
                                   1782 ;	---------------------------------
                                   1783 ; Function VDP_RegWrite
                                   1784 ; ---------------------------------
      00067F                       1785 _VDP_RegWrite::
                                   1786 ;/home/bruno/dev/MSXgl/engine/src/vdp.c:1726: __endasm;
      00067F 67               [ 4] 1787 	ld	h, a
      000680 7D               [ 4] 1788 	ld	a, l
      000681 F3               [ 4] 1789 	di
      000682 D3 99            [11] 1790 	out	(0x99), a
      000684 7C               [ 4] 1791 	ld	a, h
      000685 C6 80            [ 7] 1792 	add	#0x80
      000687 FB               [ 4] 1793 	ei
      000688 D3 99            [11] 1794 	out	(0x99), a
                                   1795 ;/home/bruno/dev/MSXgl/engine/src/vdp.c:1727: }
      00068A C9               [10] 1796 	ret
                                   1797 ;/home/bruno/dev/MSXgl/engine/src/vdp.c:1735: void VDP_RegWriteBak(u8 reg, u8 value) __PRESERVES(d, e, iyl, iyh)
                                   1798 ;	---------------------------------
                                   1799 ; Function VDP_RegWriteBak
                                   1800 ; ---------------------------------
      00068B                       1801 _VDP_RegWriteBak::
                                   1802 ;/home/bruno/dev/MSXgl/engine/src/vdp.c:1755: __endasm;
      00068B 4F               [ 4] 1803 	ld	c, a
      00068C 7D               [ 4] 1804 	ld	a, l
      00068D 06 00            [ 7] 1805 	ld	b, #0
      00068F 21r00r00         [10] 1806 	ld	hl, #_g_VDP_REGSAV
      000692 09               [11] 1807 	add	hl, bc
      000693 77               [ 7] 1808 	ld	(hl), a
      000694 F3               [ 4] 1809 	di
      000695 D3 99            [11] 1810 	out	(0x99), a
      000697 79               [ 4] 1811 	ld	a, c
      000698 C6 80            [ 7] 1812 	add	#0x80
      00069A FB               [ 4] 1813 	ei
      00069B D3 99            [11] 1814 	out	(0x99), a
                                   1815 ;/home/bruno/dev/MSXgl/engine/src/vdp.c:1756: }
      00069D C9               [10] 1816 	ret
                                   1817 ;/home/bruno/dev/MSXgl/engine/src/vdp.c:1765: void VDP_RegWriteBakMask(u8 reg, u8 mask, u8 flag)
                                   1818 ;	---------------------------------
                                   1819 ; Function VDP_RegWriteBakMask
                                   1820 ; ---------------------------------
      00069E                       1821 _VDP_RegWriteBakMask::
      00069E DD E5            [15] 1822 	push	ix
      0006A0 DD 21 00 00      [14] 1823 	ld	ix,#0
      0006A4 DD 39            [15] 1824 	add	ix,sp
      0006A6 4F               [ 4] 1825 	ld	c, a
      0006A7 5D               [ 4] 1826 	ld	e, l
                                   1827 ;/home/bruno/dev/MSXgl/engine/src/vdp.c:1767: u8 value = g_VDP_REGSAV[reg];
      0006A8 21r00r00         [10] 1828 	ld	hl, #_g_VDP_REGSAV+0
      0006AB 06 00            [ 7] 1829 	ld	b, #0x00
      0006AD 09               [11] 1830 	add	hl, bc
      0006AE 7E               [ 7] 1831 	ld	a, (hl)
                                   1832 ;/home/bruno/dev/MSXgl/engine/src/vdp.c:1768: value &= mask;
      0006AF A3               [ 4] 1833 	and	a, e
                                   1834 ;/home/bruno/dev/MSXgl/engine/src/vdp.c:1769: value |= flag;
      0006B0 DD B6 04         [19] 1835 	or	a, 4 (ix)
      0006B3 6F               [ 4] 1836 	ld	l, a
                                   1837 ;	spillPairReg hl
                                   1838 ;	spillPairReg hl
                                   1839 ;/home/bruno/dev/MSXgl/engine/src/vdp.c:1770: VDP_RegWriteBak(reg, value);
      0006B4 79               [ 4] 1840 	ld	a, c
      0006B5 CDr8Br06         [17] 1841 	call	_VDP_RegWriteBak
                                   1842 ;/home/bruno/dev/MSXgl/engine/src/vdp.c:1771: }
      0006B8 DD E1            [14] 1843 	pop	ix
      0006BA E1               [10] 1844 	pop	hl
      0006BB 33               [ 6] 1845 	inc	sp
      0006BC E9               [ 4] 1846 	jp	(hl)
                                   1847 ;/home/bruno/dev/MSXgl/engine/src/vdp.c:1775: u8 VDP_ReadDefaultStatus() __PRESERVES(b, c, d, e, h, l, iyl, iyh)
                                   1848 ;	---------------------------------
                                   1849 ; Function VDP_ReadDefaultStatus
                                   1850 ; ---------------------------------
      0006BD                       1851 _VDP_ReadDefaultStatus::
                                   1852 ;/home/bruno/dev/MSXgl/engine/src/vdp.c:1779: __endasm;
      0006BD DB 99            [11] 1853 	in	a, (0x99)
                                   1854 ;/home/bruno/dev/MSXgl/engine/src/vdp.c:1780: }
      0006BF C9               [10] 1855 	ret
                                   1856 ;/home/bruno/dev/MSXgl/engine/src/vdp.c:1786: void VDP_SetPage(u8 page)
                                   1857 ;	---------------------------------
                                   1858 ; Function VDP_SetPage
                                   1859 ; ---------------------------------
      0006C0                       1860 _VDP_SetPage::
                                   1861 ;/home/bruno/dev/MSXgl/engine/src/vdp.c:1788: u8 reg = page << 5;
      0006C0 4F               [ 4] 1862 	ld	c, a
      0006C1 0F               [ 4] 1863 	rrca
      0006C2 0F               [ 4] 1864 	rrca
      0006C3 0F               [ 4] 1865 	rrca
      0006C4 E6 E0            [ 7] 1866 	and	a, #0xe0
                                   1867 ;/home/bruno/dev/MSXgl/engine/src/vdp.c:1789: reg |= 0b11111;
      0006C6 F6 1F            [ 7] 1868 	or	a, #0x1f
      0006C8 6F               [ 4] 1869 	ld	l, a
                                   1870 ;	spillPairReg hl
                                   1871 ;	spillPairReg hl
                                   1872 ;/home/bruno/dev/MSXgl/engine/src/vdp.c:1790: VDP_RegWriteBak(2, reg);
      0006C9 3E 02            [ 7] 1873 	ld	a, #0x02
                                   1874 ;/home/bruno/dev/MSXgl/engine/src/vdp.c:1791: }
      0006CB C3r8Br06         [10] 1875 	jp	_VDP_RegWriteBak
                                   1876 ;/home/bruno/dev/MSXgl/engine/src/vdp.c:1797: void VDP_SetLayoutTable(VADDR addr)
                                   1877 ;	---------------------------------
                                   1878 ; Function VDP_SetLayoutTable
                                   1879 ; ---------------------------------
      0006CE                       1880 _VDP_SetLayoutTable::
      0006CE DD E5            [15] 1881 	push	ix
      0006D0 DD 21 00 00      [14] 1882 	ld	ix,#0
      0006D4 DD 39            [15] 1883 	add	ix,sp
      0006D6 F5               [11] 1884 	push	af
      0006D7 F5               [11] 1885 	push	af
      0006D8 33               [ 6] 1886 	inc	sp
      0006D9 33               [ 6] 1887 	inc	sp
      0006DA D5               [11] 1888 	push	de
      0006DB DD 75 FE         [19] 1889 	ld	-2 (ix), l
      0006DE DD 74 FF         [19] 1890 	ld	-1 (ix), h
                                   1891 ;/home/bruno/dev/MSXgl/engine/src/vdp.c:1799: g_ScreenLayoutLow = (u16)addr;
      0006E1 E1               [10] 1892 	pop	hl
      0006E2 E5               [11] 1893 	push	hl
      0006E3 22r31r00         [16] 1894 	ld	(_g_ScreenLayoutLow), hl
                                   1895 ;/home/bruno/dev/MSXgl/engine/src/vdp.c:1802: reg = (u8)(addr >> 10);
      0006E6 DD 5E FD         [19] 1896 	ld	e, -3 (ix)
      0006E9 DD 56 FE         [19] 1897 	ld	d, -2 (ix)
      0006EC DD 6E FF         [19] 1898 	ld	l, -1 (ix)
                                   1899 ;	spillPairReg hl
                                   1900 ;	spillPairReg hl
                                   1901 ;	spillPairReg hl
                                   1902 ;	spillPairReg hl
      0006EF 06 02            [ 7] 1903 	ld	b, #0x02
      0006F1                       1904 00152$:
      0006F1 CB 3D            [ 8] 1905 	srl	l
      0006F3 CB 1A            [ 8] 1906 	rr	d
      0006F5 CB 1B            [ 8] 1907 	rr	e
      0006F7 10 F8            [13] 1908 	djnz	00152$
                                   1909 ;/home/bruno/dev/MSXgl/engine/src/vdp.c:1804: switch(g_VDP_Data.Mode)
      0006F9 3Ar1Cr00         [13] 1910 	ld	a, (#_g_VDP_Data + 0)
      0006FC FE 04            [ 7] 1911 	cp	a, #0x04
      0006FE 28 1F            [12] 1912 	jr	Z, 00101$
      000700 FE 06            [ 7] 1913 	cp	a, #0x06
      000702 28 24            [12] 1914 	jr	Z, 00108$
      000704 FE 07            [ 7] 1915 	cp	a, #0x07
      000706 28 20            [12] 1916 	jr	Z, 00108$
      000708 FE 08            [ 7] 1917 	cp	a, #0x08
      00070A 28 1A            [12] 1918 	jr	Z, 00106$
      00070C FE 09            [ 7] 1919 	cp	a, #0x09
      00070E 28 16            [12] 1920 	jr	Z, 00106$
      000710 FE 0C            [ 7] 1921 	cp	a, #0x0c
      000712 28 12            [12] 1922 	jr	Z, 00106$
      000714 FE 0D            [ 7] 1923 	cp	a, #0x0d
      000716 28 0E            [12] 1924 	jr	Z, 00106$
      000718 D6 0E            [ 7] 1925 	sub	a, #0x0e
      00071A 28 0A            [12] 1926 	jr	Z, 00106$
      00071C C3r2Cr07         [10] 1927 	jp	00109$
                                   1928 ;/home/bruno/dev/MSXgl/engine/src/vdp.c:1806: case VDP_MODE_TEXT2:
      00071F                       1929 00101$:
                                   1930 ;/home/bruno/dev/MSXgl/engine/src/vdp.c:1807: reg |= 0b11;
      00071F 7B               [ 4] 1931 	ld	a, e
      000720 F6 03            [ 7] 1932 	or	a, #0x03
      000722 5F               [ 4] 1933 	ld	e, a
                                   1934 ;/home/bruno/dev/MSXgl/engine/src/vdp.c:1808: break;
      000723 C3r2Cr07         [10] 1935 	jp	00109$
                                   1936 ;/home/bruno/dev/MSXgl/engine/src/vdp.c:1814: case VDP_MODE_SCREEN12:
      000726                       1937 00106$:
                                   1938 ;/home/bruno/dev/MSXgl/engine/src/vdp.c:1816: reg >>= 1;
      000726 CB 3B            [ 8] 1939 	srl	e
                                   1940 ;/home/bruno/dev/MSXgl/engine/src/vdp.c:1818: case VDP_MODE_GRAPHIC5:
      000728                       1941 00108$:
                                   1942 ;/home/bruno/dev/MSXgl/engine/src/vdp.c:1819: reg |= 0b11111;
      000728 7B               [ 4] 1943 	ld	a, e
      000729 F6 1F            [ 7] 1944 	or	a, #0x1f
      00072B 5F               [ 4] 1945 	ld	e, a
                                   1946 ;/home/bruno/dev/MSXgl/engine/src/vdp.c:1821: };	
      00072C                       1947 00109$:
                                   1948 ;/home/bruno/dev/MSXgl/engine/src/vdp.c:1823: VDP_RegWrite(2, reg);
      00072C 6B               [ 4] 1949 	ld	l, e
                                   1950 ;	spillPairReg hl
                                   1951 ;	spillPairReg hl
      00072D 3E 02            [ 7] 1952 	ld	a, #0x02
      00072F CDr7Fr06         [17] 1953 	call	_VDP_RegWrite
                                   1954 ;/home/bruno/dev/MSXgl/engine/src/vdp.c:1826: g_ScreenLayoutHigh = addr >> 16;
      000732 DD 7E FE         [19] 1955 	ld	a, -2 (ix)
      000735 32r3Dr00         [13] 1956 	ld	(_g_ScreenLayoutHigh+0), a
                                   1957 ;/home/bruno/dev/MSXgl/engine/src/vdp.c:1828: }
      000738 DD F9            [10] 1958 	ld	sp, ix
      00073A DD E1            [14] 1959 	pop	ix
      00073C C9               [10] 1960 	ret
                                   1961 ;/home/bruno/dev/MSXgl/engine/src/vdp.c:1832: void VDP_SetColorTable(VADDR addr)
                                   1962 ;	---------------------------------
                                   1963 ; Function VDP_SetColorTable
                                   1964 ; ---------------------------------
      00073D                       1965 _VDP_SetColorTable::
      00073D DD E5            [15] 1966 	push	ix
      00073F DD 21 00 00      [14] 1967 	ld	ix,#0
      000743 DD 39            [15] 1968 	add	ix,sp
      000745 F5               [11] 1969 	push	af
      000746 F5               [11] 1970 	push	af
      000747 33               [ 6] 1971 	inc	sp
      000748 33               [ 6] 1972 	inc	sp
      000749 D5               [11] 1973 	push	de
      00074A DD 75 FE         [19] 1974 	ld	-2 (ix), l
      00074D DD 74 FF         [19] 1975 	ld	-1 (ix), h
                                   1976 ;/home/bruno/dev/MSXgl/engine/src/vdp.c:1834: g_ScreenColorLow = (u16)addr;
      000750 E1               [10] 1977 	pop	hl
      000751 E5               [11] 1978 	push	hl
      000752 22r33r00         [16] 1979 	ld	(_g_ScreenColorLow), hl
                                   1980 ;/home/bruno/dev/MSXgl/engine/src/vdp.c:1837: reg = (u8)(addr >> 6);
      000755 C1               [10] 1981 	pop	bc
      000756 C5               [11] 1982 	push	bc
      000757 CB 38            [ 8] 1983 	srl	b
      000759 CB 19            [ 8] 1984 	rr	c
      00075B CB 38            [ 8] 1985 	srl	b
      00075D CB 19            [ 8] 1986 	rr	c
      00075F CB 38            [ 8] 1987 	srl	b
      000761 CB 19            [ 8] 1988 	rr	c
      000763 CB 38            [ 8] 1989 	srl	b
      000765 CB 19            [ 8] 1990 	rr	c
      000767 CB 38            [ 8] 1991 	srl	b
      000769 CB 19            [ 8] 1992 	rr	c
      00076B CB 38            [ 8] 1993 	srl	b
      00076D CB 19            [ 8] 1994 	rr	c
                                   1995 ;/home/bruno/dev/MSXgl/engine/src/vdp.c:1838: switch(g_VDP_Data.Mode)
      00076F 3Ar1Cr00         [13] 1996 	ld	a, (#_g_VDP_Data + 0)
      000772 FE 03            [ 7] 1997 	cp	a, #0x03
      000774 28 33            [12] 1998 	jr	Z, 00106$
      000776 FE 04            [ 7] 1999 	cp	a, #0x04
      000778 28 13            [12] 2000 	jr	Z, 00101$
      00077A FE 05            [ 7] 2001 	cp	a, #0x05
      00077C 28 2B            [12] 2002 	jr	Z, 00106$
      00077E FE 12            [ 7] 2003 	cp	a, #0x12
      000780 28 12            [12] 2004 	jr	Z, 00102$
      000782 FE 13            [ 7] 2005 	cp	a, #0x13
      000784 28 15            [12] 2006 	jr	Z, 00103$
      000786 D6 14            [ 7] 2007 	sub	a, #0x14
      000788 28 18            [12] 2008 	jr	Z, 00104$
      00078A C3rADr07         [10] 2009 	jp	00107$
                                   2010 ;/home/bruno/dev/MSXgl/engine/src/vdp.c:1841: case VDP_MODE_TEXT2:
      00078D                       2011 00101$:
                                   2012 ;/home/bruno/dev/MSXgl/engine/src/vdp.c:1842: reg |= 0b111;
      00078D 79               [ 4] 2013 	ld	a, c
      00078E F6 07            [ 7] 2014 	or	a, #0x07
      000790 4F               [ 4] 2015 	ld	c, a
                                   2016 ;/home/bruno/dev/MSXgl/engine/src/vdp.c:1843: break;
      000791 C3rADr07         [10] 2017 	jp	00107$
                                   2018 ;/home/bruno/dev/MSXgl/engine/src/vdp.c:1845: case VDP_MODE_GRAPHIC3_MIRROR_0:
      000794                       2019 00102$:
                                   2020 ;/home/bruno/dev/MSXgl/engine/src/vdp.c:1846: reg |= 0b0011111;
      000794 79               [ 4] 2021 	ld	a, c
      000795 F6 1F            [ 7] 2022 	or	a, #0x1f
      000797 4F               [ 4] 2023 	ld	c, a
                                   2024 ;/home/bruno/dev/MSXgl/engine/src/vdp.c:1847: break;
      000798 C3rADr07         [10] 2025 	jp	00107$
                                   2026 ;/home/bruno/dev/MSXgl/engine/src/vdp.c:1848: case VDP_MODE_GRAPHIC3_MIRROR_01:
      00079B                       2027 00103$:
                                   2028 ;/home/bruno/dev/MSXgl/engine/src/vdp.c:1849: reg |= 0b0111111;
      00079B 79               [ 4] 2029 	ld	a, c
      00079C F6 3F            [ 7] 2030 	or	a, #0x3f
      00079E 4F               [ 4] 2031 	ld	c, a
                                   2032 ;/home/bruno/dev/MSXgl/engine/src/vdp.c:1850: break;
      00079F C3rADr07         [10] 2033 	jp	00107$
                                   2034 ;/home/bruno/dev/MSXgl/engine/src/vdp.c:1851: case VDP_MODE_GRAPHIC3_MIRROR_02:
      0007A2                       2035 00104$:
                                   2036 ;/home/bruno/dev/MSXgl/engine/src/vdp.c:1852: reg |= 0b1011111;
      0007A2 79               [ 4] 2037 	ld	a, c
      0007A3 F6 5F            [ 7] 2038 	or	a, #0x5f
      0007A5 4F               [ 4] 2039 	ld	c, a
                                   2040 ;/home/bruno/dev/MSXgl/engine/src/vdp.c:1853: break;
      0007A6 C3rADr07         [10] 2041 	jp	00107$
                                   2042 ;/home/bruno/dev/MSXgl/engine/src/vdp.c:1857: case VDP_MODE_GRAPHIC2:
      0007A9                       2043 00106$:
                                   2044 ;/home/bruno/dev/MSXgl/engine/src/vdp.c:1858: reg |= 0b1111111;
      0007A9 79               [ 4] 2045 	ld	a, c
      0007AA F6 7F            [ 7] 2046 	or	a, #0x7f
      0007AC 4F               [ 4] 2047 	ld	c, a
                                   2048 ;/home/bruno/dev/MSXgl/engine/src/vdp.c:1860: };	
      0007AD                       2049 00107$:
                                   2050 ;/home/bruno/dev/MSXgl/engine/src/vdp.c:1861: VDP_RegWrite(3, reg);
      0007AD 69               [ 4] 2051 	ld	l, c
                                   2052 ;	spillPairReg hl
                                   2053 ;	spillPairReg hl
      0007AE 3E 03            [ 7] 2054 	ld	a, #0x03
      0007B0 CDr7Fr06         [17] 2055 	call	_VDP_RegWrite
                                   2056 ;/home/bruno/dev/MSXgl/engine/src/vdp.c:1864: reg = (u8)(addr >> 14);
      0007B3 DD 6E FD         [19] 2057 	ld	l, -3 (ix)
                                   2058 ;	spillPairReg hl
                                   2059 ;	spillPairReg hl
      0007B6 DD 4E FE         [19] 2060 	ld	c, -2 (ix)
      0007B9 DD 5E FF         [19] 2061 	ld	e, -1 (ix)
      0007BC 06 06            [ 7] 2062 	ld	b, #0x06
      0007BE                       2063 00146$:
      0007BE CB 3B            [ 8] 2064 	srl	e
      0007C0 CB 19            [ 8] 2065 	rr	c
      0007C2 CB 1D            [ 8] 2066 	rr	l
      0007C4 10 F8            [13] 2067 	djnz	00146$
                                   2068 ;/home/bruno/dev/MSXgl/engine/src/vdp.c:1865: VDP_RegWrite(10, reg);
      0007C6 3E 0A            [ 7] 2069 	ld	a, #0x0a
      0007C8 CDr7Fr06         [17] 2070 	call	_VDP_RegWrite
                                   2071 ;/home/bruno/dev/MSXgl/engine/src/vdp.c:1867: g_ScreenColorHigh = addr >> 16;
      0007CB DD 7E FE         [19] 2072 	ld	a, -2 (ix)
      0007CE 32r3Er00         [13] 2073 	ld	(_g_ScreenColorHigh+0), a
                                   2074 ;/home/bruno/dev/MSXgl/engine/src/vdp.c:1869: }
      0007D1 DD F9            [10] 2075 	ld	sp, ix
      0007D3 DD E1            [14] 2076 	pop	ix
      0007D5 C9               [10] 2077 	ret
                                   2078 ;/home/bruno/dev/MSXgl/engine/src/vdp.c:1873: void VDP_SetPatternTable(VADDR addr)
                                   2079 ;	---------------------------------
                                   2080 ; Function VDP_SetPatternTable
                                   2081 ; ---------------------------------
      0007D6                       2082 _VDP_SetPatternTable::
      0007D6 DD E5            [15] 2083 	push	ix
      0007D8 DD 21 00 00      [14] 2084 	ld	ix,#0
      0007DC DD 39            [15] 2085 	add	ix,sp
      0007DE F5               [11] 2086 	push	af
      0007DF F5               [11] 2087 	push	af
      0007E0 33               [ 6] 2088 	inc	sp
      0007E1 33               [ 6] 2089 	inc	sp
      0007E2 D5               [11] 2090 	push	de
      0007E3 DD 75 FE         [19] 2091 	ld	-2 (ix), l
      0007E6 DD 74 FF         [19] 2092 	ld	-1 (ix), h
                                   2093 ;/home/bruno/dev/MSXgl/engine/src/vdp.c:1875: g_ScreenPatternLow = (u16)addr;
      0007E9 E1               [10] 2094 	pop	hl
      0007EA E5               [11] 2095 	push	hl
      0007EB 22r35r00         [16] 2096 	ld	(_g_ScreenPatternLow), hl
                                   2097 ;/home/bruno/dev/MSXgl/engine/src/vdp.c:1878: reg = (u8)(addr >> 11);
      0007EE DD 5E FD         [19] 2098 	ld	e, -3 (ix)
      0007F1 DD 56 FE         [19] 2099 	ld	d, -2 (ix)
      0007F4 DD 6E FF         [19] 2100 	ld	l, -1 (ix)
                                   2101 ;	spillPairReg hl
                                   2102 ;	spillPairReg hl
                                   2103 ;	spillPairReg hl
                                   2104 ;	spillPairReg hl
      0007F7 06 03            [ 7] 2105 	ld	b, #0x03
      0007F9                       2106 00128$:
      0007F9 CB 3D            [ 8] 2107 	srl	l
      0007FB CB 1A            [ 8] 2108 	rr	d
      0007FD CB 1B            [ 8] 2109 	rr	e
      0007FF 10 F8            [13] 2110 	djnz	00128$
                                   2111 ;/home/bruno/dev/MSXgl/engine/src/vdp.c:1879: switch(g_VDP_Data.Mode)
      000801 3Ar1Cr00         [13] 2112 	ld	a, (#_g_VDP_Data + 0)
      000804 FE 03            [ 7] 2113 	cp	a, #0x03
      000806 28 19            [12] 2114 	jr	Z, 00104$
      000808 FE 05            [ 7] 2115 	cp	a, #0x05
      00080A 28 15            [12] 2116 	jr	Z, 00104$
      00080C FE 13            [ 7] 2117 	cp	a, #0x13
      00080E 28 07            [12] 2118 	jr	Z, 00101$
      000810 D6 14            [ 7] 2119 	sub	a, #0x14
      000812 28 08            [12] 2120 	jr	Z, 00102$
      000814 C3r25r08         [10] 2121 	jp	00105$
                                   2122 ;/home/bruno/dev/MSXgl/engine/src/vdp.c:1883: case VDP_MODE_GRAPHIC3_MIRROR_01:
      000817                       2123 00101$:
                                   2124 ;/home/bruno/dev/MSXgl/engine/src/vdp.c:1884: reg |= 0b01;
      000817 CB C3            [ 8] 2125 	set	0, e
                                   2126 ;/home/bruno/dev/MSXgl/engine/src/vdp.c:1885: break;
      000819 C3r25r08         [10] 2127 	jp	00105$
                                   2128 ;/home/bruno/dev/MSXgl/engine/src/vdp.c:1886: case VDP_MODE_GRAPHIC3_MIRROR_02:
      00081C                       2129 00102$:
                                   2130 ;/home/bruno/dev/MSXgl/engine/src/vdp.c:1887: reg |= 0b10;
      00081C CB CB            [ 8] 2131 	set	1, e
                                   2132 ;/home/bruno/dev/MSXgl/engine/src/vdp.c:1888: break;
      00081E C3r25r08         [10] 2133 	jp	00105$
                                   2134 ;/home/bruno/dev/MSXgl/engine/src/vdp.c:1892: case VDP_MODE_GRAPHIC2:
      000821                       2135 00104$:
                                   2136 ;/home/bruno/dev/MSXgl/engine/src/vdp.c:1893: reg |= 0b11;
      000821 7B               [ 4] 2137 	ld	a, e
      000822 F6 03            [ 7] 2138 	or	a, #0x03
      000824 5F               [ 4] 2139 	ld	e, a
                                   2140 ;/home/bruno/dev/MSXgl/engine/src/vdp.c:1894: };
      000825                       2141 00105$:
                                   2142 ;/home/bruno/dev/MSXgl/engine/src/vdp.c:1895: VDP_RegWrite(4, reg);
      000825 6B               [ 4] 2143 	ld	l, e
                                   2144 ;	spillPairReg hl
                                   2145 ;	spillPairReg hl
      000826 3E 04            [ 7] 2146 	ld	a, #0x04
      000828 CDr7Fr06         [17] 2147 	call	_VDP_RegWrite
                                   2148 ;/home/bruno/dev/MSXgl/engine/src/vdp.c:1898: g_ScreenPatternHigh = addr >> 16;
      00082B DD 7E FE         [19] 2149 	ld	a, -2 (ix)
      00082E 32r3Fr00         [13] 2150 	ld	(_g_ScreenPatternHigh+0), a
                                   2151 ;/home/bruno/dev/MSXgl/engine/src/vdp.c:1900: }
      000831 DD F9            [10] 2152 	ld	sp, ix
      000833 DD E1            [14] 2153 	pop	ix
      000835 C9               [10] 2154 	ret
                                   2155 ;/home/bruno/dev/MSXgl/engine/src/vdp.c:1914: void VDP_SetSpriteAttributeTable(VADDR addr)
                                   2156 ;	---------------------------------
                                   2157 ; Function VDP_SetSpriteAttributeTable
                                   2158 ; ---------------------------------
      000836                       2159 _VDP_SetSpriteAttributeTable::
      000836 DD E5            [15] 2160 	push	ix
      000838 DD 21 00 00      [14] 2161 	ld	ix,#0
      00083C DD 39            [15] 2162 	add	ix,sp
      00083E F5               [11] 2163 	push	af
      00083F F5               [11] 2164 	push	af
      000840 4D               [ 4] 2165 	ld	c, l
      000841 44               [ 4] 2166 	ld	b, h
                                   2167 ;/home/bruno/dev/MSXgl/engine/src/vdp.c:1916: g_SpriteAttributeLow = (u16)addr;
      000842 ED 53r37r00      [20] 2168 	ld	(_g_SpriteAttributeLow), de
                                   2169 ;/home/bruno/dev/MSXgl/engine/src/vdp.c:1919: reg = (u8)(addr >> 7);
      000846 6B               [ 4] 2170 	ld	l, e
                                   2171 ;	spillPairReg hl
                                   2172 ;	spillPairReg hl
      000847 62               [ 4] 2173 	ld	h, d
                                   2174 ;	spillPairReg hl
                                   2175 ;	spillPairReg hl
      000848 CB 3C            [ 8] 2176 	srl	h
      00084A CB 1D            [ 8] 2177 	rr	l
      00084C CB 3C            [ 8] 2178 	srl	h
      00084E CB 1D            [ 8] 2179 	rr	l
      000850 CB 3C            [ 8] 2180 	srl	h
      000852 CB 1D            [ 8] 2181 	rr	l
      000854 CB 3C            [ 8] 2182 	srl	h
      000856 CB 1D            [ 8] 2183 	rr	l
      000858 CB 3C            [ 8] 2184 	srl	h
      00085A CB 1D            [ 8] 2185 	rr	l
      00085C CB 3C            [ 8] 2186 	srl	h
      00085E CB 1D            [ 8] 2187 	rr	l
      000860 CB 3C            [ 8] 2188 	srl	h
      000862 CB 1D            [ 8] 2189 	rr	l
      000864 DD 75 FF         [19] 2190 	ld	-1 (ix), l
                                   2191 ;/home/bruno/dev/MSXgl/engine/src/vdp.c:1921: switch(g_VDP_Data.Mode)
      000867 3Ar1Cr00         [13] 2192 	ld	a, (#_g_VDP_Data + 0)
      00086A FE 05            [ 7] 2193 	cp	a, #0x05
      00086C 28 28            [12] 2194 	jr	Z, 00111$
      00086E FE 06            [ 7] 2195 	cp	a, #0x06
      000870 28 24            [12] 2196 	jr	Z, 00111$
      000872 FE 07            [ 7] 2197 	cp	a, #0x07
      000874 28 20            [12] 2198 	jr	Z, 00111$
      000876 FE 08            [ 7] 2199 	cp	a, #0x08
      000878 28 1C            [12] 2200 	jr	Z, 00111$
      00087A FE 09            [ 7] 2201 	cp	a, #0x09
      00087C 28 18            [12] 2202 	jr	Z, 00111$
      00087E FE 0C            [ 7] 2203 	cp	a, #0x0c
      000880 28 14            [12] 2204 	jr	Z, 00111$
      000882 FE 0D            [ 7] 2205 	cp	a, #0x0d
      000884 28 10            [12] 2206 	jr	Z, 00111$
      000886 FE 0E            [ 7] 2207 	cp	a, #0x0e
      000888 28 0C            [12] 2208 	jr	Z, 00111$
      00088A FE 12            [ 7] 2209 	cp	a, #0x12
      00088C 28 08            [12] 2210 	jr	Z, 00111$
      00088E FE 13            [ 7] 2211 	cp	a, #0x13
      000890 28 04            [12] 2212 	jr	Z, 00111$
      000892 D6 14            [ 7] 2213 	sub	a, #0x14
      000894 20 08            [12] 2214 	jr	NZ, 00112$
                                   2215 ;/home/bruno/dev/MSXgl/engine/src/vdp.c:1936: case VDP_MODE_GRAPHIC3_MIRROR_02:
      000896                       2216 00111$:
                                   2217 ;/home/bruno/dev/MSXgl/engine/src/vdp.c:1938: reg |= 0b111;
      000896 DD 7E FF         [19] 2218 	ld	a, -1 (ix)
      000899 F6 07            [ 7] 2219 	or	a, #0x07
      00089B DD 77 FF         [19] 2220 	ld	-1 (ix), a
                                   2221 ;/home/bruno/dev/MSXgl/engine/src/vdp.c:1940: };
      00089E                       2222 00112$:
                                   2223 ;/home/bruno/dev/MSXgl/engine/src/vdp.c:1942: VDP_RegWrite(5, reg);
      00089E DD 6E FF         [19] 2224 	ld	l, -1 (ix)
                                   2225 ;	spillPairReg hl
                                   2226 ;	spillPairReg hl
      0008A1 3E 05            [ 7] 2227 	ld	a, #0x05
      0008A3 CDr7Fr06         [17] 2228 	call	_VDP_RegWrite
                                   2229 ;/home/bruno/dev/MSXgl/engine/src/vdp.c:1945: reg = (u8)(addr >> 15);
      0008A6 DD 72 FC         [19] 2230 	ld	-4 (ix), d
      0008A9 DD 71 FD         [19] 2231 	ld	-3 (ix), c
      0008AC DD 70 FE         [19] 2232 	ld	-2 (ix), b
      0008AF DD 36 FF 00      [19] 2233 	ld	-1 (ix), #0x00
      0008B3 3E 07            [ 7] 2234 	ld	a, #0x07
      0008B5                       2235 00177$:
      0008B5 DD CB FE 3E      [23] 2236 	srl	-2 (ix)
      0008B9 DD CB FD 1E      [23] 2237 	rr	-3 (ix)
      0008BD DD CB FC 1E      [23] 2238 	rr	-4 (ix)
      0008C1 3D               [ 4] 2239 	dec	a
      0008C2 20 F1            [12] 2240 	jr	NZ, 00177$
      0008C4 DD 6E FC         [19] 2241 	ld	l, -4 (ix)
                                   2242 ;	spillPairReg hl
                                   2243 ;	spillPairReg hl
                                   2244 ;/home/bruno/dev/MSXgl/engine/src/vdp.c:1946: VDP_RegWrite(11, reg);
      0008C7 3E 0B            [ 7] 2245 	ld	a, #0x0b
      0008C9 CDr7Fr06         [17] 2246 	call	_VDP_RegWrite
                                   2247 ;/home/bruno/dev/MSXgl/engine/src/vdp.c:1948: g_SpriteAtributeHigh = addr >> 16;
      0008CC 21r40r00         [10] 2248 	ld	hl, #_g_SpriteAtributeHigh
      0008CF 71               [ 7] 2249 	ld	(hl), c
                                   2250 ;/home/bruno/dev/MSXgl/engine/src/vdp.c:1951: addr -= 0x200;
                                   2251 ;	spillPairReg hl
                                   2252 ;	spillPairReg hl
      0008D0 6B               [ 4] 2253 	ld	l, e
      0008D1 7A               [ 4] 2254 	ld	a,d
      0008D2 C6 FE            [ 7] 2255 	add	a,#0xfe
      0008D4 67               [ 4] 2256 	ld	h, a
                                   2257 ;	spillPairReg hl
                                   2258 ;	spillPairReg hl
      0008D5 79               [ 4] 2259 	ld	a, c
      0008D6 CE FF            [ 7] 2260 	adc	a, #0xff
      0008D8 4F               [ 4] 2261 	ld	c, a
                                   2262 ;/home/bruno/dev/MSXgl/engine/src/vdp.c:1952: g_SpriteColorLow = (u16)addr;
      0008D9 22r3Br00         [16] 2263 	ld	(_g_SpriteColorLow), hl
                                   2264 ;/home/bruno/dev/MSXgl/engine/src/vdp.c:1954: g_SpriteColorHigh = addr >> 16;
      0008DC 21r42r00         [10] 2265 	ld	hl, #_g_SpriteColorHigh
      0008DF 71               [ 7] 2266 	ld	(hl), c
                                   2267 ;/home/bruno/dev/MSXgl/engine/src/vdp.c:1956: }
      0008E0 DD F9            [10] 2268 	ld	sp, ix
      0008E2 DD E1            [14] 2269 	pop	ix
      0008E4 C9               [10] 2270 	ret
                                   2271 ;/home/bruno/dev/MSXgl/engine/src/vdp.c:1962: void VDP_SetSpritePatternTable(VADDR addr)
                                   2272 ;	---------------------------------
                                   2273 ; Function VDP_SetSpritePatternTable
                                   2274 ; ---------------------------------
      0008E5                       2275 _VDP_SetSpritePatternTable::
                                   2276 ;/home/bruno/dev/MSXgl/engine/src/vdp.c:1964: g_SpritePatternLow  = (u16)addr;
      0008E5 ED 53r39r00      [20] 2277 	ld	(_g_SpritePatternLow), de
                                   2278 ;/home/bruno/dev/MSXgl/engine/src/vdp.c:1966: g_SpritePatternHigh = addr >> 16;
      0008E9 FD 21r41r00      [14] 2279 	ld	iy, #_g_SpritePatternHigh
      0008ED FD 75 00         [19] 2280 	ld	0 (iy), l
                                   2281 ;/home/bruno/dev/MSXgl/engine/src/vdp.c:1969: u8 reg = (u8)(addr >> 11);
      0008F0 5C               [ 4] 2282 	ld	e, h
      0008F1 65               [ 4] 2283 	ld	h, l
                                   2284 ;	spillPairReg hl
                                   2285 ;	spillPairReg hl
      0008F2 6A               [ 4] 2286 	ld	l, d
                                   2287 ;	spillPairReg hl
                                   2288 ;	spillPairReg hl
      0008F3 16 00            [ 7] 2289 	ld	d, #0x00
      0008F5 06 03            [ 7] 2290 	ld	b, #0x03
      0008F7                       2291 00103$:
      0008F7 CB 3B            [ 8] 2292 	srl	e
      0008F9 CB 1C            [ 8] 2293 	rr	h
      0008FB CB 1D            [ 8] 2294 	rr	l
      0008FD 10 F8            [13] 2295 	djnz	00103$
                                   2296 ;/home/bruno/dev/MSXgl/engine/src/vdp.c:1970: VDP_RegWrite(6, reg);
      0008FF 3E 06            [ 7] 2297 	ld	a, #0x06
                                   2298 ;/home/bruno/dev/MSXgl/engine/src/vdp.c:1972: }
      000901 C3r7Fr06         [10] 2299 	jp	_VDP_RegWrite
                                   2300 ;/home/bruno/dev/MSXgl/engine/src/vdp.c:1976: void VDP_LoadSpritePattern(const u8* addr, u8 index, u8 count)
                                   2301 ;	---------------------------------
                                   2302 ; Function VDP_LoadSpritePattern
                                   2303 ; ---------------------------------
      000904                       2304 _VDP_LoadSpritePattern::
      000904 DD E5            [15] 2305 	push	ix
      000906 DD 21 00 00      [14] 2306 	ld	ix,#0
      00090A DD 39            [15] 2307 	add	ix,sp
      00090C 4D               [ 4] 2308 	ld	c, l
      00090D 44               [ 4] 2309 	ld	b, h
                                   2310 ;/home/bruno/dev/MSXgl/engine/src/vdp.c:1978: u16 low = g_SpritePatternLow;
      00090E ED 5Br39r00      [20] 2311 	ld	de, (_g_SpritePatternLow)
                                   2312 ;/home/bruno/dev/MSXgl/engine/src/vdp.c:1979: low += (index * 8);
      000912 DD 6E 04         [19] 2313 	ld	l, 4 (ix)
                                   2314 ;	spillPairReg hl
                                   2315 ;	spillPairReg hl
      000915 26 00            [ 7] 2316 	ld	h, #0x00
                                   2317 ;	spillPairReg hl
                                   2318 ;	spillPairReg hl
      000917 29               [11] 2319 	add	hl, hl
      000918 29               [11] 2320 	add	hl, hl
      000919 29               [11] 2321 	add	hl, hl
      00091A 19               [11] 2322 	add	hl, de
      00091B EB               [ 4] 2323 	ex	de, hl
                                   2324 ;/home/bruno/dev/MSXgl/engine/src/vdp.c:1980: VDP_WriteVRAM(addr, low, g_SpritePatternHigh, count * 8);
      00091C DD 6E 05         [19] 2325 	ld	l, 5 (ix)
                                   2326 ;	spillPairReg hl
                                   2327 ;	spillPairReg hl
      00091F 26 00            [ 7] 2328 	ld	h, #0x00
                                   2329 ;	spillPairReg hl
                                   2330 ;	spillPairReg hl
      000921 29               [11] 2331 	add	hl, hl
      000922 29               [11] 2332 	add	hl, hl
      000923 29               [11] 2333 	add	hl, hl
      000924 E5               [11] 2334 	push	hl
      000925 3Ar41r00         [13] 2335 	ld	a, (_g_SpritePatternHigh+0)
      000928 F5               [11] 2336 	push	af
      000929 33               [ 6] 2337 	inc	sp
      00092A 69               [ 4] 2338 	ld	l, c
                                   2339 ;	spillPairReg hl
                                   2340 ;	spillPairReg hl
      00092B 60               [ 4] 2341 	ld	h, b
                                   2342 ;	spillPairReg hl
                                   2343 ;	spillPairReg hl
      00092C CDrD9r02         [17] 2344 	call	_VDP_WriteVRAM_128K
                                   2345 ;/home/bruno/dev/MSXgl/engine/src/vdp.c:1981: }
      00092F DD E1            [14] 2346 	pop	ix
      000931 E1               [10] 2347 	pop	hl
      000932 F1               [10] 2348 	pop	af
      000933 E9               [ 4] 2349 	jp	(hl)
                                   2350 ;/home/bruno/dev/MSXgl/engine/src/vdp.c:1985: void VDP_SetSpriteSM1(u8 index, u8 x, u8 y, u8 shape, u8 color)
                                   2351 ;	---------------------------------
                                   2352 ; Function VDP_SetSpriteSM1
                                   2353 ; ---------------------------------
      000934                       2354 _VDP_SetSpriteSM1::
      000934 DD E5            [15] 2355 	push	ix
      000936 DD 21 00 00      [14] 2356 	ld	ix,#0
      00093A DD 39            [15] 2357 	add	ix,sp
      00093C 5F               [ 4] 2358 	ld	e, a
      00093D 4D               [ 4] 2359 	ld	c, l
                                   2360 ;/home/bruno/dev/MSXgl/engine/src/vdp.c:1987: g_VDP_Sprite.Y = y;				// Y coordinate on screen (all lower priority sprite will be disable if equal to 216 or 0xD0)
      00093E 21r2Dr00         [10] 2361 	ld	hl, #_g_VDP_Sprite
      000941 DD 7E 04         [19] 2362 	ld	a, 4 (ix)
      000944 77               [ 7] 2363 	ld	(hl), a
                                   2364 ;/home/bruno/dev/MSXgl/engine/src/vdp.c:1988: g_VDP_Sprite.X = x;				// X coordinate of the sprite
      000945 21r2Er00         [10] 2365 	ld	hl, #(_g_VDP_Sprite + 1)
      000948 71               [ 7] 2366 	ld	(hl), c
                                   2367 ;/home/bruno/dev/MSXgl/engine/src/vdp.c:1989: g_VDP_Sprite.Pattern = shape;	// Pattern index
      000949 21r2Fr00         [10] 2368 	ld	hl, #(_g_VDP_Sprite + 2)
      00094C DD 7E 05         [19] 2369 	ld	a, 5 (ix)
      00094F 77               [ 7] 2370 	ld	(hl), a
                                   2371 ;/home/bruno/dev/MSXgl/engine/src/vdp.c:1990: g_VDP_Sprite.Color = color;		// Color index (Sprite Mode 1 only) + Early clock
      000950 21r30r00         [10] 2372 	ld	hl, #(_g_VDP_Sprite + 3)
      000953 DD 7E 06         [19] 2373 	ld	a, 6 (ix)
      000956 77               [ 7] 2374 	ld	(hl), a
                                   2375 ;/home/bruno/dev/MSXgl/engine/src/vdp.c:1992: u16 low = g_SpriteAttributeLow;
      000957 ED 4Br37r00      [20] 2376 	ld	bc, (_g_SpriteAttributeLow)
                                   2377 ;/home/bruno/dev/MSXgl/engine/src/vdp.c:1993: low += (index * 4);
      00095B 6B               [ 4] 2378 	ld	l, e
                                   2379 ;	spillPairReg hl
                                   2380 ;	spillPairReg hl
      00095C 26 00            [ 7] 2381 	ld	h, #0x00
                                   2382 ;	spillPairReg hl
                                   2383 ;	spillPairReg hl
      00095E 29               [11] 2384 	add	hl, hl
      00095F 29               [11] 2385 	add	hl, hl
      000960 09               [11] 2386 	add	hl, bc
      000961 EB               [ 4] 2387 	ex	de, hl
                                   2388 ;/home/bruno/dev/MSXgl/engine/src/vdp.c:1994: VDP_WriteVRAM((u8*)&g_VDP_Sprite, low, g_SpriteAtributeHigh, 4);
      000962 21 04 00         [10] 2389 	ld	hl, #0x0004
      000965 E5               [11] 2390 	push	hl
      000966 3Ar40r00         [13] 2391 	ld	a, (_g_SpriteAtributeHigh+0)
      000969 F5               [11] 2392 	push	af
      00096A 33               [ 6] 2393 	inc	sp
      00096B 21r2Dr00         [10] 2394 	ld	hl, #_g_VDP_Sprite
      00096E CDrD9r02         [17] 2395 	call	_VDP_WriteVRAM_128K
                                   2396 ;/home/bruno/dev/MSXgl/engine/src/vdp.c:1995: }
      000971 DD E1            [14] 2397 	pop	ix
      000973 E1               [10] 2398 	pop	hl
      000974 F1               [10] 2399 	pop	af
      000975 33               [ 6] 2400 	inc	sp
      000976 E9               [ 4] 2401 	jp	(hl)
                                   2402 ;/home/bruno/dev/MSXgl/engine/src/vdp.c:1999: void VDP_SetSprite(u8 index, u8 x, u8 y, u8 shape)
                                   2403 ;	---------------------------------
                                   2404 ; Function VDP_SetSprite
                                   2405 ; ---------------------------------
      000977                       2406 _VDP_SetSprite::
      000977 DD E5            [15] 2407 	push	ix
      000979 DD 21 00 00      [14] 2408 	ld	ix,#0
      00097D DD 39            [15] 2409 	add	ix,sp
      00097F 5F               [ 4] 2410 	ld	e, a
      000980 4D               [ 4] 2411 	ld	c, l
                                   2412 ;/home/bruno/dev/MSXgl/engine/src/vdp.c:2001: g_VDP_Sprite.Y = y;				// Y coordinate on screen (all lower priority sprite will be disable if equal to 216 or 0xD0)
      000981 21r2Dr00         [10] 2413 	ld	hl, #_g_VDP_Sprite
      000984 DD 7E 04         [19] 2414 	ld	a, 4 (ix)
      000987 77               [ 7] 2415 	ld	(hl), a
                                   2416 ;/home/bruno/dev/MSXgl/engine/src/vdp.c:2002: g_VDP_Sprite.X = x;				// X coordinate of the sprite
      000988 21r2Er00         [10] 2417 	ld	hl, #(_g_VDP_Sprite + 1)
      00098B 71               [ 7] 2418 	ld	(hl), c
                                   2419 ;/home/bruno/dev/MSXgl/engine/src/vdp.c:2003: g_VDP_Sprite.Pattern = shape;	// Pattern index
      00098C 21r2Fr00         [10] 2420 	ld	hl, #(_g_VDP_Sprite + 2)
      00098F DD 7E 05         [19] 2421 	ld	a, 5 (ix)
      000992 77               [ 7] 2422 	ld	(hl), a
                                   2423 ;/home/bruno/dev/MSXgl/engine/src/vdp.c:2005: u16 low = g_SpriteAttributeLow;
      000993 ED 4Br37r00      [20] 2424 	ld	bc, (_g_SpriteAttributeLow)
                                   2425 ;/home/bruno/dev/MSXgl/engine/src/vdp.c:2006: low += (index * 4);
      000997 6B               [ 4] 2426 	ld	l, e
                                   2427 ;	spillPairReg hl
                                   2428 ;	spillPairReg hl
      000998 26 00            [ 7] 2429 	ld	h, #0x00
                                   2430 ;	spillPairReg hl
                                   2431 ;	spillPairReg hl
      00099A 29               [11] 2432 	add	hl, hl
      00099B 29               [11] 2433 	add	hl, hl
      00099C 09               [11] 2434 	add	hl, bc
      00099D EB               [ 4] 2435 	ex	de, hl
                                   2436 ;/home/bruno/dev/MSXgl/engine/src/vdp.c:2007: VDP_WriteVRAM((u8*)&g_VDP_Sprite, low, g_SpriteAtributeHigh, 3);
      00099E 21 03 00         [10] 2437 	ld	hl, #0x0003
      0009A1 E5               [11] 2438 	push	hl
      0009A2 3Ar40r00         [13] 2439 	ld	a, (_g_SpriteAtributeHigh+0)
      0009A5 F5               [11] 2440 	push	af
      0009A6 33               [ 6] 2441 	inc	sp
      0009A7 21r2Dr00         [10] 2442 	ld	hl, #_g_VDP_Sprite
      0009AA CDrD9r02         [17] 2443 	call	_VDP_WriteVRAM_128K
                                   2444 ;/home/bruno/dev/MSXgl/engine/src/vdp.c:2008: }
      0009AD DD E1            [14] 2445 	pop	ix
      0009AF E1               [10] 2446 	pop	hl
      0009B0 F1               [10] 2447 	pop	af
      0009B1 E9               [ 4] 2448 	jp	(hl)
                                   2449 ;/home/bruno/dev/MSXgl/engine/src/vdp.c:2013: void VDP_SetSpriteExMultiColor(u8 index, u8 x, u8 y, u8 shape, const u8* ram)
                                   2450 ;	---------------------------------
                                   2451 ; Function VDP_SetSpriteExMultiColor
                                   2452 ; ---------------------------------
      0009B2                       2453 _VDP_SetSpriteExMultiColor::
      0009B2 DD E5            [15] 2454 	push	ix
      0009B4 DD 21 00 00      [14] 2455 	ld	ix,#0
      0009B8 DD 39            [15] 2456 	add	ix,sp
      0009BA 3B               [ 6] 2457 	dec	sp
      0009BB 4F               [ 4] 2458 	ld	c, a
      0009BC DD 75 FF         [19] 2459 	ld	-1 (ix), l
                                   2460 ;/home/bruno/dev/MSXgl/engine/src/vdp.c:2015: u16 col = g_SpriteColorLow;
      0009BF ED 5Br3Br00      [20] 2461 	ld	de, (_g_SpriteColorLow)
                                   2462 ;/home/bruno/dev/MSXgl/engine/src/vdp.c:2016: col += (index * 16);
      0009C3 06 00            [ 7] 2463 	ld	b, #0x00
      0009C5 69               [ 4] 2464 	ld	l, c
      0009C6 60               [ 4] 2465 	ld	h, b
      0009C7 29               [11] 2466 	add	hl, hl
      0009C8 29               [11] 2467 	add	hl, hl
      0009C9 29               [11] 2468 	add	hl, hl
      0009CA 29               [11] 2469 	add	hl, hl
      0009CB 19               [11] 2470 	add	hl, de
                                   2471 ;/home/bruno/dev/MSXgl/engine/src/vdp.c:2017: VDP_WriteVRAM(ram, col, g_SpriteColorHigh, VDP_SPRITE_COLORS);
      0009CC C5               [11] 2472 	push	bc
      0009CD EB               [ 4] 2473 	ex	de, hl
      0009CE 21 10 00         [10] 2474 	ld	hl, #0x0010
      0009D1 E5               [11] 2475 	push	hl
      0009D2 3Ar42r00         [13] 2476 	ld	a, (_g_SpriteColorHigh+0)
      0009D5 F5               [11] 2477 	push	af
      0009D6 33               [ 6] 2478 	inc	sp
      0009D7 DD 6E 06         [19] 2479 	ld	l, 6 (ix)
                                   2480 ;	spillPairReg hl
                                   2481 ;	spillPairReg hl
      0009DA DD 66 07         [19] 2482 	ld	h, 7 (ix)
                                   2483 ;	spillPairReg hl
                                   2484 ;	spillPairReg hl
      0009DD CDrD9r02         [17] 2485 	call	_VDP_WriteVRAM_128K
      0009E0 C1               [10] 2486 	pop	bc
                                   2487 ;/home/bruno/dev/MSXgl/engine/src/vdp.c:2019: g_VDP_Sprite.X = x;				// Y coordinate on screen (all lower priority sprite will be disable if equal to 216 or 0xD0)
      0009E1 21r2Er00         [10] 2488 	ld	hl, #(_g_VDP_Sprite + 1)
      0009E4 DD 7E FF         [19] 2489 	ld	a, -1 (ix)
      0009E7 77               [ 7] 2490 	ld	(hl), a
                                   2491 ;/home/bruno/dev/MSXgl/engine/src/vdp.c:2020: g_VDP_Sprite.Y = y;				// X coordinate of the sprite
      0009E8 21r2Dr00         [10] 2492 	ld	hl, #_g_VDP_Sprite
      0009EB DD 7E 04         [19] 2493 	ld	a, 4 (ix)
      0009EE 77               [ 7] 2494 	ld	(hl), a
                                   2495 ;/home/bruno/dev/MSXgl/engine/src/vdp.c:2021: g_VDP_Sprite.Pattern = shape;	// Pattern index
      0009EF 21r2Fr00         [10] 2496 	ld	hl, #(_g_VDP_Sprite + 2)
      0009F2 DD 7E 05         [19] 2497 	ld	a, 5 (ix)
      0009F5 77               [ 7] 2498 	ld	(hl), a
                                   2499 ;/home/bruno/dev/MSXgl/engine/src/vdp.c:2022: u16 attr = g_SpriteAttributeLow;
      0009F6 ED 5Br37r00      [20] 2500 	ld	de, (_g_SpriteAttributeLow)
                                   2501 ;/home/bruno/dev/MSXgl/engine/src/vdp.c:2023: attr += (index * 4);
      0009FA 69               [ 4] 2502 	ld	l, c
      0009FB 60               [ 4] 2503 	ld	h, b
      0009FC 29               [11] 2504 	add	hl, hl
      0009FD 29               [11] 2505 	add	hl, hl
      0009FE 19               [11] 2506 	add	hl, de
      0009FF EB               [ 4] 2507 	ex	de, hl
                                   2508 ;/home/bruno/dev/MSXgl/engine/src/vdp.c:2024: VDP_WriteVRAM((u8*)&g_VDP_Sprite, attr, g_SpriteAtributeHigh, 3);
      000A00 21 03 00         [10] 2509 	ld	hl, #0x0003
      000A03 E5               [11] 2510 	push	hl
      000A04 3Ar40r00         [13] 2511 	ld	a, (_g_SpriteAtributeHigh+0)
      000A07 F5               [11] 2512 	push	af
      000A08 33               [ 6] 2513 	inc	sp
      000A09 21r2Dr00         [10] 2514 	ld	hl, #_g_VDP_Sprite
      000A0C CDrD9r02         [17] 2515 	call	_VDP_WriteVRAM_128K
                                   2516 ;/home/bruno/dev/MSXgl/engine/src/vdp.c:2025: }
      000A0F 33               [ 6] 2517 	inc	sp
      000A10 DD E1            [14] 2518 	pop	ix
      000A12 E1               [10] 2519 	pop	hl
      000A13 F1               [10] 2520 	pop	af
      000A14 F1               [10] 2521 	pop	af
      000A15 E9               [ 4] 2522 	jp	(hl)
                                   2523 ;/home/bruno/dev/MSXgl/engine/src/vdp.c:2029: void VDP_SetSpriteExUniColor(u8 index, u8 x, u8 y, u8 shape, u8 color)
                                   2524 ;	---------------------------------
                                   2525 ; Function VDP_SetSpriteExUniColor
                                   2526 ; ---------------------------------
      000A16                       2527 _VDP_SetSpriteExUniColor::
      000A16 DD E5            [15] 2528 	push	ix
      000A18 DD 21 00 00      [14] 2529 	ld	ix,#0
      000A1C DD 39            [15] 2530 	add	ix,sp
      000A1E 3B               [ 6] 2531 	dec	sp
      000A1F 4F               [ 4] 2532 	ld	c, a
      000A20 DD 75 FF         [19] 2533 	ld	-1 (ix), l
                                   2534 ;/home/bruno/dev/MSXgl/engine/src/vdp.c:2031: u16 col = g_SpriteColorLow;
      000A23 ED 5Br3Br00      [20] 2535 	ld	de, (_g_SpriteColorLow)
                                   2536 ;/home/bruno/dev/MSXgl/engine/src/vdp.c:2032: col += (index * 16);
      000A27 06 00            [ 7] 2537 	ld	b, #0x00
      000A29 69               [ 4] 2538 	ld	l, c
      000A2A 60               [ 4] 2539 	ld	h, b
      000A2B 29               [11] 2540 	add	hl, hl
      000A2C 29               [11] 2541 	add	hl, hl
      000A2D 29               [11] 2542 	add	hl, hl
      000A2E 29               [11] 2543 	add	hl, hl
      000A2F 19               [11] 2544 	add	hl, de
                                   2545 ;/home/bruno/dev/MSXgl/engine/src/vdp.c:2033: VDP_FillVRAM(color, col, g_SpriteColorHigh, VDP_SPRITE_COLORS);
      000A30 C5               [11] 2546 	push	bc
      000A31 EB               [ 4] 2547 	ex	de, hl
      000A32 21 10 00         [10] 2548 	ld	hl, #0x0010
      000A35 E5               [11] 2549 	push	hl
      000A36 3Ar42r00         [13] 2550 	ld	a, (_g_SpriteColorHigh+0)
      000A39 F5               [11] 2551 	push	af
      000A3A 33               [ 6] 2552 	inc	sp
      000A3B DD 7E 06         [19] 2553 	ld	a, 6 (ix)
      000A3E CDr1Er03         [17] 2554 	call	_VDP_FillVRAM_128K
      000A41 C1               [10] 2555 	pop	bc
                                   2556 ;/home/bruno/dev/MSXgl/engine/src/vdp.c:2035: g_VDP_Sprite.X = x;				// Y coordinate on screen (all lower priority sprite will be disable if equal to 216 or 0xD0)
      000A42 21r2Er00         [10] 2557 	ld	hl, #(_g_VDP_Sprite + 1)
      000A45 DD 7E FF         [19] 2558 	ld	a, -1 (ix)
      000A48 77               [ 7] 2559 	ld	(hl), a
                                   2560 ;/home/bruno/dev/MSXgl/engine/src/vdp.c:2036: g_VDP_Sprite.Y = y;				// X coordinate of the sprite
      000A49 21r2Dr00         [10] 2561 	ld	hl, #_g_VDP_Sprite
      000A4C DD 7E 04         [19] 2562 	ld	a, 4 (ix)
      000A4F 77               [ 7] 2563 	ld	(hl), a
                                   2564 ;/home/bruno/dev/MSXgl/engine/src/vdp.c:2037: g_VDP_Sprite.Pattern = shape;	// Pattern index
      000A50 21r2Fr00         [10] 2565 	ld	hl, #(_g_VDP_Sprite + 2)
      000A53 DD 7E 05         [19] 2566 	ld	a, 5 (ix)
      000A56 77               [ 7] 2567 	ld	(hl), a
                                   2568 ;/home/bruno/dev/MSXgl/engine/src/vdp.c:2038: u16 attr = g_SpriteAttributeLow;
      000A57 ED 5Br37r00      [20] 2569 	ld	de, (_g_SpriteAttributeLow)
                                   2570 ;/home/bruno/dev/MSXgl/engine/src/vdp.c:2039: attr += (index * 4);
      000A5B 69               [ 4] 2571 	ld	l, c
      000A5C 60               [ 4] 2572 	ld	h, b
      000A5D 29               [11] 2573 	add	hl, hl
      000A5E 29               [11] 2574 	add	hl, hl
      000A5F 19               [11] 2575 	add	hl, de
      000A60 EB               [ 4] 2576 	ex	de, hl
                                   2577 ;/home/bruno/dev/MSXgl/engine/src/vdp.c:2040: VDP_WriteVRAM((u8*)&g_VDP_Sprite, attr, g_SpriteAtributeHigh, 3);
      000A61 21 03 00         [10] 2578 	ld	hl, #0x0003
      000A64 E5               [11] 2579 	push	hl
      000A65 3Ar40r00         [13] 2580 	ld	a, (_g_SpriteAtributeHigh+0)
      000A68 F5               [11] 2581 	push	af
      000A69 33               [ 6] 2582 	inc	sp
      000A6A 21r2Dr00         [10] 2583 	ld	hl, #_g_VDP_Sprite
      000A6D CDrD9r02         [17] 2584 	call	_VDP_WriteVRAM_128K
                                   2585 ;/home/bruno/dev/MSXgl/engine/src/vdp.c:2041: }
      000A70 33               [ 6] 2586 	inc	sp
      000A71 DD E1            [14] 2587 	pop	ix
      000A73 E1               [10] 2588 	pop	hl
      000A74 F1               [10] 2589 	pop	af
      000A75 33               [ 6] 2590 	inc	sp
      000A76 E9               [ 4] 2591 	jp	(hl)
                                   2592 ;/home/bruno/dev/MSXgl/engine/src/vdp.c:2046: void VDP_SetSpritePosition(u8 index, u8 x, u8 y)
                                   2593 ;	---------------------------------
                                   2594 ; Function VDP_SetSpritePosition
                                   2595 ; ---------------------------------
      000A77                       2596 _VDP_SetSpritePosition::
      000A77 DD E5            [15] 2597 	push	ix
      000A79 DD 21 00 00      [14] 2598 	ld	ix,#0
      000A7D DD 39            [15] 2599 	add	ix,sp
      000A7F 5F               [ 4] 2600 	ld	e, a
      000A80 4D               [ 4] 2601 	ld	c, l
                                   2602 ;/home/bruno/dev/MSXgl/engine/src/vdp.c:2048: g_VDP_Sprite.Y = y;				// Y coordinate on screen (all lower priority sprite will be disable if equal to 216 or 0xD0)
      000A81 21r2Dr00         [10] 2603 	ld	hl, #_g_VDP_Sprite
      000A84 DD 7E 04         [19] 2604 	ld	a, 4 (ix)
      000A87 77               [ 7] 2605 	ld	(hl), a
                                   2606 ;/home/bruno/dev/MSXgl/engine/src/vdp.c:2049: g_VDP_Sprite.X = x;				// X coordinate of the sprite
      000A88 21r2Er00         [10] 2607 	ld	hl, #(_g_VDP_Sprite + 1)
      000A8B 71               [ 7] 2608 	ld	(hl), c
                                   2609 ;/home/bruno/dev/MSXgl/engine/src/vdp.c:2051: u16 low = g_SpriteAttributeLow;
      000A8C ED 4Br37r00      [20] 2610 	ld	bc, (_g_SpriteAttributeLow)
                                   2611 ;/home/bruno/dev/MSXgl/engine/src/vdp.c:2052: low += (index * 4);
      000A90 6B               [ 4] 2612 	ld	l, e
                                   2613 ;	spillPairReg hl
                                   2614 ;	spillPairReg hl
      000A91 26 00            [ 7] 2615 	ld	h, #0x00
                                   2616 ;	spillPairReg hl
                                   2617 ;	spillPairReg hl
      000A93 29               [11] 2618 	add	hl, hl
      000A94 29               [11] 2619 	add	hl, hl
      000A95 09               [11] 2620 	add	hl, bc
      000A96 EB               [ 4] 2621 	ex	de, hl
                                   2622 ;/home/bruno/dev/MSXgl/engine/src/vdp.c:2053: VDP_WriteVRAM((u8*)&g_VDP_Sprite, low, g_SpriteAtributeHigh, 2);
      000A97 21 02 00         [10] 2623 	ld	hl, #0x0002
      000A9A E5               [11] 2624 	push	hl
      000A9B 3Ar40r00         [13] 2625 	ld	a, (_g_SpriteAtributeHigh+0)
      000A9E F5               [11] 2626 	push	af
      000A9F 33               [ 6] 2627 	inc	sp
      000AA0 21r2Dr00         [10] 2628 	ld	hl, #_g_VDP_Sprite
      000AA3 CDrD9r02         [17] 2629 	call	_VDP_WriteVRAM_128K
                                   2630 ;/home/bruno/dev/MSXgl/engine/src/vdp.c:2054: }
      000AA6 DD E1            [14] 2631 	pop	ix
      000AA8 E1               [10] 2632 	pop	hl
      000AA9 33               [ 6] 2633 	inc	sp
      000AAA E9               [ 4] 2634 	jp	(hl)
                                   2635 ;/home/bruno/dev/MSXgl/engine/src/vdp.c:2058: void VDP_SetSpritePositionX(u8 index, u8 x)
                                   2636 ;	---------------------------------
                                   2637 ; Function VDP_SetSpritePositionX
                                   2638 ; ---------------------------------
      000AAB                       2639 _VDP_SetSpritePositionX::
      000AAB 47               [ 4] 2640 	ld	b, a
      000AAC 4D               [ 4] 2641 	ld	c, l
                                   2642 ;/home/bruno/dev/MSXgl/engine/src/vdp.c:2060: u16 low = g_SpriteAttributeLow;
      000AAD ED 5Br37r00      [20] 2643 	ld	de, (_g_SpriteAttributeLow)
                                   2644 ;/home/bruno/dev/MSXgl/engine/src/vdp.c:2061: low += (index * 4);
      000AB1 68               [ 4] 2645 	ld	l, b
                                   2646 ;	spillPairReg hl
                                   2647 ;	spillPairReg hl
      000AB2 26 00            [ 7] 2648 	ld	h, #0x00
                                   2649 ;	spillPairReg hl
                                   2650 ;	spillPairReg hl
      000AB4 29               [11] 2651 	add	hl, hl
      000AB5 29               [11] 2652 	add	hl, hl
      000AB6 19               [11] 2653 	add	hl, de
      000AB7 EB               [ 4] 2654 	ex	de, hl
                                   2655 ;/home/bruno/dev/MSXgl/engine/src/vdp.c:2062: VDP_Poke(x, ++low, g_SpriteAtributeHigh);
      000AB8 13               [ 6] 2656 	inc	de
      000AB9 3Ar40r00         [13] 2657 	ld	a, (_g_SpriteAtributeHigh+0)
      000ABC F5               [11] 2658 	push	af
      000ABD 33               [ 6] 2659 	inc	sp
      000ABE 79               [ 4] 2660 	ld	a, c
      000ABF CDrA3r03         [17] 2661 	call	_VDP_Poke_128K
                                   2662 ;/home/bruno/dev/MSXgl/engine/src/vdp.c:2063: }
      000AC2 C9               [10] 2663 	ret
                                   2664 ;/home/bruno/dev/MSXgl/engine/src/vdp.c:2067: void VDP_SetSpritePositionY(u8 index, u8 y)
                                   2665 ;	---------------------------------
                                   2666 ; Function VDP_SetSpritePositionY
                                   2667 ; ---------------------------------
      000AC3                       2668 _VDP_SetSpritePositionY::
      000AC3 47               [ 4] 2669 	ld	b, a
      000AC4 4D               [ 4] 2670 	ld	c, l
                                   2671 ;/home/bruno/dev/MSXgl/engine/src/vdp.c:2069: u16 low = g_SpriteAttributeLow;
      000AC5 ED 5Br37r00      [20] 2672 	ld	de, (_g_SpriteAttributeLow)
                                   2673 ;/home/bruno/dev/MSXgl/engine/src/vdp.c:2070: low += (index * 4);
      000AC9 68               [ 4] 2674 	ld	l, b
                                   2675 ;	spillPairReg hl
                                   2676 ;	spillPairReg hl
      000ACA 26 00            [ 7] 2677 	ld	h, #0x00
                                   2678 ;	spillPairReg hl
                                   2679 ;	spillPairReg hl
      000ACC 29               [11] 2680 	add	hl, hl
      000ACD 29               [11] 2681 	add	hl, hl
      000ACE 19               [11] 2682 	add	hl, de
      000ACF EB               [ 4] 2683 	ex	de, hl
                                   2684 ;/home/bruno/dev/MSXgl/engine/src/vdp.c:2071: VDP_Poke(y, low, g_SpriteAtributeHigh);
      000AD0 3Ar40r00         [13] 2685 	ld	a, (_g_SpriteAtributeHigh+0)
      000AD3 F5               [11] 2686 	push	af
      000AD4 33               [ 6] 2687 	inc	sp
      000AD5 79               [ 4] 2688 	ld	a, c
      000AD6 CDrA3r03         [17] 2689 	call	_VDP_Poke_128K
                                   2690 ;/home/bruno/dev/MSXgl/engine/src/vdp.c:2072: }
      000AD9 C9               [10] 2691 	ret
                                   2692 ;/home/bruno/dev/MSXgl/engine/src/vdp.c:2076: void VDP_SetSpritePattern(u8 index, u8 shape)
                                   2693 ;	---------------------------------
                                   2694 ; Function VDP_SetSpritePattern
                                   2695 ; ---------------------------------
      000ADA                       2696 _VDP_SetSpritePattern::
      000ADA 47               [ 4] 2697 	ld	b, a
      000ADB 4D               [ 4] 2698 	ld	c, l
                                   2699 ;/home/bruno/dev/MSXgl/engine/src/vdp.c:2078: u16 low = g_SpriteAttributeLow + 2;
      000ADC ED 5Br37r00      [20] 2700 	ld	de, (_g_SpriteAttributeLow)
      000AE0 13               [ 6] 2701 	inc	de
      000AE1 13               [ 6] 2702 	inc	de
                                   2703 ;/home/bruno/dev/MSXgl/engine/src/vdp.c:2079: low += (index * 4);
      000AE2 68               [ 4] 2704 	ld	l, b
                                   2705 ;	spillPairReg hl
                                   2706 ;	spillPairReg hl
      000AE3 26 00            [ 7] 2707 	ld	h, #0x00
                                   2708 ;	spillPairReg hl
                                   2709 ;	spillPairReg hl
      000AE5 29               [11] 2710 	add	hl, hl
      000AE6 29               [11] 2711 	add	hl, hl
      000AE7 19               [11] 2712 	add	hl, de
      000AE8 EB               [ 4] 2713 	ex	de, hl
                                   2714 ;/home/bruno/dev/MSXgl/engine/src/vdp.c:2080: VDP_Poke(shape, low, g_SpriteAtributeHigh);
      000AE9 3Ar40r00         [13] 2715 	ld	a, (_g_SpriteAtributeHigh+0)
      000AEC F5               [11] 2716 	push	af
      000AED 33               [ 6] 2717 	inc	sp
      000AEE 79               [ 4] 2718 	ld	a, c
      000AEF CDrA3r03         [17] 2719 	call	_VDP_Poke_128K
                                   2720 ;/home/bruno/dev/MSXgl/engine/src/vdp.c:2081: }
      000AF2 C9               [10] 2721 	ret
                                   2722 ;/home/bruno/dev/MSXgl/engine/src/vdp.c:2085: void VDP_SetSpriteColorSM1(u8 index, u8 color)
                                   2723 ;	---------------------------------
                                   2724 ; Function VDP_SetSpriteColorSM1
                                   2725 ; ---------------------------------
      000AF3                       2726 _VDP_SetSpriteColorSM1::
      000AF3 47               [ 4] 2727 	ld	b, a
      000AF4 4D               [ 4] 2728 	ld	c, l
                                   2729 ;/home/bruno/dev/MSXgl/engine/src/vdp.c:2087: u16 low = g_SpriteAttributeLow + 3;
      000AF5 ED 5Br37r00      [20] 2730 	ld	de, (_g_SpriteAttributeLow)
      000AF9 13               [ 6] 2731 	inc	de
      000AFA 13               [ 6] 2732 	inc	de
      000AFB 13               [ 6] 2733 	inc	de
                                   2734 ;/home/bruno/dev/MSXgl/engine/src/vdp.c:2088: low += (index * 4);
      000AFC 68               [ 4] 2735 	ld	l, b
                                   2736 ;	spillPairReg hl
                                   2737 ;	spillPairReg hl
      000AFD 26 00            [ 7] 2738 	ld	h, #0x00
                                   2739 ;	spillPairReg hl
                                   2740 ;	spillPairReg hl
      000AFF 29               [11] 2741 	add	hl, hl
      000B00 29               [11] 2742 	add	hl, hl
      000B01 19               [11] 2743 	add	hl, de
      000B02 EB               [ 4] 2744 	ex	de, hl
                                   2745 ;/home/bruno/dev/MSXgl/engine/src/vdp.c:2089: VDP_Poke(color, low, g_SpriteAtributeHigh);
      000B03 3Ar40r00         [13] 2746 	ld	a, (_g_SpriteAtributeHigh+0)
      000B06 F5               [11] 2747 	push	af
      000B07 33               [ 6] 2748 	inc	sp
      000B08 79               [ 4] 2749 	ld	a, c
      000B09 CDrA3r03         [17] 2750 	call	_VDP_Poke_128K
                                   2751 ;/home/bruno/dev/MSXgl/engine/src/vdp.c:2090: }
      000B0C C9               [10] 2752 	ret
                                   2753 ;/home/bruno/dev/MSXgl/engine/src/vdp.c:2095: void VDP_SetSpriteUniColor(u8 index, u8 color)
                                   2754 ;	---------------------------------
                                   2755 ; Function VDP_SetSpriteUniColor
                                   2756 ; ---------------------------------
      000B0D                       2757 _VDP_SetSpriteUniColor::
      000B0D 47               [ 4] 2758 	ld	b, a
      000B0E 4D               [ 4] 2759 	ld	c, l
                                   2760 ;/home/bruno/dev/MSXgl/engine/src/vdp.c:2097: u16 col = g_SpriteColorLow;
      000B0F ED 5Br3Br00      [20] 2761 	ld	de, (_g_SpriteColorLow)
                                   2762 ;/home/bruno/dev/MSXgl/engine/src/vdp.c:2098: col += (index * 16);
      000B13 68               [ 4] 2763 	ld	l, b
                                   2764 ;	spillPairReg hl
                                   2765 ;	spillPairReg hl
      000B14 26 00            [ 7] 2766 	ld	h, #0x00
                                   2767 ;	spillPairReg hl
                                   2768 ;	spillPairReg hl
      000B16 29               [11] 2769 	add	hl, hl
      000B17 29               [11] 2770 	add	hl, hl
      000B18 29               [11] 2771 	add	hl, hl
      000B19 29               [11] 2772 	add	hl, hl
      000B1A 19               [11] 2773 	add	hl, de
      000B1B EB               [ 4] 2774 	ex	de, hl
                                   2775 ;/home/bruno/dev/MSXgl/engine/src/vdp.c:2099: VDP_FillVRAM(color, col, g_SpriteColorHigh, VDP_SPRITE_COLORS);
      000B1C 21 10 00         [10] 2776 	ld	hl, #0x0010
      000B1F E5               [11] 2777 	push	hl
      000B20 3Ar42r00         [13] 2778 	ld	a, (_g_SpriteColorHigh+0)
      000B23 F5               [11] 2779 	push	af
      000B24 33               [ 6] 2780 	inc	sp
      000B25 79               [ 4] 2781 	ld	a, c
      000B26 CDr1Er03         [17] 2782 	call	_VDP_FillVRAM_128K
                                   2783 ;/home/bruno/dev/MSXgl/engine/src/vdp.c:2100: }
      000B29 C9               [10] 2784 	ret
                                   2785 ;/home/bruno/dev/MSXgl/engine/src/vdp.c:2104: void VDP_SetSpriteMultiColor(u8 index, const u8* ram)
                                   2786 ;	---------------------------------
                                   2787 ; Function VDP_SetSpriteMultiColor
                                   2788 ; ---------------------------------
      000B2A                       2789 _VDP_SetSpriteMultiColor::
      000B2A 6F               [ 4] 2790 	ld	l, a
                                   2791 ;	spillPairReg hl
                                   2792 ;	spillPairReg hl
      000B2B 4B               [ 4] 2793 	ld	c, e
      000B2C 42               [ 4] 2794 	ld	b, d
                                   2795 ;/home/bruno/dev/MSXgl/engine/src/vdp.c:2106: u16 col = g_SpriteColorLow;
      000B2D ED 5Br3Br00      [20] 2796 	ld	de, (_g_SpriteColorLow)
                                   2797 ;/home/bruno/dev/MSXgl/engine/src/vdp.c:2107: col += (index * 16);
      000B31 26 00            [ 7] 2798 	ld	h, #0x00
                                   2799 ;	spillPairReg hl
                                   2800 ;	spillPairReg hl
      000B33 29               [11] 2801 	add	hl, hl
      000B34 29               [11] 2802 	add	hl, hl
      000B35 29               [11] 2803 	add	hl, hl
      000B36 29               [11] 2804 	add	hl, hl
      000B37 19               [11] 2805 	add	hl, de
      000B38 EB               [ 4] 2806 	ex	de, hl
                                   2807 ;/home/bruno/dev/MSXgl/engine/src/vdp.c:2108: VDP_WriteVRAM(ram, col, g_SpriteColorHigh, VDP_SPRITE_COLORS);	
      000B39 21 10 00         [10] 2808 	ld	hl, #0x0010
      000B3C E5               [11] 2809 	push	hl
      000B3D 3Ar42r00         [13] 2810 	ld	a, (_g_SpriteColorHigh+0)
      000B40 F5               [11] 2811 	push	af
      000B41 33               [ 6] 2812 	inc	sp
      000B42 69               [ 4] 2813 	ld	l, c
                                   2814 ;	spillPairReg hl
                                   2815 ;	spillPairReg hl
      000B43 60               [ 4] 2816 	ld	h, b
                                   2817 ;	spillPairReg hl
                                   2818 ;	spillPairReg hl
      000B44 CDrD9r02         [17] 2819 	call	_VDP_WriteVRAM_128K
                                   2820 ;/home/bruno/dev/MSXgl/engine/src/vdp.c:2109: }
      000B47 C9               [10] 2821 	ret
                                   2822 ;/home/bruno/dev/MSXgl/engine/src/vdp.c:2113: void VDP_SetSpriteData(u8 index, const u8* data)
                                   2823 ;	---------------------------------
                                   2824 ; Function VDP_SetSpriteData
                                   2825 ; ---------------------------------
      000B48                       2826 _VDP_SetSpriteData::
      000B48 6F               [ 4] 2827 	ld	l, a
                                   2828 ;	spillPairReg hl
                                   2829 ;	spillPairReg hl
      000B49 4B               [ 4] 2830 	ld	c, e
      000B4A 42               [ 4] 2831 	ld	b, d
                                   2832 ;/home/bruno/dev/MSXgl/engine/src/vdp.c:2115: u16 low = g_SpriteAttributeLow;
      000B4B ED 5Br37r00      [20] 2833 	ld	de, (_g_SpriteAttributeLow)
                                   2834 ;/home/bruno/dev/MSXgl/engine/src/vdp.c:2116: low += (index * 4);
      000B4F 26 00            [ 7] 2835 	ld	h, #0x00
                                   2836 ;	spillPairReg hl
                                   2837 ;	spillPairReg hl
      000B51 29               [11] 2838 	add	hl, hl
      000B52 29               [11] 2839 	add	hl, hl
      000B53 19               [11] 2840 	add	hl, de
      000B54 EB               [ 4] 2841 	ex	de, hl
                                   2842 ;/home/bruno/dev/MSXgl/engine/src/vdp.c:2117: VDP_WriteVRAM(data, low, g_SpriteAtributeHigh, 3);
      000B55 21 03 00         [10] 2843 	ld	hl, #0x0003
      000B58 E5               [11] 2844 	push	hl
      000B59 3Ar40r00         [13] 2845 	ld	a, (_g_SpriteAtributeHigh+0)
      000B5C F5               [11] 2846 	push	af
      000B5D 33               [ 6] 2847 	inc	sp
      000B5E 69               [ 4] 2848 	ld	l, c
                                   2849 ;	spillPairReg hl
                                   2850 ;	spillPairReg hl
      000B5F 60               [ 4] 2851 	ld	h, b
                                   2852 ;	spillPairReg hl
                                   2853 ;	spillPairReg hl
      000B60 CDrD9r02         [17] 2854 	call	_VDP_WriteVRAM_128K
                                   2855 ;/home/bruno/dev/MSXgl/engine/src/vdp.c:2118: }
      000B63 C9               [10] 2856 	ret
                                   2857 ;/home/bruno/dev/MSXgl/engine/src/vdp.c:2123: void VDP_DisableSpritesFrom(u8 index)
                                   2858 ;	---------------------------------
                                   2859 ; Function VDP_DisableSpritesFrom
                                   2860 ; ---------------------------------
      000B64                       2861 _VDP_DisableSpritesFrom::
      000B64 4F               [ 4] 2862 	ld	c, a
                                   2863 ;/home/bruno/dev/MSXgl/engine/src/vdp.c:2125: u8 y = VDP_SPRITE_DISABLE_SM1;
      000B65 06 D0            [ 7] 2864 	ld	b, #0xd0
                                   2865 ;/home/bruno/dev/MSXgl/engine/src/vdp.c:2127: if(g_VDP_Data.Mode >= VDP_MODE_MSX2) // MSX2 modes
      000B67 3Ar1Cr00         [13] 2866 	ld	a, (#_g_VDP_Data + 0)
      000B6A D6 04            [ 7] 2867 	sub	a, #0x04
      000B6C 38 02            [12] 2868 	jr	C, 00102$
                                   2869 ;/home/bruno/dev/MSXgl/engine/src/vdp.c:2128: y = VDP_SPRITE_DISABLE_SM2;
      000B6E 06 D8            [ 7] 2870 	ld	b, #0xd8
      000B70                       2871 00102$:
                                   2872 ;/home/bruno/dev/MSXgl/engine/src/vdp.c:2130: VDP_SetSpritePositionY(index, y);
      000B70 68               [ 4] 2873 	ld	l, b
                                   2874 ;	spillPairReg hl
                                   2875 ;	spillPairReg hl
      000B71 79               [ 4] 2876 	ld	a, c
                                   2877 ;/home/bruno/dev/MSXgl/engine/src/vdp.c:2131: }
      000B72 C3rC3r0A         [10] 2878 	jp	_VDP_SetSpritePositionY
                                   2879 ;/home/bruno/dev/MSXgl/engine/src/vdp.c:2175: void VDP_SetBlinkTile(u8 x, u8 y)
                                   2880 ;	---------------------------------
                                   2881 ; Function VDP_SetBlinkTile
                                   2882 ; ---------------------------------
      000B75                       2883 _VDP_SetBlinkTile::
      000B75 5F               [ 4] 2884 	ld	e, a
                                   2885 ;/home/bruno/dev/MSXgl/engine/src/vdp.c:2177: u16 addr = g_ScreenColorLow + (y * 10) + (x / 8);
      000B76 26 00            [ 7] 2886 	ld	h, #0x00
                                   2887 ;	spillPairReg hl
                                   2888 ;	spillPairReg hl
      000B78 4D               [ 4] 2889 	ld	c, l
      000B79 44               [ 4] 2890 	ld	b, h
      000B7A 29               [11] 2891 	add	hl, hl
      000B7B 29               [11] 2892 	add	hl, hl
      000B7C 09               [11] 2893 	add	hl, bc
      000B7D 29               [11] 2894 	add	hl, hl
      000B7E ED 4Br33r00      [20] 2895 	ld	bc, (_g_ScreenColorLow)
      000B82 09               [11] 2896 	add	hl, bc
      000B83 4D               [ 4] 2897 	ld	c, l
      000B84 44               [ 4] 2898 	ld	b, h
      000B85 16 00            [ 7] 2899 	ld	d, #0x00
      000B87 6B               [ 4] 2900 	ld	l, e
                                   2901 ;	spillPairReg hl
                                   2902 ;	spillPairReg hl
      000B88 62               [ 4] 2903 	ld	h, d
                                   2904 ;	spillPairReg hl
                                   2905 ;	spillPairReg hl
      000B89 CB 7A            [ 8] 2906 	bit	7, d
      000B8B 28 04            [12] 2907 	jr	Z, 00112$
      000B8D 21 07 00         [10] 2908 	ld	hl, #0x0007
      000B90 19               [11] 2909 	add	hl, de
      000B91                       2910 00112$:
      000B91 CB 2C            [ 8] 2911 	sra	h
      000B93 CB 1D            [ 8] 2912 	rr	l
      000B95 CB 2C            [ 8] 2913 	sra	h
      000B97 CB 1D            [ 8] 2914 	rr	l
      000B99 CB 2C            [ 8] 2915 	sra	h
      000B9B CB 1D            [ 8] 2916 	rr	l
      000B9D 09               [11] 2917 	add	hl, bc
      000B9E E5               [11] 2918 	push	hl
      000B9F FD E1            [14] 2919 	pop	iy
                                   2920 ;/home/bruno/dev/MSXgl/engine/src/vdp.c:2178: u8 chunk = VDP_Peek(addr, g_ScreenColorHigh);
      000BA1 D5               [11] 2921 	push	de
      000BA2 FD E5            [15] 2922 	push	iy
      000BA4 3Ar3Er00         [13] 2923 	ld	a, (_g_ScreenColorHigh+0)
      000BA7 F5               [11] 2924 	push	af
      000BA8 33               [ 6] 2925 	inc	sp
      000BA9 FD E5            [15] 2926 	push	iy
      000BAB E1               [10] 2927 	pop	hl
      000BAC CDrCEr03         [17] 2928 	call	_VDP_Peek_128K
      000BAF FD E1            [14] 2929 	pop	iy
      000BB1 D1               [10] 2930 	pop	de
      000BB2 4F               [ 4] 2931 	ld	c, a
                                   2932 ;/home/bruno/dev/MSXgl/engine/src/vdp.c:2179: switch (x % 8)
      000BB3 7B               [ 4] 2933 	ld	a, e
      000BB4 E6 07            [ 7] 2934 	and	a, #0x07
      000BB6 5F               [ 4] 2935 	ld	e, a
      000BB7 06 00            [ 7] 2936 	ld	b, #0x00
      000BB9 CB 78            [ 8] 2937 	bit	7, b
      000BBB 20 54            [12] 2938 	jr	NZ, 00109$
      000BBD 3E 07            [ 7] 2939 	ld	a, #0x07
      000BBF BB               [ 4] 2940 	cp	a, e
      000BC0 3E 00            [ 7] 2941 	ld	a, #0x00
      000BC2 98               [ 4] 2942 	sbc	a, b
      000BC3 E2rC8r0B         [10] 2943 	jp	PO, 00128$
      000BC6 EE 80            [ 7] 2944 	xor	a, #0x80
      000BC8                       2945 00128$:
      000BC8 FAr11r0C         [10] 2946 	jp	M, 00109$
      000BCB 16 00            [ 7] 2947 	ld	d, #0x00
      000BCD 21rD4r0B         [10] 2948 	ld	hl, #00129$
      000BD0 19               [11] 2949 	add	hl, de
      000BD1 19               [11] 2950 	add	hl, de
      000BD2 19               [11] 2951 	add	hl, de
      000BD3 E9               [ 4] 2952 	jp	(hl)
      000BD4                       2953 00129$:
      000BD4 C3rECr0B         [10] 2954 	jp	00101$
      000BD7 C3rF1r0B         [10] 2955 	jp	00102$
      000BDA C3rF6r0B         [10] 2956 	jp	00103$
      000BDD C3rFBr0B         [10] 2957 	jp	00104$
      000BE0 C3r00r0C         [10] 2958 	jp	00105$
      000BE3 C3r05r0C         [10] 2959 	jp	00106$
      000BE6 C3r0Ar0C         [10] 2960 	jp	00107$
      000BE9 C3r0Fr0C         [10] 2961 	jp	00108$
                                   2962 ;/home/bruno/dev/MSXgl/engine/src/vdp.c:2181: case 0: chunk |= 0b10000000; break;
      000BEC                       2963 00101$:
      000BEC CB F9            [ 8] 2964 	set	7, c
      000BEE C3r11r0C         [10] 2965 	jp	00109$
                                   2966 ;/home/bruno/dev/MSXgl/engine/src/vdp.c:2182: case 1: chunk |= 0b01000000; break;
      000BF1                       2967 00102$:
      000BF1 CB F1            [ 8] 2968 	set	6, c
      000BF3 C3r11r0C         [10] 2969 	jp	00109$
                                   2970 ;/home/bruno/dev/MSXgl/engine/src/vdp.c:2183: case 2: chunk |= 0b00100000; break;
      000BF6                       2971 00103$:
      000BF6 CB E9            [ 8] 2972 	set	5, c
      000BF8 C3r11r0C         [10] 2973 	jp	00109$
                                   2974 ;/home/bruno/dev/MSXgl/engine/src/vdp.c:2184: case 3: chunk |= 0b00010000; break;
      000BFB                       2975 00104$:
      000BFB CB E1            [ 8] 2976 	set	4, c
      000BFD C3r11r0C         [10] 2977 	jp	00109$
                                   2978 ;/home/bruno/dev/MSXgl/engine/src/vdp.c:2185: case 4: chunk |= 0b00001000; break;
      000C00                       2979 00105$:
      000C00 CB D9            [ 8] 2980 	set	3, c
      000C02 C3r11r0C         [10] 2981 	jp	00109$
                                   2982 ;/home/bruno/dev/MSXgl/engine/src/vdp.c:2186: case 5: chunk |= 0b00000100; break;
      000C05                       2983 00106$:
      000C05 CB D1            [ 8] 2984 	set	2, c
      000C07 C3r11r0C         [10] 2985 	jp	00109$
                                   2986 ;/home/bruno/dev/MSXgl/engine/src/vdp.c:2187: case 6: chunk |= 0b00000010; break;
      000C0A                       2987 00107$:
      000C0A CB C9            [ 8] 2988 	set	1, c
      000C0C C3r11r0C         [10] 2989 	jp	00109$
                                   2990 ;/home/bruno/dev/MSXgl/engine/src/vdp.c:2188: case 7: chunk |= 0b00000001; break;
      000C0F                       2991 00108$:
      000C0F CB C1            [ 8] 2992 	set	0, c
                                   2993 ;/home/bruno/dev/MSXgl/engine/src/vdp.c:2189: }
      000C11                       2994 00109$:
                                   2995 ;/home/bruno/dev/MSXgl/engine/src/vdp.c:2190: VDP_Poke(chunk, addr, g_ScreenColorHigh);
      000C11 3Ar3Er00         [13] 2996 	ld	a, (_g_ScreenColorHigh+0)
      000C14 F5               [11] 2997 	push	af
      000C15 33               [ 6] 2998 	inc	sp
      000C16 FD E5            [15] 2999 	push	iy
      000C18 D1               [10] 3000 	pop	de
      000C19 79               [ 4] 3001 	ld	a, c
      000C1A CDrA3r03         [17] 3002 	call	_VDP_Poke_128K
                                   3003 ;/home/bruno/dev/MSXgl/engine/src/vdp.c:2191: }
      000C1D C9               [10] 3004 	ret
                                   3005 ;/home/bruno/dev/MSXgl/engine/src/vdp.c:2205: void VDP_LoadPattern_GM2(const u8* src, u8 count, u8 offset)
                                   3006 ;	---------------------------------
                                   3007 ; Function VDP_LoadPattern_GM2
                                   3008 ; ---------------------------------
      000C1E                       3009 _VDP_LoadPattern_GM2::
      000C1E DD E5            [15] 3010 	push	ix
      000C20 DD 21 00 00      [14] 3011 	ld	ix,#0
      000C24 DD 39            [15] 3012 	add	ix,sp
      000C26 F5               [11] 3013 	push	af
      000C27 E3               [19] 3014 	ex	(sp), hl
                                   3015 ;/home/bruno/dev/MSXgl/engine/src/vdp.c:2207: u16 dst = g_ScreenPatternLow + (offset * 8);
      000C28 DD 6E 05         [19] 3016 	ld	l, 5 (ix)
                                   3017 ;	spillPairReg hl
                                   3018 ;	spillPairReg hl
      000C2B 26 00            [ 7] 3019 	ld	h, #0x00
                                   3020 ;	spillPairReg hl
                                   3021 ;	spillPairReg hl
      000C2D 29               [11] 3022 	add	hl, hl
      000C2E 29               [11] 3023 	add	hl, hl
      000C2F 29               [11] 3024 	add	hl, hl
      000C30 ED 4Br35r00      [20] 3025 	ld	bc, (_g_ScreenPatternLow)
      000C34 09               [11] 3026 	add	hl, bc
      000C35 4D               [ 4] 3027 	ld	c, l
      000C36 44               [ 4] 3028 	ld	b, h
                                   3029 ;/home/bruno/dev/MSXgl/engine/src/vdp.c:2208: VDP_WriteVRAM(src, dst, g_ScreenPatternHigh, count * 8);
      000C37 DD 6E 04         [19] 3030 	ld	l, 4 (ix)
                                   3031 ;	spillPairReg hl
                                   3032 ;	spillPairReg hl
      000C3A 26 00            [ 7] 3033 	ld	h, #0x00
                                   3034 ;	spillPairReg hl
                                   3035 ;	spillPairReg hl
      000C3C 29               [11] 3036 	add	hl, hl
      000C3D 29               [11] 3037 	add	hl, hl
      000C3E 29               [11] 3038 	add	hl, hl
      000C3F E5               [11] 3039 	push	hl
      000C40 FD E1            [14] 3040 	pop	iy
      000C42 C5               [11] 3041 	push	bc
      000C43 FD E5            [15] 3042 	push	iy
      000C45 FD E5            [15] 3043 	push	iy
      000C47 3Ar3Fr00         [13] 3044 	ld	a, (_g_ScreenPatternHigh+0)
      000C4A F5               [11] 3045 	push	af
      000C4B 33               [ 6] 3046 	inc	sp
      000C4C 59               [ 4] 3047 	ld	e, c
      000C4D 50               [ 4] 3048 	ld	d, b
      000C4E DD 6E FE         [19] 3049 	ld	l, -2 (ix)
                                   3050 ;	spillPairReg hl
                                   3051 ;	spillPairReg hl
      000C51 DD 66 FF         [19] 3052 	ld	h, -1 (ix)
                                   3053 ;	spillPairReg hl
                                   3054 ;	spillPairReg hl
      000C54 CDrD9r02         [17] 3055 	call	_VDP_WriteVRAM_128K
      000C57 FD E1            [14] 3056 	pop	iy
      000C59 C1               [10] 3057 	pop	bc
                                   3058 ;/home/bruno/dev/MSXgl/engine/src/vdp.c:2209: dst += 0x800;
      000C5A 21 00 08         [10] 3059 	ld	hl, #0x0800
      000C5D 09               [11] 3060 	add	hl, bc
      000C5E 4D               [ 4] 3061 	ld	c, l
      000C5F 44               [ 4] 3062 	ld	b, h
                                   3063 ;/home/bruno/dev/MSXgl/engine/src/vdp.c:2210: VDP_WriteVRAM(src, dst, g_ScreenPatternHigh, count * 8);
      000C60 C5               [11] 3064 	push	bc
      000C61 FD E5            [15] 3065 	push	iy
      000C63 FD E5            [15] 3066 	push	iy
      000C65 3Ar3Fr00         [13] 3067 	ld	a, (_g_ScreenPatternHigh+0)
      000C68 F5               [11] 3068 	push	af
      000C69 33               [ 6] 3069 	inc	sp
      000C6A 59               [ 4] 3070 	ld	e, c
      000C6B 50               [ 4] 3071 	ld	d, b
      000C6C DD 6E FE         [19] 3072 	ld	l, -2 (ix)
                                   3073 ;	spillPairReg hl
                                   3074 ;	spillPairReg hl
      000C6F DD 66 FF         [19] 3075 	ld	h, -1 (ix)
                                   3076 ;	spillPairReg hl
                                   3077 ;	spillPairReg hl
      000C72 CDrD9r02         [17] 3078 	call	_VDP_WriteVRAM_128K
      000C75 FD E1            [14] 3079 	pop	iy
      000C77 C1               [10] 3080 	pop	bc
                                   3081 ;/home/bruno/dev/MSXgl/engine/src/vdp.c:2211: dst += 0x800;
      000C78 21 00 08         [10] 3082 	ld	hl, #0x0800
      000C7B 09               [11] 3083 	add	hl, bc
                                   3084 ;/home/bruno/dev/MSXgl/engine/src/vdp.c:2212: VDP_WriteVRAM(src, dst, g_ScreenPatternHigh, count * 8);
      000C7C FD E5            [15] 3085 	push	iy
      000C7E EB               [ 4] 3086 	ex	de, hl
      000C7F 3Ar3Fr00         [13] 3087 	ld	a, (_g_ScreenPatternHigh+0)
      000C82 F5               [11] 3088 	push	af
      000C83 33               [ 6] 3089 	inc	sp
      000C84 DD 6E FE         [19] 3090 	ld	l, -2 (ix)
                                   3091 ;	spillPairReg hl
                                   3092 ;	spillPairReg hl
      000C87 DD 66 FF         [19] 3093 	ld	h, -1 (ix)
                                   3094 ;	spillPairReg hl
                                   3095 ;	spillPairReg hl
      000C8A CDrD9r02         [17] 3096 	call	_VDP_WriteVRAM_128K
                                   3097 ;/home/bruno/dev/MSXgl/engine/src/vdp.c:2213: }
      000C8D DD F9            [10] 3098 	ld	sp, ix
      000C8F DD E1            [14] 3099 	pop	ix
      000C91 E1               [10] 3100 	pop	hl
      000C92 F1               [10] 3101 	pop	af
      000C93 E9               [ 4] 3102 	jp	(hl)
                                   3103 ;/home/bruno/dev/MSXgl/engine/src/vdp.c:2217: void VDP_LoadColor_GM2(const u8* src, u8 count, u8 offset)
                                   3104 ;	---------------------------------
                                   3105 ; Function VDP_LoadColor_GM2
                                   3106 ; ---------------------------------
      000C94                       3107 _VDP_LoadColor_GM2::
      000C94 DD E5            [15] 3108 	push	ix
      000C96 DD 21 00 00      [14] 3109 	ld	ix,#0
      000C9A DD 39            [15] 3110 	add	ix,sp
      000C9C F5               [11] 3111 	push	af
      000C9D E3               [19] 3112 	ex	(sp), hl
                                   3113 ;/home/bruno/dev/MSXgl/engine/src/vdp.c:2219: u16 dst = g_ScreenColorLow + (offset * 8);
      000C9E DD 6E 05         [19] 3114 	ld	l, 5 (ix)
                                   3115 ;	spillPairReg hl
                                   3116 ;	spillPairReg hl
      000CA1 26 00            [ 7] 3117 	ld	h, #0x00
                                   3118 ;	spillPairReg hl
                                   3119 ;	spillPairReg hl
      000CA3 29               [11] 3120 	add	hl, hl
      000CA4 29               [11] 3121 	add	hl, hl
      000CA5 29               [11] 3122 	add	hl, hl
      000CA6 ED 4Br33r00      [20] 3123 	ld	bc, (_g_ScreenColorLow)
      000CAA 09               [11] 3124 	add	hl, bc
      000CAB 4D               [ 4] 3125 	ld	c, l
      000CAC 44               [ 4] 3126 	ld	b, h
                                   3127 ;/home/bruno/dev/MSXgl/engine/src/vdp.c:2220: VDP_WriteVRAM(src, dst, g_ScreenColorHigh, count * 8);
      000CAD DD 6E 04         [19] 3128 	ld	l, 4 (ix)
                                   3129 ;	spillPairReg hl
                                   3130 ;	spillPairReg hl
      000CB0 26 00            [ 7] 3131 	ld	h, #0x00
                                   3132 ;	spillPairReg hl
                                   3133 ;	spillPairReg hl
      000CB2 29               [11] 3134 	add	hl, hl
      000CB3 29               [11] 3135 	add	hl, hl
      000CB4 29               [11] 3136 	add	hl, hl
      000CB5 E5               [11] 3137 	push	hl
      000CB6 FD E1            [14] 3138 	pop	iy
      000CB8 C5               [11] 3139 	push	bc
      000CB9 FD E5            [15] 3140 	push	iy
      000CBB FD E5            [15] 3141 	push	iy
      000CBD 3Ar3Er00         [13] 3142 	ld	a, (_g_ScreenColorHigh+0)
      000CC0 F5               [11] 3143 	push	af
      000CC1 33               [ 6] 3144 	inc	sp
      000CC2 59               [ 4] 3145 	ld	e, c
      000CC3 50               [ 4] 3146 	ld	d, b
      000CC4 DD 6E FE         [19] 3147 	ld	l, -2 (ix)
                                   3148 ;	spillPairReg hl
                                   3149 ;	spillPairReg hl
      000CC7 DD 66 FF         [19] 3150 	ld	h, -1 (ix)
                                   3151 ;	spillPairReg hl
                                   3152 ;	spillPairReg hl
      000CCA CDrD9r02         [17] 3153 	call	_VDP_WriteVRAM_128K
      000CCD FD E1            [14] 3154 	pop	iy
      000CCF C1               [10] 3155 	pop	bc
                                   3156 ;/home/bruno/dev/MSXgl/engine/src/vdp.c:2221: dst += 0x800;
      000CD0 21 00 08         [10] 3157 	ld	hl, #0x0800
      000CD3 09               [11] 3158 	add	hl, bc
      000CD4 4D               [ 4] 3159 	ld	c, l
      000CD5 44               [ 4] 3160 	ld	b, h
                                   3161 ;/home/bruno/dev/MSXgl/engine/src/vdp.c:2222: VDP_WriteVRAM(src, dst, g_ScreenColorHigh, count * 8);
      000CD6 C5               [11] 3162 	push	bc
      000CD7 FD E5            [15] 3163 	push	iy
      000CD9 FD E5            [15] 3164 	push	iy
      000CDB 3Ar3Er00         [13] 3165 	ld	a, (_g_ScreenColorHigh+0)
      000CDE F5               [11] 3166 	push	af
      000CDF 33               [ 6] 3167 	inc	sp
      000CE0 59               [ 4] 3168 	ld	e, c
      000CE1 50               [ 4] 3169 	ld	d, b
      000CE2 DD 6E FE         [19] 3170 	ld	l, -2 (ix)
                                   3171 ;	spillPairReg hl
                                   3172 ;	spillPairReg hl
      000CE5 DD 66 FF         [19] 3173 	ld	h, -1 (ix)
                                   3174 ;	spillPairReg hl
                                   3175 ;	spillPairReg hl
      000CE8 CDrD9r02         [17] 3176 	call	_VDP_WriteVRAM_128K
      000CEB FD E1            [14] 3177 	pop	iy
      000CED C1               [10] 3178 	pop	bc
                                   3179 ;/home/bruno/dev/MSXgl/engine/src/vdp.c:2223: dst += 0x800;
      000CEE 21 00 08         [10] 3180 	ld	hl, #0x0800
      000CF1 09               [11] 3181 	add	hl, bc
                                   3182 ;/home/bruno/dev/MSXgl/engine/src/vdp.c:2224: VDP_WriteVRAM(src, dst, g_ScreenColorHigh, count * 8);
      000CF2 FD E5            [15] 3183 	push	iy
      000CF4 EB               [ 4] 3184 	ex	de, hl
      000CF5 3Ar3Er00         [13] 3185 	ld	a, (_g_ScreenColorHigh+0)
      000CF8 F5               [11] 3186 	push	af
      000CF9 33               [ 6] 3187 	inc	sp
      000CFA DD 6E FE         [19] 3188 	ld	l, -2 (ix)
                                   3189 ;	spillPairReg hl
                                   3190 ;	spillPairReg hl
      000CFD DD 66 FF         [19] 3191 	ld	h, -1 (ix)
                                   3192 ;	spillPairReg hl
                                   3193 ;	spillPairReg hl
      000D00 CDrD9r02         [17] 3194 	call	_VDP_WriteVRAM_128K
                                   3195 ;/home/bruno/dev/MSXgl/engine/src/vdp.c:2225: }
      000D03 DD F9            [10] 3196 	ld	sp, ix
      000D05 DD E1            [14] 3197 	pop	ix
      000D07 E1               [10] 3198 	pop	hl
      000D08 F1               [10] 3199 	pop	af
      000D09 E9               [ 4] 3200 	jp	(hl)
                                   3201 ;/home/bruno/dev/MSXgl/engine/src/vdp.c:2229: void VDP_WriteLayout_GM2(const u8* src, u8 dx, u8 dy, u8 nx, u8 ny)
                                   3202 ;	---------------------------------
                                   3203 ; Function VDP_WriteLayout_GM2
                                   3204 ; ---------------------------------
      000D0A                       3205 _VDP_WriteLayout_GM2::
      000D0A DD E5            [15] 3206 	push	ix
      000D0C DD 21 00 00      [14] 3207 	ld	ix,#0
      000D10 DD 39            [15] 3208 	add	ix,sp
      000D12 F5               [11] 3209 	push	af
      000D13 F5               [11] 3210 	push	af
      000D14 DD 75 FE         [19] 3211 	ld	-2 (ix), l
      000D17 DD 74 FF         [19] 3212 	ld	-1 (ix), h
                                   3213 ;/home/bruno/dev/MSXgl/engine/src/vdp.c:2231: u16 dst = g_ScreenLayoutLow + (dy * 32) + dx;
      000D1A DD 6E 05         [19] 3214 	ld	l, 5 (ix)
                                   3215 ;	spillPairReg hl
                                   3216 ;	spillPairReg hl
      000D1D 26 00            [ 7] 3217 	ld	h, #0x00
                                   3218 ;	spillPairReg hl
                                   3219 ;	spillPairReg hl
      000D1F 29               [11] 3220 	add	hl, hl
      000D20 29               [11] 3221 	add	hl, hl
      000D21 29               [11] 3222 	add	hl, hl
      000D22 29               [11] 3223 	add	hl, hl
      000D23 29               [11] 3224 	add	hl, hl
      000D24 ED 4Br31r00      [20] 3225 	ld	bc, (_g_ScreenLayoutLow)
      000D28 09               [11] 3226 	add	hl, bc
      000D29 DD 4E 04         [19] 3227 	ld	c, 4 (ix)
      000D2C 06 00            [ 7] 3228 	ld	b, #0x00
      000D2E 09               [11] 3229 	add	hl, bc
      000D2F E3               [19] 3230 	ex	(sp), hl
                                   3231 ;/home/bruno/dev/MSXgl/engine/src/vdp.c:2232: for(u8 y = 0; y < ny; ++y)
      000D30 0E 00            [ 7] 3232 	ld	c, #0x00
      000D32                       3233 00103$:
      000D32 79               [ 4] 3234 	ld	a, c
      000D33 DD 96 07         [19] 3235 	sub	a, 7 (ix)
      000D36 30 35            [12] 3236 	jr	NC, 00105$
                                   3237 ;/home/bruno/dev/MSXgl/engine/src/vdp.c:2234: VDP_WriteVRAM(src, dst, g_ScreenLayoutHigh, nx);
      000D38 DD 5E 06         [19] 3238 	ld	e, 6 (ix)
      000D3B 16 00            [ 7] 3239 	ld	d, #0x00
      000D3D C5               [11] 3240 	push	bc
      000D3E D5               [11] 3241 	push	de
      000D3F 3Ar3Dr00         [13] 3242 	ld	a, (_g_ScreenLayoutHigh+0)
      000D42 F5               [11] 3243 	push	af
      000D43 33               [ 6] 3244 	inc	sp
      000D44 DD 5E FC         [19] 3245 	ld	e, -4 (ix)
      000D47 DD 56 FD         [19] 3246 	ld	d, -3 (ix)
      000D4A DD 6E FE         [19] 3247 	ld	l, -2 (ix)
                                   3248 ;	spillPairReg hl
                                   3249 ;	spillPairReg hl
      000D4D DD 66 FF         [19] 3250 	ld	h, -1 (ix)
                                   3251 ;	spillPairReg hl
                                   3252 ;	spillPairReg hl
      000D50 CDrD9r02         [17] 3253 	call	_VDP_WriteVRAM_128K
      000D53 C1               [10] 3254 	pop	bc
                                   3255 ;/home/bruno/dev/MSXgl/engine/src/vdp.c:2235: src += nx;
      000D54 DD 7E FE         [19] 3256 	ld	a, -2 (ix)
      000D57 DD 86 06         [19] 3257 	add	a, 6 (ix)
      000D5A DD 77 FE         [19] 3258 	ld	-2 (ix), a
      000D5D 30 03            [12] 3259 	jr	NC, 00118$
      000D5F DD 34 FF         [23] 3260 	inc	-1 (ix)
      000D62                       3261 00118$:
                                   3262 ;/home/bruno/dev/MSXgl/engine/src/vdp.c:2236: dst += 32;
      000D62 D1               [10] 3263 	pop	de
      000D63 D5               [11] 3264 	push	de
      000D64 21 20 00         [10] 3265 	ld	hl, #0x0020
      000D67 19               [11] 3266 	add	hl, de
      000D68 E3               [19] 3267 	ex	(sp), hl
                                   3268 ;/home/bruno/dev/MSXgl/engine/src/vdp.c:2232: for(u8 y = 0; y < ny; ++y)
      000D69 0C               [ 4] 3269 	inc	c
      000D6A C3r32r0D         [10] 3270 	jp	00103$
      000D6D                       3271 00105$:
                                   3272 ;/home/bruno/dev/MSXgl/engine/src/vdp.c:2238: }
      000D6D DD F9            [10] 3273 	ld	sp, ix
      000D6F DD E1            [14] 3274 	pop	ix
      000D71 E1               [10] 3275 	pop	hl
      000D72 F1               [10] 3276 	pop	af
      000D73 F1               [10] 3277 	pop	af
      000D74 E9               [ 4] 3278 	jp	(hl)
                                   3279 ;/home/bruno/dev/MSXgl/engine/src/vdp.c:2242: void VDP_FillLayout_GM2(u8 value, u8 dx, u8 dy, u8 nx, u8 ny)
                                   3280 ;	---------------------------------
                                   3281 ; Function VDP_FillLayout_GM2
                                   3282 ; ---------------------------------
      000D75                       3283 _VDP_FillLayout_GM2::
      000D75 DD E5            [15] 3284 	push	ix
      000D77 DD 21 00 00      [14] 3285 	ld	ix,#0
      000D7B DD 39            [15] 3286 	add	ix,sp
      000D7D F5               [11] 3287 	push	af
      000D7E DD 77 FE         [19] 3288 	ld	-2 (ix), a
      000D81 4D               [ 4] 3289 	ld	c, l
                                   3290 ;/home/bruno/dev/MSXgl/engine/src/vdp.c:2244: u16 dst = g_ScreenLayoutLow + (dy * 32) + dx;
      000D82 DD 6E 04         [19] 3291 	ld	l, 4 (ix)
                                   3292 ;	spillPairReg hl
                                   3293 ;	spillPairReg hl
      000D85 26 00            [ 7] 3294 	ld	h, #0x00
                                   3295 ;	spillPairReg hl
                                   3296 ;	spillPairReg hl
      000D87 29               [11] 3297 	add	hl, hl
      000D88 29               [11] 3298 	add	hl, hl
      000D89 29               [11] 3299 	add	hl, hl
      000D8A 29               [11] 3300 	add	hl, hl
      000D8B 29               [11] 3301 	add	hl, hl
      000D8C ED 5Br31r00      [20] 3302 	ld	de, (_g_ScreenLayoutLow)
      000D90 19               [11] 3303 	add	hl, de
      000D91 06 00            [ 7] 3304 	ld	b, #0x00
      000D93 09               [11] 3305 	add	hl, bc
      000D94 4D               [ 4] 3306 	ld	c, l
      000D95 44               [ 4] 3307 	ld	b, h
                                   3308 ;/home/bruno/dev/MSXgl/engine/src/vdp.c:2245: for(u8 y = 0; y < ny; ++y)
      000D96 DD 36 FF 00      [19] 3309 	ld	-1 (ix), #0x00
      000D9A                       3310 00103$:
      000D9A DD 7E FF         [19] 3311 	ld	a, -1 (ix)
      000D9D DD 96 06         [19] 3312 	sub	a, 6 (ix)
      000DA0 30 21            [12] 3313 	jr	NC, 00105$
                                   3314 ;/home/bruno/dev/MSXgl/engine/src/vdp.c:2247: VDP_FillVRAM(value, dst, g_ScreenLayoutHigh, nx);
      000DA2 DD 5E 05         [19] 3315 	ld	e, 5 (ix)
      000DA5 16 00            [ 7] 3316 	ld	d, #0x00
      000DA7 C5               [11] 3317 	push	bc
      000DA8 D5               [11] 3318 	push	de
      000DA9 3Ar3Dr00         [13] 3319 	ld	a, (_g_ScreenLayoutHigh+0)
      000DAC F5               [11] 3320 	push	af
      000DAD 33               [ 6] 3321 	inc	sp
      000DAE 59               [ 4] 3322 	ld	e, c
      000DAF 50               [ 4] 3323 	ld	d, b
      000DB0 DD 7E FE         [19] 3324 	ld	a, -2 (ix)
      000DB3 CDr1Er03         [17] 3325 	call	_VDP_FillVRAM_128K
      000DB6 C1               [10] 3326 	pop	bc
                                   3327 ;/home/bruno/dev/MSXgl/engine/src/vdp.c:2248: dst += 32;
      000DB7 21 20 00         [10] 3328 	ld	hl, #0x0020
      000DBA 09               [11] 3329 	add	hl, bc
      000DBB 4D               [ 4] 3330 	ld	c, l
      000DBC 44               [ 4] 3331 	ld	b, h
                                   3332 ;/home/bruno/dev/MSXgl/engine/src/vdp.c:2245: for(u8 y = 0; y < ny; ++y)
      000DBD DD 34 FF         [23] 3333 	inc	-1 (ix)
      000DC0 C3r9Ar0D         [10] 3334 	jp	00103$
      000DC3                       3335 00105$:
                                   3336 ;/home/bruno/dev/MSXgl/engine/src/vdp.c:2250: }
      000DC3 DD F9            [10] 3337 	ld	sp, ix
      000DC5 DD E1            [14] 3338 	pop	ix
      000DC7 E1               [10] 3339 	pop	hl
      000DC8 F1               [10] 3340 	pop	af
      000DC9 33               [ 6] 3341 	inc	sp
      000DCA E9               [ 4] 3342 	jp	(hl)
                                   3343 	.area _CODE
                                   3344 	.area _INITIALIZER
      000000                       3345 __xinit__g_VDPInitilized:
      000000 00                    3346 	.db #0x00	; 0
                                   3347 	.area _CABS (ABS)
